company,title,job_id,location,country,salary,remote,seniority,us_citizenship_required,security_clearance,relocation_assistance,source_platform,date_posted,scraped_at,apply_url,description_text
Anduril Industries,Sustainment Engineer,5041084007,"Costa Mesa, California, United States",United States of America,161000.0,onsite,Mid,us_person,Secret,unknown,greenhouse,2026-06-16,2026-06-17T01:29:06Z,https://boards.greenhouse.io/andurilindustries/jobs/5041084007?gh_jid=5041084007,"Anduril Industries is a defense technology company with a mission to transform U.S. and allied military capabilities with advanced technology. By bringing the expertise, technology, and business model of the 21st century’s most innovative companies to the defense industry, Anduril is changing how military systems are designed, built and sold. Anduril’s family of systems is powered by Lattice OS, an AI-powered operating system that turns thousands of data streams into a realtime, 3D command and control center. As the world enters an era of strategic competition, Anduril is committed to bringing cutting-edge autonomy, AI, computer vision, sensor fusion, and networking technology to the military in months, not years.    
 ABOUT THE TEAM 
 The Deployment Engineering team at Anduril is dedicated to the operational success of our cutting-edge products in the defense technology sector. They manage the support and sustainment of Anduril systems, ensuring optimal performance and longevity throughout their lifecycle. By partnering closely with engineering, manufacturing, reliability, and operations teams, they deliver exceptional support to both deployment and product teams. The team develops comprehensive product support and sustainment strategies, implementing robust systems that maintain high standards for our advanced technologies in the field. Through their efforts in sustainable product management, the Advanced Effects team plays a crucial role in Anduril's continued innovation and success. 
 ABOUT THE JOB 
 As a Sustainment Engineer (internally known at Anduril as Product Support Engineer), you will be a critical individual contributor within our rapidly growing Deployment Engineering team.&nbsp; You will drive the development and implementation of comprehensive sustainment strategies for cutting-edge defense products, directly contributing to their operational readiness and longevity. This is an impactful role where you will take ownership of defining critical maintenance plans, shaping technical data packages, optimizing sparing, and ensuring seamless lifecycle management. Your expertise will be vital in translating engineering innovation into reliable, supportable systems for our warfighters, directly enabling Anduril’s mission to transform defense technology. 
 WHAT YOU'LL DO 
 
 Develop and maintain comprehensive, ground-up sustainment plans for the specific product(s) you support 
 Partner with customers, operations teams, and cross-functional engineering teams to define, implement, and continuously improve effective maintenance and repair strategies 
 Ensure the availability of up-to-date maintenance procedures, specialized tools, and accurate technical manuals to support field sustainment operations 
 Serve as the primary point of contact for all sustainment-related matters within your assigned product team, proactively identifying and resolving issues 
 Collaborate with design and manufacturing engineering teams during new product development phases to integrate best sustainment practices and design-for-supportability concepts early in the process 
 Create and maintain a Service Bill of Materials (SBOM) and other critical sustainment artifacts (e.g., provisioning lists, support equipment lists), ensuring they establish a central, up-to-date repository for all sustainment data 
 
 REQUIRED QUALIFICATIONS 
 
 5+ years of experience in product support, sustainment engineering, or systems engineering roles within a high-rigor environment (e.g., defense, aerospace, advanced robotics, complex industrial systems)Demonstrated detailed and extensive technical expertise in applying mechanical or systems engineering principles to complex hardware systems 
 Hands-on proficiency with professional CAD software and Product Lifecycle Management (PLM) tools for managing engineering data, changes, and configurations 
 Foundational understanding and practical application of Integrated Product Support (IPS) elements, principles, and concepts (e.g., maintenance planning, supply support, technical data management, support equipment, training, facilities) 
 Familiarity with military standards, specifications, and regulatory compliance relevant to product support and sustainment activities 
 Eligible to obtain and maintain an active U.S. Secret security clearance 
 Ability to travel for on-site support, field deployments, and direct customer engagements, as required 
 
 PREFERRED QUALIFICATIONS 
 
 Bachelor's degree in Engineering ( Mechanical, Manufacturing, Aerospace, or related field) 
 Direct experience with sustainment methodologies such as Maintenance Task Analysis (MTA), Level of Repair Analysis (LORA), Reliability Centered Maintenance (RCM), or developing Contractor Logistics Support (CLS) plans. 
 Proven track record of developing and delivering key customer-facing sustainment artifacts and contractual deliverables 
 Prior hands-on experience with specific enterprise tools such as Siemens NX, Teamcenter (PLM), JIRA, or Oracle (ERP) or equivalent systems 
 Direct experience with complex military systems, robotics, unmanned systems, or advanced defense technology products 
 Understanding of the use of the Technical Data Package (drawings, parts lists, interface control documents, and electrical schematics) 
 Proven ability to work effectively in dynamic, unstructured environments, adapt to rapidly changing priorities, and quickly learn and master new technologies and complex systems 
 Excellent written and verbal communication skills, with a demonstrated ability to synthesize complex technical and quantitative data into clear, concise decision statements and actionable recommendations for diverse audiences (engineers, operators, customers) 
 
  
 &nbsp;    US Salary Range   $129,000  &mdash;  $193,000 USD       The salary range for this role is an estimate based on a wide range of compensation factors, inclusive of base salary only. Actual salary offer may vary based on (but not limited to) work experience, education and/or training, critical skills, and/or business considerations. Highly competitive equity grants are included in the majority of full time offers; and are considered part of Anduril's total compensation package. Additionally, Anduril offers top-tier benefits for full-time employees, including:  &nbsp;  
 &nbsp; 
  Benefits  
  At Anduril, we invest in our people. Our comprehensive, competitive benefits package (available at little to no cost to employees) ensures you’re supported in health, recovery, and whatever comes next.&nbsp;   For more information,  Explore Our Benefits .   
 &nbsp; 
 
  Protecting Yourself from Recruitment Scams  
 Anduril is committed to maintaining the integrity of our Talent acquisition process and the security of our candidates. We've observed a rise in sophisticated phishing and fraudulent schemes where individuals impersonate Anduril representatives, luring job seekers with false interviews or job offers. These scammers often attempt to extract payment or sensitive personal information. 
 
 
 To ensure your safety and help you navigate your job search with confidence, please keep the following critical points in mind: 
 
 
  No Financial Requests:&nbsp; Anduril will never solicit payment or demand personal financial details (such as banking information, credit card numbers, or social security numbers) at any stage of our hiring process. Our legitimate recruitment is entirely free for candidates. 
 
  Please always verify communications: 
 
 Direct from Anduril: If you receive an email from one of our recruiters, it will  only  come from an  @anduril.com  address. 
 Via Agency Partner: If contacted by a recruiting agency for an Anduril role, their email will clearly identify their agency. If you suspect any suspicious activity, please verify the agency's authenticity by reaching out to  contact@anduril.com .&nbsp; 
 
 
 
  Exercise Caution with Unsolicited Outreach: &nbsp;If you receive any communication that appears suspicious, contains grammatical errors, or makes unusual requests, do not engage. Always confirm the sender's email domain is @anduril.com before providing any personal information or clicking on links. 
 
 
  What to Do If You Suspect Fraud: &nbsp;Should you encounter any questionable or fraudulent outreach claiming to be from Anduril, please report it immediately to&nbsp; contact@anduril.com . Your proactive caution is invaluable in protecting your personal information and upholding the security and trustworthiness of our recruitment efforts. 
 
 
 
 &nbsp; 
  Data Privacy  
  To view Anduril's candidate data privacy policy, please visit     https://anduril.com/applicant-privacy-notice/    .  &nbsp;  
 &nbsp; 
  By submitting your application, you consent to Anduril Industries using a third-party service provider to conduct pre-employment risk, integrity, and due diligence screening and assessing potential risks as part of your application process. This third-party service provider provides risk-intelligence services that may include analysis of sanctions and watchlists, adverse media, public-record information, and other lawful open-source or commercial data sources. This third-party service provider does not act as a consumer reporting agency. Use of this provider helps to ensure compliance with applicable laws and protect technology, intellectual property, and organizational security."
Blue Origin,"Sr Manager, Transportation Fleet",R62799,"Space Coast, FL",United States of America,,onsite,Manager,yes,unknown,yes,workday,,2026-06-13T05:20:59Z,https://blueorigin.wd5.myworkdayjobs.com/en-US/BlueOrigin/job/Space-Coast-FL/Sr-Manager--Transportation-Fleet_R62799,"Application close date: Applications will be accepted on an ongoing basis until the requisition is closed. At Blue Origin, we envision millions of people living and working in space for the benefit of Earth. We’re working to develop reusable, safe, and low-cost space vehicles and systems within a culture of safety, collaboration, and inclusion. Join our team of problem solvers as we add new chapters to the history of spaceflight! This role is part of Blue Origin Operations, which is comprised of Integrated Supply Chain, Test Operations, Safety, Quality, and Mission Assurance. This includes Manufacturing and Supply Chain support across all Blue Origin facilities. At Blue Origin, LLC., we are in search of a Fleet Compliance & Asset Management Senior Manager to join our dynamic team. This role will be responsible for the safe, compliant, operationally ready, and strategically optimized fleet of ground support equipment (GSE), vehicles, and associated assets supporting mission-critical aerospace operations. This role leads a multi-disciplinary fleet team, establishes and sustains inspection and certification programs, drives fleet utilization strategy, manages capital and compliance budgets, and ensures all fleet assets meet applicable federal, state, and Range regulatory requirements with minimal operational disruption across Blue Origin's Florida-based operations. A successful candidate will actively contribute to minimizing compliance risk, upholding the highest safety standards, optimizing fleet utilization and total cost of ownership, and fostering strong collaboration with internal departments such as production, launch operations, safety, finance, and legal, as well as external regulatory bodies and contractors. If you are committed to excellence and eager to impact space exploration, we encourage you to apply. Special Mentions: Relocation provided Responsibilities include but are not limited to: Provide strategic and operational leadership for fleet compliance, utilization, and asset management programs across ground support equipment, vehicles, and associated assets supporting manufacturing, test, and launch operations.
Manage a team of compliance analysts, fleet coordinators, and asset management personnel responsible for day-to-day compliance program execution and fleet performance.
Develop, implement, and continuously improve fleet compliance programs aligned with DOT, OSHA, and applicable Range regulatory requirements.
Ensure all fleet assets maintain current registrations, certifications, and inspection records at intervals meeting or exceeding regulatory requirements and manufacturer recommendations.
Oversee operator and driver qualification programs, including licensing, training records, and medical certification requirements where applicable.
Develop and manage a comprehensive fleet utilization program, including tracking and analysis of asset utilization rates, identifying underutilized or redundant assets, and driving right-sizing recommendations to optimize fleet composition and reduce unnecessary costs.
Lead a capital planning process for fleet assets, including multi-year CapEx forecasting, asset acquisition planning, and replacement cycle management based on utilization data, lifecycle analysis, total cost of ownership, and mission requirements.
Own end-to-end lifecycle asset management for all fleet assets, including acquisition, deployment, regulatory maintenance strategy, performance tracking, and disposition/disposal. Ensure asset investment decisions are data-driven and aligned with operational and financial objectives.
Partner with Finance and Operations leadership to develop and present annual and multi-year fleet capital budgets, including business case development for new asset acquisitions and fleet modernization initiatives.
Define and track fleet-wide KPIs inclusive of utilization rates, availability, total cost of ownership, return on asset, and lifecycle cost benchmarks in addition to compliance metrics.
Manage 3rd party vendors and contractors performing compliance-related inspections, certifications, and repairs.
Lead preparation for and management of internal and external compliance audits; develop and execute corrective action plans in response to findings.
Oversee and manage escalations for out-of-compliance assets, failed inspections, and regulatory findings with potential mission impact.
Establish and track fleet compliance KPIs (compliance rate, audit findings closure rate, inspection on-time %, out-of-service asset rate, corrective action cycle time).
Develop and manage the annual fleet compliance program budget, integrating capital planning and operational expenditures into a unified fleet financial management framework.
Control spend through prioritization, lifecycle compliance planning, utilization-informed asset rationalization, and vendor negotiations.
Maintain accurate and audit-ready compliance documentation and asset management records across all fleet asset classes using fleet management systems.
Serve as the primary point of contact with regulatory agencies, Range authorities, and government representatives on fleet compliance matters. Minimum Qualifications: 8+ years of progressive experience in fleet compliance, fleet operations, asset management, or regulatory compliance management.
5+ years leading managers and/or large technical or compliance-focused teams.
Proven ownership of compliance programs for large, complex fleets (industrial, aerospace, defense, or government environments).
Strong working knowledge of applicable regulatory frameworks including DOT, FMCSA, OSHA, and/or FAA regulations.
Experience managing compliance in government, defense, or regulated high-hazard environments.
Experience developing and executing corrective action plans in response to audit findings or regulatory violations.
Demonstrated ability to manage compliance documentation systems and maintain audit-ready records.
Experience in fleet utilization analysis, capital planning, and lifecycle asset management for large or complex fleets.
Experience developing multi-year capital budgets and presenting asset investment business cases to senior leadership and finance stakeholders. Preferred Qualifications: Bachelor's degree in Transportation, Logistics, Aviation Management, Engineering, Compliance, Finance, or related field.
Experience supporting Range operations or launch site environments.
Strong understanding of fleet management systems (e.g., Fleetio, Samsara, Fleet Complete) and/or CMMS/EAM platforms.
Familiarity with GSE certification and sustainment programs in aerospace or defense contexts.
Professional certification in compliance, fleet management, or safety (e.g., CAFM, CTP, ASP/CSP).
Experience with asset management frameworks such as ISO 55000 or equivalent.
Familiarity with CapEx planning tools and ERP/financial systems (e.g., SAP, Oracle) in a fleet or asset-intensive environment.
Ability to obtain government or restricted-site badging. Culture Statement Don’t meet all desired requirements? Studies have shown that some people are less likely to apply to jobs unless they meet every single desired qualification. At Blue Origin, we are dedicated to building an authentic workplace, so if you’re excited about this role but your past experience doesn’t align perfectly with every desired qualification in the job description, we encourage you to apply anyway. You may be just the right candidate for this or other roles. Export Control Regulations Applicants for employment at Blue Origin must be a U.S. citizen or national, U.S. permanent resident (i.e. current Green Card holder), or lawfully admitted into the U.S. as a refugee or granted asylum. Background Check Required for all positions: Blue’s Standard Background Check Required for Certain Job Profiles: Defense Biometric Identification System (DBIDS) background check if at any time the role requires one to be on a military installation Required for Certain Job Profiles: Drivers who operate Commercial Motor Vehicles with a Gross Vehicle Weight (GVW), Gross Vehicle Weight Rating (GVWR) or combination of power unit and trailer that meets or exceeds 10,001 lbs. and/or transports placardable amounts of hazardous materials by ground in any vehicle on a public road while in commerce, may be subject to additional Federal Motor Carrier Safety Regulations including: Driver Qualification Files, Medical Certification (obtained before onboarding), Road Test, Hours of Service, Drug and Alcohol Testing (CDL drivers only), vehicle inspection requirements, CDL requirements (if applicable) and hazardous materials transportation/shipping training. Required for certain Job Profiles: Ability to obtain and maintain Merchant Mariner Credential, which includes pre-employment and random drug testing as well as DOT physical Benefits Benefits include: Medical, dental, vision, basic and supplemental life insurance, paid parental leave, short and long-term disability, 401(k) with a company match of up to 5%, and an Education Support Program. Stock Options for all regular employees (working at least 20 hours/week) Paid Time Off: Up to four (4) weeks per year based on weekly scheduled hours, and up to 14 company-paid holidays. Dependent on role type and job level, employees may be eligible for benefits and bonuses based on the company's intent to reward individual contributions and enable them to share in the company's results, or other factors at the company's sole discretion. Bonus amounts and eligibility are not guaranteed and subject to change and cancellation. Please check with your recruiter for more details. Equal Employment Opportunity Blue Origin is proud to be an Equal Opportunity/Affirmative Action Employer and is committed to attracting, retaining, and developing a highly qualified and dedicated work force. Blue Origin hires and promotes people on the basis of their qualifications, performance, and abilities. We support the establishment and maintenance of a workplace that fosters trust, equality, and teamwork. We provide all qualified applicants for employment and employees with equal opportunities for hire, promotion, and other terms and conditions of employment, regardless of their race, color, religion, sex, sexual orientation, gender identity, national origin/ethnicity, age, physical or mental disability, genetic factors, military/veteran status, or any other status or characteristic protected by federal, state, and/or local law. Blue Origin will consider for employment qualified applicants with criminal histories in a manner consistent with applicable federal, state, and local laws, including the Washington Fair Chance Act, the California Fair Chance Act, the Los Angeles Fair Chance in Hiring Ordinance, and other applicable laws. For more information on “Know Your Rights,” please see here. Affirmative Action and Disability Accommodation Applicants wishing to receive information on Blue Origin’s Affirmative Action Plans, or applicants requiring a reasonable accommodation in order to participate in the application and/or interview process, please contact us at EEOCompliance@blueorigin.com. Please note this is a publicly managed inbox. Please do not include any personal medical information in your request."
L3Harris,"Sr. Specialist, Aerospace Engineering - Turbo Machinery",95263602448,"Canoga Park, CA",United States of America,136000.0,onsite,Senior,unknown,unknown,unknown,talentbrew,,2026-06-18T15:53:25Z,https://careers.l3harris.com/en/job/canoga-park/sr-specialist-aerospace-engineering-turbo-machinery/4832/95263602448,"APPLY NOW L3Harris is dedicated to recruiting and developing high-performing talent who are passionate about what they do. Our employees are unified in a shared dedication to our customers’ mission and quest for professional growth. L3Harris provides an inclusive, engaging environment designed to empower employees and promote work-life success. Fundamental to our culture is an unwavering focus on values, dedication to our communities, and commitment to excellence in everything we do. L3Harris is the Trusted Disruptor in defense tech. With customers’ mission-critical needs always in mind, our employees deliver end-to-end technology solutions connecting the space, air, land, sea and cyber domains in the interest of national security. Job Title: Sr. Specialist, Aerospace Engineering - Turbo Machinery Job Code: 37918 Job Location: Canoga Park, CA Job Schedule: 9/80 Employees work 9 out of every 14 days – totaling 80 hours worked – and have every other Friday off Job Description: This role is a part of the ATF (Aero Thermal Fluids) group based out of the Canoga Park facility. Successful candidates will: Have the capability to lead the analysis, design, and optimization of turbomachinery for liquid rocket engine systems. The ideal candidate will possess deep expertise in the design and performance analysis of inducers, impellers, volutes, pumps, turbines, and other associated rotating machinery operating in cryogenic and high temperature environments. This role requires strong understanding of aerodynamics, thermodynamics, hydrodynamics, and bearing and seal systems and their application to high-speed turbomachinery Have a strong understanding of cavitation and NPSH analysis, rotor-stator interaction, tip leakage flows, secondary flow losses, high-temperature turbine cooling techniques Be Familiar with engine cycles (gas generator, staged combustion, expander, etc.), cryogenic propellants, high-speed rotating equipment reliability Essential Functions: Perform all or a combination of analysis related to thermodynamics, aerodynamics, hydrodynamics, and computational fluid dynamics. Responsible for utilizing a combination of commercial and in-house developed software tools, and/or hand calculation methods to correlate analysis models and review test data Strengthens the technical capacity of the company and facilitate transfer of technology by mentoring less experienced engineers and team members Produce analysis reports and test reports. Present analysis to both internal and external customers Support verification tests. Work with designers and project engineers by providing analysis support May coordinate risk and opportunity management for development and production programs Ability to obtain a US Security Clearance Qualifications: Bachelor’s Degree and minimum 6 years of prior relevant experience. Graduate Degree and a minimum of 4 years of prior related experience. In lieu of a degree, minimum of 10 years of prior related experience Preferred Additional Skills: Extensive experience with utilizing LINUX & HPC systems Strong background in aerodynamics, fluid dynamics, and thermodynamics High proficiency in utilization of commercial codes such as: ANSYS Workbench/FLUINT/CFX, CFD++, Cadence Pointwise Extensive experience programming in MATLAB / FORTRAN / Python In compliance with pay transparency requirements, the salary range for this role in California, Massachusetts, New Jersey, Washington, and the Greater D.C, Denver, or NYC areas is $102,000 - $189,000. The salary range for this role in Colorado state, Hawaii, Illinois, Maryland, Minnesota, New York state, Cleveland Ohio, and Vermont is $88,500 - $164,500. This is not a guarantee of compensation or salary, as final offer amount may vary based on factors including but not limited to experience and geographic location. L3Harris also offers a variety of benefits, including health and disability insurance, 401(k) match, flexible spending accounts, EAP, education assistance, parental leave, paid time off, and company-paid holidays. The specific programs and options available to an employee may vary depending on date of hire, schedule type, and the applicability of collective bargaining agreements. L3Harris announced on January 5th, that AE Industrial Partners (“AE Industrial”) has agreed to acquire a controlling interest in L3Harris’ Space Propulsion and Power Systems business. This position has been identified as one that will transition to the new standalone company upon closing of the transaction. Until that time, L3Harris will continue its hiring activity within this business. L3Harris Technologies is proud to be an Equal Opportunity Employer. L3Harris is committed to treating all employees and applicants for employment with respect and dignity and maintaining a workplace that is free from unlawful discrimination. All applicants will be considered for employment without regard to race, color, religion, age, national origin, ancestry, ethnicity, gender (including pregnancy, childbirth, breastfeeding or other related medical conditions), gender identity, gender expression, sexual orientation, marital status, veteran status, disability, genetic information, citizenship status, characteristic or membership in any other group protected by federal, state or local laws. L3Harris maintains a drug-free workplace and performs pre-employment substance abuse testing and background checks, where permitted by law. Please be aware many of our positions require the ability to obtain a security clearance. Security clearances may only be granted to U.S. citizens. In addition, applicants who accept a conditional offer of employment may be subject to government security investigation(s) and must meet eligibility requirements for access to classified information. By submitting your resume for this position, you understand and agree that L3Harris Technologies may share your resume, as well as any other related personal information or documentation you provide, with its subsidiaries and affiliated companies for the purpose of considering you for other available positions. L3Harris Technologies is an E-Verify Employer. Please click here for the E-Verify Poster in English (opens in new window) or Spanish (opens in new window) . For information regarding your Right To Work, please click here for English (opens in new window) or Spanish (opens in new window) . APPLY NOW"
CAE,2000 EASy/900EASy Instructor Pilot,121929,Whippany,United States of America,,onsite,Mid,unknown,unknown,unknown,workday,,2026-06-13T02:35:13Z,https://cae.wd3.myworkdayjobs.com/en-US/career/job/Whippany/XMLNAME-2000-EASy-900EASy-Instructor-Pilot_121929-1,"CAE Instructor Pilots - All for the pursuit of aviation excellence. As an Instructor Pilot at CAE, you play a critical role in developing pilot confidence and skill through high‑quality simulator and ground training. You will lead training sessions, conduct thorough pre‑ and post‑flight briefings, and serve as a subject matter expert (SME) across assigned aircraft platforms. Key responsibilities include: Deliver flight simulator and ground school training in alignment with regulatory requirements, CAE curriculum, and customer expectations. Conduct professional, comprehensive pre‑ and post‑flight simulator briefings. Act as a subject matter expert (SME) for client training and internal course development. Perform administrative duties such as completing training records, maintaining instructional qualifications, and recommending remedial training when needed. Provide instruction across one or more aircraft types for licenses, type ratings, certificates, and internal qualifications. After approximately 1.5+ years (subject to business need), qualify as a Training Center Evaluator (TCE) and customer contract check airman. Physical Requirements Constantly ascend/descend ladders, stairs, scaffolding, ramps, and poles. Occasionally move into different positions, including confined spaces. Remain in a stationary position for prolonged periods (standing or sitting). Occasionally move about to accomplish tasks. Occasionally adjust or move objects up to 20 lbs. Occasionally perform repetitive motions involving wrists, hands, or fingers. Minimum Qualifications Unrestricted ATP certificate or completion of ATP Written. FAR Part 135 experience and 3,000+ total flight hours desired. Basic computer proficiency, including Microsoft Office and internet‑based programs. Participation in CAE’s DOT Drug & Alcohol testing program. Strong communication skills and a passion for teaching. Must be authorized to work in the United States. Preferred Qualifications Prior instructional or training experience. Unrestricted PIC Type Rating preferred. Experience flying business aircraft is highly desired. Falcon experience highly preferred. Ability to tailor training content to a diverse customer base. Strong attention to detail with commitment to accurate recordkeeping in accordance with CAE and FAA standards. Demonstrated customer‑service mindset and ability to create a positive learning environment. Professional character with strong verbal and written communication skills. Benefits Comprehensive medical, dental, vision, and EAP coverage (full‑time employees). 401(k) with employer match and Employee Stock Purchase Program. Flexible vacation policy and paid holidays, including December 25–January 1. Global parental leave and enhanced paid maternity leave in the U.S. and Canada. Company‑paid life, AD&D, short‑term disability, and caregiver support. Additional voluntary benefits including legal coverage, dependent life, pet insurance, and FSA options. Access to cutting‑edge technology and diverse teaching opportunities. Opportunity to remain active in the flight deck while maintaining work‑life balance. Professional growth through CAE’s comprehensive Instructor development program. Salary: $150,000 What to expect: CAE offers a comprehensive training program to help transform your knowledge and skills as a pilot into a world-class Instructor and subject matter expert ready to lead clients through their training. Equal Opportunity CAE is an Equal Opportunity Employer and considers qualified applicants for employment without regard to race, color, creed, religion, national origin, sex, sexual orientation, gender identity and expression, age, disability, veteran status, or any other protected factor. Accessibility CAE is committed to working with and providing reasonable accommodation to individuals with physical and mental disabilities. If you need special assistance or an accommodation while seeking employment, please e-mail HRBusinessAviation@cae.com. We will make a determination on your request for reasonable accommodation on a case-by-case basis. E-Verify As a Federal Contractor, CAE is required to participate in the E-Verify Program to confirm eligibility to work in the United States. If you’d like more information about your EEO rights as an applicant under the law, please click here for the EEO is the Law Poster: https://www.eeoc.gov/sites/default/files/migrated_files/employers/poster_screen_reader_optimized.pdf Who is CAE? CAE is a global leader in modelling, simulation and training for civil aviation. CAE is the largest network of civil training location with more than 210 full-flight simulators in 50+ training locations worldwide. CAE serves worldwide airlines, aircraft operators and manufacturers across the globe. Our vision is to be the recognized global training partner of choice to enhance safety, efficiency and readiness. #LI-TO1 About CAE At CAE, our mission is clear: to help make the world a safer place. For nearly 80 years, we’ve driven innovation in simulation, training, and mission readiness to support critical operations worldwide. By leveraging advanced technologies, we empower our customers to operate smarter, faster, and more sustainably. Join a purpose-driven organization where bold ideas are encouraged, collaboration drives progress, and your growth fuels our shared success. Position Type Regular Equal Opportunity Employer CAE is an equal opportunity employer committed to providing equal employment opportunities to all applicants and employees without regard to race, color, national origin, age, religion, sex, disability status, protected veteran status, or any other characteristic protected by federal, state or local laws. At CAE, everyone is welcome to contribute to our success. Applicants needing reasonable accommodations should contact their recruiter at any point in the recruitment process. If you need assistance to submit your application because of incompatible assistive technology or a disability, please contact us at CAECarrieres-Careers@cae.com. Data Privacy Privacy Statement | CAE As part of our process, we may use AI‑supported tools to help review applications, with human decision‑making at every step. CAE thanks all applicants for their interest. However, only those whose background and experience match the requirements of the role will be contacted."
Airbus,Project Leader Building & Construction (M/F),JR10416526,Toulouse Area,Europe,,onsite,Mid,unknown,unknown,unknown,workday,,2026-06-13T01:06:59Z,https://ag.wd3.myworkdayjobs.com/en-US/Airbus/job/Toulouse-Area/Project-Leader-Building---Construction--M-F-_JR10416526-1,"Job Description: Airbus Commercial Aircraft is looking for a Project Leader Building & Construction (f/m) to join our Facility Management & Real Estate (FMRE) team based in Toulouse, France. You will be part of a team developing infrastructures modifying the footprint of Airbus Commercial sites. Within the Building & Construction department, you will be involved in leading and drumbeating strategic and medium projects aiming at shaping the footprint of the ""Grand Saint Martin"" site to pave the future of Airbus. Your working environment: Global capital of aeronautics and European capital for space research, Toulouse is a dynamic city in the southwest of France served by an international airport. Ideally located between the Mediterranean sea and the Atlantic ocean and close to the Pyrenees mountains, it offers plenty of options for outdoor activities! How we care for you: Financial rewards: Attractive salary, agreements on success and profit sharing schemes, employee savings plan abounded by Airbus and employee stock purchase plan on a voluntary basis. Work / Life Balance: Extra days-off for special occasions, holiday transfer option, a Staff council offering many social, cultural and sport activities and other services. Wellbeing / Health: Complementary health insurance coverage (disability, invalidity, death). Depending on the site: health services center, concierge services, gym, carpooling application. Individual development: Great upskilling opportunities and development prospects with unlimited access to +10.000 e-learning courses to develop your employability, certifications, expert career path, accelerated development programmes, national and international mobility. At Airbus, we support you to work, connect and collaborate more easily and flexibly. Wherever possible, we foster flexible working arrangements to stimulate innovative thinking. Your challenges : Support FMRE in shaping the development of the organization and business-critical decisions. Drive processes through innovation excellence and best practice sharing, seeking for improvement of organizational performance. Enhance FMRE internal relationship between FMRE services lines (Front office – Back office connections) within a matrix organization. Represent the FMRE management team in internal/external forums and communities, while promoting digital solutions across the sites. Establish and develop close relationships with FMRE worldwide teams and key internal Business Partners (Heads of site, Functions, FALs...). Your boarding pass: Background in Civil Engineering required. Solid Project Management references (a PMI Bronze Certification would be a plus). Ability to collaborate within a Transdivisional/Transnational team and interface with external stakeholders (local authorities, French regulatory laws representatives like Inspection du travail, CARSAT). Strong sensitivity to customer needs and proven Supplier & Customer Relationship Management skills. Proficient oral and written communication skills in both English and French. Not a 100% match? No worries! Airbus supports your personal growth with customized development solutions. Take your career to a new level and apply online now! #LI-WE1 This job requires an awareness of any potential compliance risks and a commitment to act with integrity, as the foundation for the Company’s success, reputation and sustainable growth. Company: Airbus Operations SAS Employment Type: Permanent ------- Classe Emploi (France): Classe G13 Experience Level: Professional Job Family: Programme & Project Management   By submitting your CV or application you are consenting to Airbus using and storing information about you for monitoring purposes relating to your application or future employment. This information will only be used by Airbus.
Airbus is committed to achieving workforce diversity and creating an inclusive working environment. We welcome all applications irrespective of social and cultural background, age, gender, disability, sexual orientation or religious belief. Airbus is, and always has been, committed to equal opportunities for all. As such, we will never ask for any type of monetary exchange in the frame of a recruitment process. Any impersonation of Airbus to do so should be reported to emsom@airbus.com. At Airbus, we support you to work, connect and collaborate more easily and flexibly. Wherever possible, we foster flexible working arrangements to stimulate innovative thinking."
Sierra Nevada Corporation,Program Manager I,R0029932,"Lone Tree, CO",United States of America,148166.07,hybrid,Manager,yes,Secret,unknown,workday,,2026-06-12T21:40:05Z,https://snc.wd1.myworkdayjobs.com/en-US/SNC_External_Career_Site/job/Lone-Tree-CO/Program-Manager-I_R0029932,"Are you a results-driven, team-oriented leader? This is the opportunity for you! As a Program Manager I, you will oversee multiple projects to support the business objectives at SNC, ensuring successful customer relationships, cost management, scheduling, and technical execution. You will manage programs with budgets up to $20M, supervise project staff, and serve as the primary point of contact for customers. Your role includes business resource planning, risk and opportunity management, and coordinating with stakeholders to meet cost, budget, and schedule constraints. The ISR (Intelligence, Surveillance & Reconnaissance), Aviation, and Security (IAS) business area is a leader in ISR and aviation, it is a leading prime manned and unmanned aircraft systems integrator for innovative, high-performance ISR and aviation systems. Its end-to-end Command, Control, Computers, Communications and Intelligence, Surveillance & Reconnaissance (C4ISR) capabilities encompass design, integration, test, certification, ground/flight training and complete logistics support. IAS tailors solutions to customer cost, performance, and schedule requirements and designs to consistently exceed expectations – with an unrivaled record of on time and on (or under) budget deliveries. Responsibilities: Manage all programmatic aspects of multiple assigned projects, focusing on customer relationships, cost, schedule, and technical planning. Track and report on project status, technical execution, and overall program performance. Supervise program and project staff to ensure successful project outcomes. Serve as the primary point of contact (POC) for customers. Participate in business resource planning and tracking in coordination with other corporate entities. Formulate and lead a team to fulfill program requirements. Identify, track, and resolve program issues and problems. Manage program risks and opportunities by identifying, mitigating, tracking, and managing them. Interface on project/program status and develop proposals. Conduct research and fact-finding for project/program needs. Coordinate audits and negotiate with project/program stakeholders to ensure initiatives meet cost, budget, and schedule constraints. Support the Program Director and Business Operations in fulfilling their responsibilities for the Business Area. Qualifications You Must Have: Bachelor's degree in Business, Finance, Project Management, Management, Engineering or related field. 6+ years of progressive experience in project or program management. 1+ years' experience leading teams made up of 3+ cross functional team members. Relevant experience can be considered as a substitute for the required educational qualifications. In the absence of a degree, a minimum of 9 years of related experience is required. Higher level relevant degree may substitute for experience. Formal A&D industry experience required’ Experience with the evaluation of requests for proposals and/or quotes. Experience with preparing, reviewing, and submitting proposals and/or quotes. Experience with contract negotiations, and the difference in contract types. Experience with managing multiple projects and/or a small program. Experience with being the primary focal for a customer. Demonstrated financial acumen to ensure decisions are fiscally sound and responsible. Ability to execute coordination of all elements of a program, i.e., Program integration management. Perform task coordination, resource development, stakeholder identification, etc. Capability to manage program lifecycle conflicts, prioritize competing priorities/requests, and evaluate available resources. Leadership abilities inclusive of successful change management, mentoring, career development, training, succession planning, holding people accountable, and conducting yearly reviews. Requires ability to manage complex situations, delegate authority, lead and inspire your team, drive innovative thinking, instill collaboration, drive for success, challenge status quo, and demonstrate the ability to adapt to dynamic situations. Requires skills in team building, time management, conflict resolution, communication, briefing, presentation, strategic thinking, marketing, and literacy in the program management disciplines. Active Secret US Security Clearance Qualifications We Prefer: Project Management Professional (PMP) Certification (will not be considered in lieu of required experience). Advanced degree in Business, Management, Engineering or related field (may be considered in lieu of 1 year of required project/program management experience). Understanding of Federal Acquisition Regulation (FAR) and Defense Federal Acquisition Regulation Supplement (DFARS). Working knowledge of Program Management Institute Program Body of Knowledge (PMBOK). Managing projects using Capability Maturity Model Integration (CMMI), agile, and or spiral development models. Familiarity with projects requiring Earned Value Management. Understanding with application tools and data architectures. Ability to reinforce the usage & application of Corporate PM tools. Experience with ensuring compliance with approved Corporate and ISO 9001:2000 Policies and Processes. Essential Functions: Ability to work in an office or hybrid environment. Frequent use of a computer and standard office equipment. Must be able to communicate effectively with team members and stakeholders. Occasional travel may be required to support project needs and team collaboration. This posting will be open for application for a minimum of 5 days and may be extended based on business needs. Estimated Starting Salary Range: $124,771.42 - $171,560.71. Compensation varies depending on a wide array of factors, such as candidates' key skills, relevant work experience, and education/training/certifications. The disclosed range estimate may be adjusted for any applicable geographic differential associated with the location at which the position may be filled. SNC offers annual incentive pay based upon performance that is commensurate with the level of the position. SNC offers a generous benefit package, including medical, dental, and vision plans, 401(k) with 150% match up to 6%, life insurance, 3 weeks paid time off, tuition reimbursement, and more. IMPORTANT NOTICE: This position requires current/active Secret U.S. Security Clearance. U.S. Citizenship status is required as this position needs an active U.S. Security Clearance for employment. Non-U.S. Citizens may not be eligible to obtain a security clearance. The Department of Defense Consolidated Adjudications Facility (DoD CAF), a federal government agency, handles the adjudicative aspects of the security clearance eligibility process for industry applicants. Adjudicative factors which affect the outcome of the eligibility determination include, but are not limited to, allegiance to the U.S., foreign influence, foreign preference, criminal conduct, security violations and illegal drug use. Learn more about the background check process for Security Clearances. SNC is a global leader in aerospace and national security committed to moving the American Dream forward. We’re known and respected for our mission and execution focus, agility, and disruptive and rapid innovation. We provide leading edge technologies and transformative solutions that support our nation’s most critical security needs. If you are mission-focused, thrive in collaborative environments, and want to make our country stronger with state-of-the-art technologies that safeguard freedom, join our team! SNC is an Equal Opportunity Employer committed to an environment free of discrimination. Employment decisions are made based on merit without regard to race, color, age, religion, sex, national origin, disability, status as a protected veteran or other characteristics protected by law."
Booz Allen Hamilton,"Network Engineer, Senior",R0241060,"Wichita, KS",United States of America,126750.0,remote,Senior,unknown,Secret,unknown,workday,,2026-06-12T22:55:06Z,https://bah.wd1.myworkdayjobs.com/en-US/BAH_Jobs/job/Wichita-KS/Network-Engineer--Senior_R0241060,"Network Engineer, Senior The Opportunity: We are seeking a Network Engineer for the Air Force on-site support. This position includes executing key network operations, troubleshooting, cybersecurity compliance, and modernization preparation activities across NIPR and SIPR environments. This role blends hands‑on technical work, Tier 2 and 3 network operations, STIG remediation, baseline metric collection, and documentation development. You will collaborate directly with senior engineers, providing essential support to maintain network stability while preparing for large‑scale modernization cutover activities. This position offers significant opportunity for professional growth through exposure to enterprise routing/switching, WLAN, cybersecurity, and DoD modernization methodologies. What You’ll Work On: Network Operations. Tier 2 and 3 Troubleshooting. Perform Tier 2 and 3 troubleshooting for switches, routers, WLAN controllers, and access points. Analyze packet captures and diagnose performance issues using Wireshark and SolarWinds. Support escalation workflows and assist senior engineers with advanced troubleshooting. Monitoring, Baseline, and Performance Analysis. Collect and trend baseline network metrics such as availability, latency, and throughput to support modernization readiness. Operate and optimize network monitoring platforms including SolarWinds, SNMP, syslog, and NetFlow. Conduct network health assessments under senior engineer guidance. Cyber security and Compliance Support. Implement STIG corrections and assist with ACAS and SCAP scanning and remediation. Support vulnerability documentation and compliance with DoW cybersecurity standards. Configuration, Documentation, and Change Control. Execute approved configuration changes, maintain device backups, and follow CM and change‑control procedures. Contribute to network diagrams, device inventories, runbooks, SOPs, and CMDB updates. Assist in creating and maintaining DoDAF diagram updates including OV‑1, OV‑2, SV‑1, and SV‑2. Modernization and Integration Support. Support cutover readiness, SAT activities, and pre‑modernization cleanup tasks. Participate in field assessments, baseline extraction, and data collection to inform modernization engineering. Join us. The world can’t wait. You Have: 4+ years of experience with network engineering Experience using tools such as Wireshark or SolarWinds Knowledge of networking fundamentals, including TCP, IP, DHCP, ARP, HTTP, SNMP, VLANs, STP, OSPF, BGP, and QoS Knowledge of cybersecurity fundamentals and DoD security practices Ability to create and interpret technical diagrams and documentation Ability to travel up to 50% of the time Secret clearance HS diploma or GED 8140 baseline CompTIA Security+ Certification Nice to Have Experience with Python and Ansible automation and SD‑WAN Experience with Aruba or Cisco wireless Experience with firewalls including Palo Alto and Fortinet Experience with Cloud networking such as AWS, Azure, or GCP 8140 Certifications such as Network+, CASP+, or CISSP Certification Clearance: Applicants selected will be subject to a security investigation and may need to meet eligibility requirements for access to classified information; Secret clearance is required. Compensation At Booz Allen, we celebrate your contributions, provide you with opportunities and choices, and support your total well-being. Our offerings include health, life, disability, financial, and retirement benefits, as well as paid leave, professional development, tuition assistance, work-life programs, and dependent care. Our recognition awards program acknowledges employees for exceptional performance and superior demonstration of our values. Full-time and part-time employees working at least 20 hours a week on a regular basis are eligible to participate in Booz Allen’s benefit programs. Individuals that do not meet the threshold are only eligible for select offerings, not inclusive of health benefits. We encourage you to learn more about our total benefits by visiting the Resource page on our Careers site and reviewing Our Employee Benefits page. Salary at Booz Allen is determined by various factors, including but not limited to location, the individual’s particular combination of education, knowledge, skills, competencies, and experience, as well as contract-specific affordability and organizational requirements. The projected compensation range for this position is $77,500.00 to $176,000.00 (annualized USD). The estimate displayed represents the typical salary range for this position and is just one component of Booz Allen’s total compensation package for employees. This posting will close within 90 days from the Posting Date. Identity Statement As part of the hiring process, we will ask you to complete an identity verification process that leverages advanced biometrics and artificial intelligence to ensure authenticity and protect against identity fraud. You are expected to be on camera during interviews and assessments. We reserve the right to take your picture to verify your identity and prevent fraud. Candidate AI Usage Policy AI is a part of our daily work at Booz Allen, and we are committed to the responsible and ethical use of AI tools. However, we want to ensure a fair candidate process based on your own skills and knowledge. As part of this commitment, the use of artificial intelligence (AI) or other tools to assist with responses during interviews (whether in-person or virtual) is prohibited unless permission is explicitly provided. Work Model
Our people-first culture prioritizes the benefits of collaboration, whether it occurs in person or virtually. To support engagement and effective communication, employees working virtually are generally expected to have their cameras on during meetings. Remote: If this position is listed as remote, there may still be occasions when you are required to work in person at a Booz Allen or customer facility. Hybrid: If this position is listed as hybrid, you will be expected to work from a Booz Allen facility frequently, in alignment with leadership expectations and the needs of the role. You may also be required to work from or visit a customer facility. Onsite: If this position is listed as onsite, work will primarily be performed at a Booz Allen office or customer facility, where employees will collaborate directly with colleagues and customers as required by the role. Commitment to Non-Discrimination All qualified applicants will receive consideration for employment without regard to disability, status as a protected veteran or any other status protected by applicable federal, state, local, or international law."
Booz Allen Hamilton,Joomla Backend Developer,R0239019,"Chantilly, VA",United States of America,90600.0,remote,Mid,unknown,TS/SCI + Poly,unknown,workday,,2026-06-12T23:42:03Z,https://bah.wd1.myworkdayjobs.com/en-US/BAH_Jobs/job/Chantilly-VA/Joomla-Backend-Developer_R0239019,"Joomla Backend Developer The Opportunity: We are looking for a highly skilled Backend Joomla Developer to lead the technical development and optimization of our web platforms. In this role, you will be the architect of our server-side logic, focusing heavily on the creation and customization of Joomla components, modules, and plugins. You will be responsible for managing complex MySQL databases and integrating third-party APIs such as payment gateways and CRMs to ensure our sites are both functional and scalable. Beyond initial builds, you will play a critical role in maintaining site health by performing core updates, implementing security patches, and troubleshooting technical bugs to ensure peak performance. In this role, you will utilize deep expertise in PHP and Object-Oriented Programming with a comprehensive understanding of the Joomla framework’s internal architecture. While your primary focus will be the backend, you should be comfortable working with HTML5, CSS3, and JavaScript to ensure seamless integration with the frontend. We are seeking a proactive problem-solver who can translate complex business requirements into robust, high-performance digital solutions. In this role, you’ll work closely with product managers and government leadership to understand mission goals and user requirements. On an agile team, you’ll design and deliver large-scale digital experiences that are as intuitive as they are visually refined. Help our clients meet their mission by supporting national security and empowering government teams with accessible, secure applications. Join us. The world can’t wait. You Have: 3+ years of experience with an OOP language Experience performing Linux server maintenance, patching, configuration management, or system hardening Experience designing, implementing, and maintaining production-grade AWS environments Experience developing web apps with HTML, CSS, and JavaScript Experience with SQL and an RDBMS such as MySQL TS/SCI clearance with a polygraph Bachelor's degree in Systems Administration, Computer Information Systems, or Computer Science and 3+ years of experience with systems administration, or 5+ years of experience with systems administration in lieu of a degree Nice If You Have: Experience with PHP Experience developing websites using the Joomla CMS Ability to collaborate with government leadership to refine requirements, translate mission needs into UX-focused solutions, and influence design-centered decisions Bachelor’s degree in CS, UX, Design, or a related field UX/UI, Accessibility, or Front-End Development Certifications Clearance: Applicants selected will be subject to a security investigation and may need to meet eligibility requirements for access to classified information; TS/SCI clearance with polygraph is required. Compensation At Booz Allen, we celebrate your contributions, provide you with opportunities and choices, and support your total well-being. Our offerings include health, life, disability, financial, and retirement benefits, as well as paid leave, professional development, tuition assistance, work-life programs, and dependent care. Our recognition awards program acknowledges employees for exceptional performance and superior demonstration of our values. Full-time and part-time employees working at least 20 hours a week on a regular basis are eligible to participate in Booz Allen’s benefit programs. Individuals that do not meet the threshold are only eligible for select offerings, not inclusive of health benefits. We encourage you to learn more about our total benefits by visiting the Resource page on our Careers site and reviewing Our Employee Benefits page. Salary at Booz Allen is determined by various factors, including but not limited to location, the individual’s particular combination of education, knowledge, skills, competencies, and experience, as well as contract-specific affordability and organizational requirements. The projected compensation range for this position is $55,200.00 to $126,000.00 (annualized USD). The estimate displayed represents the typical salary range for this position and is just one component of Booz Allen’s total compensation package for employees. This posting will close within 90 days from the Posting Date. Identity Statement As part of the hiring process, we will ask you to complete an identity verification process that leverages advanced biometrics and artificial intelligence to ensure authenticity and protect against identity fraud. You are expected to be on camera during interviews and assessments. We reserve the right to take your picture to verify your identity and prevent fraud. Candidate AI Usage Policy AI is a part of our daily work at Booz Allen, and we are committed to the responsible and ethical use of AI tools. However, we want to ensure a fair candidate process based on your own skills and knowledge. As part of this commitment, the use of artificial intelligence (AI) or other tools to assist with responses during interviews (whether in-person or virtual) is prohibited unless permission is explicitly provided. Work Model
Our people-first culture prioritizes the benefits of collaboration, whether it occurs in person or virtually. To support engagement and effective communication, employees working virtually are generally expected to have their cameras on during meetings. Remote: If this position is listed as remote, there may still be occasions when you are required to work in person at a Booz Allen or customer facility. Hybrid: If this position is listed as hybrid, you will be expected to work from a Booz Allen facility frequently, in alignment with leadership expectations and the needs of the role. You may also be required to work from or visit a customer facility. Onsite: If this position is listed as onsite, work will primarily be performed at a Booz Allen office or customer facility, where employees will collaborate directly with colleagues and customers as required by the role. Commitment to Non-Discrimination All qualified applicants will receive consideration for employment without regard to disability, status as a protected veteran or any other status protected by applicable federal, state, local, or international law."
L3Harris,"Senior Specialist, IT Security",94696706704,"Ashburn, VA",United States of America,128500.0,onsite,Senior,unknown,unknown,unknown,talentbrew,,2026-06-18T15:52:16Z,https://careers.l3harris.com/en/job/ashburn/senior-specialist-it-security/4832/94696706704,"APPLY NOW L3Harris is dedicated to recruiting and developing high-performing talent who are passionate about what they do. Our employees are unified in a shared dedication to our customers’ mission and quest for professional growth. L3Harris provides an inclusive, engaging environment designed to empower employees and promote work-life success. Fundamental to our culture is an unwavering focus on values, dedication to our communities, and commitment to excellence in everything we do. L3Harris is the Trusted Disruptor in defense tech. With customers’ mission-critical needs always in mind, our employees deliver end-to-end technology solutions connecting the space, air, land, sea and cyber domains in the interest of national security. Job Title: Sr Spec, IT Security Job Code: 37129 Job Location: Ashburn, VA Job Schedule: 9/80 Job Description: As a Sr. Specialist, IT Secure, you will design, implement, and support enterprise Windows, VMware, and RHEL environments. Acting as a self-driven contributor within a team, you will participate in the full system lifecycle, including development, testing, and production validation. You will apply automation frameworks to improve efficiency, consistency, and reliability while engineering solutions that support both current operations and future program requirements. Essential Functions Execute duties with minimal to no oversight, proactively identifying and addressing areas for improvement. Ensure compliance with IT system administration, security, and regulatory standards, including JSIG, NIST 800 series, and DoD Manuals Vol. 1–4. Support system design, engineering enhancements, and process improvements across environments. Assist in planning, developing, and implementing automation solutions and workflows. Monitor, track, and present technical performance metrics for IT systems. Analyze system capacity and performance to align with operational requirements. Collaborate with development teams to assess and plan for future growth and scalability. Maintain and support IT systems, ensuring stability, availability, and security. Present technical designs and participate in design reviews with stakeholders. Contribute to proposal efforts, including technical input and cost considerations. Travel up to 5% as required. Obtain and maintain additional clearances as required. Lift up to 30 to 50 lbs. Work on your feet up to 50% of the day. Perform other duties as required. Qualifications Bachelor’s Degree and minimum 6 years of prior relevant experience. Graduate Degree and a minimum of 4 years of prior related experience. In lieu of a degree, minimum of 10 years of prior related experience. Active Top Secret clearance Preferred Additional Skills Experience with Linux in an enterprise environment, including RHEL, CentOS, and Fedora. Experience with scripting and automation, including Bash, Python, and Ansible. Experience with Windows in an enterprise environment, including Server 2019, Exchange, and MDT/WDS. Experience with VMware in an enterprise environment, including vSphere, vCenter, and vSAN. Experience with network storage solutions, including SAN/NAS, NetApp, MSA, iSCSI, and FCP. Experience with industry frameworks and methodologies, including ITIL, Agile, Scrum, DevOps, and SRE. Experience designing and administering VMware infrastructure. Experience with Cisco routing and switching environments, including network topology design, VLAN configuration, and virtualization integration.Experience with SIEM tools (i.e. Splunk) Experience with Tenable.SC deployment & configuration Experience with PDQ Deploy and Inventory Windows patch management tool In compliance with pay transparency requirements, the salary range for this role in California, Massachusetts, New Jersey, Washington, and the Greater D.C, Denver, or NYC areas is $96,000 - $178,000. The salary range for this role in Colorado state, Hawaii, Illinois, Maryland, Minnesota, New York state, Cleveland Ohio, and Vermont is $84,000 - $156,000. This is not a guarantee of compensation or salary, as final offer amount may vary based on factors including but not limited to experience and geographic location. L3Harris also offers a variety of benefits, including health and disability insurance, 401(k) match, flexible spending accounts, EAP, education assistance, parental leave, paid time off, and company-paid holidays. The specific programs and options available to an employee may vary depending on date of hire, schedule type, and the applicability of collective bargaining agreements. L3Harris Technologies is proud to be an Equal Opportunity Employer. L3Harris is committed to treating all employees and applicants for employment with respect and dignity and maintaining a workplace that is free from unlawful discrimination. All applicants will be considered for employment without regard to race, color, religion, age, national origin, ancestry, ethnicity, gender (including pregnancy, childbirth, breastfeeding or other related medical conditions), gender identity, gender expression, sexual orientation, marital status, veteran status, disability, genetic information, citizenship status, characteristic or membership in any other group protected by federal, state or local laws. L3Harris maintains a drug-free workplace and performs pre-employment substance abuse testing and background checks, where permitted by law. Please be aware many of our positions require the ability to obtain a security clearance. Security clearances may only be granted to U.S. citizens. In addition, applicants who accept a conditional offer of employment may be subject to government security investigation(s) and must meet eligibility requirements for access to classified information. By submitting your resume for this position, you understand and agree that L3Harris Technologies may share your resume, as well as any other related personal information or documentation you provide, with its subsidiaries and affiliated companies for the purpose of considering you for other available positions. L3Harris Technologies is an E-Verify Employer. Please click here for the E-Verify Poster in English (opens in new window) or Spanish (opens in new window) . For information regarding your Right To Work, please click here for English (opens in new window) or Spanish (opens in new window) . APPLY NOW"
Leidos,Senior Data Architect,R-00179249,2 Locations,United States of America,129575.0,onsite,Principal,unknown,TS/SCI,unknown,workday,,2026-06-16T23:21:09Z,https://leidos.wd5.myworkdayjobs.com/en-US/External/job/Alexandria-VA/Senior-Data-Architect_R-00179249,"This Department of War enterprise data and analytics program delivers mission-critical capabilities that enable leaders across the Department to make faster, better-informed decisions using trusted data at scale. Leidos Digital Modernization sector is seeking an experienced Senior Data Architect to support the delivery, enhancement, and adoption of enterprise data and analytics products used across multiple DoD organizations. In this role, you will work alongside government partners, engineers, and other industry teammates to translate operational and strategic requirements into scalable, production-ready solutions. You will contribute directly to product planning, execution, and continuous improvement—helping ensure capabilities are delivered efficiently, aligned to mission priorities, and positioned for sustained success. This position offers the opportunity to work on a high-visibility, enterprise program at the intersection of data, analytics, and emerging AI technologies. Ideal candidates are motivated by mission impact, comfortable operating in complex stakeholder environments, and interested in building deep domain expertise while delivering capabilities with real-world national security outcomes. Primary Responsibilities: Develop and implement enterprise-level data strategies and architectures to enhance data acquisition and transformation. Design and build data governance architecture, ensuring alignment with security and compliance requirements. Communicate data architecture approaches effectively to stakeholders and ensure adoption across teams. Lead the design, build, and maintenance of core data infrastructure and pipelines for the platform. Ensure scalability, reliability, and security of the data platform through automated end-to-end data pipelines. Implement data quality monitoring tools and processes to ensure data accuracy and consistency. Optimize data infrastructure for performance and scalability, planning for future growth. Document data pipelines, data models, and governance policies to ensure clarity and compliance. Provide direct assistance to customers, addressing inquiries and resolving technical issues. Monitor service level agreements (SLAs) and provide regular reports on performance. Develop and maintain training materials and a centralized knowledge repository for data operations. Establish and maintain a robust data governance framework, including policy development and compliance enforcement. Manage user access and permissions for data tools, ensuring security and compliance. Collaborate with cross-functional teams to enhance customer success and outreach initiatives. Conduct root cause analysis for recurring issues and implement solutions to prevent future occurrences. Proactively communicate with customers regarding known issues and new features. Basic Qualifications: Active Top Secret (TS) clearance with SCI eligibility. Bachelor’s degree in Computer Science, Data Science, Engineering, Information Systems, or related technical discipline and 8–12 years of relevant experience OR Master’s degree in a related field and 6–10 years of relevant experience. Minimum of 8 years of experience in data architecture, engineering, or related roles. Proven experience in designing and implementing data governance frameworks. Experience designing enterprise-scale data architectures in cloud environments (e.g., AWS, Azure, or GCP). Experience designing and implementing data ingestion, transformation, storage, and analytics frameworks. Experience defining enterprise data models, metadata strategies, and lineage documentation. Experience integrating data architectures with DevSecOps pipelines and CI/CD processes. Experience with data pipeline development and data quality monitoring. Strong understanding of data management principles and best practices. Strong leadership and communication skills. Experience in customer support and engagement initiatives. Preferred Qualifications: Active TS/SCI clearance. 10+ years of experience in data architecture and engineering. Experience operating within SAFe or large-scale Agile frameworks supporting enterprise systems. Experience with cloud-based data solutions and analytics platforms. Familiarity with data security policies and compliance regulations. Experience supporting enterprise data platforms across NIPRNet, SIPRNet, and JWICS environments. Experience implementing federated data catalogs and cross-domain data exchange solutions. Experience aligning data architecture with Zero Trust and enterprise cybersecurity requirements. Experience supporting AI/ML model pipelines and feature engineering frameworks. Relevant cloud or data architecture certifications (e.g., AWS Certified Data Analytics, Azure Data Engineer, or equivalent). If you're looking for comfort, keep scrolling. At Leidos, we outthink, outbuild, and outpace the status quo — because the mission demands it. We're not hiring followers. We're recruiting the ones who disrupt, provoke, and refuse to fail. Step 10 is ancient history. We're already at step 30 — and moving faster than anyone else dares. Original Posting:
March 25, 2026 For U.S. Positions: While subject to change based on business needs, Leidos reasonably anticipates that this job requisition will remain open for at least 3 days with an anticipated close date of no earlier than 3 days after the original posting date as listed above. Pay Range:
Pay Range $92,300.00 - $166,850.00 The Leidos pay range for this job level is a general guideline only and not a guarantee of compensation or salary. Additional factors considered in extending an offer include (but are not limited to) responsibilities of the job, education, experience, knowledge, skills, and abilities, as well as internal equity, alignment with market data, applicable bargaining agreement (if any), or other law."
Anduril Industries,Maritime Operations Engineer - Mission Autonomy,5069872007,"Channel Islands, California, United States",United States of America,131000.0,remote,Mid,us_person,unknown,unknown,greenhouse,2026-06-16,2026-06-17T01:29:05Z,https://boards.greenhouse.io/andurilindustries/jobs/5069872007?gh_jid=5069872007,"Anduril Industries is a defense technology company with a mission to transform U.S. and allied military capabilities with advanced technology. By bringing the expertise, technology, and business model of the 21st century’s most innovative companies to the defense industry, Anduril is changing how military systems are designed, built and sold. Anduril’s family of systems is powered by Lattice OS, an AI-powered operating system that turns thousands of data streams into a realtime, 3D command and control center. As the world enters an era of strategic competition, Anduril is committed to bringing cutting-edge autonomy, AI, computer vision, sensor fusion, and networking technology to the military in months, not years.   As a Senior Maritime Operations Technician, you will be a senior technical leader and hands-on expert on the Maritime Operations team. Reporting to the Marine Operations Lead, you will be responsible for ensuring the operational readiness of our Unmanned Surface Vessel (USV) fleet by leading complex maintenance, troubleshooting, and systems integration efforts. This role requires deep technical mastery equivalent to a Senior Marine Diesel Technician, combined with the ability to think creatively to solve ambiguous problems. You will be looked to as a leader within the onsite team, mentoring junior technicians and ensuring the highest standards of safety and execution during on-water operations.   What You'll Do  
 
 Execute complex maintenance, troubleshooting, and repair of USV assets, including propulsion, electrical, and navigation systems. 
 Lead hands-on integration efforts for new hardware, sensors, and software components onto USV platforms. 
 Mentor and provide technical guidance to Marine Operations Technicians, fostering a culture of excellence and safety. 
 Serve as a senior operator and onsite safety lead during on-water test events, including acting as a Safety Remote Control Operator. 
 Diagnose and resolve complex, ambiguous technical issues with minimal supervision, developing creative and effective solutions. 
 Ensure the USV fleet is maintained to the highest state of readiness, managing parts inventory and maintenance schedules for assigned assets. 
 Collaborate closely with engineering and test teams to provide critical feedback for system improvements and support test execution. 
 Develop and refine maintenance procedures and technical documentation. 
 
  Required Qualifications  
 
 Extensive, hands-on diagnostic and repair experience with marine systems, particularly marine diesel engines, propulsion systems, and advanced electrical/electronic systems. 
 Proven experience mentoring or informally leading junior technicians in a maritime environment. 
 Deep understanding of maritime regulations and safety procedures, with a demonstrated commitment to fostering a strong safety culture. 
 Experience with hardware integration on marine vessels, including sensors, actuators, and communication equipment. 
 Proficiency in troubleshooting complex integrated systems that include mechanical, electrical, and software components. 
 Strong problem-solving skills with the ability to work independently on ambiguous and challenging technical problems. 
 Proficient with computer terminals and basic networking concepts. 
 Ability to obtain and maintain a security clearance. 
 
  Preferred Qualifications  
 
 Formal training or certification as a Marine Diesel Technician (e.g., from manufacturers like Caterpillar, Cummins, MTU). 
 Experience with autonomous or remotely operated surface vessels (USVs). 
 Merchant Mariner Credential or equivalent maritime certification. 
 Experience with scripting languages (e.g., Python, Bash) for automation and diagnostics. 
 Familiarity with Linux operating systems and command-line interfaces. 
 Background in naval operations, US Coast Guard, or relevant military technical experience. 
    US Salary Range   $113,000  &mdash;  $149,000 USD       The salary range for this role is an estimate based on a wide range of compensation factors, inclusive of base salary only. Actual salary offer may vary based on (but not limited to) work experience, education and/or training, critical skills, and/or business considerations. Highly competitive equity grants are included in the majority of full time offers; and are considered part of Anduril's total compensation package. Additionally, Anduril offers top-tier benefits for full-time employees, including:  &nbsp;  
 &nbsp; 
  Benefits  
  At Anduril, we invest in our people. Our comprehensive, competitive benefits package (available at little to no cost to employees) ensures you’re supported in health, recovery, and whatever comes next.&nbsp;   For more information,  Explore Our Benefits .   
 &nbsp; 
 
  Protecting Yourself from Recruitment Scams  
 Anduril is committed to maintaining the integrity of our Talent acquisition process and the security of our candidates. We've observed a rise in sophisticated phishing and fraudulent schemes where individuals impersonate Anduril representatives, luring job seekers with false interviews or job offers. These scammers often attempt to extract payment or sensitive personal information. 
 
 
 To ensure your safety and help you navigate your job search with confidence, please keep the following critical points in mind: 
 
 
  No Financial Requests:&nbsp; Anduril will never solicit payment or demand personal financial details (such as banking information, credit card numbers, or social security numbers) at any stage of our hiring process. Our legitimate recruitment is entirely free for candidates. 
 
  Please always verify communications: 
 
 Direct from Anduril: If you receive an email from one of our recruiters, it will  only  come from an  @anduril.com  address. 
 Via Agency Partner: If contacted by a recruiting agency for an Anduril role, their email will clearly identify their agency. If you suspect any suspicious activity, please verify the agency's authenticity by reaching out to  contact@anduril.com .&nbsp; 
 
 
 
  Exercise Caution with Unsolicited Outreach: &nbsp;If you receive any communication that appears suspicious, contains grammatical errors, or makes unusual requests, do not engage. Always confirm the sender's email domain is @anduril.com before providing any personal information or clicking on links. 
 
 
  What to Do If You Suspect Fraud: &nbsp;Should you encounter any questionable or fraudulent outreach claiming to be from Anduril, please report it immediately to&nbsp; contact@anduril.com . Your proactive caution is invaluable in protecting your personal information and upholding the security and trustworthiness of our recruitment efforts. 
 
 
 
 &nbsp; 
  Data Privacy  
  To view Anduril's candidate data privacy policy, please visit     https://anduril.com/applicant-privacy-notice/    .  &nbsp;  
 &nbsp; 
  By submitting your application, you consent to Anduril Industries using a third-party service provider to conduct pre-employment risk, integrity, and due diligence screening and assessing potential risks as part of your application process. This third-party service provider provides risk-intelligence services that may include analysis of sanctions and watchlists, adverse media, public-record information, and other lawful open-source or commercial data sources. This third-party service provider does not act as a consumer reporting agency. Use of this provider helps to ensure compliance with applicable laws and protect technology, intellectual property, and organizational security."
Lockheed Martin,F-16 Avionics Technician - Sustainment - Level 3- 1st shift,95675161024,"Greenville, South Carolina",United States of America,,onsite,mid,unknown,unknown,unknown,brassring,,2026-06-07T18:36:49.491304+00:00,https://www.lockheedmartinjobs.com/job/greenville/f-16-avionics-technician-sustainment-level-3-1st-shift/694/95675161024,"Job Responsibilities JOB ID: 729074BR Date posted: May. 28, 2026 Description:You will be the Sustainment Avionics, F-16 Technician Level 3- First Shift for the Lockheed Martin Greenville Sustainment Team. Our team is responsible for Flight test/Depo functions to include installs of electrical harnesses/wires, continuity testing, System testing, and soldering/termination operations. What You Will Be Doing As the Sustainment Avionics, F-16 Technician Level 3 you will be responsible for Flight test Mods, testing/installing electrical harnesses/components, routing various wire/cables, Terminating cables/wires, and performing operational checks to ensure flight readiness. You may also be required to troubleshoot and repairing electrical and avionics systems based on area team. Will sometimes perform other duties such as general mechanic installs, testing, and inspections. The candidate will be required to: • Comprehend documents such as safety rules, operating maintenance instructions and procedure manuals. • Use hands to grasp, handle, and/or feel, reach with hands and arms, talk, and hear. • Frequently stand, walk, stoop, kneel, squat, crawl, twist, and work on or in the aircraft. • Frequently lift and/or push or pull up to 25 pounds and occasionally lift and/or push or pull up to 50 pounds. • Perform repetitive movements and work overhead. • Work in a safe and efficient manner while maintaining a clean, FOD-free work area. • Properly use, handle and dispose of hazardous materials, and toxic or caustic chemicals per Government regulations and company procedures Mission essential functions and other duties may be assigned as required. Specific vision abilities required by this job include close vision, peripheral vision, depth perception and ability to adjust focus. While performing the essential functions of this job, the employee will be required to wear Personal Protective Equipment (PPE) as needed to perform job tasks. The employee is regularly exposed to vibration. What’s In It For You: 3 day weekends every weekend! From onsite to remote, we offer flexible work schedules to comprehensive benefits investing in your future and security, Learn more about Lockheed Martin’s comprehensive benefits package here. Do you want to be part of a company culture that empowers employees to think big, lead with a growth mindset, and make the impossible a reality? We provide the resources and give you the flexibility to enable inspiration and focus -if you have the passion and courage to dream big, work hard, and have fun doing what you love then we want to build a better tomorrow with you. At Lockheed Martin Aeronautics, we're taking innovation to the next level. From designing the most advanced air vehicle to designing aircraft that defies gravity, our engineers live on the cutting edge of technology. This position is in Greenville, SC Discover Greenville. Basic Qualifications: 8 years of Fighter Aircraft Avionics or other heavy depot aircraft avionics experience, must have Modification Wire Routing, testing, and Installation Experience. Desired Skills: F-16 Fighter Aircraft Experience Preferred • Aircraft modification installation experience including wire harness installation and check out procedures. • Ability to interpret installation drawings, install and route electrical cable assemblies, perform multiple termination processes and perform continuity checks in accordance with standard processes. •Ability to read and interpret engineering drawings, technical manuals, understanding symbols, flags, and general notes. •Ability to identify aircraft locations by station, butt-line, and waterline as shown on engineering documentation and technical orders. •Ability to solve practical problems and deal with a variety of concrete variables in situations where only limited standardization exists. • Willing to be trained and/or certified in special skills. Security Clearance Statement: This position requires a government security clearance, you must be a US Citizen for consideration. Clearance Level: Secret Other Important Information You Should Know Expression of Interest: By applying to this job, you are expressing interest in this position and could be considered for other career opportunities where similar skills and requirements have been identified as a match. Should this match be identified you may be contacted for this and future openings. Ability to Work Remotely: Onsite Full-time: The work associated with this position will be performed onsite at a designated Lockheed Martin facility. Work Schedules: Lockheed Martin supports a variety of alternate work schedules that provide additional flexibility to our employees. Schedules range from standard 40 hours over a five day work week while others may be condensed. These condensed schedules provide employees with additional time away from the office and are in addition to our Paid Time off benefits. Lockheed Martin is an equal opportunity employer. Qualified candidates will be considered without regard to legally protected characteristics. The application window will close in 90 days; applicants are encouraged to apply within 5 - 30 days of the requisition posting date in order to receive optimal consideration. Join us at Lockheed Martin, where your mission is ours. Our customers tackle the hardest missions. Those that demand extraordinary amounts of courage, resilience and precision. They’re dangerous. Critical. Sometimes they even provide an opportunity to change the world and save lives. Those are the missions we care about. As a leading technology innovation company, Lockheed Martin’s vast team works with partners around the world to bring proven performance to our customers’ toughest challenges. Lockheed Martin has employees based in many states throughout the U.S., and Internationally, with business locations in many nations and territories. Experience Level: Hourly/Non-Exempt Business Unit: AERONAUTICS COMPANY Relocation Available: Possible Career Area: Technicians Type: Full-Time Shift: First APPLY NOW"
The Boeing Company,Operations Center Engineering Manager,JR2026510995,"USA - Seal Beach, CA",United States of America,178000.0,onsite,Manager,us_person,none,yes,workday,,2026-06-12T21:20:37Z,https://boeing.wd1.myworkdayjobs.com/en-US/EXTERNAL_CAREERS/job/USA---Seal-Beach-CA/Operations-Center-Engineering-Manager_JR2026510995-1,"Operations Center Engineering Manager Company: The Boeing Company Boeing Commercial Airplanes (BCA), Customer Support is seeking an Operations Center Engineering Manager in Seal Beach, CA to lead a team that supports airline customers and operators on a 24x7 basis, and operates on a variable shift and rotation schedule. Position Overview: In this role you will be responsible for delivering technical in-service support, fostering a safety culture, supporting high quality deliverables, advocating on behalf of operators with internal/external stakeholders, ensuring optimal team performance, and enhancing customer satisfaction. You will lead and support a multi-skill team that analyzes airplane data and provides proactive solutions for the customer to keep their airplanes flying. This position entails supporting a team in the actual creation of the solutions by eliminating obstacles and facilitating collaboration across teams to engage a diverse pool of experts to best resolve technical and business issues. Understanding the operational impact of solutions provided by Boeing and connecting the Boeing team with the operator’s situational requirements. This position will require some domestic and international air travel to integrate with Boeing team members, customers, suppliers, and/or other organizations. In the Boeing Operations Center, our mission is to Create Lift and Earn Trust! Position Responsibilities: Manage Engineers and Technical personnel in the 24x7 Operations Center that troubleshoot Systems (Avionics, Electrical, Mechanical, and/or Propulsion) issues, provide guidance, and develop inspection and repairs for Operators and Airlines to resolve in-service issues and recover Airplane On Ground (AOG) events. Monitors high impact Emergent Issues for Operators and Customers and provides guidance to Mission Directors, Systems Team Leads, Team personnel, and to Operators. Requires experience with engineering tools and processes for Boeing commercial airplane models. Develops and executes project and process plans, implements policies and procedures and sets operational goals. Requires any combination of B737, B747, B767, B777, and/or McDonnell Douglas Heritage Airplane knowledge, and proficiency with Boeing maintenance documents: MyBoeingFleet, Fault Isolation Manual (FIM), Airplane Maintenance Manual (AMM), Illustrated Parts Data (IPD), Fleet Team Digest (FTD), Service Bulletins (SB), Service Letters (SL), Maintenance Tips (MT), System Schematics. Works with functional and business unit management to acquire resources for projects and processes, provides technical management of suppliers and leads process improvements. Interfaces directly with external Customers including airlines, Maintenance & Repair Overhaul (MRO) stations, Lessors, etc. to clarify technical requirements and issues. Develops and maintains relationships and partnerships with domestic and international Customers, stakeholders, peers, and partners. Provides oversight and approval of technical approaches, products, and processes related to in-service issues for Boeing Commercial Airplane owners/operators. Embodies the leadership expectations of How We Lead (Manages as a Coach, Career Mentor, and Engineering Business Leader). Manages, develops and motivates employees. Coaches, counsels, mentors and provides developmental opportunities and job assignments to enhance employee performance and expand capabilities. Manages the teams shift schedule to ensure the team has the appropriate coverage to support operator questions and concerns 24x7 by 365 This position consists of understanding the operational impact of solutions provided by Boeing and connecting the Boeing team with the operator’s situational requirements. Engages and empowers employees to make process improvements. Manages, develops and motivates employees by modeling Boeing Values and Behaviors. Work Authorization: This position is expected to be 100% onsite. The selected candidate will be required to work on-site at Seal Beach, CA. Ability to work, function, and lead in high paced 24x7 by 365 operational environments Ability to travel up to 15% of the time, domestically and/or internationally, to integrate with Boeing team members, customers, suppliers, and/or other organizations Candidate Assessment Notice: To be considered for this position you will be required to complete an assessment as part of the selection process. Failure to complete the assessment will remove you from consideration. Basic Qualifications (Required Skills/Experience): Bachelor of Science degree in Engineering, Engineering Technology (including Manufacturing Technology), Computer Science, Data Science, Mathematics, Physics, Chemistry 10+ years of experience in the airline/aerospace industry 5+ years of experience working in an aviation-related engineering, technical and/or maintenance positions (or equivalent) directly supporting airline or government customers 3+ years of experience working in a customer-facing role or organization Candidates must have at least one year of experience in a leadership role (team leader, temp manager, large scale cross functional project/program management, or formal manager experience) OR have completed the Boeing internal course “Exploring Leadership. Preferred Qualifications (Desired Skills/Experience): Understanding of B737, B747, B767, B777, and/or McDonnell Douglas Heritage Airplane Systems 5+ years of experience performing aircraft maintenance at an airline, delivery center, or flight test Proven ability to embrace change, lead continuous improvement, and treat safety and quality as top priorities Experience in customer support, dealing with and solving airline operator technical questions and issues Experience and success leading complex technical projects across multiple functions/disciplines Understanding of design concepts & technologies, and engineering processes Demonstrated ability in team building, coaching, and employee development to enhance team performance and engagement Proven ability to manage and empower teams in ambiguous environments Conflict of Interest: Successful candidates for this job must satisfy the Company’s Conflict of Interest (COI) assessment process. Drug Free Workplace: Boeing is a Drug Free Workplace where post offer applicants and employees are subject to testing for marijuana, cocaine, opioids, amphetamines, PCP, and alcohol when criteria is met as outlined in our policies. Union Representation: This is not a union represented position. Pay and Benefits: At Boeing, we strive to deliver a Total Rewards package that will attract, engage and retain the top talent. Elements of the Total Rewards package include competitive base pay and variable compensation opportunities. The Boeing Company also provides eligible employees with an opportunity to enroll in a variety of benefit programs, generally including health insurance, flexible spending accounts, health savings accounts, retirement savings plans, life and disability insurance programs, and a number of programs that provide for both paid and unpaid time away from work. The specific programs and options available to any given employee may vary depending on eligibility factors such as geographic location, date of hire, and the applicability of collective bargaining agreements. Pay is based upon candidate experience and qualifications, as well as market and business considerations. Summary Pay Range: $151,000 - $205,000 Language Requirements: Not Applicable Education: Bachelor's Degree or Equivalent Relocation: This position offers relocation based on candidate eligibility. Export Control Requirement: This position must meet U.S. export control compliance requirements. To meet U.S. export control compliance requirements, a “U.S. Person” as defined by 22 C.F.R. §120.62 is required. “U.S. Person” includes U.S. Citizen, U.S. National, lawful permanent resident, refugee, or asylee. Safety Sensitive: This is not a Safety Sensitive Position. Security Clearance: This position does not require a Security Clearance. Visa Sponsorship: Employer will not sponsor applicants for employment visa status. Contingent Upon Award Program This position is not contingent upon program award Shift: Shift 4 (United States of America) Stay safe from recruitment fraud! The only way to apply for a position at Boeing is via our Careers website. Learn how to protect yourself from recruitment fraud - Recruitment Fraud Warning Boeing is an Equal Opportunity Employer. Employment decisions are made without regard to race, color, religion, national origin, gender, sexual orientation, gender identity, age, physical or mental disability, genetic factors, military/veteran status or other characteristics protected by law. EEO is the law Boeing EEO Policy Request an Accommodation Applicant Privacy Boeing Participates in E – Verify E-Verify (English)
E-Verify (Spanish) Right to Work Statement Right to Work (English)
Right to Work (Spanish)"
Lockheed Martin,Software Engineer Staff,95020207664,"Aurora, Colorado",United States of America,157402.5,onsite,mid,unknown,unknown,unknown,brassring,,2026-06-07T18:45:16.031141+00:00,https://www.lockheedmartinjobs.com/job/aurora/software-engineer-staff/694/95020207664,"Job Responsibilities JOB ID: 727464BR Date posted: May. 12, 2026 Description:WHO WE ARE Lockheed Martin is a global leader in aerospace, defense, and technology solutions, dedicated to pushing the boundaries of innovation and shaping the future of the industry. With a rich legacy of excellence and a commitment to delivering advanced capabilities to our customers, we are proud to be at the forefront of cutting-edge technology and engineering. LM SPACE: WHAT WE'RE DOING Space is a critical domain, connecting our technologies, our security and our humanity. While others view space as a destination, we see it as a realm of possibilities, where we can do more — we can innovate, invest, inspire and integrate our capabilities to transform the future. And we’re reimagining how space can connect us, ensuring security and prosperity. At Lockheed Martin Space, we aim to harness the full potential of space to cultivate innovation, reduce costs, and push the boundaries of what technology can achieve. We’re creating future-ready solutions, focusing on resiliency and urgency through our 21st Century Security® vision. We’re erasing boundaries and forming partnerships across industries and around the world. We’re advancing spacecraft and the workforce to fuel the next generation. THE WORK Lockheed Martin is seeking a talented Level 4 Software Engineer with a TS/SCI w/ Poly clearance and Sec+ cert to work from our Aurora, CO location. In this Software Engineering role you will: • Plan, conduct, and coordinates software development activities. • Designs, develop, documents, tests, and debugs software that contains logical and mathematical solutions to business/mission problems or questions in computer language for solutions by means of data processing equipment. • Applies the appropriate standards, processes, procedures, and tools throughout the development life cycle. • Applies knowledge of computer hardware and software, subject matter to be programmed in business/mission applications, information processing techniques used, and information gathered from system users to develop software. • Corrects program errors, prepares operating instructions, compiles documentation of program development, and analyzes system capabilities to resolve questions of program intent, output requirements, input data acquisition, programming techniques, and controls. Ensures software standards are met. This is an MID-SENIOR CAREER (level 4) ROLE where candidates require 5+ years of professional experience and a BS degree or above. This position is in Aurora, Colorado and requires a TS/SCI with polygraph security clearance for consideration. If you think this describes you and you are looking for an opportunity to grow and challenge yourself then we would love for you to apply! WHY JOIN US Opportunity for Impact: Join a team that is at the forefront of innovation in the aerospace and defense industry and make a significant impact on the success of our organization. Professional Development: Take advantage of unparalleled opportunities for growth and advancement within Lockheed Martin, with access to world-class training and development programs. Collaborative Culture: Work alongside some of the brightest minds in the industry who share your passion for excellence and who are committed to supporting each other's success. Competitive Benefits: Lockheed Martin employees play an active role in strengthening the quality of life where we live and work by volunteering more than 850,000 hours annually. Here are some of the benefits you can enjoy: • Medical • Dental • 401k • Paid time off • Work/life balance • Career development • Mentorship opportunities • Rewards & recognition We care about our employees and offer a generous benefits package: 401K, PTO, and work/life balance and more. Basic Qualifications: • TS/SCI with Poly with polygraph security clearance for consideration • Linux experience • Security + cert (or other compliant cert) Desired Skills: • Program knowledge #LMSpaceSoftwareEng #SpaceNSS Security Clearance Statement:This position requires a government security clearance, you must be a US Citizen for consideration. Clearance Level:TS/SCI w/Poly Other Important Information You Should Know Expression of Interest:By applying to this job, you are expressing interest in this position and could be considered for other career opportunities where similar skills and requirements have been identified as a match. Should this match be identified you may be contacted for this and future openings. Ability to Work Remotely:Onsite Full-time: The work associated with this position will be performed onsite at a designated Lockheed Martin facility. Work Schedules:Lockheed Martin supports a variety of alternate work schedules that provide additional flexibility to our employees. Schedules range from standard 40 hours over a five day work week while others may be condensed. These condensed schedules provide employees with additional time away from the office and are in addition to our Paid Time off benefits. Schedule for this Position:Standard Monday to Friday 40 hour work week Pay Rate: The annual base salary range for this position in California, Massachusetts, and New York (excluding most major metropolitan areas), Colorado, Hawaii, Illinois, Maryland, Minnesota, New Jersey, Vermont, Washington or Washington DC is $113,900 - $200,905. For states not referenced above, the salary range for this position will reflect the candidate’s final work location. Please note that the salary information is a general guideline only. Lockheed Martin considers factors such as (but not limited to) scope and responsibilities of the position, candidate's work experience, education/ training, key skills as well as market and business considerations when extending an offer. Benefits offered: Medical, Dental, Vision, Life Insurance, Short-Term Disability, Long-Term Disability, 401(k) match, Flexible Spending Accounts, EAP, Education Assistance, Parental Leave, Paid time off, and Holidays. (Washington state applicants only) Non-represented full-time employees: accrue at least 10 hours per month of Paid Time Off (PTO) to be used for incidental absences and other reasons; receive at least 90 hours for holidays. Represented full time employees accrue 6.67 hours of Vacation per month; accrue up to 52 hours of sick leave annually; receive at least 96 hours for holidays. PTO, Vacation, sick leave, and holiday hours are prorated based on start date during the calendar year. This position is incentive plan eligible. Lockheed Martin is an equal opportunity employer. Qualified candidates will be considered without regard to legally protected characteristics. The application window will close in 90 days; applicants are encouraged to apply within 5 - 30 days of the requisition posting date in order to receive optimal consideration. At Lockheed Martin, we use our passion for purposeful innovation to help keep people safe and solve the world's most complex challenges. Our people are some of the greatest minds in the industry and truly make Lockheed Martin a great place to work. With our employees as our priority, we provide diverse career opportunities designed to propel, develop, and boost agility. Our flexible schedules, competitive pay, and comprehensive benefits enable our employees to live a healthy, fulfilling life at and outside of work. We place an emphasis on empowering our employees by fostering an inclusive environment built upon integrity and corporate responsibility. If this sounds like a culture you connect with, you’re invited to apply for this role. Or, if you are unsure whether your experience aligns with the requirements of this position, we encourage you to search on Lockheed Martin Jobs, and apply for roles that align with your qualifications. Experience Level:Experienced Professional Business Unit:SPACE Relocation Available:Possible Career Area:Software Engineering Type:Full-Time Shift:First APPLY NOW"
Lockheed Martin,Systems Engineer,95059835120,"Colorado Springs, Colorado",United States of America,101330.0,onsite,mid,unknown,unknown,unknown,brassring,,2026-06-07T18:45:16.100557+00:00,https://www.lockheedmartinjobs.com/job/colorado-springs/systems-engineer/694/95059835120,"Job Responsibilities JOB ID: 727625BR Date posted: May. 13, 2026 Description:WHO WE ARE Lockheed Martin is a global leader in aerospace, defense, and technology solutions, dedicated to pushing the boundaries of innovation and shaping the future of the industry. With a rich legacy of excellence and a commitment to delivering advanced capabilities to our customers, we are proud to be at the forefront of cutting-edge technology and engineering. LM SPACE: WHAT WE'RE DOING Space is a critical domain, connecting our technologies, our security and our humanity. While others view space as a destination, we see it as a realm of possibilities, where we can do more — we can innovate, invest, inspire and integrate our capabilities to transform the future. And we’re reimagining how space can connect us, ensuring security and prosperity. THE WORK Lockheed Martin is seeking a talented Level 2 Assoc. Systems Engineer with a Secret clearance to work from our Colorado Springs, CO location. As Associate Systems Engineer, you will: • Perform functional analysis, timeline analysis, detail trade studies, requirements allocation and interface definition studies to translate customer requirements into hardware and flight and ground software products and specifications. • Ensure the logical and systematic conversion of customer or product requirements into total systems solutions that acknowledge technical, schedule, and cost constraints. • In this role, you will support the software engineering lifecycle following the program Software Development Plan (SDP) to include requirements analysis, object oriented analysis & design, code & unit test, integration, and support to formal test/delivery for the NG&C and flight software products. • Adhere to Agile software development methodologies • Function as a Subsystem Engineer supporting real-time operations of the Global Positioning System satellite constellation through subsystem performance assessment, on-orbit operations support, and anomaly identification and resolution • Support test and readiness activities including exercises, rehearsals, early orbit operations, and on orbit checkout activities for new spacecraft • Provide support to the Mission Operations Manager and lead engineers for a designated spacecraft subsystem • Perform tracking, trending and analysis of on-orbit spacecraft data • Interface with United States Space Force personnel during on-orbit operations, performance assessment reviews and course of action determination briefings • Provide and review written spacecraft performance assessments • Maintain certifications to provide periodic 24x7 on-call engineering support and on-console operations in support of assigned missions • Adhere to standard engineering practices and approved GPS Mission Operations Group processes and procedures This is an EMERGING PROFESSIONAL (level 2) ROLE where candidates typically require 1+ years of professional experience and a BS degree WHY JOIN US Opportunity for Impact: Join a team that is at the forefront of innovation in the aerospace and defense industry and make a significant impact on the success of our organization. Professional Development: Take advantage of unparalleled opportunities for growth and advancement within LM, with access to world-class training and development programs. Collaborative Culture: Work alongside some of the brightest minds in the industry who share your passion for excellence and who are committed to supporting each other's success. Competitive Benefits: LM employees play an active role in strengthening the quality of life where we live and work by volunteering more than 850,000 hours annually. Benefits you can enjoy: • Medical • Dental • 401k • Paid time off • Work/life balance • Career development • Mentorship opportunities • Rewards & recognition We care about our employees and offer a generous benefits package: 401K, PTO, and work/life balance and more. Basic Qualifications: • Bachelor of Science or higher degree in one or more of the following: Electrical Engineering, Mechanical Engineering, Aeronautical Engineering, Astronautical Engineering, Physics, or similar. • 1 year of engineering experience in satellite factory or operations environments • Strong interpersonal, technical writing and oral presentation skills • Fluency with standard Microsoft Office Products • Competency with basic engineering analysis practices • Familiarity with basic programming languages and concepts (Python, C, C++) • Active DoD SECRET security clearance required for consideration Desired Skills: Prior experience with satellite operations, systems and practices • Basic understanding of systems thinking skills and behaviors • Experience with military facilities, personnel, and practices #LMSpaceSystemsEng #SpaceNSS Security Clearance Statement:This position requires a government security clearance, you must be a US Citizen for consideration. Clearance Level:Secret Other Important Information You Should Know Expression of Interest:By applying to this job, you are expressing interest in this position and could be considered for other career opportunities where similar skills and requirements have been identified as a match. Should this match be identified you may be contacted for this and future openings. Ability to Work Remotely:Onsite Full-time: The work associated with this position will be performed onsite at a designated Lockheed Martin facility. Work Schedules:Lockheed Martin supports a variety of alternate work schedules that provide additional flexibility to our employees. Schedules range from standard 40 hours over a five day work week while others may be condensed. These condensed schedules provide employees with additional time away from the office and are in addition to our Paid Time off benefits. Schedule for this Position:9x80 every other Friday off Pay Rate: The annual base salary range for this position in California, Massachusetts, and New York (excluding most major metropolitan areas), Colorado, Hawaii, Illinois, Maryland, Minnesota, New Jersey, Vermont, Washington or Washington DC is $73,400 - $129,260. For states not referenced above, the salary range for this position will reflect the candidate’s final work location. Please note that the salary information is a general guideline only. Lockheed Martin considers factors such as (but not limited to) scope and responsibilities of the position, candidate's work experience, education/ training, key skills as well as market and business considerations when extending an offer. Benefits offered: Medical, Dental, Vision, Life Insurance, Short-Term Disability, Long-Term Disability, 401(k) match, Flexible Spending Accounts, EAP, Education Assistance, Parental Leave, Paid time off, and Holidays. (Washington state applicants only) Non-represented full-time employees: accrue at least 10 hours per month of Paid Time Off (PTO) to be used for incidental absences and other reasons; receive at least 90 hours for holidays. Represented full time employees accrue 6.67 hours of Vacation per month; accrue up to 52 hours of sick leave annually; receive at least 96 hours for holidays. PTO, Vacation, sick leave, and holiday hours are prorated based on start date during the calendar year. This position is incentive plan eligible. Lockheed Martin is an equal opportunity employer. Qualified candidates will be considered without regard to legally protected characteristics. The application window will close in 90 days; applicants are encouraged to apply within 5 - 30 days of the requisition posting date in order to receive optimal consideration. At Lockheed Martin, we use our passion for purposeful innovation to help keep people safe and solve the world's most complex challenges. Our people are some of the greatest minds in the industry and truly make Lockheed Martin a great place to work. With our employees as our priority, we provide diverse career opportunities designed to propel, develop, and boost agility. Our flexible schedules, competitive pay, and comprehensive benefits enable our employees to live a healthy, fulfilling life at and outside of work. We place an emphasis on empowering our employees by fostering an inclusive environment built upon integrity and corporate responsibility. If this sounds like a culture you connect with, you’re invited to apply for this role. Or, if you are unsure whether your experience aligns with the requirements of this position, we encourage you to search on Lockheed Martin Jobs, and apply for roles that align with your qualifications. Experience Level:Experienced Professional Business Unit:SPACE Relocation Available:Possible Career Area:Systems Engineering: Other Type:Full-Time Shift:First APPLY NOW"
Lockheed Martin,"Inventory/Material Handler, F-35- Level 3",93453215184,"Edwards Air Force Base, California",United States of America,,onsite,mid,unknown,unknown,unknown,brassring,,2026-06-07T18:57:02.872284+00:00,https://www.lockheedmartinjobs.com/job/edwards-air-force-base/inventory-material-handler-f-35-level-3/694/93453215184,"Job Responsibilities JOB ID: 722902BR Date posted: Apr. 01, 2026 Description:What You Will Be Doing: This position is part of the Logistics Support Team for the F-35 Operational Test & Evaluation Center at Edwards AFB CA. Your responsibilities will include: - Perform receiving inspections on all spares and consumables entering the warehouse and take actions to correct potential discrepancies, if applicable. - Issue and pick-up parts/spares upon request and turn-in by customer. - Perform packing and crating duties, prepare/print shipping labels--ship parts as directed. - Utilize Power Tools to build shipping containers. - Maybe required to pick-up parts from a commercial shipper or airport. - Perform annual, monthly, and special inventory audits. - Operate standard warehouse equipment; forklift (4K, 6K, 10K, 15K), floor lift, hand dolly, pallet jacks, utility carts, vertical storage units, etc. - Deploy to both F-35 and non-F-35 locations to support customer operations. What’s In It For You: We are committed to supporting your work‑life balance and overall well‑being, offering flexible scheduling options. Learn more about Lockheed Martin’s comprehensive benefits package here. Do you want to be part of a company culture that empowers employees to think big, lead with a growth mindset, and make the impossible a reality? We provide the resources and give you the flexibility to enable inspiration and focus – if you have the passion and courage to dream big, work hard, and have fun doing what you love then we want to build a better tomorrow with you. Further Information About This Opportunity: MUST BE A U.S. CITIZEN - This position is located at a facility that requires special access. The selected candidate must possess an Interim clearance to start with the ability to obtain a Final Secret Clearance. Candidate must also possess a valid drivers' license. Physical Requirements: Regularly required to stand, walk, bend; occasionally required to sit. Required to work at heights. Must regularly lift and/or move up to 10 pounds, frequently lift and/or move up to 20 pounds and occasionally lift and/or move up to 50 pounds. Frequently required to reach with hands and arms. Occasionally required to bend. Regularly uses hands to grasp, handle and feel. Specific vision requirements include close vision, color vision and the ability to adjust focus. Must be able to communicate verbally with customers. The noise level in the work environment is usually loud. Capable of wearing personal protective equipment as needed while performing tasks. Occasionally exposed to extreme heat or extreme cold. Must be able to properly use, handle and dispose of hazardous materials per Government regulations and Company procedures. Able to operate Power Equipment and Tools as required. Able to work around heavy equipment or machinery. Be able to work any shift and rotation of hours. This contract offers up to $31.78/hr Basic Qualifications: - Five (5) Years Material Handling or Inventory Control Experience in a Warehouse Environment. Desired Skills: - Knowledge of various government supply warehouse procedures. - Knowledgeable of Supply, HAZMAT, Training, Quality, Foreign Object Debris (FOD), and Security programs. - Capable of rapidly assimilating and utilizing multiple versions of asset controlling software and programs. - Understanding of the Air Force Hazardous Material Management System. - Understanding level of Material Safety Data Sheets. - Possess an ability to work in a diverse/integrated work environment. - Certified to operate forklift and loading/unloading devices - Cyclic inventory processes - Knowledgeable in shipping and handling of various spare components—familiar with packing commercial/best practices on a wide array of materials. - Possess the ability to perform periodic inspections and warehouse inventories. - Experience and knowledge of Microsoft Office to include Excel, Word, Power Point and Outlook. Security Clearance Statement:This position requires a government security clearance, you must be a US Citizen for consideration. Clearance Level:Secret Other Important Information You Should Know Expression of Interest:By applying to this job, you are expressing interest in this position and could be considered for other career opportunities where similar skills and requirements have been identified as a match. Should this match be identified you may be contacted for this and future openings. Ability to Work Remotely:Onsite Full-time: The work associated with this position will be performed onsite at a designated Lockheed Martin facility. Work Schedules:Lockheed Martin supports a variety of alternate work schedules that provide additional flexibility to our employees. Schedules range from standard 40 hours over a five day work week while others may be condensed. These condensed schedules provide employees with additional time away from the office and are in addition to our Paid Time off benefits. Schedule for this Position:Non- standard 40 hour work week as assigned by leader . The base range for this position in California $15.79 - $27.11. Benefits offered: Medical, Dental, Vision, Life Insurance, Short-Term Disability, Long-Term Disability, 401(k) match, Flexible Spending Accounts, EAP, Education Assistance, Parental Leave, Paid time off, and Holidays. The wage range and benefits summary is a general guideline and is governed by the applicable collective bargaining agreement when extending an offer. Lockheed Martin is an equal opportunity employer. Qualified candidates will be considered without regard to legally protected characteristics. The application window will close in 90 days; applicants are encouraged to apply within 5 - 30 days of the requisition posting date in order to receive optimal consideration. Join us at Lockheed Martin, where your mission is ours. Our customers tackle the hardest missions. Those that demand extraordinary amounts of courage, resilience and precision. They’re dangerous. Critical. Sometimes they even provide an opportunity to change the world and save lives. Those are the missions we care about. As a leading technology innovation company, Lockheed Martin’s vast team works with partners around the world to bring proven performance to our customers’ toughest challenges. Lockheed Martin has employees based in many states throughout the U.S., and Internationally, with business locations in many nations and territories. Experience Level:Hourly/Non-Exempt Business Unit:AERONAUTICS COMPANY Relocation Available:Possible Career Area:Logistics Type:Full-Time Shift:Second APPLY NOW"
Moog Inc,Supply Chain Manufacturing Engineer,R-26-16230,"Torrance, CA",United States of America,102500.0,onsite,Mid,us_person,unknown,yes,workday,,2026-06-13T03:49:44Z,https://moog.wd5.myworkdayjobs.com/en-US/MOOG_External_Career_Site/job/Torrance-CA/Supply-Chain-Manufacturing-Engineer_R-26-16230,"Moog is a performance culture that empowers people to achieve great things. Our people enjoy solving interesting technical challenges in a culture where everyone trusts each other to do the right thing. For you, working with us can mean deeper job satisfaction, better rewards, and a great quality of life inside and outside of work. Job Title: Supply Chain Manufacturing Engineer Reporting To: Management, Procurement Work Schedule: Onsite – Torrance, CA Moog Military Aircraft Group has an immediate opening for a Supply Chain Manufacturing Engineer. Reporting to the Supplier Quality & Development Manager. This on-site position is based in Torrance, CA (Los Angeles area) and offers a 9/80 work schedule. As Moog expands the volume of components sourced through our external Supply Chain, we are strengthening our Manufacturing Engineering team to ensure suppliers can deliver high‑quality parts at customer demand rates. Our Manufacturing Engineers play a critical role throughout the product lifecycle—from early design influence and supplier selection to process development, capability analysis, and ongoing risk mitigation. This role partners closely with cross‑functional teams and suppliers to establish stable, capable, and compliant manufacturing processes as parts transition from internal production to our global supply base. As a Supply Chain Manufacturing Engineer, you will: Support the manufacturing of complex machining, gear, and motor components within the supplier network. Conduct part risk assessments and drive mitigation plans with suppliers. Review and validate manufacturing processes to ensure compliance with engineering drawings and specifications. Collaborate with internal engineering teams to understand and communicate design intent. Recommend tooling, processes, and inspection methods to improve supplier performance. Assess supplier manufacturing capabilities and provide technical support to resolve issues. Review manufacturing specifications and provide guidance to ensure proper application. Identify manufacturability concerns on new designs and drive data‑based feedback to design engineering. Recommend product or process improvements to reduce risk and defect potential. Lead and participate in DFX/DFMA activities for new products. Review and approve PPAP submissions for accuracy and completeness. Create and support PFMEA activities with suppliers. Conduct Gage R&R and MSA evaluations with Moog and supplier teams. Analyze process capability data and drive improvement where needed. Support Moog’s Zero-Defect journey using AS9145 methodologies. Travel up to 35%. To be considered for Supply Chain Manufacturing Engineer, here’s what you’ll typically bring with you: Bachelor’s degree in manufacturing, Industrial, Mechanical, or a related Engineering discipline with 3+ years of manufacturing engineering experience Strong working knowledge of turning, milling, OD/ID grinding, surface grinding, and jig grinding processes Experience machining aerospace materials including carbon steels, stainless steels, carburizing and nitriding steels, and aluminum alloys Solid understanding of heat treatment, plating, non-destructive testing (NDT), and aerospace painting processes Proficiency in 3D modeling best practices and principles. Advanced ability to interpret and create engineering drawings, including expert-level application of GD&T Hands-on experience with inspection methods, tools, and best practices to ensure conformance and quality Proven experience using root cause analysis tools (5 Whys, Fishbone, etc.) to drive corrective actions and improve yield on low-performing or non-conforming processes It would be great if you had: Experience with NX & Team Center Previous experience with creating manufacturing processes for aerospace components with gears and / or splines Knowledge of gears / splines manufacturing processes Knowledge of gears / splines inspection methods and tools Experience with CMM (Zeiss) inspection methods and reports Previous experience in the aerospace manufacturing industry and familiarity with AS9100 requirements How we care for you: Financial Rewards: great compensation package, bonus opportunities, matching 401k, and the ability to participate in Employee Stock Purchase Plan (select locations), Flexible Spending and Health Savings Accounts Work/Life Balance: Flexible paid time off, holidays and parental leave program, relocation assistance Health & Welfare: Comprehensive insurance coverage including medical, dental, vision, life, disability, Employee Assistance Plan (“EAP”) and other supplemental benefit coverages Professional Skills Development: Tuition Assistance, mentorship and coaching opportunities, leadership development, and other personal growth programs Culture: Warm, respectful, family-like environment driven by our 12 core values. Multiple Employee Resource Groups led by our employees, open and welcoming to all Torrance site offers 9/80 work schedule with every other Friday off Salary Range Transparency: Torrance, CA $80,000.00–$125,000.00 Annually Salary Range Disclaimer The base salary range represents the low and high end of the Moog salary range for this position in the given work location. Actual salaries will vary depending on factors including but not limited to location, experience, and performance. The range(s) listed is just one component of Moog's total compensation package for employees. Other rewards may include annual bonuses, employee stock purchase plan, an open paid time off policy, and many region-specific benefits. This position requires access to U.S. export-controlled information. EOE/AA Minority/Female/Sexual Orientation/Gender Identity/Disability/Veteran Moog is an Equal Opportunity Employer, and as such affirms the right of every person to participate in all aspects of employment without regard to race, religion, color, national origin, citizenship, sex, sexual orientation, gender identity, age, veteran status, disability, genetic information, or any other protected characteristic. If you are interested in applying for employment and need special assistance or an accommodation to apply for a posted position, contact our Human Resources department via phone at 844-367-5787. No unsolicited agency submittals please. Agency partners must be invited to participate in a search by our Talent Acquisition Team and have signed terms in place prior to any submittal. Absent compliance with these pre-conditions resumes submitted directly to any Moog Inc. employee or affiliate will not qualify for fee payment, and therefore become the property of Moog Inc."
Crane,Electrical Engineer III,JR101412,"Lynnwood, Washington",United States of America,135750.0,onsite,Mid,us_person,unknown,unknown,workday,,2026-06-13T03:05:47Z,https://cranecompany.wd5.myworkdayjobs.com/en-US/Careers/job/Lynnwood-Washington/Electrical-Engineer-III_JR101412,"Crane Aerospace and Electronics has an exciting opportunity for an Electrical Engineer III at our Lynnwood, WA location. About Crane: Crane Aerospace & Electronics supplies critical systems and components to the aerospace and defense markets. You’ll find Crane Aerospace & Electronics in some of the toughest environments: from engines to landing gear; from satellites to medical implants and from missiles to unmanned aerial systems (UAS). Located in the epicenter of United States aviation manufacturing, our Crane Aerospace & Electronics Lynnwood, Wash., facility delivers industry-leading aerospace & defense power, sensing and fluid solutions. Our products are rugged enough to fly 5 billion miles from Earth on NASA’s New Horizons spacecraft and innovative enough to be featured on Advanced Air Mobility demonstrators. You’ll join a group of aerospace professionals committed to engineering excellence and work in a community tucked between the idyllic Puget Sound and Cascade Mountains. Start the next chapter of your career with Crane Aerospace & Electronics! Job Summary: The Electrical Engineer III works with minimal supervision and uses originality, ingenuity and established procedures to perform engineering duties in researching, planning, designing, and developing products for use in the Aerospace or Electronics marketplace. The Engineer III works on new product designs, modernization, and upgrades, as well as performs extensive analyses to ensure cost, quality, and customer requirements. The Electrical Engineer III also uses computer assisted engineering and design software and equipment to perform daily assignments, applying principles of science and mathematics to develop economical solutions to technical problems. Essential Functions: Work effectively with all functional groups to achieve product performance and cost targets.
Build quality and manufacturability into the design. Define/understand/comply with company and regulatory guidelines to assure a safe operating environment.
Support continuous process improvement activities including Kaizen, 5S practices to ensure an organized and efficient working environment, and personal development.
Demonstrate proficiency with verbal and written English for technical reports, presentations, analyses, or other communications at the appropriate level throughout the organization.
Understand, decompose, and define product and process requirements to support product development, sustaining and R&D.
Plan, estimate, prioritize, and manage work activities to support meeting project schedules and budgets.
Utilize experience and judgment to plan and accomplish goals. Produce thorough and accurate design and development work of suitable complexity that meets all customer specifications and company requirements for schedule, cost, producibility, quality, and reliability.
Utilize proficient problem-solving processes, documentation, tools and analyses to quickly and effectively identify root cause and corrective actions to technical challenges and/or issue in support of product development and product sustaining assignments
Generate and review product development documentation including proposals, technical reports, procedures, correspondence, etc. necessary to satisfy customer and program requirements.
Self-directed and motivated while working and communicating effectively within a team environment that consists of several engineering, operations, quality, and business disciplines.
Provide support of IPT activities in collaboration with other technical, operations, quality, and business disciplines.
Produce thorough and accurate design and development work of considerable complexity that meets all customer specifications and company requirements for schedule, cost, producibility, quality, and reliability
Analyze design requirements and objectives, define optimum design criteria and approach, design system or component elements
Direct functional, acceptance, qualification, or development testing on new or modified designs
Any other task assigned by supervisor or management Eligibility Requirement: This position may require access to Controlled Data or Information. Where the position requires such access only US Persons will be considered. As a US Department of Defense contractor, we are bound by International Traffic in Arms Regulations (ITAR). Minimum Qualifications: Experience: 5 years of relevant work experience Education/Certification: BA or BS Degree in an engineering discipline. Masters or PhD preferred. Knowledge: Analog Circuit Design Digital Circuit Design Analysis and Modeling Preferred Knowledge of: Micro-Electronics Design High Power Circuit Design VHDL Design and VHDL Test Bench Design ASIC Design Hardware/Software Integration Experience Magnetics Design Experience with various switching power supply topologies Microprocessor Core Design DO-254 Development Processes Familiar with DO-160 Requirements Design for EMC and Lightning Working Conditions: Standard office environment
Working conditions are normal for a manufacturing environment
Manufacturing operations may require the use of safety equipment to include but not limited to: eye safety glasses, gowning, masks, hearing protectors, heel/wrist straps and any other required PPE
May be exposed to unusual environmental conditions such as loud noises, cold temperatures, confined spaces, dust or fumes
Requires work with small to medium size hand and power tools
Occasional travel to customer and outside test lab facilities for technical interchange meetings, design reviews, product testing support, and to attend technical seminars
May need to travel domestically and internationally (up to 10%) Standing: 10% *percentage is approximate and may vary depending on work task Sitting: 90% *percentage is approximate and may vary depending on work task Lifting (in pounds): up to 20 pounds Pushing (in pounds): up to 20 pounds Mental/Visual: use of computer, calculator, filing cabinets Workspace: cubicle/desk/lab Top Benefits: As a team member at Crane Aerospace and Electronics, you’ll enjoy: Benefits: Health care, dental, vision, life and disability insurance starting the first day of the month
Time Off: 15 days of paid time off that start accruing your first day at Crane and 12 paid holidays per year.
401k Retirement Plan: 401k plan with company match
Education Reimbursement: eligible after 6 months of employment ​ You can see a list of our benefits at https://www.craneae.com/company/careers or visit our website at www.CraneAE.com for more information on our company and great opportunities. We are committed to operational excellence and world class processes. We employ Lean manufacturing techniques to optimize manufacturing efficiency and accuracy on all product lines. Our products are known for their technical strength, proven reliability and overall value. In our efforts to maintain a safe and drug-free workplace, Crane Aerospace & Electronics requires that candidates complete a satisfactory background check. FAA sensitive positions require employees to participate in a random drug test pool. #LI-SP1 #CAE Salary range: $124,600.00 - $146,900.00. Several factors contribute to actual salary, including experience in a similar role or performing comparable job responsibilities, skills, training, and other qualifications. Some roles may be eligible for participation in performance-based bonus programs. This description has been designed to indicate the general nature and level of work being performed by employees within this classification. It is not designed to contain or be interpreted as a comprehensive inventory of all duties, responsibilities, and qualifications required of employees assigned to this job. Crane Company. is an Equal Opportunity Employer. All qualified applicants will receive consideration for employment and will not be discriminated against on the basis of race, color, religion, gender, sexual orientation, general identity, national origin, disability or veteran status."
AeroVironment,Sr Supplier Quality Engineer,6604,"Simi Valley, CA",United States of America,124119.0,onsite,Senior,us_person,unknown,unknown,workday,,2026-06-17T01:43:05Z,https://avav.wd1.myworkdayjobs.com/en-US/AVAV/job/Simi-Valley-CA/Sr-Supplier-Quality-Engineer_6604,"Worker Type Regular Job Description Summary AeroVironment is seeking a highly skilled and experienced Senior Supplier Quality Engineer to join our dynamic team. As a Senior Supplier Quality Engineer, you will play a critical role in ensuring the quality and reliability of products delivered by our suppliers. You will collaborate with cross-functional teams, build strong relationships with suppliers, and implement effective quality control measures to maintain the highest standards in our products. If you are passionate about driving continuous improvement, fostering innovation, and thrive in a fast-paced aerospace environment, we invite you to apply and be a part of our cutting-edge technology journey. Duties Lead the development and execution of a comprehensive supplier quality strategy, aligning with overall company goals and objectives.
Foster strong partnerships with key suppliers, serving as the primary point of contact for escalated quality matters and fostering collaborative problem-solving.
Conduct thorough assessments and audits of supplier capabilities, quality systems, and processes to ensure compliance with established standards and regulations.
Drive advanced root cause analysis and the development of robust corrective/preventive action plans for complex quality issues, demonstrating deep technical expertise.
Oversee the qualification process for new suppliers, evaluating their technical capabilities, manufacturing processes, and quality systems to ensure alignment with stringent quality expectations.
Establish and manage supplier quality metrics, utilizing data analysis to identify trends and opportunities for continuous improvement in supplier performance.
Collaborate closely with cross-functional teams including Engineering, Operations, and Procurement to ensure seamless alignment on quality requirements and effective resolution of technical challenges.
·Provide guidance and mentorship to team members, fostering their growth and enhancing the overall expertise of the department.
Innovate and develop advanced methodologies, tools, and approaches for optimizing supplier quality processes and driving continuous improvement.
Lead complex supplier transitions, implementing effective strategies for smooth process handovers and minimizing disruptions.
Conduct in-depth quality and process audits at suppliers' sites, overseeing approval of intricate Supplier Quality plans.
Play a pivotal role in product realization by participating in critical drawing reviews, readiness assessments, and ensuring suppliers are aligned with requirements.
Lead and manage the Production Part Approval Process (PPAP) at supplier locations, ensuring meticulous compliance and readiness for production.
Drive strategic initiatives for cost reduction, quality enhancement, and successful product introductions in collaboration with cross-functional teams.
Apply advanced quality methodologies such as SPC, Six Sigma, lean manufacturing, and provide guidance on interpreting intricate engineering specifications.
Participate in high-level Product Readiness Reviews (PRR) and coordinate final inspections, demonstrating expertise in maintaining compliance and quality.
Demonstrate exceptional communication skills, interacting professionally with internal and external stakeholders, including effective communication with senior management.
Other duties as assigned Basic Qualifications (Required Skills & Experience) Bachelor’s degree in engineering, Quality Management, or a related technical discipline.
At least 8 years of relevant experience in quality engineering, supplier quality management or supplier development in the aerospace, defense, or high-tech industries.
Strong understanding of quality management principles, supplier assessment methodologies, and quality control processes.
Experience in conducting supplier audits and effectively managing supplier corrective action processes.
Familiarity with industry standards and regulatory requirements, such as ISO 9001, AS9100, and ITAR regulations.
Exceptional analytical and problem-solving skills, with the ability to drive root cause analysis and implement effective corrective actions.
Excellent communication skills, both verbal and written, with the ability to interact with suppliers and internal stakeholders at all levels of the organization.
Ability to travel domestically and internationally as required for supplier visits and audits (up to 70%) Other Qualifications & Desired Competencies Experience in the aerospace or defense industry is preferred.
Master’s degree in engineering or quality Management is a plus.
Familiarity with the following standards and specifications - J-STD-001, IPC-A-600, IPC-A-610, IPC/WHMA-A-620.
Professional certifications such as Certified Quality Engineer (CQE) or Certified Supplier Quality Professional (CSQP) are highly desirable.
Experience with Lean Six Sigma methodologies and practices to drive continuous improvement efforts.
Demonstrated ability to manage multiple projects simultaneously and prioritize tasks effectively in a fast-paced environment.
Proven track record of successful supplier development and collaboration on engineering design changes.
Strong negotiation and conflict resolution skills to handle challenging situations with suppliers effectively. Physical Demands Ability to work in an office or warehouse environment (Constant)
Required to sit and stand for long periods; talk, hear, and use hands and fingers to operate a computer and telephone keyboard (Frequent) Special Requirements U.S. Citizenship or U.S. permanent resident (Green Card holder), per ITAR definition Clearance Level No Clearance The salary range for this role is: $102,708 - $145,530 AeroVironment considers several factors when extending an offer, including but not limited to, the location, the role and associated responsibilities, a candidate’s work experience, education/training, and key skills. ITAR Requirement: This position requires access to information that is subject to compliance with the International Traffic Arms Regulations (“ITAR”) and/or the Export Administration Regulations (“EAR”). In order to comply with the requirements of the ITAR and/or the EAR, applicants must qualify as a U.S. person under the ITAR and the EAR, or a person to be approved for an export license by the governing agency whose technology comes under its jurisdiction. Please understand that any job offer that requires approval of an export license will be conditional on AeroVironment’s determination that it will be able to obtain an export license in a time frame consistent with AeroVironment’s business requirements. A “U.S. person” according to the ITAR definition is a U.S. citizen, U.S. lawful permanent resident (green card holder), or protected individual such as a refugee or asylee. See 22 CFR § 120.15. Some positions will require current U.S. Citizenship due to contract requirements. Benefits: AV offers an excellent benefits package including medical, dental vision, 401K with company matching, a 9/80 work schedule and a paid holiday shutdown. For more information about our company benefit offerings please visit: http://www.avinc.com/myavbenefits. We also encourage you to review our company website at http://www.avinc.com to learn more about us. Principals only need apply. NO agencies please. About AV: AV isn’t for everyone. We hire the curious, the relentless, the mission-obsessed. The best of the best. We don’t just build defense technology—we redefine what’s possible. As the premier autonomous systems company in the U.S., AV delivers breakthrough capabilities across air, land, sea, space, and cyber. From AI-powered drones and loitering munitions to integrated autonomy and space resilience, our technologies shape the future of warfare and protect those who serve. Founded by legendary innovator Dr. Paul MacCready, AV has spent over 50 years pushing the boundaries of what unmanned systems can do. Our heritage includes seven platforms in the Smithsonian—but we’re not building history, we’re building what’s next. If you're ready to build technology that matters—with speed, scale, and purpose—there’s no better place to do it than AV. We are proud to be an EEO/AA Equal Opportunity Employer, including disability/veterans. AeroVironment, Inc. is an Equal Employment Opportunity (EEO) employer and welcomes all qualified applicants. Qualified applicants will receive fair and impartial consideration without regard to race, sex, color, religion, national origin, age, disability, protected veteran status, genetic data, sexual orientation, gender identity or other legally protected status. ITAR U.S. Citizenship required"
Airbus,Radiation Testingenieur (d/m/w),JR10408625,Stuttgart Area,United States of America,,onsite,Mid,unknown,unknown,unknown,workday,,2026-06-13T00:37:51Z,https://ag.wd3.myworkdayjobs.com/en-US/Airbus/job/Stuttgart-Area/Radiation-Testingenieur--d-m-w-_JR10408625-1,"Job Description: Das Team „Radiation Testing & Electrical Analysis“ ist verantwortlich für technische Themen rund um EEE Bauteile und deren Einsatz in Raumfahrtgeräten. Aktive Mitwirkung bei der Vorbereitung, Durchführung und Auswertung von Schwerionenstrahlungstests Erstellung von Testplänen basierend auf internationalen Standards und nach Projektvorgaben Aufbau von Testschaltungen und Testsystemen zur Überprüfung der Strahlungsfestigkeit Auswertung generierter Daten sowie Erstellung technischer Berichte basierend auf internationalen Standards und nach Projektvorgaben Planung, Koordination und Beauftragung kumulativer Strahlungstests (TID/TNID) an externen Testeinrichtungen Unterstützung bei der Erstellung der elektrischen Analysen Beratung und Unterstützung der Entwicklungsabteilungen bei der Bauteileauswahl sowie Evaluation neuer Technologien und Hersteller Ihre Qualifikation Erfolgreich abgeschlossenes Studium im Bereich Elektrotechnik, Physik oder ein vergleichbarer technischer Studiengang Kenntnisse im Aufbau, Verhalten und in der Spezifizierung (ESCC, MIL oder Automotive) von elektronischen Bauteilen sind wünschenswert Erfahrungen in der Messtechnik (Analog, Digital oder RF-Schaltungen) und im Schaltungsdesign Gute Kenntnisse über aktive Halbleiterbauteile Bereitschaft zu gelegentlichen Auslandsaufenthalten Selbständige und sorgfältige Arbeitsweise, Spaß an der Arbeit im Team sowie überdurchschnittliches Engagement und Begeisterungsfähigkeit Verhandlungssichere Deutsch- und Englischkenntnisse in Wort und Schrift This job requires an awareness of any potential compliance risks and a commitment to act with integrity, as the foundation for the Company’s success, reputation and sustainable growth. Company: Tesat-Spacecom GmbH & Co. KG Contract Type: Permanent Experience Level: Professional Job Family: Elec.Electron.&Electromag,Optics&Optron.   By submitting your CV or application you are consenting to Airbus using and storing information about you for monitoring purposes relating to your application or future employment. This information will only be used by Airbus.
Airbus is committed to achieving workforce diversity and creating an inclusive working environment. We welcome all applications irrespective of social and cultural background, age, gender, disability, sexual orientation or religious belief. Airbus is, and always has been, committed to equal opportunities for all. As such, we will never ask for any type of monetary exchange in the frame of a recruitment process. Any impersonation of Airbus to do so should be reported to emsom@airbus.com. At Airbus, we support you to work, connect and collaborate more easily and flexibly. Wherever possible, we foster flexible working arrangements to stimulate innovative thinking."
Lockheed Martin,Propulsion Engineer Senior,90921321312,"Camden, Arkansas",United States of America,,onsite,senior,unknown,unknown,unknown,brassring,,2026-06-07T18:39:31.652736+00:00,https://www.lockheedmartinjobs.com/job/camden/propulsion-engineer-senior/694/90921321312,"Job Responsibilities JOB ID: 715267BR Date posted: May. 26, 2026 Description: You will be the Aeronautical / Propulsion Engineer for the Solid Rocket Motor (SRM) Propulsion team in Camden, AR. Our team delivers breakthrough missile propulsion solutions, driving the design, analysis, manufacturing, and testing of solid rocket motors that power today’s most demanding aerospace missions. What You Will Be Doing As the Aeronautical / Propulsion Engineer you will be responsible for leading technical oversight of a key SRM supplier, accelerating rapid development cycles, and ensuring our motors meet performance, safety, and schedule goals. You’ll work cross functionally with missile IPTs, test engineers, and production to translate system requirements into flight ready hardware. Your responsibilities will include: • Define and refine product specifications and statements of requirements for new and existing SRMs. • Generate motor performance predictions and validate them against system level IPT models. • Develop, review, and execute comprehensive test plans, overseeing supplier level and system level testing. • Lead weekly working group meetings with motor suppliers, capturing action items and driving resolutions. • Present motor status updates at internal briefings and formal customer program reviews. • Coordinate interface development with product design, analysis groups, materials, and production operations. • Manage engineering drawings and documentation releases through PLM, ensuring configuration control. • Perform design trade studies, risk assessments, and failure mode analyses to mitigate technical risk. • Mentor junior engineers and foster a collaborative, solution focused culture. Why Join Us Do you want to be part of a company culture that empowers employees to think big, lead with a growth mindset, and make the impossible a reality? We provide the resources and give you the flexibility to enable inspiration and focus. If you have the passion and courage to dream big, work hard, and have fun doing what you love then we want to build a better tomorrow with you. You are a technically strong, fast paced problem solver who thrives in a collaborative environment where innovative ideas are turned into real world propulsion systems. Lockheed Martin offers you access to cutting edge missile technology, a respected SRM supplier network, and the chance to influence high impact programs that shape the future of aerospace. If you’re eager to lead critical engineering initiatives, work alongside world class experts, and see your work launch from the lab to the field, this is the role for you. Apply now to become a key driver of the next generation of solid rocket propulsion. We offer flexible work schedules to comprehensive benefits investing in your future and security, Learn more about Lockheed Martin’s comprehensive benefits package here. Further Information About This Opportunity: This position is in Camden, AR. MUST BE A U.S. CITIZEN - This position is located at a facility that requires special access. The selected candidate must be able to obtain a secret clearance. A company-sponsored Interim Secret is required to start. Basic Qualifications: • Bachelor's Degree in Mechanical or Aerospace Engineering (or equivalent accredited degree program) with at least 3 years of experience in the field of propulsion • Competence in manufacturing execution systems, work-instruction management, and change control documentation • Familiar with basic chemistry and physics with ability to learn and master advanced topics such as polymer chemistry, thermochemistry, rheology, thermodynamics, ballistics, etc. • Ability to read and understand technical data sheets and drawings • Familiarity with statistical process controls, design of experiments (DOE), root-cause analysis techniques • Knowledge of nondestructive evaluation methods (radiographic inspection, ultrasonic, etc.) • Knowledge of solid rocket motor testing methods and ability to critically analyze testing data • Strong communication skills (both oral and written) • Collaborative mindset for working with suppliers and contractors Desired Skills: • Master's Degree in Mechanical or Aerospace Engineering (or equivalent accredited degree program) with at least 3 years of experience in the field of propulsion • Proficient in statistical methods and applications (hypothesis testing such as ANOVA, T-test, and proportions as well as regression and trendline analysis) Security Clearance Statement: This position requires a government security clearance, you must be a US Citizen for consideration. Clearance Level: Secret Other Important Information You Should Know Expression of Interest: By applying to this job, you are expressing interest in this position and could be considered for other career opportunities where similar skills and requirements have been identified as a match. Should this match be identified you may be contacted for this and future openings. Ability to Work Remotely: Part-time Remote Telework: The employee selected for this position will work part of their work schedule remotely and part of their work schedule at a designated Lockheed Martin facility. The specific weekly schedule will be discussed during the hiring process. Work Schedules: Lockheed Martin supports a variety of alternate work schedules that provide additional flexibility to our employees. Schedules range from standard 40 hours over a five day work week while others may be condensed. These condensed schedules provide employees with additional time away from the office and are in addition to our Paid Time off benefits. Schedule for this Position: 4x10 hour day, 3 days off per week Lockheed Martin is an equal opportunity employer. Qualified candidates will be considered without regard to legally protected characteristics. The application window will close in 90 days; applicants are encouraged to apply within 5 - 30 days of the requisition posting date in order to receive optimal consideration. At Lockheed Martin, we use our passion for purposeful innovation to help keep people safe and solve the world's most complex challenges. Our people are some of the greatest minds in the industry and truly make Lockheed Martin a great place to work. With our employees as our priority, we provide diverse career opportunities designed to propel, develop, and boost agility. Our flexible schedules, competitive pay, and comprehensive benefits enable our employees to live a healthy, fulfilling life at and outside of work. We place an emphasis on empowering our employees by fostering an inclusive environment built upon integrity and corporate responsibility. If this sounds like a culture you connect with, you’re invited to apply for this role. Or, if you are unsure whether your experience aligns with the requirements of this position, we encourage you to search on Lockheed Martin Jobs, and apply for roles that align with your qualifications. Experience Level: Experienced Professional Business Unit: MISSILES AND FIRE CONTROL Relocation Available: Possible Career Area: Aeronautical Engineering Type: Full-Time Shift: First APPLY NOW"
Airbus,Backup Service Product Manager (All Genders),JR10408750,Marignane,United States of America,,onsite,Manager,unknown,unknown,unknown,workday,,2026-06-13T00:55:25Z,https://ag.wd3.myworkdayjobs.com/en-US/Airbus/job/Marignane/Backup-Service-Product-Manager--All-Genders-_JR10408750-1,"Job Description: Take off with Airbus Helicopters! Airbus Helicopters is looking for a Backup Service Product Manager to join our Hosting & Cloud Services team based in Marignane, France. Join us to shape the future of aeronautics and help protect lives during missions accomplished thanks to our helicopters. The Marignane site, the 3rd largest industrial site in France, near Marseille and Aix-en-Provence, is undergoing a deep transformation to offer a high-tech, inclusive, and environmentally friendly working environment. You will live a unique professional experience, at the heart of the manufacturing of our helicopters. To learn more about our site and our activities : Airbus Helicopters – MarignaneYou will enjoy a unique professional experience at the very heart of our helicopter manufacturing operations. To find out more about our site and activities: https://www.youtube.com/watch?v=flu57j6g-0g Your future missions : Your main mission is to ensure the service delivery of the Airbus Helicopters Group (France and Germany) backup solutions as Product Manager. You will be responsible for guaranteeing that the backup service delivers the expected level of reliability, quality, and customer satisfaction. Your main missions will be : Backup Service Product Management : Define, deploy, and supervise the Backup service strategy and configuration.
Define and update backup/restore standards.
Manage and optimize the budget for the backup/restore service (service provider contracts, license, maintenance, support, etc.).
Be the main interface with the service provider for all backup/restore service topics.
Manage the service provider's deliverables and quality.
Define and follow-up the backup/restore services Service Level Agreements (SLA).
Define and maintain the backup service catalog.
Define and follow-up the backup service dashboards (KPIs).
Define, declare, and maintain the items in the Configuration Management Database (CMDB) and ensure their accuracy. Backup Solution Daily Operation : Ensure the backup/restore service reliability and availability.
Manage capacity planning to ensure the backup service evolution.
Act as a Level 3 expert on backup software and environments to supervise and assist service providers in the resolution of complex incidents, changes, and problems.
Be the escalation manager for all backup/restore service issues.
Define, adapt, and maintain backup policies in relationship with user needs and requests.
Manage patches deployment related to backup tools.
Manage backup/restore media (tapes, disks, etc.). Project Management : Lead and manage projects for the deployment of backup services on new technical solutions.
Lead and manage backup solution obsolescence projects. New Features and Automation : Define, develop, and implement self-service solutions to improve the end-user experience.
Define, develop, and deploy automatisms to enhance the backup/restore service. Obsolescence Managementv : Identify, implement, and follow-up an obsolescence strategy for the backup/restore services in relationship with the infrastructure team. Documentation and Reporting : Manage and deliver Key Performance Indicators (KPIs).
Manage and keep up to date backup/restore documentation (in relationship with Application owners, experts, etc.) and associated processes. Continuous Improvement : Continuously optimize the backup/restore service. Crisis Management Participation : In the event of a disaster, actively contribute to the coordination and execution of the disaster response and recovery plan.
Be a force of proposition to enhance the global Airbus Helicopters group resilience and recovery capability. Your profile : Master's degree level (or equivalent) in Information Technology or a related field.
Experience with backup/restore tools (VEEAM, Networker, NetBackup, etc.).
General knowledge of IT infrastructure (network, technical infrastructure) and ITIL concepts.
General basic facilities technical skills (power and cooling technologies) and environmental controls.
Knowledge in scripting languages to develop automation.
Proficiency in creating and managing technical documentation.
Proven production environment management; strong troubleshooting skills.
Curious, open-minded, collaborative team player with strong communication skills.
Autonomous, organized, delivery/customer-oriented, technology enthusiast, and crisis facing robustness.
Experience working on projects with international teams and stakeholders.
Fluent English. 3 Reasons to join us : Our Values : Six essential values form the core of our company. Defined for employees by employees, our Airbus values shape the DNA of our business, reflecting the unique mix of qualities found in each member of our global family. Inclusion and diversity : We foster an inclusive and rewarding work environment, where everyone's diversity is valued and respected. An inclusive and diverse workforce is the engine of innovation at Airbus. It makes us unique and contributes to better problem-solving. Compensation and benefits : At Airbus, we build the future together and your success is our priority. Expect a global, competitive, and transparent compensation package (including salaries, bonuses, profit-sharing, participation, and preferred share ownership plan), designed to reward the impact and performance you bring, both individually and collectively. We invest in your complete well-being: professional development (training, mentoring, international mobility), health coverage, retirement, and a commitment to a supported work-life balance (parental support, flexibility). And for your daily life, benefits that make a difference : A dynamic CSE (Social and Economic Committee) offering many advantages (company restaurant, children's leisure center, associations and sports complex, travel allowances, etc.).
Transport facilities: Take advantage of our company shuttles or the reimbursement of your annual transport pass. Our recruitment process : 1. Apply online.
2. Analysis of your application by the recruitment department.
3. Our positions require a security clearance, complete the questionnaire that will be sent to you.
4. Conduct recruitment interviews: HR interview and technical interview with your future manager
5. Receive the job offer! Ready to take off ? Give a new dimension to your career by applying online now! #LI-JC2 This job requires an awareness of any potential compliance risks and a commitment to act with integrity, as the foundation for the Company’s success, reputation and sustainable growth. Company: Airbus Helicopters SAS Employment Type: Permanent ------- Classe Emploi (France): Classe F11 Experience Level: Entry Level Job Family: Digital   By submitting your CV or application you are consenting to Airbus using and storing information about you for monitoring purposes relating to your application or future employment. This information will only be used by Airbus.
Airbus is committed to achieving workforce diversity and creating an inclusive working environment. We welcome all applications irrespective of social and cultural background, age, gender, disability, sexual orientation or religious belief. Airbus is, and always has been, committed to equal opportunities for all. As such, we will never ask for any type of monetary exchange in the frame of a recruitment process. Any impersonation of Airbus to do so should be reported to emsom@airbus.com. At Airbus, we support you to work, connect and collaborate more easily and flexibly. Wherever possible, we foster flexible working arrangements to stimulate innovative thinking."
Booz Allen Hamilton,"Security Operations Analyst, Mid",R0241505,"Huntsville, AL",United States of America,101450.0,remote,Mid,unknown,TS/SCI + Poly,unknown,workday,,2026-06-12T22:38:33Z,https://bah.wd1.myworkdayjobs.com/en-US/BAH_Jobs/job/Huntsville-AL/Security-Operations-Analyst--Mid_R0241505,"Security Operations Analyst, Mid The Opportunity: Respond to and resolve cybersecurity incidents, and proactively prevent the reoccurrence of these incidents. Apply leading-edge principles, theories, and concepts. Contribute to the development of new principles and concepts. Work on unusually complex problems and provide highly innovative solutions. Operate with substantial latitude for unreviewed action or decision. Mentor or supervise employees and technical competencies. You Have: 5+ years of experience supporting Information Technology or Intelligence Operations Experience supporting a Computer Incident Response Team, Cyber Network Operations, or Security Operations Center (SOC) operations for a large and complex enterprise Experience with Intelligence Driven Defense, Cyber Kill Chain methodology, or MITRE ATT&CK framework Knowledge of industry-accepted standards for incident response actions and best practices for SOC operations Knowledge of security operation tools, including SIMs or DCAP analysis Knowledge of intrusion set tactics, techniques, and procedures Top Secret clearance Bachelor's degree Nice If You Have: Experience with Microsoft Sentinel Experience with Splunk TS/SCI clearance with a polygraph GIAC Continuous Monitoring (GMON) Certification GIAC Certified Incident Handler (GCIH) Certification GIAC Certified Forensic Analyst (GCFA) Certification GIAC Certified Intrusion Analyst (GCIA) Certification GIAC Network Forensic Analyst (GNFA) Certification GIAC Cloud Threat Detection (GCTD) Certification GIAC Cloud Forensics Responder (GCFR) Certification Clearance: Applicants selected will be subject to a security investigation and may need to meet eligibility requirements for access to classified information; Top Secret clearance is required. Compensation At Booz Allen, we celebrate your contributions, provide you with opportunities and choices, and support your total well-being. Our offerings include health, life, disability, financial, and retirement benefits, as well as paid leave, professional development, tuition assistance, work-life programs, and dependent care. Our recognition awards program acknowledges employees for exceptional performance and superior demonstration of our values. Full-time and part-time employees working at least 20 hours a week on a regular basis are eligible to participate in Booz Allen’s benefit programs. Individuals that do not meet the threshold are only eligible for select offerings, not inclusive of health benefits. We encourage you to learn more about our total benefits by visiting the Resource page on our Careers site and reviewing Our Employee Benefits page. Salary at Booz Allen is determined by various factors, including but not limited to location, the individual’s particular combination of education, knowledge, skills, competencies, and experience, as well as contract-specific affordability and organizational requirements. The projected compensation range for this position is $61,900.00 to $141,000.00 (annualized USD). The estimate displayed represents the typical salary range for this position and is just one component of Booz Allen’s total compensation package for employees. This posting will close within 90 days from the Posting Date. Identity Statement As part of the hiring process, we will ask you to complete an identity verification process that leverages advanced biometrics and artificial intelligence to ensure authenticity and protect against identity fraud. You are expected to be on camera during interviews and assessments. We reserve the right to take your picture to verify your identity and prevent fraud. Candidate AI Usage Policy AI is a part of our daily work at Booz Allen, and we are committed to the responsible and ethical use of AI tools. However, we want to ensure a fair candidate process based on your own skills and knowledge. As part of this commitment, the use of artificial intelligence (AI) or other tools to assist with responses during interviews (whether in-person or virtual) is prohibited unless permission is explicitly provided. Work Model
Our people-first culture prioritizes the benefits of collaboration, whether it occurs in person or virtually. To support engagement and effective communication, employees working virtually are generally expected to have their cameras on during meetings. Remote: If this position is listed as remote, there may still be occasions when you are required to work in person at a Booz Allen or customer facility. Hybrid: If this position is listed as hybrid, you will be expected to work from a Booz Allen facility frequently, in alignment with leadership expectations and the needs of the role. You may also be required to work from or visit a customer facility. Onsite: If this position is listed as onsite, work will primarily be performed at a Booz Allen office or customer facility, where employees will collaborate directly with colleagues and customers as required by the role. Commitment to Non-Discrimination All qualified applicants will receive consideration for employment without regard to disability, status as a protected veteran or any other status protected by applicable federal, state, local, or international law."
Peraton,ETO Specialist - Intermediate,167444,"VA, Fort Belvoir",United States of America,175500.0,unknown,Mid,unknown,unknown,unknown,icims,,2026-06-20T17:30:38Z,https://careers-peraton.icims.com/jobs/167444/eto-specialist---intermediate/job,"Skip to Main Content Welcome page
Returning candidate?
Log back in!
ETO Specialist - Intermediate
Job Locations
US-VA-Fort Belvoir
Requisition ID 2026-167444 Position Category Scientific, Research & Analysis Clearance Top Secret/SCI w/Poly
Responsibilities Shape the Future of National Security Operations - Join a mission-critical team operating at the intersection of advanced technology and national security. As an ETO Specialist, you will support highly specialized operations within a fast-paced, compartmented environment. This role offers a unique opportunity to contribute to some of the nation's most sensitive and consequential missions work that directly supports U.S. government and DoD objectives at the highest levels. If you thrive in dynamic, high-stakes environments and are committed to mission excellence, we want to hear from you. Key Responsibilities Support day-to-day operations within a specialized, compartmented mission environment.
Apply trained and certified operational skills to execute assigned mission tasks with precision and professionalism.
Collaborate with cross-functional teams including operators, analysts, and government leadership to ensure mission continuity and effectiveness.
Maintain strict adherence to security protocols, handling procedures, and operational guidelines.
Support process improvement efforts to enhance operational efficiency and mission responsiveness.
Communicate effectively with team leads and senior personnel to escalate issues and relay mission-relevant information in a timely manner.
Qualifications Required Qualifications Minimum of 12 years w/o a degree or 10 years with AS/AA or 8 years with BS/BA or 6 with MS/MA or 4 years with PHD
Trained, certified, and cleared for ETO operations.
Active TS/SCI clearance with adjudicated polygraph.
Eagerness to learn and grow within a specialized operational environment. Preferred Qualifications Prior experience supporting national security, intelligence community, or DoD missions in a compartmented setting.
Strong attention to detail, situational awareness, and ability to operate under pressure.
Effective written and verbal communication skills.
Demonstrated reliability, discretion, and professionalism in sensitive operational environments. Why This Role Matters
The work performed by our ETO Specialist directly supports the security and effectiveness of critical national missions. While the specifics of this role are sensitive in nature, the impact is real and significant. You will be part of a dedicated team of professionals whose contributions help protect U.S. interests at home and abroad. Work Location: Fort Belvoir Peraton Overview Peraton is a next-generation national security company that drives missions of consequence spanning the globe and extending to the farthest reaches of the galaxy. As the world’s leading mission capability integrator and transformative enterprise IT provider, we deliver trusted, highly differentiated solutions and technologies to protect our nation and allies. Peraton operates at the critical nexus between traditional and nontraditional threats across all domains: land, sea, space, air, and cyberspace. The company serves as a valued partner to essential government agencies and supports every branch of the U.S. armed forces. Each day, our employees do the can’t be done by solving the most daunting challenges facing our customers. Visit peraton.com to learn how we’re keeping people around the world safe and secure. Target Salary Range
$135,000 - $216,000. This represents the typical salary range for this position. Salary is determined by various factors, including but not limited to, the scope and responsibilities of the position, the individual’s experience, education, knowledge, skills, and competencies, as well as geographic location and business and contract considerations. Depending on the position, employees may be eligible for overtime, shift differential, and a discretionary bonus in addition to base pay.
EEO
EEO: Equal opportunity employer, including disability and protected veterans, or other characteristics protected by law.
Apply for this job online
Email this job to a friend
Share on your newsfeed
Application FAQs Software Powered by iCIMS www.icims.com"
L3Harris,Test Technician,95524699984,"Cape Canaveral, FL",United States of America,,onsite,Mid,unknown,unknown,unknown,talentbrew,,2026-06-18T15:51:16Z,https://careers.l3harris.com/en/job/cape-canaveral/test-technician/4832/95524699984,"APPLY NOW L3Harris is dedicated to recruiting and developing high-performing talent who are passionate about what they do. Our employees are unified in a shared dedication to our customers’ mission and quest for professional growth. L3Harris provides an inclusive, engaging environment designed to empower employees and promote work-life success. Fundamental to our culture is an unwavering focus on values, dedication to our communities, and commitment to excellence in everything we do. L3Harris is the Trusted Disruptor in defense tech. With customers’ mission-critical needs always in mind, our employees deliver end-to-end technology solutions connecting the space, air, land, sea and cyber domains in the interest of national security. Job Title: Test Technician Job Code: 38153 Job Location: Cape Canaveral, Florida Job Schedule: 9/80: Employees work 9 out of evry 14 days – totaling 80 hours worked – and have every other Friday off Job Description: L3Harris is seeking a Test Technician at our Cape Canaveral, FL location. This role will work among a multidisciplinary team of technicians and engineers to conduct tests, integration, final assembly and launch operation of complex systems. Launch Operations are executed from U.S. military aircraft and installations and are typically performed outside of the continental U.S. (OCONUS). At this location, Coleman Aerospace produces complex single, two, and three stage launch vehicles used to support missile defense testing. Essential Functions: Under general supervision, the selected candidate will: Participate in booster build and integration, pre-launch parachute packing and rigging, pneumatic and hydraulic system setup, system level integration & testing, data review, troubleshooting and corrective action. Train in both company processes, launch vehicle systems and related test engineering tasks. Assist in aircraft integration and launch operations. Author and/or assist Test Engineers in the development of test plans and procedures. Launch support equipment maintenance and upkeep. Qualifications: Active DoD 'Secret' Security Clearance with COMSEC. Requires High School Diploma or equivalent and a minimum of 6 years of prior relevant experience or 2 years post-Secondary/Associate’s degree with a minimum of 2 years of prior related experience. Must be able to obtain an FAA Class III (or higher) medical certificate. Must be able to meet USAF Aerospace Physiological standards, satisfactorily complete the associated training, and be willing to perform launch duties aboard USAF aircraft. Preferred Additional Skills: Comfortable working within a team environment. Satisfactorily complete safety training for handling, testing, and installation of explosive devices. Environmental testing and/or instrumentation experience is a plus. Willing and able to travel inside and outside of the continental U.S. Have experience or possess a working knowledge of electrical, mechanical, pneumatic, and hydraulic systems. Able to operate basic electronic test equipment such as oscilloscopes, multi-meters, signal generators, etc. Capable of learning the operation and maintenance of specialized support and launch equipment used for system level operations and troubleshooting. Able to complete an ESD training class and practice prevention methods. Possess basic computer skills and familiar with the Microsoft Office Suite of programs (Word, Excel, PowerPoint, and Outlook). Working knowledge of CREO a plus. Experience with solid propellant rocket motors is desirable. Excellent mechanical skills and experience reading and following complex technical drawings, procedures, and checklists is a must. Previous military or civilian experience as an FAA certified Airframe and Power Plant mechanic is highly desirable. Experience coordinating and participating in heavy lift operations and rigging involving bridge and mobile cranes. Experience packing parachutes and rigging heavy air drop loads is desired. Experience with airfield operations is a plus. L3Harris Technologies is proud to be an Equal Opportunity Employer. L3Harris is committed to treating all employees and applicants for employment with respect and dignity and maintaining a workplace that is free from unlawful discrimination. All applicants will be considered for employment without regard to race, color, religion, age, national origin, ancestry, ethnicity, gender (including pregnancy, childbirth, breastfeeding or other related medical conditions), gender identity, gender expression, sexual orientation, marital status, veteran status, disability, genetic information, citizenship status, characteristic or membership in any other group protected by federal, state or local laws. L3Harris maintains a drug-free workplace and performs pre-employment substance abuse testing and background checks, where permitted by law. Please be aware many of our positions require the ability to obtain a security clearance. Security clearances may only be granted to U.S. citizens. In addition, applicants who accept a conditional offer of employment may be subject to government security investigation(s) and must meet eligibility requirements for access to classified information. By submitting your resume for this position, you understand and agree that L3Harris Technologies may share your resume, as well as any other related personal information or documentation you provide, with its subsidiaries and affiliated companies for the purpose of considering you for other available positions. L3Harris Technologies is an E-Verify Employer. Please click here for the E-Verify Poster in English (opens in new window) or Spanish (opens in new window) . For information regarding your Right To Work, please click here for English (opens in new window) or Spanish (opens in new window) . APPLY NOW"
Lockheed Martin,Field Test Engineer Sr.,94181869088,"Pascagoula, Mississippi",United States of America,,onsite,senior,unknown,unknown,unknown,brassring,,2026-06-07T18:54:19.655349+00:00,https://www.lockheedmartinjobs.com/job/pascagoula/field-test-engineer-sr/694/94181869088,"Job Responsibilities JOB ID: 723435BR Date posted: Apr. 20, 2026 Description:WHAT WE’RE DOING At Lockheed Martin Rotary and Mission Systems, we are inspired by innovation and integrity. We believe that by applying the highest standards of business ethics and creative thinking, everything is within our reach – and yours as a Lockheed Martin employee. Lockheed Martin values your skills, training and education. Come and experience your future! THE WORK What does this role look like? Plans, implements, tests, documents, and maintains solutions for the integration and testing of Lockheed Martin products on the appropriate ship platform. With the potential of supporting different programs (i.e., Aegis, Coast Guard, LHA). A primary program will be Machinery and Control Systems (MCS) on LHA (Landing Helicopter Assault) ships, with some work with EXCOM. Work with the ship lead to meet customer milestones and requirements to reach shipboard system test solutions. Solves hardware/software interface problems, defines shipboard input/output parameters, and ensures integration of the appropriate system or subsystem throughout installation through trials and ship delivery / sail away. Work and coordinate with subsystem and/or system test key stakeholders to identify shipboard found defects. Performs analysis of test results and make daily comprehensive entries / reports which verify and validate system performance. Works with the system ship-lead to identify discrepancy and performance issues associated with changes. Conduct integration regression testing to verify/validate incorporated fixes to software, components, subsystems, and systems have been executed successfully. *US Citizenship is required. *Candidate must have a DoD Interim Secret Security Clearance prior to starting this position. WHO WE ARE Lockheed Martin is a global leader in defense, aerospace, and advanced technologies. Our mission is to solve the world’s toughest challenges by providing innovative solutions for our customers. We foster a culture of collaboration and growth, offering employees opportunities to develop new skills, advance their careers, and contribute to projects that make a global impact. WHO YOU ARE You thrive in a collaborative, multidisciplinary engineering environment and are committed to delivering best-in-class products and solutions. WHY JOIN US At Lockheed Martin, you’ll be part of a company that’s committed to empowering you with the resources, training, and opportunities needed to shape the future of defense. You’ll lead a dynamic team that plays a critical role in supporting one of the most advanced defense systems in the world. Join us and help ensure that our warfighters have the best possible tools to succeed in their missions. Basic Qualifications: • Bachelors degree from an accredited college in a related discipline, or equivalent experience/combined education, with 5 years of professional experience; or 3 years of professional experience with a related Masters degree. Considered career, or journey, level. • At least 3 yrs. experience with Aegis, Coast Guard or LHA Lockheed Martin centric network platforms. • Strong analytical and problem-solving skills • Ability to travel up to 15% • Candidate will be required on an infrequent basis to go underway on units and to frequently work on moored pier-side units. Physical ability to navigate steep stairs and ladders as well as work in confined spaces is a requirement *US Citizenship is required. *Candidate must have a DoD Interim Secret Security Clearance prior to starting this position. Desired Skills: • Military computer system Platform experience (i.e., Aegis, LCS, LHA, Coast Guard) • Strong troubleshooting skills, to isolate problem to root cause. • Shipboard troubleshooting experience • Leadership experience • Demonstrated ability to own the process and move forward with minimal direction • Self-Starter • Good communication skills, both written and verbal • Unix Security Clearance Statement:This position requires a government security clearance, you must be a US Citizen for consideration. Clearance Level:Secret Other Important Information You Should Know Expression of Interest:By applying to this job, you are expressing interest in this position and could be considered for other career opportunities where similar skills and requirements have been identified as a match. Should this match be identified you may be contacted for this and future openings. Ability to Work Remotely:Onsite Full-time: The work associated with this position will be performed onsite at a designated Lockheed Martin facility. Work Schedules:Lockheed Martin supports a variety of alternate work schedules that provide additional flexibility to our employees. Schedules range from standard 40 hours over a five day work week while others may be condensed. These condensed schedules provide employees with additional time away from the office and are in addition to our Paid Time off benefits. Schedule for this Position:Non- standard 40 hour work week as assigned by leader Lockheed Martin is an equal opportunity employer. Qualified candidates will be considered without regard to legally protected characteristics. The application window will close in 90 days; applicants are encouraged to apply within 5 - 30 days of the requisition posting date in order to receive optimal consideration. Join us at Lockheed Martin, where your mission is ours. Our customers tackle the hardest missions. Those that demand extraordinary amounts of courage, resilience and precision. They’re dangerous. Critical. Sometimes they even provide an opportunity to change the world and save lives. Those are the missions we care about. As a leading technology innovation company, Lockheed Martin’s vast team works with partners around the world to bring proven performance to our customers’ toughest challenges. Lockheed Martin has employees based in many states throughout the U.S., and Internationally, with business locations in many nations and territories. Experience Level:Experienced Professional Business Unit:RMS Relocation Available:Possible Career Area:Test Engineering Type:Full-Time Shift:First APPLY NOW"
Curtiss-Wright,"Sr. Manager, Business Development",JR12528,US-AZ-Tempe (Sensors),United States of America,,remote,Manager,unknown,Secret,unknown,workday,,2026-06-13T03:23:53Z,https://curtisswright.wd1.myworkdayjobs.com/en-US/CW_External_Career_Site/job/US-AZ-Tempe-Sensors/Sr-Manager--Business-Development_JR12528,"Sr Manager, Business Development We are looking for a Sr Manager, Business Development to join our team within the Actuation Division! You will evaluate, recommend and manage new strategic business opportunities, initiatives, partnerships and alliances within the aerospace industry. Lead multi-function proposal teams on complex, high value, pursuits. Conduct and oversee market analysis, monitor competitive activity, and identify customer needs. Provide leadership in the planning, designing, due diligence, and implementing of strategic business objectives. May define vision, strategies, and tactics. Access to our North American aerospace Tier 1 customers is important and we are targeting this position to be based in a location that provides quick access. Location: US-AZ (remote) Salary: $150,000 to $217,600 + bonus opportunity Please note that the salary range information provided is a general guideline only, reflecting a position based in NC. Criteria such as the candidate’s qualifications and relevant experience, the scope of the specific position, as well as market and business considerations will be evaluated when extending an offer. We Take Care of Our People Paid Time Off I 401K with Employer Match and Profit Sharing I Health and Wellness Benefits I Learning and Development Opportunities I Referral Program I Competitive Pay I Recognition I Employee Stock Purchase Plan I Inclusive & Supportive Culture * Your Challenge Representing the Curtiss-Wright Actuation Division, your role as a Sr Manager of business development includes: Develop and maintains customer business relationships in domestic and/or international government markets.
Identify and develop opportunities for business expansion and prepares detailed business cases and recommendations.
Develop marketing strategies and provides input into long range business plans.
Maintain level of oversight to ensure compliance with industry regulations, regulatory agencies, export laws and technology transfer as they apply to proposal development and contract negotiation.
May conduct research assessment and due diligence activities.
Structure, secure approval and execute negotiations strategies to capture contracts for new and existing products. What You Bring Have a working knowledge of aerospace programs relating to actuation, position sensing and valves including working from initial program concept through development and on through production.
Gain access to senior program leads, and influencers on these programs.
Have a working network of contacts at major Teir 1 suppliers and engine OEMs dealing in aircraft development.
Be comfortable in discussing airborne applications with senior program team members, senior officers and corporate executives
Strong experience in selling highly engineered components to Tier 1 system integrators.
Good understanding of market and technology trends affecting the aerospace industry
Be self-motivated and comfortable working in a goal-oriented environment.
Strong organizational skills, able to effectively deal with multiple meetings, tasks, and deadlines
Have strong communication skills, able to effectively communicate with customers and contacts of all backgrounds and educational levels. Well developed written and verbal communication skills.
Be able to formulate capture plans and lead capture efforts of multimillion dollar pursuits
Be practiced in researching, planning, and implementing new target market initiatives
Pursuing leads and moving them through the sales cycle,
Developing concepts, ideas, quotes and proposals for prospective clients
Attending conferences and industry events
Travel up to 50%
US Citizen required, secret security clearance is a plus Who We Are Our Values Environmental, Social and Governance With over 50 years of experience in aviation technology, Curtiss-Wright's Sensors & Controls Division is continuing the legacy of flight innovation, providing critical components on a variety of commercial, defense and industrial platforms. From solenoid valves and sensors to linear and rotary actuators, we work closely with systems integrators to deliver the most reliable products on the market. Curtiss-Wright's Sensors & Controls Division is a key partner to major commercial aerospace original equipment manufacturers, including Boeing and Airbus. The Division includes businesses that produce high performance electro-mechanical actuation, precision position sensors, fluid controls and motion control subsystems, as well as complex structural components for aerospace applications. Find out more information and view our products here: https://www.cw-sensors.com *Please note, benefits are country specific and may vary from location to location. #LI-CM1 No unsolicited agency submittals please. Agency partners must be invited to participate in a search by our Talent Acquisition Team and have signed terms in place prior to any submittal. Resumes submitted directly to any Curtiss-Wright employee or affiliate will not qualify for fee payment, and therefore become the property of Curtiss-Wright. Compliance Statement This position may require exposure to export-controlled information and subject to additional security screening. In the event information provided during the security screening reveals ineligibility to access export-controlled information, any offer of employment may be reconsidered or withdrawn. Curtiss-Wright is an equal opportunity employer. All qualified applicants will receive consideration for employment without regard to race, ethnicity, color, sexual orientation, gender identity, physical or mental disability, age, ancestry, legally protected medical condition, family care status, marital status, religion, veteran status, national origin, or any other legally protected status. If you require accommodation during the recruitment process, please contact Talent Acquisition. For US Applicants: EEO is The Law – click here for more information. If you require accommodation due to a disability at any time during the recruitment and/or assessment process, please contact Talent Acquisition and we will make all reasonable efforts to accommodate your request."
SpaceX,Development Test Technician (Mechanical),8378521002,"McGregor, TX",United States of America,,onsite,Mid,us_person,unknown,unknown,greenhouse,2026-05-26,2026-06-12T20:14:05Z,https://boards.greenhouse.io/spacex/jobs/8378521002?gh_jid=8378521002,"SpaceX was founded under the belief that a future where humanity is out exploring the stars is fundamentally more exciting than one where we are not. Today SpaceX is actively developing the technologies to make this possible, with the ultimate goal of&nbsp;enabling human life on Mars.    DEVELOPMENT TEST TECHNICIAN (MECHANICAL)  
 Development test technicians get to assemble, troubleshoot, repair, and perform regular maintenance, work on flight and development engines, and support test and build equipment and tooling. Development test technicians support the company by building and maintaining flight-worthy spacecraft engines, components, and associated test equipment, supporting engineering in suggesting and implementing process improvements, and maintaining a clean and safe work environment. These technicians support activities in the engine assembly area, as well as enjoy working outside at the rocket development facility, on our development test (R&amp;D) stands, supporting test operations first-hand. Development test technicians enjoy witnessing the rumbling of rocket engines throughout the day. We work as a highly integrated team and job responsibilities will include helping other programs to ensure the overall success of SpaceX. 
  RESPONSIBILITIES:  
 
 Prepare test articles, test stands, and systems for test operations 
 Ensure all test stand-related equipment, systems, and servicing are performed on time, safely, and in a professional manner 
 Perform post-test operations and inspections to ensure flight-worthy hardware 
 Maintain, troubleshoot, and repair equipment and instrumentation as needed 
 Fabricate, repair, and assemble hardware/equipment needed for test operations 
 Collaborate with engineers to develop and document activities 
 Ensure all components and materials are clean and inspected according to applicable standards 
 Operate and maintain hardware, high-pressure systems and pumps, and other ancillary equipment including pneumatic components 
 Obtain and maintain licenses, operator permits, or certifications as required 
 Monitor and maintain a reasonable inventory of cryogenic equipment, pneumatic equipment, fittings, hoses, and other supplies necessary to perform test operations 
 Acquire proper inventory parts and equipment needed for repair or replacement of defective components 
 Process work orders and maintenance tickets 
 Perform a variety of related duties in support of acceptance and development testing, as well as testing site-wide, as needed 
 Develop novel ways site-wide to streamline processes and increase the reliability of testing operations 
 Participate in rigging and crane operations for test equipment and test articles; including hangar bridge cranes and mobile crane lifts 
 
  BASIC QUALIFICATIONS:  
 
 High school diploma or equivalency certificate 
 3+ years of experience working with and troubleshooting complex mechanical systems, high-pressure fluid/pneumatic systems, or heavy equipment 
 3+ years of experience using power tools, hand tools, and calibrated tooling 
 
  PREFERRED SKILLS AND EXPERIENCE:  
 
 Airframe and Powerplant Mechanic (A&amp;P) license 
 Experience in airframe structural repair 
 Experience in aviation electronics and avionics 
 Society of Automotive Engineers (SAE) certification or training 
 Experience with the testing process and optimization of test processes 
 Experience with hydraulic plumbing repair/fabrication 
 Experience in ground support equipment in the aerospace industry 
 Experience in the space exploration industry, aviation, military, or other high-reliability operating environment 
 Basic computer skills, including experience using Microsoft Office and photo generation/compilation 
 Knowledge of vacuum systems 
 Knowledge of all types of bore scope inspection equipment 
 Knowledge of different fittings such as NPT, MS, AN, and Swagelok 
 A demonstrated ability to read/understand technical manuals and reports 
 Ability to read, and understand operating system schematics and drawings 
 Use of precision measuring instruments/equipment 
 Communication skills for relaying data (verbally and in writing) between other employees and customers 
 Experience with rigging, cranes, and lift operations 
 Ability to work effectively in a team environment 
 Ability to rapidly change roles/responsibilities while working in a high-paced, challenging work environment 
 Experience with analog and digital instrumentation (load cells, pressure transducers, strain gauges, RTDs, TCs, encoders, deflection gages, LVDTs, accelerometers, IMUs) 
 
  ADDITIONAL REQUIREMENTS:  
 
 Valid driver’s license 
 Flight hardware typically is built in tight quarters and physical dexterity is necessary to perform job functions 
 The ability to lift heavy objects is required in this position (up to 25lbs unassisted) 
 Must be able to work at elevated heights (up to 300 feet) with proper PPE 
 Must be able to work in extreme outdoor environments – heat, cold, rain, etc. 
 Must be able to work in an environment requiring exposure to fumes, odors, noise, and hazardous environments 
 Must be able to work in elevated PPE, including supplied air respirators and chemical-resistant self-encapsulating suits 
 Must be available to work overtime, weekends, and rotating shifts as needed based on site operational needs; flexibility required 
 Must be able to and available for travel (up to 20% of the time), including military and government installations &nbsp; &nbsp; &nbsp; &nbsp; &nbsp; &nbsp; &nbsp;  
    ITAR REQUIREMENTS:  
 
 To conform to U.S. Government export regulations, applicant must be a (i) U.S. citizen or national, (ii) U.S. lawful, permanent resident (aka green card holder), (iii) Refugee under 8 U.S.C. § 1157, or (iv) Asylee under 8 U.S.C. § 1158, or be eligible to obtain the required authorizations from the U.S. Department of State. Learn more about the ITAR  here . &nbsp; 
 
 SpaceX is an Equal Opportunity Employer; employment with SpaceX is governed on the basis of merit, competence and qualifications and will not be influenced in any manner by race, color, religion, gender, national origin/ethnicity, veteran status, disability status, age, sexual orientation, gender identity, marital status, mental or physical disability or any other legally protected status. 
 Applicants wishing to view a copy of SpaceX’s Affirmative Action Plan for veterans and individuals with disabilities, or applicants requiring reasonable accommodation to the application/interview process should reach out to&nbsp; EEOCompliance@spacex.com  .&nbsp;"
Peraton,DevSecOps Engineer (Journeyman),165597,Remote / US,United States of America,86000.0,unknown,Mid,unknown,unknown,unknown,icims,,2026-06-20T17:47:33Z,https://careers-peraton.icims.com/jobs/165597/devsecops-engineer-%28journeyman%29/job,"Skip to Main Content Welcome page
Returning candidate?
Log back in!
DevSecOps Engineer (Journeyman)
Job Locations
US
Requisition ID 2026-165597 Position Category Engineering Clearance Secret
Responsibilities Peraton is seeking a DevSecOps Engineer (Journeyman) to support the MODES III program supporting Military Community and Family Policy (MC&FP). In this role, the selected candidate will implement, maintain, and secure CI/CD pipelines, infrastructure automation, and deployment tooling to support the program application and platform delivery in AWS GovCloud, ensuring DevSecOps practices are embedded in development lifecycles. This position is remote and requires an active Secret clearance. JOB DESCRIPTION Implement, maintain, and secure CI/CD pipelines, infrastructure automation, and deployment tooling to support MODES III application and platform delivery in AWS GovCloud, ensuring DevSecOps practices are embedded in development lifecycles. Build and operate CI/CD pipelines (Jenkins, GitLab CI, CodeBuild/CodePipeline), integrating automated unit/integration tests, static/dynamic security scans (SAST/DAST), and artifact promotion gates to enforce secure, repeatable releases,. Implement Infrastructure as Code (IaC) templates (Terraform/CloudFormation) and automated environment provisioning for dev/test/pre prod/prod, enabling consistent, auditable cloud environments aligned with DoD CC SRG requirements. Containerize applications and manage orchestration support (Docker, EKS/ECS); automate application deployments, health checks, rollbacks, and canary/cutover strategies as part of release workflows. Integrate security into pipelines: automate hardening (STIG/SRG), vulnerability scanning (ACAS/NESSUS/SCAP), secrets management, and coordinate remediation workflows with CCM and security teams to support RMF/ATO artifact capture. Implement observability and telemetry: configure centralized logging, metrics, and alerting (CloudWatch, Splunk, ELK) and ensure pipeline/test results and service health feed MODES III dashboards for near real time monitoring. Support backup/DR automation and validation: implement automated snapshot, backup, and recovery orchestration for cloud resources; participate in COOP/DR exercises and validate recovery playbooks. Collaborate with developers, QA, DBAs, and cloud architects to codify deployment patterns, optimize pipelines, and reduce lead time for changes; mentor junior engineers on secure automation best practices. Familiar with: Terraform, CloudFormation, Ansible, Jenkins, GitLab CI, Tekton, CodePipeline, XLRelease, Docker, Kubernetes (EKS)/OpenShift, Helm, Trivy, SonarQube, Checkmarx, Tenable/ACAS, Splunk, CloudWatch, Prometheus, Grafana, ELK/OpenSearch, Artifactory/Quay/Nexus, Python/Bash/PowerShell Qualifications REQUIRED QUALIFICATIONS Active Secret clearance required. Experience / Education: 5 years relevant experience with BS/BA degree or 3 years with MS/MA or 1 year with Phd or 9 years w/o a degree or 7 years with AS/AA
Certifications: This role requires a demonstration of capability within the Cyberspace IT workforce. Successful applicants must satisfy Foundational Qualification standards via an approved industry certification (e.g., A+ or Network+) or documented equivalent military/educational training as defined in the DoD 8140 Qualification Matrix. PREFERRED QUALIFICATIONS Eligible for Top Secret/SCI clearance. Prior experience working in DoD or Federal government IT environments. AWS certifications (e.g., AWS Solutions Architect, AWS Security Specialty) or equivalent cloud certifications. Familiarity with NIST RMF, ATO processes, and DoD security compliance frameworks. Hands-on experience with Kubernetes, container orchestration, and microservices architectures. CompTIA Security+ Worklocation: Remote with the ability to travel to the NCR if required Peraton Overview Peraton is a next-generation national security company that drives missions of consequence spanning the globe and extending to the farthest reaches of the galaxy. As the world’s leading mission capability integrator and transformative enterprise IT provider, we deliver trusted, highly differentiated solutions and technologies to protect our nation and allies. Peraton operates at the critical nexus between traditional and nontraditional threats across all domains: land, sea, space, air, and cyberspace. The company serves as a valued partner to essential government agencies and supports every branch of the U.S. armed forces. Each day, our employees do the can’t be done by solving the most daunting challenges facing our customers. Visit peraton.com to learn how we’re keeping people around the world safe and secure. Target Salary Range
$66,000 - $106,000. This represents the typical salary range for this position. Salary is determined by various factors, including but not limited to, the scope and responsibilities of the position, the individual’s experience, education, knowledge, skills, and competencies, as well as geographic location and business and contract considerations. Depending on the position, employees may be eligible for overtime, shift differential, and a discretionary bonus in addition to base pay.
EEO
EEO: Equal opportunity employer, including disability and protected veterans, or other characteristics protected by law.
Apply for this job online
Email this job to a friend
Share on your newsfeed
Application FAQs Software Powered by iCIMS www.icims.com"
Lockheed Martin,Semiconductor Hermetic Packaging Process Engineer,95381602448,"Goleta, California",United States of America,112971.25,onsite,mid,unknown,unknown,unknown,brassring,,2026-06-07T18:41:07.976923+00:00,https://www.lockheedmartinjobs.com/job/goleta/semiconductor-hermetic-packaging-process-engineer/694/95381602448,"Job Responsibilities JOB ID: 729168BR Date posted: May. 21, 2026 Description: You will be the Semiconductor Hermetic Packaging Process Engineer for the Semiconductor Packaging Team. Our team is responsible for advancing hermetic packaging solutions for infrared sensor modules. What You Will Be Doing As the Semiconductor Hermetic Packaging Process Engineer you will be responsible for developing, qualifying, and sustaining dewar process modules that enable high‑yield production of IR sensors. Your responsibilities will include, but are not limited to: Define, develop, and transfer hermetic‑packaging processes for IR sensor modules. Own equipment lifecycle, including capital identification, qualification, validation, and preventive maintenance. Write and maintain process work instructions, operational instructions, and inspection plans. Conduct statistical process control, capability assessments, and continuous monitoring. Lead risk assessments, PFMEA, and corrective‑action investigations to ensure reliability. Why Join Us We seek a collaborative engineer who thrives on solving complex technical challenges and driving continuous improvement. This role offers the chance to shape cutting‑edge packaging technology, work with cross‑functional teams, and make a tangible impact on mission‑critical sensor performance. We are committed to supporting your work‑life balance and overall well‑being, offering flexible scheduling options. Learn more about Lockheed Martin’s comprehensive benefits package here (opens in new window) (opens in new window) . Further Information About This Opportunity This position is in Santa Barbara. Discover more about our Santa Barbara, California location. (opens in new window) (opens in new window) MUST BE A U.S. CITIZEN - This position is located at a facility that requires special access. The selected candidate must be able to obtain a Secret clearance. Basic Qualifications: Education: Bachelor’s degree in Electrical, Materials, Mechanical Engineering or Similar discipline Minimum 2 Years of Experience related to Manufacturing Engineering Disciplines (Product/Process/Operations/Quality) Experience in Mechanical Precision Alignment and/or Wire bonding Familiarity with Microsoft Office Suite of Products (Word, Excel, PowerPoint) Excellent written/oral communication, strong problem‑solving/root‑cause analysis, cross‑functional collaboration. Ability to obtain and maintain a Secret Security Clearance, which requires U.S. citizenship. Desired Skills: Experience in Laser Welding, Vacuum Processing, Painting, Machining, 3D Printing, Mechanical Design (CREO) Experience, Automated System Programming (G-Code, LabVIEW, MatLAB, Other) Experience working in clean room environment with ESD protection protocols. Green / Black Belt LSS Certification (DOE, SPC, JMP, Data Scripting) Familiarity with ERP/CDM Systems (SAP, Windchill preferred) Familiarity with Project Planning Tools (IMS, Gantt Charts, BOEs) Security Clearance Statement:This position requires a government security clearance, you must be a US Citizen for consideration. Clearance Level:Secret Other Important Information You Should Know Expression of Interest:By applying to this job, you are expressing interest in this position and could be considered for other career opportunities where similar skills and requirements have been identified as a match. Should this match be identified you may be contacted for this and future openings. Ability to Work Remotely:Onsite Full-time: The work associated with this position will be performed onsite at a designated Lockheed Martin facility. Work Schedules:Lockheed Martin supports a variety of alternate work schedules that provide additional flexibility to our employees. Schedules range from standard 40 hours over a five day work week while others may be condensed. These condensed schedules provide employees with additional time away from the office and are in addition to our Paid Time off benefits. Schedule for this Position:4x10 hour day, 3 days off per week Pay Rate: The annual base salary range for this position in California, Massachusetts, and New York (excluding most major metropolitan areas), Colorado, Hawaii, Illinois, Maryland, Minnesota, New Jersey, Vermont, Washington or Washington DC is $76,500 - $134,895. For states not referenced above, the salary range for this position will reflect the candidate’s final work location. Please note that the salary information is a general guideline only. Lockheed Martin considers factors such as (but not limited to) scope and responsibilities of the position, candidate's work experience, education/ training, key skills as well as market and business considerations when extending an offer. Benefits offered: Medical, Dental, Vision, Life Insurance, Short-Term Disability, Long-Term Disability, 401(k) match, Flexible Spending Accounts, EAP, Education Assistance, Parental Leave, Paid time off, and Holidays. (Washington state applicants only) Non-represented full-time employees: accrue at least 10 hours per month of Paid Time Off (PTO) to be used for incidental absences and other reasons; receive at least 90 hours for holidays. Represented full time employees accrue 6.67 hours of Vacation per month; accrue up to 52 hours of sick leave annually; receive at least 96 hours for holidays. PTO, Vacation, sick leave, and holiday hours are prorated based on start date during the calendar year. This position is incentive plan eligible. Pay Rate: The annual base salary range for this position in most major metropolitan areas in California, Massachusetts, and New York is $88,000 - $152,490. For states not referenced above, the salary range for this position will reflect the candidate’s final work location. Please note that the salary information is a general guideline only. Lockheed Martin considers factors such as (but not limited to) scope and responsibilities of the position, candidate's work experience, education/ training, key skills as well as market and business considerations when extending an offer. Benefits offered: Medical, Dental, Vision, Life Insurance, Short-Term Disability, Long-Term Disability, 401(k) match, Flexible Spending Accounts, EAP, Education Assistance, Parental Leave, Paid time off, and Holidays. This position is incentive plan eligible. Lockheed Martin is an equal opportunity employer. Qualified candidates will be considered without regard to legally protected characteristics. The application window will close in 90 days; applicants are encouraged to apply within 5 - 30 days of the requisition posting date in order to receive optimal consideration. At Lockheed Martin, we use our passion for purposeful innovation to help keep people safe and solve the world's most complex challenges. Our people are some of the greatest minds in the industry and truly make Lockheed Martin a great place to work. With our employees as our priority, we provide diverse career opportunities designed to propel, develop, and boost agility. Our flexible schedules, competitive pay, and comprehensive benefits enable our employees to live a healthy, fulfilling life at and outside of work. We place an emphasis on empowering our employees by fostering an inclusive environment built upon integrity and corporate responsibility. If this sounds like a culture you connect with, you’re invited to apply for this role. Or, if you are unsure whether your experience aligns with the requirements of this position, we encourage you to search on Lockheed Martin Jobs, and apply for roles that align with your qualifications. Experience Level:Experienced Professional Business Unit:MISSILES AND FIRE CONTROL Relocation Available:Possible Career Area:Manufacturing Type:Full-Time Shift:First APPLY NOW"
SpaceX,"Automation and Test Engineer, Satellites (Starlink)",8369211002,"Redmond, WA",United States of America,"$125,500.00 - $145,000.00; $145,000.00 - $175,000.00",onsite,Mid,us_person,unknown,unknown,greenhouse,2026-05-05,2026-06-12T20:14:05Z,https://boards.greenhouse.io/spacex/jobs/8369211002?gh_jid=8369211002,"SpaceX was founded under the belief that a future where humanity is out exploring the stars is fundamentally more exciting than one where we are not. Today SpaceX is actively developing the technologies to make this possible, with the ultimate goal of&nbsp;enabling human life on Mars.    AUTOMATION AND TEST ENGINEER, SATELLITES (STARLINK)  
 At SpaceX we’re leveraging our experience in building rockets and spacecraft to deploy Starlink, the world’s most advanced broadband internet system. Starlink is the world’s largest satellite constellation and is providing fast, reliable internet to millions of users worldwide. We design, build, test, and operate all parts of the system – thousands of satellites, consumer receivers that allow users to connect within minutes of unboxing, and the software that brings it all together. We’ve only begun to scratch the surface of Starlink’s potential global impact and are looking for best-in-class engineers to help maximize Starlink’s utility for communities and businesses around the globe. 
 The&nbsp;Starlink engineering teams are building highly reliable in-space mesh networks, designing secure systems to guarantee access to space, designing next-gen communication and sensing software, and more. You will be responsible for systems that enable rapid development and accurate testing of Starlink software and hardware, with continual focus on design, development and building innovative test systems, from hardware designs to software infrastructure. Our engineers are responsible for the life cycle of the products they create, including development, testing, and operational support giving you a chance to have critical ownership of the projects you’re working. 
  RESPONSIBILITIES:  
 
 Design, develop and build test platforms to best validate Starlink software. 
 Develop software that allow for test execution across multiple environments: hardware-in-the-loop (HITL, HIL) and virtualized hardware simulations. 
 Invent tools that enable more frequent and reliable software deployment, test execution, and data analysis as part of a continuous integration and release system. 
 Analyze test results and identify bugs that require in-depth investigations with engineers across the organization. 
 Work closely with developers to provide a reliable, fast, accurate and easy-to-use integrated test platform. 
 Hands-on integration and troubleshooting of Starlink hardware/software. 
 Identify areas for improvement in the test systems and create innovative solutions. 
 
  BASIC QUALIFICATIONS:  
 
 Bachelor’s degree in computer science, engineering, math, or STEM discipline and 1+ years of professional experience in test systems, software or hardware development; OR 3+ years of professional experience in test systems, software or hardware development in lieu of a degree (internship experience is applicable). 
 Development experience in C, C++, or python. 
 
  PREFERRED SKILLS AND EXPERIENCE:  
 
 Experience building, testing, or working with hardware test setups. 
 Linux and Bash proficiency and experience with networking protocols. 
 Developed and deployed software that has been used in real world applications/projects. 
 Data analysis skillset and experience with simulation software. 
 Experience with containerization technologies (i.e. Docker, Kubernetes). 
 Radio frequency (RF) system-level design, modems and diagnostic test equipment experience. 
 Strong skills in troubleshooting, debugging, performance optimization, and unit testing. 
 Experience with continuous integration and monitoring. 
 Solid fundamental knowledge of networks, electronics, RF communications, math, and physics. 
 Creative approach to problem solving, exceptional analytical skills and engineering fundamentals. 
 Excellent organizational and communication skills. 
 Ability to learn quickly and work effectively in a dynamic environment. 
 
  ADDITIONAL REQUIREMENTS:  
 
 Must be willing to work extended hours and weekends as needed 
 
  COMPENSATION AND BENEFITS: &nbsp; &nbsp;  
 Pay range: &nbsp; &nbsp; Software Engineer/Level I: $125,500.00 - $145,000.00/per year &nbsp; &nbsp; Software Engineer/Level II: $145,000.00 - $175,000.00/per year &nbsp;  &nbsp; &nbsp;&nbsp; Your actual level and base salary will be determined on a case-by-case basis and may vary based on the following considerations: job-related knowledge and skills, education, and experience. 
   Base salary is just one part of your total rewards package at SpaceX. You may also be eligible for long-term incentives, in the form of company stock, stock options, or long-term cash awards, as well as potential discretionary bonuses and the ability to purchase additional stock at a discount through an Employee Stock Purchase Plan. You will also receive access to comprehensive medical, vision, and dental coverage, access to a 401(k) retirement plan, short and long-term disability insurance, life insurance, paid parental leave, and various other discounts and perks. You may also accrue 3 weeks of paid vacation and will be eligible for 10 or more paid holidays per year. Employees in Washington State accrue paid sick time in compliance with state and federal law. Company shuttles are offered to employees for roundtrip travel from select Seattle locations to the SpaceX Redmond office Monday to Friday.      ITAR REQUIREMENTS:  
 
 To conform to U.S. Government export regulations, applicant must be a (i) U.S. citizen or national, (ii) U.S. lawful, permanent resident (aka green card holder), (iii) Refugee under 8 U.S.C. § 1157, or (iv) Asylee under 8 U.S.C. § 1158, or be eligible to obtain the required authorizations from the U.S. Department of State. Learn more about the ITAR  here . &nbsp; 
 
 SpaceX is an Equal Opportunity Employer; employment with SpaceX is governed on the basis of merit, competence and qualifications and will not be influenced in any manner by race, color, religion, gender, national origin/ethnicity, veteran status, disability status, age, sexual orientation, gender identity, marital status, mental or physical disability or any other legally protected status. 
 Applicants wishing to view a copy of SpaceX’s Affirmative Action Plan for veterans and individuals with disabilities, or applicants requiring reasonable accommodation to the application/interview process should reach out to&nbsp; EEOCompliance@spacex.com  .&nbsp;"
Anduril Industries,"Senior Quality Engineer, Applied AI",5135808007,"Costa Mesa, California, United States",United States of America,170000.0,onsite,Senior,us_person,Secret,unknown,greenhouse,2026-06-16,2026-06-17T01:29:06Z,https://boards.greenhouse.io/andurilindustries/jobs/5135808007?gh_jid=5135808007,"Anduril Industries is a defense technology company with a mission to transform U.S. and allied military capabilities with advanced technology. By bringing the expertise, technology, and business model of the 21st century’s most innovative companies to the defense industry, Anduril is changing how military systems are designed, built and sold. Anduril’s family of systems is powered by Lattice OS, an AI-powered operating system that turns thousands of data streams into a realtime, 3D command and control center. As the world enters an era of strategic competition, Anduril is committed to bringing cutting-edge autonomy, AI, computer vision, sensor fusion, and networking technology to the military in months, not years.    ABOUT THE TEAM  
 CorpTech Platform is the internal engineering force multiplier behind Anduril’s corporate systems. It drives CorpTech engineering forward through strategic investment in data platforms, software platforms, QA and release excellence, ERP engineering, and AI infrastructure.  We build the foundations that power both CorpOS, enabling Finance and Growth to operate with speed and precision, and ArsenalOS, the digital backbone of Anduril’s hardware enterprise. By unifying systems, accelerating development velocity, and embedding intelligence into every layer, CorpTech Platform transforms how the company operates end to end.  We are also driving Anduril toward becoming an autonomous enterprise. Through initiatives like the Autonomous Software Factory, we are rethinking how software is built, tested, deployed, and evolved by integrating AI directly into the engineering lifecycle.  This is not a support function. It is a strategic engine. CorpTech Platform is how Anduril scales its business systems with the same rigor, speed, and adaptability as its mission critical products.   WHAT YOU'LL DO    
 
 Act as the quality and reliability lead within a small, senior AI development pod focused on solving novel, high-impact business and engineering problems. 
 Design and implement test strategies, validation approaches, and release readiness criteria for AI-enabled software, automation, and agentic workflows. 
 Partner closely with software and AI engineers to identify failure modes early across code, prompts, models, integrations, infrastructure, and user workflows. 
 Build confidence in fast-moving solutions through automated testing, observability, instrumentation, environment design, and operational safeguards. 
 Help define practical standards for reliability, resiliency, debugging, and production operations in an AI-first development model. 
 Contribute directly in code, infrastructure, and tooling where needed to improve delivery confidence, developer feedback loops, and production stability. 
 Support launch readiness, production issue response, root cause analysis, and continuous improvement for front-facing systems delivered by the pod. 
 Evangelize strong engineering discipline in areas such as quality assurance, release engineering, infrastructure hygiene, and incident prevention without sacrificing speed. 
 
  REQUIRED QUALIFICATIONS    
 
 5+ years of experience in software engineering, site reliability engineering, quality engineering, infrastructure engineering, or a closely related role in a fast-paced environment. 
 Demonstrated experience building or operating reliable production software systems, including ownership of testing, observability, deployment confidence, and operational readiness. 
 Strong technical fluency in modern software architectures, APIs, distributed systems, CI/CD, and cloud or platform infrastructure. 
 Experience working with frontier AI tooling, AI coding assistants, LLM-enabled applications, or agentic systems, including awareness of the unique quality and reliability challenges these systems introduce. 
 Ability to move between hands-on implementation and systems-level quality strategy, with sound judgment on where rigor is required versus where speed is appropriate. 
 Strong debugging, root cause analysis, and incident response instincts, with a bias toward preventing classes of failures rather than repeatedly reacting to them. 
 Excellent written and verbal communication skills, with the ability to influence senior engineers and cross-functional stakeholders on quality and reliability trade-offs. 
 Degree in Computer Science, Information Systems, Engineering, or related technical field, or equivalent practical experience. 
 U.S. Person status is required as this position needs to access export controlled data. 
 
  PREFERRED QUALIFICATIONS    
 
 Experience supporting AI-first or AI-accelerated software development teams, including designing quality controls around non-deterministic system behavior. 
 Experience with automated testing strategies spanning unit, integration, end-to-end, performance, and reliability testing for complex software products. 
 Experience with infrastructure as code, cloud platforms, observability stacks, release engineering, and production operations. 
 Experience in hyper growth startup-like environments, with demonstrated success balancing speed, ambiguity, and engineering rigor. 
 Familiarity with enterprise systems and business process domains such as ERP, MES, WMS, CRM, finance systems, or manufacturing systems. 
 Eligible to obtain and maintain a U.S. Secret security clearance. 
 
 &nbsp;    US Salary Range   $146,000  &mdash;  $194,000 USD       The salary range for this role is an estimate based on a wide range of compensation factors, inclusive of base salary only. Actual salary offer may vary based on (but not limited to) work experience, education and/or training, critical skills, and/or business considerations. Highly competitive equity grants are included in the majority of full time offers; and are considered part of Anduril's total compensation package. Additionally, Anduril offers top-tier benefits for full-time employees, including:  &nbsp;  
 &nbsp; 
  Benefits  
  At Anduril, we invest in our people. Our comprehensive, competitive benefits package (available at little to no cost to employees) ensures you’re supported in health, recovery, and whatever comes next.&nbsp;   For more information,  Explore Our Benefits .   
 &nbsp; 
 
  Protecting Yourself from Recruitment Scams  
 Anduril is committed to maintaining the integrity of our Talent acquisition process and the security of our candidates. We've observed a rise in sophisticated phishing and fraudulent schemes where individuals impersonate Anduril representatives, luring job seekers with false interviews or job offers. These scammers often attempt to extract payment or sensitive personal information. 
 
 
 To ensure your safety and help you navigate your job search with confidence, please keep the following critical points in mind: 
 
 
  No Financial Requests:&nbsp; Anduril will never solicit payment or demand personal financial details (such as banking information, credit card numbers, or social security numbers) at any stage of our hiring process. Our legitimate recruitment is entirely free for candidates. 
 
  Please always verify communications: 
 
 Direct from Anduril: If you receive an email from one of our recruiters, it will  only  come from an  @anduril.com  address. 
 Via Agency Partner: If contacted by a recruiting agency for an Anduril role, their email will clearly identify their agency. If you suspect any suspicious activity, please verify the agency's authenticity by reaching out to  contact@anduril.com .&nbsp; 
 
 
 
  Exercise Caution with Unsolicited Outreach: &nbsp;If you receive any communication that appears suspicious, contains grammatical errors, or makes unusual requests, do not engage. Always confirm the sender's email domain is @anduril.com before providing any personal information or clicking on links. 
 
 
  What to Do If You Suspect Fraud: &nbsp;Should you encounter any questionable or fraudulent outreach claiming to be from Anduril, please report it immediately to&nbsp; contact@anduril.com . Your proactive caution is invaluable in protecting your personal information and upholding the security and trustworthiness of our recruitment efforts. 
 
 
 
 &nbsp; 
  Data Privacy  
  To view Anduril's candidate data privacy policy, please visit     https://anduril.com/applicant-privacy-notice/    .  &nbsp;  
 &nbsp; 
  By submitting your application, you consent to Anduril Industries using a third-party service provider to conduct pre-employment risk, integrity, and due diligence screening and assessing potential risks as part of your application process. This third-party service provider provides risk-intelligence services that may include analysis of sanctions and watchlists, adverse media, public-record information, and other lawful open-source or commercial data sources. This third-party service provider does not act as a consumer reporting agency. Use of this provider helps to ensure compliance with applicable laws and protect technology, intellectual property, and organizational security."
The Boeing Company,Systems Engineer (Mid-Level and Senior),JR2026510620,2 Locations,United States of America,,onsite,Senior,yes,Top Secret,yes,workday,,2026-06-12T20:46:14Z,https://boeing.wd1.myworkdayjobs.com/en-US/EXTERNAL_CAREERS/job/USA---Richardson-TX/Systems-Engineer--Mid-Level-and-Senior-_JR2026510620-1,"Systems Engineer (Mid-Level and Senior) Company: The Boeing Company Boeing Defense Space & Security is seeking a Mid-Level or Senior Systems Engineer to join us as part of our Advanced Airborne Sensor (AAS) In-Service and Project Engineering team located in Richardson, TX or Berkeley, MO. The Advanced Airborne Sensor is a multi-function radar used on the P-8 Poseidon. The team is responsible for developing and performing engineering for production, sustainment, modification and improvements of military and commercial derivative aircraft. This position will work closely with the supply chain, suppliers, program manager, contracts, estimating, engineering, and/or customers to execute the program. In this role you integrate technical requirements and schedule demands with suppliers, coordinate engineering support throughout the lifecycle of the product, manage a diverse set of projects, and lead proposal development. Primary Responsibilities Provide technical leadership and day-to-day management of suppliers, including regular engagement with supply chain to monitor and improve supplier performance. Serve as Equipment Manager for multiple sub assemblies.
Build and sustain strong partnerships with suppliers, customers, stakeholders, and cross-functional peers.
Communicate program status, key risks, issues, and opportunities to customers and leadership, and clearly articulate required support or decisions.
Develop clear, compliant supplier statements of work (SSOW) for ongoing and new requirements, and lead execution to ensure on-time, on-scope delivery.
Collaborate with customers to define technical requirements and translate them into actionable delivery plans.
Generate an effective set of metrics to communicate status of contract deliverables.
Manage program deliverables by developing risk-mitigation strategies, tracking issues and opportunities, and monitoring baseline plans to evaluate project performance and capture lessons learned.
Communicate technical issues/changes via Change Control Boards and/or Chief Engineer Council
Resolve technical problems by coordinating between engineering, operations, and suppliers to implement effective solutions.
Support proposal development efforts, including competitive cost estimating, schedule development, and delivery commitments.
Track and report progress against cost, schedule, and technical performance using Boeing Program Management Best Practices (PMBP) and Earned Value Management (EVM).
Provide additional program support as needed, such as responding to Corrective Action Requests (CARs), supporting export compliance, and leading lean/process improvement initiatives. This position is expected to be 100% onsite. The selected candidate will be required to work onsite at one of the listed location options. Security Clearance and/ or Export Control: This position requires the ability to obtain a US Security Clearance for which the US Government requires US Citizenship. An interim and/or final U.S. Secret Clearance Post-Start is required. Security Clearance and/or Special Program Access or other Government Access requirements are mandatory for this position. Certain Special Programs require that the candidate have only U.S. Citizenship or no dual citizenship. Much of the work at The Boeing Company is of a classified nature and many positions require a security clearance, the granting of which is at the discretion of Government authorities. A final security clearance is mandatory for this position prior to start. If you cannot or do not obtain the required final Security Clearance and/or Special Program Access or other Government Access requirements in a time frame established by program management, this offer may be withdrawn. Once your clearances are granted, if they are not maintained, the result may be reassignment, reclassification, or termination of employment. Basic Qualifications (Required Skills & Experience): Bachelor of Science degree in Engineering, Engineering Technology (including Manufacturing Technology), Computer Science, Data Science, Mathematics, Physics, Chemistry
3 or more years of related work experience
5 or more years of experience as a systems engineer with technical knowledge on aircraft subsystems (mechanical and/or electrical)
Experience managing supplier performance and/or requirements flow-down
Travel Up to 20% travel required Preferred Qualifications: 5 or more years’ related work experience or an equivalent combination of education and experience
Current Secret or Top Secret Clearance
Excellent written and oral communication, presentation, and interpersonal skills
Experience with customer proposals and contracting process
Experience in Earned Value Management Relocation: Relocation assistance is not a negotiable benefit for this position. Candidates must live in the immediate area or relocate at their own expense. Drug Free Workplace: Boeing is a Drug Free Workplace where post offer applicants and employees are subject to testing for marijuana, cocaine, opioids, amphetamines, PCP, and alcohol when criteria is met as outlined in our policies. Shift: This position is for 1st shift. Occasional alternative shifts as need At Boeing, we strive to deliver a Total Rewards package that will attract, engage and retain the top talent. Elements of the Total Rewards package include competitive base pay and variable compensation opportunities. The Boeing Company also provides eligible employees with an opportunity to enroll in a variety of benefit programs, generally including health insurance, flexible spending accounts, health savings accounts, retirement savings plans, life and disability insurance programs, and a number of programs that provide for both paid and unpaid time away from work. The specific programs and options available to any given employee may vary depending on eligibility factors such as geographic location, date of hire, and the applicability of collective bargaining agreements. Please note that the salary information shown below is a general guideline only. Salaries are based upon candidate experience and qualifications, as well as market and business considerations. Summary pay range for Mid-Level: $112,200 - 162,150 Summary pay range for Senior:$136,850 - 197,800 Language Requirements: Not Applicable Education: Bachelor's Degree or Equivalent Relocation: This position offers relocation based on candidate eligibility. Export Control Requirement: This position must meet U.S. export control compliance requirements. To meet U.S. export control compliance requirements, a “U.S. Person” as defined by 22 C.F.R. §120.62 is required. “U.S. Person” includes U.S. Citizen, U.S. National, lawful permanent resident, refugee, or asylee. Safety Sensitive: This is not a Safety Sensitive Position. Security Clearance: This position requires the ability to obtain a U.S. Security Clearance for which the U.S. Government requires U.S. Citizenship. An interim and/or final U.S. Secret Clearance Post-Start is required. Visa Sponsorship: Employer will not sponsor applicants for employment visa status. Contingent Upon Award Program This position is not contingent upon program award Shift: Shift 1 (United States of America) Stay safe from recruitment fraud! The only way to apply for a position at Boeing is via our Careers website. Learn how to protect yourself from recruitment fraud - Recruitment Fraud Warning Boeing is an Equal Opportunity Employer. Employment decisions are made without regard to race, color, religion, national origin, gender, sexual orientation, gender identity, age, physical or mental disability, genetic factors, military/veteran status or other characteristics protected by law. EEO is the law Boeing EEO Policy Request an Accommodation Applicant Privacy Boeing Participates in E – Verify E-Verify (English)
E-Verify (Spanish) Right to Work Statement Right to Work (English)
Right to Work (Spanish)"
Lockheed Martin,Quality Engineering Asc. Mgr.,94820987696,"John F Kennedy Space Center, Florida",United States of America,,onsite,mid,unknown,unknown,unknown,brassring,,2026-06-07T18:49:05.516379+00:00,https://www.lockheedmartinjobs.com/job/john-f-kennedy-space-center/quality-engineering-asc-mgr/694/94820987696,"Job Responsibilities JOB ID: 727038BR Date posted: May. 07, 2026 Description:The Quality Engineering Associate Manager will be responsible for the following: • Supervise, lead, and direct the Quality Engineers as they support Orion Assembly, Test, & Launch Operations (ATLO) at Kennedy Space Center (KSC) ensuring the build, assembly, and test of all hardware & software meets quality requirements. • Develop, implement and measure (Metrics) strategies that positively impact Critical Performance Characteristics • Lead KSC Quality team in tracking and reduction of Q Note non-conformance to maintain green status per LOB goals. • Provide Weekly Activity Reports to Program Management, highlighting critical activities and major occurrences • Identify Programmatic Issues, capturing them in a professional concise manner and present them at the month Orion Corrective Action Board • Lead Root Cause Analysis Events for CARs, Incidents, Qnotes, etc. • Utilize Data Analytics to identify areas of concern, driving and implementing effective RCCA • Lead AS9100 Audit preparations as well as perform as site POC • Review and approval of Drawing Problem Reports, Changes Task, Test Procedure reviews, manufacturing work instructions reviews, PO closure, and Lab users’ activities. • Responsible for ensuring the all requirements are met prior to performing Product Acceptance. • Lead & communicate constraint reviews for testing and manufacturing operations, assuring all Quality constraints are captured and communicated in a professional timely manner • Provide Quality Overside for Run for Record Testing, Nonconformance Reviews and review of Requirement Verification Reports to support DD250 Deliverables • Direct respective Quality Engineers to ensure compliance with AS9100 and other internal LM requirements • Continuously review process methods, procedures, process performance trends, etc., develop, and deploy corrective and preventive actions to improve efficiency, effectiveness, and / or reliability • Lead the assessment of program readiness to proceed into manufacturing and test operation milestones by presenting readiness status in Manufacturing Readiness Reviews & Test Readiness Reviews • Enable the quality team to fulfill the team goals through strong communications, providing flow down direction, while energizing, and providing opportunities for training, growth, rotations, as well as mentoring the team. • Perform as a quality engineering Individual Contributor > 50% of the time • Review/approve Work Instructions, Test Procedures, Drawings, etc. • Directly Support Testing Activities (console support, flag review, test run closure) • Perform Product Acceptance on Flight and Deliverable hardware • Directly support Floor Operations providing Quality Perspective and Insight to resolve issues • Ensure adequate Quality resources are scheduled an available to support multiple shifts as needed This position influences program performance and drives quality into all areas through all program phases with an independent focus on Quality and Mission Assurance. Basic Qualifications: • Bachelor degree from an accredited college, or equivalent experience/combined education. • Confirmed leadership and organizational skills • Experience with Excel, metrics, key performance indicators, Tableau, and/or other metrics and data visualization tools • Experience in aerospace/space programs or equivalent comparable experience • Demonstrated knowledge of non-conformance handling and disposition. • Possess a strong use of computer systems related to documenting and tracking work instructions and non-conformances in conjunction with office suite. • Ability to present technical data to senior leadership on a regular basis will be required. • Ability to use and develop various data analysis tools to spot and identify trends. • Strong understanding and ability to execute various Root Cause Corrective Action techniques with a demonstrated history of success. • Ability to achieve and maintain certification in technical skills as required by the role. • Ability to obtain Public Trust security clearance. • US Citizenship required. Desired Skills: • Experience with human spaceflight NASA/DCMA customers • Spacecraft experience • Previous Software and Hardware Quality experience • Ability to work in an environment with evolving requirements and dynamic schedules • Experience with spacecraft processing. • Ability to develop performance metrics and take appropriate action • Understanding of export control and ITAR requirements for working with international suppliers • Knowledge of SAP operating system, VECAMS, EPDM, P2P & Automation Framework • Experience with working in an ATLO environment • Experience with Root Cause Corrective Action analysis • Experience with Final Acceptance Process (Product Acceptance / Usage Decision) • Experience in Design/Test Readiness/Manufacturing Readiness Reviews • Knowledge of Quality Systems and Processes • Ability to interpret engineering drawings and technical specifications • Experienced with Preliminary Review (PR) and Material Review Board (MRB) • May be certified in lean, six-sigma quality engineering methodologies and root cause corrective action training/certification • ASQE certified • Experience with working in an Assembly, Test and Launch Operations (ATLO) and Production environment • Experience working with flight aerospace hardware in a clean room setting • Experience in developing & presenting end item build data to customer preferably in support of DD250 contractual requirements • Strong verbal, written communication, and strong interpersonal skills. • Demonstrated problem solving and decision making abilities • Ability to multi-task, be thorough and detail oriented, with strong job closure and analytical skills. • Candidate must also demonstrate strong ability to understand and communicate technical issues both verbally and produce detailed presentations on a regular basis. • An ability to work effectively in a team environment. Security Clearance Statement:This position requires a government security clearance, you must be a US Citizen for consideration. Clearance Level:Public Trust Other Important Information You Should Know Expression of Interest:By applying to this job, you are expressing interest in this position and could be considered for other career opportunities where similar skills and requirements have been identified as a match. Should this match be identified you may be contacted for this and future openings. Ability to Work Remotely:Onsite Full-time: The work associated with this position will be performed onsite at a designated Lockheed Martin facility. Work Schedules:Lockheed Martin supports a variety of alternate work schedules that provide additional flexibility to our employees. Schedules range from standard 40 hours over a five day work week while others may be condensed. These condensed schedules provide employees with additional time away from the office and are in addition to our Paid Time off benefits. Schedule for this Position:9x80 every other Friday off Lockheed Martin is an equal opportunity employer. Qualified candidates will be considered without regard to legally protected characteristics. The application window will close in 90 days; applicants are encouraged to apply within 5 - 30 days of the requisition posting date in order to receive optimal consideration. At Lockheed Martin, we use our passion for purposeful innovation to help keep people safe and solve the world's most complex challenges. Our people are some of the greatest minds in the industry and truly make Lockheed Martin a great place to work. With our employees as our priority, we provide diverse career opportunities designed to propel, develop, and boost agility. Our flexible schedules, competitive pay, and comprehensive benefits enable our employees to live a healthy, fulfilling life at and outside of work. We place an emphasis on empowering our employees by fostering an inclusive environment built upon integrity and corporate responsibility. If this sounds like a culture you connect with, you’re invited to apply for this role. Or, if you are unsure whether your experience aligns with the requirements of this position, we encourage you to search on Lockheed Martin Jobs, and apply for roles that align with your qualifications. Experience Level:Experienced Professional Business Unit:SPACE Relocation Available:No Career Area:QA/Test and Inspection Type:Full-Time Shift:First APPLY NOW"
Leidos,Enterprise Voice Engineer III,R-00184580,"Shiloh, IL",United States of America,103112.5,remote,Mid,unknown,Secret,unknown,workday,,2026-06-16T22:13:42Z,https://leidos.wd5.myworkdayjobs.com/en-US/External/job/Shiloh-IL/Enterprise-Voice-Engineer-III_R-00184580,"Our customer, the Defense Information Systems Agency (DISA), provides, operates, and assures command and control of the Defense Information System Network (DISN) services to its customers, the department of Defense (DoD) and national security organizations. This position directly supports the DISA-provided capabilities and services. The Leidos Digital Modernization Sector/Global Solutions Management-Operations II (GSMO-II) contract has an opening for an Enterprise Voice Engineer. The Enterprise Voice Engineer will perform sustainment, maintenance, Problem and Change management services to help ensure secure, reliable, and uninterrupted availability of DISA Voice Services. Responsible for performing and training the team on the following duties: • Perform engineering tasks to maintain a large, complex and highly resilient IP voice and video communications infrastructure.
• Manage, configure, troubleshoot and assure service supporting all aspects of a voice, video and data network. Must be organized, document oriented, possess skills in diagramming, and understand WAN principals.
• Perform system maintenance, support capacity planning activities and complete configuration change actions and documentation efforts.
• Configure and implement calling search spaces, route plans, route partitions, route lists and device profiles.
• Configure Cisco or Juniper routing and switching devices.
• Support distributed firewall infrastructure.
• Develop technical policy, work instructions and reporting in support of an enterprise IP telephony network.
• Analyze and resolve complex technical problems utilizing foundational knowledge of SIP signaling and call-flows.
• Analyze and resolve remote site registration, signaling and media problems.
• Validate change requests and ensure accuracy.
• Perform fault analysis and configuration of voice subscribers, call handlers and call routing rules.
• Perform fault analysis and configuration of Cisco and or Juniper routing and switching rules. Basic Qualifications: • Currently possess DoD 8750 certification at IAT level II, Security+ CE or equivalent to meet requirement.
• Experience with one or multiple Cisco, Avaya or Oracle voice platforms including Cisco Unified Communications Manager (CUCM), Cisco Unity, Cisco Unified Border Element (CUBE), Oracle Session Border Controller (SBC) and Avaya Aura Application Server.
• Expertise in SIP internetworking signaling and call flow.
• Demonstrable experience of advanced fault analysis to isolate and diagnose network problems for routing, switching, security and large scale voice implementations.
• Currently possess an active Secret security clearance. Preferred Qualifications: • Working knowledge of Secure Real-Time Transport Protocol (SRTP) including associated G.711 and G.729 codecs and Digital Tone Multi Frequency (DTMF).
• Experience with Cisco Unified Communications Manager and or Avaya Aura soft switches.
• Experience with Oracle SBCs and other voice media gateway appliances.
• Experience supporting distributed firewall infrastructure.
• Experience creating/supporting IPSec MPLS VPN infrastructure.
• Experience implementing and supporting BGP routing protocols.
• Experience designing, configuring and troubleshooting QoS classification, marking and prioritization of network traffic (voice, critical applications, etc.).
• Familiarity with IPSec implementation and troubleshooting. Required Experience & Education: Requires BS and 4-8 years of prior relevant experience or Masters with 2-6 years of prior relevant experience. (Or equivalent combination of education and/or experience.) GSMO If you're looking for comfort, keep scrolling. At Leidos, we outthink, outbuild, and outpace the status quo — because the mission demands it. We're not hiring followers. We're recruiting the ones who disrupt, provoke, and refuse to fail. Step 10 is ancient history. We're already at step 30 — and moving faster than anyone else dares. Original Posting:
June 2, 2026 For U.S. Positions: While subject to change based on business needs, Leidos reasonably anticipates that this job requisition will remain open for at least 3 days with an anticipated close date of no earlier than 3 days after the original posting date as listed above. Pay Range:
Pay Range $73,450.00 - $132,775.00 The Leidos pay range for this job level is a general guideline only and not a guarantee of compensation or salary. Additional factors considered in extending an offer include (but are not limited to) responsibilities of the job, education, experience, knowledge, skills, and abilities, as well as internal equity, alignment with market data, applicable bargaining agreement (if any), or other law."
Lockheed Martin,Industrial Security Representative Sr,91303898240,Multiple Locations,United States of America,103240.0,onsite,mid,unknown,unknown,unknown,brassring,,2026-06-07T18:40:19.660468+00:00,https://www.lockheedmartinjobs.com/job/bothell/industrial-security-representative-sr/694/91303898240,"Job Responsibilities JOB ID: 716587BR Date posted: May. 26, 2026 Description:We are seeking a Security Representative with strong skills in DD254s, the SODA tool, and government contracting, subcontracting, and Internal Research & Development. Position will be a member of the RMS centralized Security Classification Management team with experience in program security collateral requirements, security assessments, and NISPOM (National Industrial Security Program Operating Manual) compliance. The ideal candidate will have a strong background in auditing the requirements of 32 CFR 117. This position supports the RMS Security Assessments, Integration, and Compliance element within RMS. Classification Management team handling DD254's across all cleared CAGE Codes within the RMS Business Area. Develops, administers and audits security programs for compliance with government regulations associated with the protection of classified material and export controlled data. Develops and executes security programs associated with the protection of proprietary information in compliance with corporate policies. Performs in individual and team roles supporting all contractual security requirements for DOD collateral classified programs. Works closely with U. S. Government customers to seek contract execution approvals and seeks security rulings or deviations. Develops and conducts security education classes. Applies business-minded and risk-managed solutions to security issues and business challenges, and communicates observations and recommendations to leadership and enterprise business partners. Conducts detailed analysis and develops reports relating to Business Area security activities and trends. Provides advice, direction, and recommendations for security policy changes. Leads or participates as security representative in security and other functional projects. Performs other duties as assigned. Basic Qualifications: In-depth experience with security requirements of the 32 CFR 117 NISPOM and government contracting processes as well as subcontracting Prior experience as a Facility Security Officer (FSO) or AFSO for Possessing Facility with Certification within five years desirable In-depth working knowledge of the Subcontract Online DD254 Application (SODA) required Strong collateral Security Assessment skills (Peer Review, Self Review, Mgmt. Review) Significant experience with DCSA Security Reviews, COMSEC audits, and Physical Security audits essential for position Familiarity with Classified Cyber, COMSEC, NATO, OPSEC, collateral and subcontracting requirements required Strong knowledge/use of Security tools (SIMS, SMART, DART, NISS, DISS, etc.) required Working knowledge of Lockheed Martin Security policies and procedures Effective presentation skills essential Effective communication skills both written and oral with all levels, both internal and external customers, and all levels of government personnel Ability to collaborate and partner with employees at all levels Ability to read, understand, follow, and manage established processes required Ability to work independently in both a virtual environment and on-site is required Some travel is required to support security assessments Position requires minimum on-site work two days per week Desired Skills: Specific experience in managing complex projects. Problem solving and metrics analysis In-depth knowledge and use of Security Information Management System (SIMS) tool Advanced user in Microsoft Office Suite Minimum of one year experience with data analysis or operations experience Problem solving skills and root cause analysis Ability to research information and summarize audit data and identify trends Ability to obtain a Top Security personnel clearance LM21 Lean/Six Sigma Green Belt Training Working knowledge of the DAAPM/DAAG in support of Classified Information Systems beneficial Security Clearance Statement:This position requires a government security clearance, you must be a US Citizen for consideration. Clearance Level:Top Secret Other Important Information You Should Know Expression of Interest:By applying to this job, you are expressing interest in this position and could be considered for other career opportunities where similar skills and requirements have been identified as a match. Should this match be identified you may be contacted for this and future openings. Ability to Work Remotely:Part-time Remote Telework: The employee selected for this position will work part of their work schedule remotely and part of their work schedule at a designated Lockheed Martin facility. The specific weekly schedule will be discussed during the hiring process. Work Schedules:Lockheed Martin supports a variety of alternate work schedules that provide additional flexibility to our employees. Schedules range from standard 40 hours over a five day work week while others may be condensed. These condensed schedules provide employees with additional time away from the office and are in addition to our Paid Time off benefits. Schedule for this Position:4x10 hour day, 3 days off per week Pay Rate: The annual base salary range for this position in California, Massachusetts, and New York (excluding most major metropolitan areas), Colorado, Hawaii, Illinois, Maryland, Minnesota, New Jersey, Vermont, Washington or Washington DC is $69,900 - $123,280. For states not referenced above, the salary range for this position will reflect the candidate’s final work location. Please note that the salary information is a general guideline only. Lockheed Martin considers factors such as (but not limited to) scope and responsibilities of the position, candidate's work experience, education/ training, key skills as well as market and business considerations when extending an offer. Benefits offered: Medical, Dental, Vision, Life Insurance, Short-Term Disability, Long-Term Disability, 401(k) match, Flexible Spending Accounts, EAP, Education Assistance, Parental Leave, Paid time off, and Holidays. (Washington state applicants only) Non-represented full-time employees: accrue at least 10 hours per month of Paid Time Off (PTO) to be used for incidental absences and other reasons; receive at least 90 hours for holidays. Represented full time employees accrue 6.67 hours of Vacation per month; accrue up to 52 hours of sick leave annually; receive at least 96 hours for holidays. PTO, Vacation, sick leave, and holiday hours are prorated based on start date during the calendar year. This position is incentive plan eligible. Pay Rate: The annual base salary range for this position in most major metropolitan areas in California, Massachusetts, and New York is $80,400 - $139,380. For states not referenced above, the salary range for this position will reflect the candidate’s final work location. Please note that the salary information is a general guideline only. Lockheed Martin considers factors such as (but not limited to) scope and responsibilities of the position, candidate's work experience, education/ training, key skills as well as market and business considerations when extending an offer. Benefits offered: Medical, Dental, Vision, Life Insurance, Short-Term Disability, Long-Term Disability, 401(k) match, Flexible Spending Accounts, EAP, Education Assistance, Parental Leave, Paid time off, and Holidays. This position is incentive plan eligible. Lockheed Martin is an equal opportunity employer. Qualified candidates will be considered without regard to legally protected characteristics. The application window will close in 90 days; applicants are encouraged to apply within 5 - 30 days of the requisition posting date in order to receive optimal consideration. At Lockheed Martin, we use our passion for purposeful innovation to help keep people safe and solve the world's most complex challenges. Our people are some of the greatest minds in the industry and truly make Lockheed Martin a great place to work. With our employees as our priority, we provide diverse career opportunities designed to propel, develop, and boost agility. Our flexible schedules, competitive pay, and comprehensive benefits enable our employees to live a healthy, fulfilling life at and outside of work. We place an emphasis on empowering our employees by fostering an inclusive environment built upon integrity and corporate responsibility. If this sounds like a culture you connect with, you’re invited to apply for this role. Or, if you are unsure whether your experience aligns with the requirements of this position, we encourage you to search on Lockheed Martin Jobs, and apply for roles that align with your qualifications. Experience Level:Experienced Professional Business Unit:RMS Relocation Available:No Career Area:Security Type:Full-Time Shift:First APPLY NOW"
Relativity Space,"Structures Technician I, Second Shift",8477639002,"Long Beach, California",United States of America,,hybrid,Mid,unknown,unknown,unknown,greenhouse,2026-04-30,2026-06-20T18:10:51Z,https://boards.greenhouse.io/relativity/jobs/8477639002?gh_jid=8477639002,"At Relativity Space, we’re building rockets to serve today’s needs and tomorrow’s breakthroughs. Our&nbsp;Terran R vehicle will deliver customer payloads to orbit, meeting the growing demand for launch&nbsp;capacity. But that’s just the start. Achieving commercial success with Terran R will unlock new&nbsp;opportunities to advance science, exploration, and innovation, pioneering progress that reaches beyond&nbsp;the known.  
  Joining Relativity means becoming part of something where autonomy, ownership, and impact exist at every level. Here, you're not just executing tasks; you're solving problems that haven’t been solved before, helping develop a rocket, a factory, and a business from the ground up. Whether you’re in propulsion, manufacturing, software, avionics, or a corporate function, you’ll collaborate across teams, shape decisions, and see your work come to life in record time. Relativity is a place where creativity and   technical rigor go hand in hand, and your voice will help define the stories we’re writing together. Now&nbsp;is a unique moment in time where it’s early enough to leave your mark on the product, the process, and&nbsp;the culture, but far enough along that Terran R is tangible and picking up momentum. The most&nbsp;meaningful work of your career is waiting. Join us.       About the Team:&nbsp;    
   The Manufacturing team owns all process development, fabrication strategy, and production equipment for Terran R, our next generation, reusable rocket. This team has a wide variety of responsibilities – from factory floor layout, to developing complex tooling for novel processes, and interfacing with our vehicle engineering team to heavily influence design of the rocket. We&nbsp;leverage&nbsp;our deep&nbsp;expertise&nbsp;to translate engineering requirements into highly optimized production lines, working cross functionally to consistently enhance the vehicle program.    
  This is a 2nd shift position with a standard schedule of 3:00 PM – 1:30 AM PT, Monday through Friday. The role includes a 10% shift differential added to the base pay. Please note that this position is structured around a baseline expectation of a 50-hour workweek, which may include occasional overtime as needed to meet operational goals.  
    About the Role:    
 
   Responsible&nbsp;for&nbsp;drilling holes on flight hardware&nbsp;using&nbsp;appropriate tooling/jigs; working from holes with wider tolerance bands to tighter tolerance bands    
  Responsible for assembling hardware using structural adhesives, properly torquing fasteners, or installing inserts   
  Perform in process inspections using hand tools such as micrometers, calipers, and pin gauges   
  Perform blending or deburr operations using appropriate hand or power tools   
  Uphold high Relativity Space standards regarding safety and shop cleanliness   
  Foster and inclusive environment for all members of the team &nbsp;   
 
    About You:    
 
   1+ years of general fabrication or assembly experience or&nbsp;trade school degree    
  Proficient in the use of common hand tools and inspection tools   
  Proficient in the use of Microsoft Office or other team communication tools such as Slack (or equivalent) &nbsp;   
 
    Nice to haves but not required:&nbsp;   &nbsp;   
 
   A&amp;P certified    
  Experience in precision drilling   
  Previous aerospace experience   
  Experience with reading drawing or blueprints &nbsp;   
 
   Benefits:   
 
  100% health care coverage on your first day  
  Quarterly wellness stipend to use on health and wellness  
  Partnership with Modern Health with access to 8 therapy &amp; coaching sessions and mental health resources  
  Discounts on gym memberships, travel and entertainment through PerkSpot  
  Unlimited onsite snacks  
  Daily lunch stipend  
  Annual learning and development stipend  
  PPE Stipend  
  Pet Insurance through Fetch  
  Company Paid Life Insurance, Short Term Disability, and Long Term Disability  
  Up to 12 weeks salary continuation for paid pregnancy disability leave  
  8 Weeks company paid parental leave  
  Access to One Medical  
 
 &nbsp;      At Relativity Space, we are committed to transparency and fairness in our compensation practices. Actual compensation will be determined based on experience, qualifications, and other job-related factors.    Compensation is only one part of our total rewards package. Relativity Space offers competitive salary and equity, a generous PTO and sick leave policy, parental leave, an annual learning and development stipend, and more!&nbsp;To see some of the benefits &amp; perks we offer, please visit  here.     Hiring Range:   $22.80  &mdash;  $31.35 USD        We are an equal opportunity employer and value diversity at our company. We do not discriminate on the basis of race, religion, color, national origin, gender, sexual orientation, age, marital status, veteran status, or disability status.   
    If you need a reasonable accommodation, please contact us at  accommodations@relativityspace.com .    
 &nbsp;"
Peraton,Applications Manager,164761,"VA, Herndon",United States of America,190000.0,unknown,Manager,unknown,unknown,unknown,icims,,2026-06-20T17:54:19Z,https://careers-peraton.icims.com/jobs/164761/applications-manager/job,"Skip to Main Content Welcome page
Returning candidate?
Log back in!
Applications Manager
Job Locations
US-VA-Herndon
Requisition ID 2026-164761 Position Category Project Management Clearance Top Secret/SCI
Responsibilities We are seeking a highly skilled and innovative Applications Manager to join our team in the greater DMV area, supporting the Army National Guard. Key Responsibilities Direct planning, execution, and oversight of enterprise application services.
Manage task scope, schedules, priorities, deliverables, and resource allocation.
Assign work, balance workloads, and ensure service performance meets program commitments.
Establish task‑level governance, performance metrics (SLAs/KPIs), and reporting mechanisms.
Coordinate with program leadership, architects, development teams, vendors, and stakeholders.
Oversee application lifecycle: sustainment, enhancements, integrations, deployments, and transition activities.
Identify, assess, and mitigate technical, operational, and resource risks to delivery.
Produce status reports, recommendations, decision support briefings, and action trackers for program management.
Ensure compliance with security, configuration management, and change control processes. #ENOCS Qualifications Required Qualifications Minimum of 16 years with BS/BA; Minimum of 14 years with MS/MA; Minimum of 10 years with Ph.D.
Clearance: TS/SCI (active)
Education / Training / Certification: Candidate must meet ONE of the following:
Bachelor’s degree in Computer Science, Cybersecurity, Data Science, Information Systems, Information Technology, or Software Engineering; OR
Relevant DoD/Military training (e.g., Cyber 101; IT Project Manager (Advanced) Playlist); OR
Relevant certification (see list below).
Demonstrated experience: Minimum 8–12 years managing enterprise application services, program-level application delivery, or similar roles.
Proven skills in application lifecycle management, vendor coordination, resource allocation, governance, metrics-driven reporting, and stakeholder engagement.
Strong written/briefing skills for senior leadership. Acceptable Certifications (one or more preferred) RCCE Level 1, CCISO, CCSP, CISA, CISM, CISSP, CISSP-ISSEP, CISSP-ISSMP, DAWIA PM Advanced, FITSP-A, FITSP-M, GFACT, GSLC Desired / Preferred Prior DoD/DoD enterprise or mission IT program experience
Experience with enterprise architectures, cloud migrations (AWS/Azure), CI/CD, microservices, and integration platforms
Prior program management experience in classified environments
Familiarity with Agile/DevSecOps practices and ITIL/process frameworks #ENOCS Peraton Overview Peraton is a next-generation national security company that drives missions of consequence spanning the globe and extending to the farthest reaches of the galaxy. As the world’s leading mission capability integrator and transformative enterprise IT provider, we deliver trusted, highly differentiated solutions and technologies to protect our nation and allies. Peraton operates at the critical nexus between traditional and nontraditional threats across all domains: land, sea, space, air, and cyberspace. The company serves as a valued partner to essential government agencies and supports every branch of the U.S. armed forces. Each day, our employees do the can’t be done by solving the most daunting challenges facing our customers. Visit peraton.com to learn how we’re keeping people around the world safe and secure. Target Salary Range
$146,000 - $234,000. This represents the typical salary range for this position. Salary is determined by various factors, including but not limited to, the scope and responsibilities of the position, the individual’s experience, education, knowledge, skills, and competencies, as well as geographic location and business and contract considerations. Depending on the position, employees may be eligible for overtime, shift differential, and a discretionary bonus in addition to base pay.
EEO
EEO: Equal opportunity employer, including disability and protected veterans, or other characteristics protected by law.
Apply for this job online
Email this job to a friend
Share on your newsfeed
Application FAQs Software Powered by iCIMS www.icims.com"
Booz Allen Hamilton,Cybersecurity Test Engineer,R0240716,"Rome, NY",United States of America,90600.0,remote,Mid,unknown,Secret,unknown,workday,,2026-06-12T23:07:35Z,https://bah.wd1.myworkdayjobs.com/en-US/BAH_Jobs/job/Rome-NY/Cybersecurity-Test-Engineer_R0240716,"Cybersecurity Test Engineer The Opportunity: Collaborate with a team of creative problem solvers to test and evaluate systems through a Whitebox adversarial approach for the DoD in support of our Air Force clients. Work with systems that are assessed based on the NIST 800-53 Risk Management Framework security controls. Focus on the filtering capabilities and data flows, including low levels, within the architecture of the system, including Mandatory Access Controls and Discretionary Access Controls. Build capabilities by learning from others' expertise within our skilled team. You Have: Experience with Linux command line, including scripting in Ruby, Python, or Bash, and automating basic tasks Experience with networking concepts Experience with virtualization Secret clearance HS diploma or GED Ability to obtain a DoD IAT Level II Security+ CE Certification within 120 days of start date Nice If You Have: Experience analyzing and executing test plans and procedures Experience developing or analyzing technical documentation Experience with penetration testing or adversarial emulation Experience with NIST 800-53 security controls Knowledge of cyber threats and how to appropriately harden a system to prevent them Knowledge of vulnerability assessment tools, including Kali Linux, Wireshark, Tripwire, Burp Suite, and Metasploit OSCP, CISSP, CASP, Red Hat CSA, or GPEN Certification Clearance: Applicants selected will be subject to a security investigation and may need to meet eligibility requirements for access to classified information; Secret clearance is required. Compensation At Booz Allen, we celebrate your contributions, provide you with opportunities and choices, and support your total well-being. Our offerings include health, life, disability, financial, and retirement benefits, as well as paid leave, professional development, tuition assistance, work-life programs, and dependent care. Our recognition awards program acknowledges employees for exceptional performance and superior demonstration of our values. Full-time and part-time employees working at least 20 hours a week on a regular basis are eligible to participate in Booz Allen’s benefit programs. Individuals that do not meet the threshold are only eligible for select offerings, not inclusive of health benefits. We encourage you to learn more about our total benefits by visiting the Resource page on our Careers site and reviewing Our Employee Benefits page. Salary at Booz Allen is determined by various factors, including but not limited to location, the individual’s particular combination of education, knowledge, skills, competencies, and experience, as well as contract-specific affordability and organizational requirements. The projected compensation range for this position is $55,200.00 to $126,000.00 (annualized USD). The estimate displayed represents the typical salary range for this position and is just one component of Booz Allen’s total compensation package for employees. This posting will close within 90 days from the Posting Date. Identity Statement As part of the hiring process, we will ask you to complete an identity verification process that leverages advanced biometrics and artificial intelligence to ensure authenticity and protect against identity fraud. You are expected to be on camera during interviews and assessments. We reserve the right to take your picture to verify your identity and prevent fraud. Candidate AI Usage Policy AI is a part of our daily work at Booz Allen, and we are committed to the responsible and ethical use of AI tools. However, we want to ensure a fair candidate process based on your own skills and knowledge. As part of this commitment, the use of artificial intelligence (AI) or other tools to assist with responses during interviews (whether in-person or virtual) is prohibited unless permission is explicitly provided. Work Model
Our people-first culture prioritizes the benefits of collaboration, whether it occurs in person or virtually. To support engagement and effective communication, employees working virtually are generally expected to have their cameras on during meetings. Remote: If this position is listed as remote, there may still be occasions when you are required to work in person at a Booz Allen or customer facility. Hybrid: If this position is listed as hybrid, you will be expected to work from a Booz Allen facility frequently, in alignment with leadership expectations and the needs of the role. You may also be required to work from or visit a customer facility. Onsite: If this position is listed as onsite, work will primarily be performed at a Booz Allen office or customer facility, where employees will collaborate directly with colleagues and customers as required by the role. Commitment to Non-Discrimination All qualified applicants will receive consideration for employment without regard to disability, status as a protected veteran or any other status protected by applicable federal, state, local, or international law."
Textron,A&P Trainee - Customer Care Representative,1539369,"Kansas, Wichita",United States of America,,onsite,Mid,us_person,unknown,unknown,taleo,2026-06-15,2026-06-16T21:35:29Z,https://textron.taleo.net/careersection/textron/jobdetail.ftl?job=1539369,"Job Description - A&P Trainee - Customer Care Representative (342461)
 
A&P Trainee - Customer Care Representative
(Job Number: 342461)
Textron Aviation has been inspiring the journey of flight for nine decades through the iconic and beloved Cessna and Beechcraft brands. We are passionate advocates of aviation, empowering people with the freedom of flight. As you join our legacy as a global leader in private aviation, you’ll have opportunities to try new fields, expand your skills and knowledge, stretch your abilities, and build your career. We provide a competitive and extensive total rewards package that includes pay and innovative benefits to support you and your family members – now and in the future, beginning day one. Your success is our success.
 

JOB SUMMARY:

Handles intense customer care phone reception and correspondence of customer’s needs.  Consists of customer referral to Textron Aviation Dealer Network, call prioritization for hotline response, data entry of calls and emails into Customer Relationship Management system.

 

JOB RESPONSIBILITIES:

Receives, interprets, transfers or accepts incoming customer calls and e-mail requests. Utilize computer programs, technical publications and product support tools to assist customers with technical inquiries.

Follow department operating procedures for providing front line customer support to enable World-Class customer service for each customer.

Performs intensive customer service phone reception which includes directing and logging incoming technical hotline calls for all piston powered aircraft models and assigning priority to calls for follow-up by service engineers.

Participates in on the job training for Customer Care Representative to gain the appropriate knowledge to accomplish job requirements at a comprehensive and customer satisfying level.

Provides feedback from customers regarding technical service matters via reports and meetings as required for improving Textron Aviation’s competitive position.

Utilized resources available to perform the job functions at a high level of efficiency.

Provides feedback regarding daily operating procedures and makes recommendations for revision to better achieve department objectives.

Works daily with numerous departments within Textron Aviation to ensure the customer receives the best service possible always.

Processes intensive customer email correspondence displaying good writing proficiencies.

 

EDUCATION:

Requires high school education and individual must be working towards A&P License

 

EXPERIENCE:

Quickly grasps new concepts when faced with unfamiliar tasks

Strong technical and problem-solving skills

Excellent verbal and written communication skills

Professional and diplomatic demeanor

6-12 months general office experience and familiarity with aircraft manuals preferred

Expose to the aviation industry a plus

Flexible work hours/work week

Must be able to obtain and maintain an airport security badge through the local airport authority, if applicable.

 

Textron Aviation Inc. must comply with U.S. export control laws and regulations. If a position requires access to sensitive information controlled under these laws and regulations, a successful applicant must be eligible to meet any requirements to access controlled information.

The above statements are intended to describe the general nature and level of work being performed by employees assigned to this job. They are not intended to be an exhaustive list of all responsibilities, duties, and skills required of personnel so classified. 

 
 
 
 
Kansas Tax Credit
Join Textron Aviation’s Kansas team and you may be eligible for a $5,000 state of Kansas Aviation tax credit for up to five years. Visit https://www.aircapitaloftheworld.com/taxcredits for more information on the tax credit.
 
EEO Statement
Textron is committed to providing Equal Opportunity in Employment, to all applicants and employees regardless of race, color, religion, age, national origin, military status, veteran status, disability, sex (including pregnancy and sexual orientation), genetic information or any other characteristic protected by law.
 
Recruiting Company Textron Aviation
Primary Location US-Kansas-Wichita
Job Field Flight Operations
Schedule Part-time
Job Level Individual Contributor
Job Type Standard
Shift First Shift
Job Posting 06/15/2026, 8:54:33 AM"
Lockheed Martin,"Sustainment APG, F-16 Mechanic Level 2- 1st Shift",95301880608,"Greenville, South Carolina",United States of America,,onsite,mid,unknown,unknown,unknown,brassring,,2026-06-07T18:43:22.134057+00:00,https://www.lockheedmartinjobs.com/job/greenville/sustainment-apg-f-16-mechanic-level-2-1st-shift/694/95301880608,"Job Responsibilities JOB ID: 728775BR Date posted: May. 19, 2026 Description:You will be the Sustainment APG, F-16 Mechanic Level 2- first Shift for the Lockheed Martin Greenville Sustainment Team. What You Will Be Doing As the Sustainment APG, F-16 Mechanic Level 2 you will be responsible for Inspecting, troubleshooting, repairing, overhauling and modifying aircraft systems and powerplants in accordance with established written procedures, specifications, and standards. The Sustainment APG, F-16 Mechanic Level 2 will also need to be knowledgeable in aircraft systems operation and maintenance to include: • Landing gear • Powerplants • Flight controls • Rigging • Aircraft movement. The candidate will be required to: • Comprehend documents such as safety rules, operating maintenance instructions and procedure manuals. • Use hands to grasp, handle, and/or feel, reach with hands and arms, talk, and hear. • Frequently stand, walk, stoop, kneel, squat, crawl, twist, and work on or in the aircraft. • Frequently lift and/or push or pull up to 25 pounds and occasionally lift and/or push or pull up to 50 pounds. • Perform repetitive movements and work overhead. • Work in a safe and efficient manner while maintaining a clean, FOD-free work area. • Properly use, handle and dispose of hazardous materials, and toxic or caustic chemicals per Government regulations and company procedures Mission essential functions and other duties may be assigned as required. *May be required to obtain a clearance as necessary if work area performs classified work. Specific vision abilities required by this job include close vision, peripheral vision, depth perception and ability to adjust focus. While performing the essential functions of this job, the employee will be required to wear Personal Protective Equipment (PPE) as needed to perform job tasks. The employee is regularly exposed to vibration. What’s In It For You: 3 day weekends every weekend! ~Must be able to work 2nd shift~ From onsite to remote, we offer flexible work schedules to comprehensive benefits investing in your future and security, Learn more about Lockheed Martin’s comprehensive benefits package here. Do you want to be part of a company culture that empowers employees to think big, lead with a growth mindset, and make the impossible a reality? We provide the resources and give you the flexibility to enable inspiration and focus -if you have the passion and courage to dream big, work hard, and have fun doing what you love then we want to build a better tomorrow with you. At Lockheed Martin Aeronautics, we're taking innovation to the next level. From designing the most advanced air vehicle to designing aircraft that defies gravity, our engineers live on the cutting edge of technology. Basic Qualifications: Candidate must have 3 to 8 years of experience on fighter aircraft, or other military aircraft on various aircraft systems operation to include landing gear, flight controls, disassembly, re-assembly, rigging, powerplant, aircraft ground operations and the flight line environment. Desired Skills: •F-16 Crew Chief Experience USAF level 5 or higher •Heavy Aircraft Mod or Depot Experience •Ability to read and interpret engineering drawings, technical manuals, understanding symbols, flags, and general notes •Ability to solve practical problems and deal with a variety of concrete variables in situations where only limited standardization exists •High school education or equivalent (GED) Security Clearance Statement: This position requires a government security clearance, you must be a US Citizen for consideration. Clearance Level: Secret Other Important Information You Should Know Expression of Interest: By applying to this job, you are expressing interest in this position and could be considered for other career opportunities where similar skills and requirements have been identified as a match. Should this match be identified you may be contacted for this and future openings. Ability to Work Remotely: Onsite Full-time: The work associated with this position will be performed onsite at a designated Lockheed Martin facility. Work Schedules: Lockheed Martin supports a variety of alternate work schedules that provide additional flexibility to our employees. Schedules range from standard 40 hours over a five day work week while others may be condensed. These condensed schedules provide employees with additional time away from the office and are in addition to our Paid Time off benefits. Lockheed Martin is an equal opportunity employer. Qualified candidates will be considered without regard to legally protected characteristics. The application window will close in 90 days; applicants are encouraged to apply within 5 - 30 days of the requisition posting date in order to receive optimal consideration. Join us at Lockheed Martin, where your mission is ours. Our customers tackle the hardest missions. Those that demand extraordinary amounts of courage, resilience and precision. They’re dangerous. Critical. Sometimes they even provide an opportunity to change the world and save lives. Those are the missions we care about. As a leading technology innovation company, Lockheed Martin’s vast team works with partners around the world to bring proven performance to our customers’ toughest challenges. Lockheed Martin has employees based in many states throughout the U.S., and Internationally, with business locations in many nations and territories. Experience Level: Hourly/Non-Exempt Business Unit: AERONAUTICS COMPANY Relocation Available: Possible Career Area: Technicians Type: Full-Time Shift: First APPLY NOW"
Leidos,Network Design Engineer,R-00174887,"Chantilly, VA",United States of America,129575.0,onsite,Mid,unknown,TS/SCI + Poly,unknown,workday,,2026-06-16T23:31:53Z,https://leidos.wd5.myworkdayjobs.com/en-US/External/job/Chantilly-VA/Network-Design-Engineer_R-00174887,"The Digital Modernization Sector at Leidos has an opening for a Network Engineer (Campus Area Network/Local Area Network (CAN/LAN)) to support global enterprise networks. The CAN/LAN service network architecture provides solutions for modernizing network components while supporting service delivery for customer requirements in a mission-focused operational enterprise. Our team is completely replacing a global enterprise network while providing design, engineering, and transition for a wide range of customer network requirements. This is a unique and rare opportunity to build and transition critical operations to a modern service provider network architecture. The job duties are as follows: Interpret customer requirements and apply standard design approaches for service delivery. Fully document designs with diagrams, bill of materials, cabling sheets, configurations, and other supporting documents. Use our private test lab to evaluate new technologies and capabilities, test proposed changes to production networks, and recreate troubleshooting scenarios to support the production enterprise network. Schedule maintenance windows for migrating user connections from legacy to the modern infrastructure transition services with little to no impact on critical data flows. Provide technical expertise to Operations engineers and technicians, supporting fault isolation and resolution. Solve tough problems with innovative and scalable solutions. Develop secure network designs including configurations that align with Defense Information Security Agency (DISA) Security Technical Implementation Guides (STIGs) and enterprise policies. Obtain Authority to Operate (ATO) for new devices, software, and capabilities. Supervise (not manage) other network support specialists to plan, coordinate, and implement network services. Develop and improve design products, processes, and systems for our team to work efficiently and effectively. Although this position is focused on CAN/LAN, this opportunity offers the ability to learn and work on Multiprotocol Label Switching (MPLS) Wide Area Networks (WANs). Basic Requirements Required Clearance to be considered: TS/SCI with Polygraph Candidate must have 10 years of experience that can be a combination of work history and education. This equates to a Doctorate and 3 years, master’s and 4 years, bachelor’s and 6 years, associates and 8 years or HS diploma and 10 years. Must be compliant with DoD 8140 Information Assurance Technical (IAT) Level 2. Experience specific to network engineering to include Tier III or higher network operations and/or network design and implementation. Prior responsibility for production network hardware configurations for Cisco, Brocade, and/or Juniper. Hands-on experience implementing and troubleshooting standard routing protocols in a production network, such as Open Shortest Path First (OSPF) or Border Gateway Protocol (BGP) Hands-on experience implementing and troubleshooting standard switching and trunking protocols in a production network, such as Virtual Local Area Networks (VLANs), 802.1q, and port-channels. Desired Qualifications: Network engineering and design experience specific to CAN/LAN. Experience should include application of industry standards, developing configurations, and integration of solutions into production environments. Network engineering and design experience with MPLS WANs, network management tools, and firewalls. Expert knowledge of routing and switching protocols and the ability to demonstrate knowledge through briefings and documentation. Extensive BGP experience a plus. Cisco Certified Network Professional (CCNP) or equivalent knowledge. Initiative and disciplined to work unsupervised as part of a network engineering team. Experience establishing process, developing documents, and organizing repositories is a plus. If you're looking for comfort, keep scrolling. At Leidos, we outthink, outbuild, and outpace the status quo — because the mission demands it. We're not hiring followers. We're recruiting the ones who disrupt, provoke, and refuse to fail. Step 10 is ancient history. We're already at step 30 — and moving faster than anyone else dares. Original Posting:
January 30, 2026 For U.S. Positions: While subject to change based on business needs, Leidos reasonably anticipates that this job requisition will remain open for at least 3 days with an anticipated close date of no earlier than 3 days after the original posting date as listed above. Pay Range:
Pay Range $92,300.00 - $166,850.00 The Leidos pay range for this job level is a general guideline only and not a guarantee of compensation or salary. Additional factors considered in extending an offer include (but are not limited to) responsibilities of the job, education, experience, knowledge, skills, and abilities, as well as internal equity, alignment with market data, applicable bargaining agreement (if any), or other law."
Airbus,Ajusteur-Monteur d'avions SOIR (4X10H),JR10419615,Montreal Area,Canada,,onsite,Mid,unknown,unknown,unknown,workday,,2026-06-13T00:52:17Z,https://ag.wd3.myworkdayjobs.com/en-US/Airbus/job/Montreal-Area/Ajusteur-Monteur-d-avions-SOIR--4X10H-_JR10419615-1,"Job Description: Et si VOTRE aventure avec NOUS commençait ?!
Nous vous proposons de travailler chez Airbus Atlantique, nouveau champion de dimension mondiale, n°2 des aérostructures, n°1 des sièges pilotes et dans le Top 3 des fauteuils passagers Premium.
Notre site Airbus Atlantique basé à Mirabel recherche son futur : Ajusteur monteur d’avions. Sommaire du poste
L’Ajusteur-monteur d’avions a pour mission de réaliser les opérations d’assemblage (monter, ajuster et installer des modules et des sous-ensembles préfabriqués afin de construire des aéronefs).
À partir d'un dossier technique, d'une gamme de fabrication au format papier ou numérique et d'un kit de pièces primaires, l'Ajusteur-monteur d’avions doit réaliser seul ou en équipe l'assemblage d'une structure d'aéronef en effectuant un travail de qualité qui respecte les normes et procédures d'Airbus Atlantique Canada et du client. Responsabilités o Lire et interpréter des plans de fabrication et d'installation, planifier, tracer des patrons de formes diverses, découper, façonner, assembler et ajuster des pièces de métal en feuilles et en plaques ou toute autre forme utilisée en structure et en assemblage ;
o Effectuer toutes les opérations nécessaires au montage, à l'ajustement, à la réparation, à la modification et à l'installation de tout type de pièces et/ou montages mécaniques électromécaniques et hydrauliques, fabriquer des pièces et effectuer des réglages complexes ;
o Consulter et interpréter des schémas d'assemblage d’aéronefs ;
o Fabriquer des pièces simples de structures d’aéronefs ;
o Installer des éléments de structures des aéronefs ;
o Monter et ajuster, à partir d’un dossier de fabrication, l’assemblage de sous-ensembles et d’ensembles structuraux de Cellules et de Systèmes d’Aéronefs ;
o Assembler et installer de pièces et d'éléments mécaniques d'un aéronef ;
o Monter, ajuster et installer des pièces ou des éléments préfabriqués tels que des revêtements, des commandes de pilotage, des montages, des systèmes hydrauliques et d'autres systèmes mécaniques sur des aéronefs ;
o Régler et utiliser des machines et outils manuels ou automatisés selon le travail à effectuer ; o Vérifier, à l'aide d'instruments de mesure et de vérification, les montages d'aéronefs par rapport aux prescriptions techniques ;
o S’assurer, par différents moyens de contrôle, de la conformité des ensembles par rapport au dossier de fabrication. PROFIL RECHERCHÉ Formation académique :
DEP Montage de structures ou en Installation de systèmes OU Posséder un minimum de 5 ans d’expérience comme Ajusteur-monteur dans le domaine de l’Aéronautique ou dans un domaine connexe en assemblage
ET Réussir une évaluation démontrant les habiletés techniques de base. Exigences particulières :
o Avoir de bonnes connaissances techniques en assemblage de structure et installation de systèmes ;
o Maîtriser le langage technique aéronautique et la lecture de plans technique ;
o Avoir des connaissances pertinentes sur la gestion des FOD ;
o Bonnes habiletés manuelles et très bonne dextérité ;
o Bonne acuité visuelle ;
o Minutie et précision, bons réflexes, facilité de concentration et souci du détail (assemblage ou fabrication des composantes de haute-précision) ;
o Capacité d'analyse afin de trouver rapidement une défectuosité ou tout autre problème ;
o Sens des responsabilités (conformité des pièces) ;
o Facilité pour le travail en équipe (équipe multidisciplinaire : assembleurs-mécaniciens, mécaniciens d’aéronefs, d’autres techniciens, ingénieurs ;
o Expérience dans l’industrie aérospatiale. Airbus Atlantique c’est aussi :
o Un emploi permanent à temps plein (40H par semaine) incluant des assurances collectives complètes et compétitives ainsi qu’un programme de retraite collectif avantageux ;
o Votre équilibre vie professionnelle / vie privée à travers différents éléments : congés, télétravail selon le type de poste, couverture médicale (télémédecine, massothérapie...) ;
o Un environnement de travail attractif : une usine moderne où sont fabriqués des produits d’aérostructures This job requires an awareness of any potential compliance risks and a commitment to act with integrity, as the foundation for the Company’s success, reputation and sustainable growth. Company: Airbus Atlantique Canada SL Inc. Contract Type: Permanent ----- Experience Level: Professional Job Family: Assembly & Integration   By submitting your CV or application you are consenting to Airbus using and storing information about you for monitoring purposes relating to your application or future employment. This information will only be used by Airbus.
Airbus is committed to achieving workforce diversity and creating an inclusive working environment. We welcome all applications irrespective of social and cultural background, age, gender, disability, sexual orientation or religious belief. Airbus is, and always has been, committed to equal opportunities for all. As such, we will never ask for any type of monetary exchange in the frame of a recruitment process. Any impersonation of Airbus to do so should be reported to emsom@airbus.com. At Airbus, we support you to work, connect and collaborate more easily and flexibly. Wherever possible, we foster flexible working arrangements to stimulate innovative thinking."
Joby Aviation,Chef,5059,"CA, Marina",United States of America,84152.0,unknown,Mid,unknown,unknown,unknown,icims,,2026-06-20T15:56:36Z,https://careers-jobyaviation.icims.com/jobs/5059/chef/job,"Skip to Main Content Welcome page
Returning candidate?
Log back in!
Chef
Job Locations
US-CA-Marina
ID 2026-5059 Category Facilities Type Regular Full-Time
Company Overview Imagine a piloted air taxi that takes off vertically, then quietly carries you and your fellow passengers over the congested city streets below, enabling you to spend more time with the people and places that matter most. At Joby, we've been working to make that dream a reality since 2009 and we're now in the final stages of certifying our aircraft with the FAA. With plans to launch our aircraft in the US and Dubai, we're now scaling manufacturing and preparing for the launch of our commercial service. Overview The Chef is responsible for overseeing the culinary operations within the kitchen and kitchenettes, ensuring the preparation and presentation of high-quality meals for employees and guests. This role involves menu planning, food preparation, staff management, inventory control and maintain high standards of safety. Responsibilities
Menu Planning: Develop and design diverse, nutritious and appealing weekly menus to cater to the dietary preferences and restrictions of employees.
Food Preparation: Oversee and help in the preparation and cooking of meals, ensuring consistency in taste, quality and presentation.
Inventory Management: Manage inventory, order supplies, and ensure the availability of fresh ingredients while managing waste.
Staff Supervision: Recruit, train, and supervise kitchen staff, including cooks and dishwashers. Ensure staff adherence to company policies, procedures and food safety guidelines.
Quality Control: Maintain high standards of food quality, presentation and safety in compliance with health and safety.
Budget Management: Monitor kitchen expenses, manage the budget, and implement cost-control measures without compromising quality.
Customer Service: Interact with employees and guests to gather feedback and ensure satisfaction with the food and service provided.
Required
Proven experience as a Chef, preferably in a corporate or high-volume kitchen environment.
Experience hiring, training and supervising kitchen staff.
Culinary degree or equivalent experience.
Strong knowledge of food safety, sanitation and nutrition.
Excellent leadership, organizational, and communication skills.
Ability to work under pressure and mange multiple tasks simultaneously.
Creativity and passion for the culinary arts.
The role may require standing for extended periods and working in a fast-paced, high pressure environment.
Able to work in confined spaces and perform duties within extreme temperature ranges.
Ability to lift and carry heavy items (up to 40 lbs).
Manual dexterity to handle kitchen equipment and utensils.
Desired
Honesty: We encourage a safe environment where open and honest communication is a standard business practice. Attitude is Everything: It all starts with having the right mindset. We require a positive attitude. You cannot create success for yourself, our company, and coworkers with a negative mindset. Quality: We take pride in our work and strive to deliver excellence with our services and installations. Integrity: We do what we say we will do and hold ourselves accountable. Teamwork: We work together as a group, to become part of something bigger than one individual to achieve a common goal. Additional Information Compensation at Joby is a combination of base pay and Restricted Stock Units (RSUs). The target base pay for this position is $70,304 - $98,000/yr. The compensation package will be determined by job-related knowledge, skills, and experience. Joby also offers a comprehensive benefits package, including paid time off, healthcare benefits, a 401(k) plan with a company match, an employee stock purchase plan (ESPP), short-term and long-term disability coverage, life insurance, and more. Joby is an Equal Opportunity Employer Apply for this job online
Share on your newsfeed
If you have questions about our online applications, please see our application FAQ."
Leidos,Beacon Intelligence Analysis Referrals,R-00183254,"Reston, VA",United States of America,129575.0,onsite,Mid,unknown,TS/SCI + Poly,unknown,workday,,2026-06-16T22:42:55Z,https://leidos.wd5.myworkdayjobs.com/en-US/External/job/Reston-VA/Beacon-Intelligence-Analysis-Referrals_R-00183254,"Beacon Intelligence Analysis Referrals We want your referrals! Leidos is seeking experienced Intelligence professionals in Northern Virginia for a long-term program supporting critical national security missions – and we’ll pay you if we hire your referred candidate! We’re seeking experienced intelligence professionals for multiple high-impact roles in the Northern Virginia area (McLean, Chantilly, Reston, Warrenton), including: • Desk Officers
• Targeting Officers
• Operations Advisors
• Reports Officers
• Plans & Policy Officers (PPO) / Executive Officers (EXO) All positions require an active TS/SCI with Polygraph and experience supporting this client. Know someone who would be a great fit? We are offering a $1,000 external referral bonus if your referral is hired! How do you submit an external referral? Go to our Leidos External Referral Program page (https://www.leidos.com/careers/erp)
Submit your candidate’s resume to Job Requisition R-00183254 Beacon Intelligence Analysis Referrals. If your candidate meets the clearance and position requirements, one of our Beacon recruiters will reach out to them with next steps. We’re hiring candidates at multiple skill levels. Salaries will be determined based on candidate qualifications and program requirements. Share your referrals with us today! If you're looking for comfort, keep scrolling. At Leidos, we outthink, outbuild, and outpace the status quo — because the mission demands it. We're not hiring followers. We're recruiting the ones who disrupt, provoke, and refuse to fail. Step 10 is ancient history. We're already at step 30 — and moving faster than anyone else dares. Original Posting:
May 13, 2026 For U.S. Positions: While subject to change based on business needs, Leidos reasonably anticipates that this job requisition will remain open for at least 3 days with an anticipated close date of no earlier than 3 days after the original posting date as listed above. Pay Range:
Pay Range $92,300.00 - $166,850.00 The Leidos pay range for this job level is a general guideline only and not a guarantee of compensation or salary. Additional factors considered in extending an offer include (but are not limited to) responsibilities of the job, education, experience, knowledge, skills, and abilities, as well as internal equity, alignment with market data, applicable bargaining agreement (if any), or other law."
Lockheed Martin,System Integration and Test Engineering Manager,94561434960,"Titusville, Florida",United States of America,,onsite,mid,unknown,unknown,unknown,brassring,,2026-06-07T18:51:29.540448+00:00,https://www.lockheedmartinjobs.com/job/titusville/system-integration-and-test-engineering-manager/694/94561434960,"Job Responsibilities JOB ID: 726328BR Date posted: Apr. 30, 2026 Description:Our Assembly, Test and Launch Operations (ATLO) organization within the Commercial Civil Space Line of Business is seeking a manager for the Spacecraft Test, Assembly and Resource (STAR) building as well as the Production Integration and Industrial Engineering organizations. This position will be responsible for providing supervision and technical direction of a geographically dispersed, multifunctional organization comprised of hourly and salaried employees. This includes responsibility for manufacturing and test functions at the STAR center including Harness, Thermal Prep, Thermal Protection, Electrical Ground Support Equipment and the Machine Shop as well as the Production Integration (PI) team and Industrial Engineering (IE) team at the Neil Armstrong Operations and Checkout building. The PI team is responsible for converting the near-term tasks of the master production schedule into a 2 to 4-week schedule of discrete tasks that are fully enabled for execution by the production teams. The IE team is responsible for conducting studies to improve efficiency of manufacturing processes, updating production standard hours and leading improvement initiatives. Other duties include responsibility of investigating incidents to determine root cause and implement corrective actions to ensure procedural disciplines are maintained. The selected candidate will assess performance, provide input for annual performance reviews and will also interface directly with other manufacturing peers, manufacturing engineers, associate contractors and the customer. Basic Qualifications: - Candidate must have a bachelor degree from an accredited college, or equivalent experience/combined education - Experience with the assembly and integration of Orion spacecraft systems - Experience supporting large multi-functional teams including manufacturing and/or ATLO disciplines - Minimum of 2 years of demonstrated successful experience leading salaried employees - Minimum 5 years minimum experience working in an aerospace manufacturing environment Desired Skills: - Experience with the Orion program and NASA customer - Experience managing an hourly workforce - Demonstrated understanding and background in integrated master schedule planning activities - Experience with principles of Industrial Engineering - Experience interfacing with external Orion organizations - Demonstrated proficiency establishing and maintaining effective working relationships and working collaboratively across multiple organizations - Experience with lean/six-sigma concepts, green belt certification preferred Clearance Level:None Other Important Information You Should Know Expression of Interest:By applying to this job, you are expressing interest in this position and could be considered for other career opportunities where similar skills and requirements have been identified as a match. Should this match be identified you may be contacted for this and future openings. Ability to Work Remotely:Onsite Full-time: The work associated with this position will be performed onsite at a designated Lockheed Martin facility. Work Schedules:Lockheed Martin supports a variety of alternate work schedules that provide additional flexibility to our employees. Schedules range from standard 40 hours over a five day work week while others may be condensed. These condensed schedules provide employees with additional time away from the office and are in addition to our Paid Time off benefits. Schedule for this Position:9x80 every other Friday off Lockheed Martin is an equal opportunity employer. Qualified candidates will be considered without regard to legally protected characteristics. The application window will close in 90 days; applicants are encouraged to apply within 5 - 30 days of the requisition posting date in order to receive optimal consideration. At Lockheed Martin, we use our passion for purposeful innovation to help keep people safe and solve the world's most complex challenges. Our people are some of the greatest minds in the industry and truly make Lockheed Martin a great place to work. With our employees as our priority, we provide diverse career opportunities designed to propel, develop, and boost agility. Our flexible schedules, competitive pay, and comprehensive benefits enable our employees to live a healthy, fulfilling life at and outside of work. We place an emphasis on empowering our employees by fostering an inclusive environment built upon integrity and corporate responsibility. If this sounds like a culture you connect with, you’re invited to apply for this role. Or, if you are unsure whether your experience aligns with the requirements of this position, we encourage you to search on Lockheed Martin Jobs, and apply for roles that align with your qualifications. Experience Level:Experienced Professional Business Unit:SPACE Relocation Available:Possible Career Area:Management Type:Full-Time Shift:First APPLY NOW"
Rocket Lab,Payroll Accountant II,7678076003,"Albuquerque, NM",United States of America,,onsite,Mid,yes,unknown,unknown,greenhouse,2026-06-11,2026-06-12T20:14:01Z,https://job-boards.greenhouse.io/rocketlab/jobs/7678076003,"ABOUT ROCKET LAB  
 Rocket Lab is an end-to-end space company delivering responsive launch services, complete spacecraft design and manufacturing, payloads, satellite components, and more – all with the goal of opening access to space. The rockets and satellites we build and launch enable some of the most ambitious and vital space missions globally, supporting scientific exploration, Earth observation and missions to combat climate change, national security, and exciting new technology demonstrations.&nbsp;&nbsp; 
 Our Electron rocket&nbsp;has become the second most frequently launched U.S. rocket annually and has delivered more than 230 satellites to orbit, all while we work to develop Neutron, our upcoming medium-lift, reusable launch vehicle for larger constellation deployment. Our Space Systems business designs and builds our extensive line of satellites, payloads, and their components, including spacecraft that have been selected to support NASA missions to the Moon and Mars and components used on the James Webb Space Telescope.&nbsp; 
       FINANCE  
 Rocket Lab’s Finance team is responsible for all financial transactions for the company, operating as a well-oiled machine to maximize the value of our work. Our Finance team are made up of planners, analysts and accountants, and manage our policies, compliance, and reporting. They’re the ones who keep our financial operations in check, always thinking ahead and taking care to meet all of our financial, business, and government obligations. They’re attentive, diligent, and meticulous, and are mission-critical to Rocket Lab.&nbsp; 
  PAYROLL ACCOUNTANT II  
 Based onsite at Rocket Lab's Albuquerque, New Mexico facility, the Payroll Accountant is responsible for processing and maintaining the company payroll records.&nbsp; 
  WHAT YOU’LL GET TO DO:  
 
 Review and process payroll on a bi-weekly basis for salaried and hourly employees 
 Validate and reconcile payroll data to ensure accurate payroll payments, reporting, and records. 
 Assist with all employee contributions for (401K), HSA, Employee Stock Purchase Plans (ESOP), and Stock Based Compensation including coordinating transmissions with third party providers. 
 Process manual checks for terminations and adjustments as needed 
 Reconciliation and resolution of discrepancies of relevant payroll, benefits, and tax general ledger accounts 
 Coordinate with other departments (People &amp; Culture, IT, Finance and Accounting) to gather relevant data 
 Support month end close activities such as journal entry compilation, reconciliation, and reporting 
 
  YOU’LL BRING THESE QUALIFICATIONS:  
 
 2+ years of payroll accounting experience and a bachelor's degree or equivalent years of work experience (HS diploma and 6+ years of work experience) 
 Proficient in Excel and data analysis 
 Payroll and reconciliation experience 
 
  THESE QUALIFICATIONS WOULD BE NICE TO HAVE:  
 
 Experience with stock or equity related compensation is preferred 
 Attention to detail and deadline oriented 
 Experience with Deltek CostPoint or similar ERP system 
 Experience with ADP Workforce Now and ADP Workforce Manager 
 
  ADDITIONAL REQUIREMENTS    
 &nbsp;Ability to sit for extended periods and operate computer, keyboard, and office equipment&nbsp; 
 Clear vision for reading documents, viewing computer screens, and distinguishing details at varying distances 
 Ability to professionally communicate verbally and in writing with team members, management, and external stakeholders 
 Mobility to move between buildings, attend meetings, and access different work areas&nbsp; 
 Occasional exposure to manufacturing environments with moderate noise levels, dust, and fumes&nbsp;&nbsp; 
   &nbsp; 
   WHAT TO EXPECT   &nbsp;  
  We’re on a mission to unlock the potential of space to improve life on Earth, but that’s not an easy task. It takes hard work, determination, relentless innovation, teamwork, grit, and an unwavering commitment to achieving what others often deem impossible. Our people out-think, out-work, and out-pace. We pride ourselves on having each other’s backs, checking our egos at the door, and rolling up our sleeves on all tasks big and small. We thrive under pressure, work to tight deadlines, and our focus is always on how we can deliver, rather than dwelling on the challenges that stand in the way.&nbsp;   &nbsp;  
 Important information: 
   FOR CANDIDATES SEEKING TO WORK IN US OFFICES ONLY:   
  To conform to U.S. Government space technology export regulations, including the International Traffic in Arms Regulations (ITAR), Rocket Lab Employees must be a U.S. citizen, lawful U.S. permanent resident (i.e., current Green Card holder), or lawfully admitted into the U.S. as a refugee or granted asylum, or be eligible to obtain the required authorizations from the U.S. Department of State and/or the U.S. Department of Commerce, as applicable. Learn more about ITAR  here .  
  Rocket Lab provides equal employment opportunities to all employees and applicants for employment and prohibits discrimination and harassment of any type without regard to race, color, religion, age, sex, national origin, disability status, genetics, protected veteran status, sexual orientation, gender identity or expression, or any other characteristic protected by federal, state, or local laws. This policy applies to all terms and conditions of employment at Rocket Lab, including recruiting, hiring, placement, promotion, termination, layoff, recall, transfer, leaves of absence, compensation, and training.  
  Applicants requiring a reasonable accommodation for the application/interview process for a job in the United States should contact Giulia Johnson at  g.biow@rocketlabusa.com. This dedicated resource is intended solely to assist job seekers with disabilities whose disability prevents them from being able to apply/interview. Only messages left for this purpose will be considered. A response to your request may take up to two business days.  
 &nbsp; 
   FOR CANDIDATES SEEKING TO WORK IN NEW ZEALAND OFFICES ONLY:   
  For security reasons, background checks will be undertaken prior to any employment offers being made to an applicant.&nbsp; These checks will include nationality checks as it is a requirement of this position that you be eligible to access equipment and data regulated by the United States' International Traffic in Arms Regulations.&nbsp;  
  Under these Regulations, you may be ineligible for this role if you do not hold citizenship of Australia, Japan, New Zealand, Switzerland, the European Union, or a country that is part of NATO, or if you hold ineligible dual citizenship or nationality.&nbsp; For more information on these Regulations, click here  ITAR Regulations.   
 &nbsp;"
Anduril Industries,Business Operations Lead,4951325007,"Costa Mesa, California, United States",United States of America,163000.0,onsite,Mid,us_person,unknown,unknown,greenhouse,2026-06-16,2026-06-17T01:29:05Z,https://boards.greenhouse.io/andurilindustries/jobs/4951325007?gh_jid=4951325007,"Anduril Industries is a defense technology company with a mission to transform U.S. and allied military capabilities with advanced technology. By bringing the expertise, technology, and business model of the 21st century’s most innovative companies to the defense industry, Anduril is changing how military systems are designed, built and sold. Anduril’s family of systems is powered by Lattice OS, an AI-powered operating system that turns thousands of data streams into a realtime, 3D command and control center. As the world enters an era of strategic competition, Anduril is committed to bringing cutting-edge autonomy, AI, computer vision, sensor fusion, and networking technology to the military in months, not years.    ABOUT THE JOB    Operations Leads &amp; Managers  work directly with General Managers, Division leadership teams, and other Anduril leaders to manage operations for a business line or central function. Work within this role includes quick-turn operational fire-fighting, redesigning and implementing processes, and leading high-impact strategic projects such as product launches and acquisitions. This role will require you to understand the levers required to effectively run a business, including engagement across program management, engineering, production, and central G&amp;A teams.   WHAT YOU'LL DO   As an Operations Lead, you will be critical to supporting all of these responsibilities. While a specific division or function will be your team, you will often work cross-functionally with leaders and teams throughout the organization to solve messy problems, set up new processes, capture data, action upon it, and enable others to do the same. 
 
 Own operational projects end-to-end, from definition, to solutioning, to implementation. You will be handed ambiguous problems with little prescription on how to solve them. 
 Work on strategic problems, providing structure to ambiguity and helping shepherd cross-functional groups of stakeholders towards decisions on strategic issues. The role will ask you to couple first principles thinking with creative and iterative analysis to fully detail the impacts of potential decisions. 
 Work deeply within data and systems, become intimately familiar with how our business systems (ERP, MRP, HRIS, etc.) function, and leverage data from them to execute scrappy analyses on short timelines, all the while equipping functional teams with insights and tools to measure and improve their processes. 
 Project manage across large groups of stakeholders including, leading large meetings, managing large Slack channels, and wrangling stakeholders towards a solution. This role requires the ability to translate across Supply Chain, Manufacturing, Finance, Engineering, HR, Recruiting, Facilities, Growth, Deployments, and more. 
 
  REQUIRED QUALIFICATIONS  
 
 6+ years of working experience with a minimum of 3+ years in a consulting, operations, finance, or product/program management role. 
 Demonstrated expertise in stakeholder and executive engagement, this role will have significant C-suite visibility. You should be comfortable and skilled in balancing when to pull in execs into the problem solving process and when your should lead independent change 
 You lean into acknowledging your weaknesses and take the idea of feedback and growth seriously. 
 Strong emotional intelligence and ability to solve operational problems not only from a data-driven lens, but also in a people-centric way by building strong cross functional relationships across the company and within the hardware engineering organization. 
 You are self-driven and relentlessly proactive. You don’t need someone to tell you to “move”. You just move. We’d rather have to tell you to slow down than to speed up. 
 You don’t wait on others to solve problems. You proactively step into the gap to offer solutions yourself. 
 You enjoy working at a place where no one minds if you leave early one day to go to an appointment or run an errand, but you also don’t mind responding to Slacks in the evening while you’re watching Netflix. 
 You have an appetite to build clear frameworks to structure problems. 
 Combined ability to execute on a tactical level as well as put together a strategy to solve complex, ambiguous, cross-functional problems. You are comfortable rolling up your sleeves and diving deep into executing operational tasks that require high attention to detail and high organization skills, but you can also zoom out at a 30,000 foot level to create a strategy that solves high level problems for the business line, division, and company. 
 A strong communicator across a wide dynamic range - Ability to translate and articulate thoughts clearly and simply across a wide range of roles (working level engineers, finance partners, recruiters, cross functional leadership, and executives). 
 High ownership with the horsepower to juggle multiple (3-5+) large projects and priorities in parallel, at a rapid pace, and report out on progress regularly without dropping any balls. 
 Must be a U.S. Person due to required access to U.S. export controlled information or facilities 
 
  PREFERRED QUALIFICATIONS  
 
 Undergraduate degree in a STEM major 
 2+ years in a technical engineering role 
 
 &nbsp;    US Salary Range   $146,000  &mdash;  $180,000 USD       The salary range for this role is an estimate based on a wide range of compensation factors, inclusive of base salary only. Actual salary offer may vary based on (but not limited to) work experience, education and/or training, critical skills, and/or business considerations. Highly competitive equity grants are included in the majority of full time offers; and are considered part of Anduril's total compensation package. Additionally, Anduril offers top-tier benefits for full-time employees, including:  &nbsp;  
 &nbsp; 
  Benefits  
  At Anduril, we invest in our people. Our comprehensive, competitive benefits package (available at little to no cost to employees) ensures you’re supported in health, recovery, and whatever comes next.&nbsp;   For more information,  Explore Our Benefits .   
 &nbsp; 
 
  Protecting Yourself from Recruitment Scams  
 Anduril is committed to maintaining the integrity of our Talent acquisition process and the security of our candidates. We've observed a rise in sophisticated phishing and fraudulent schemes where individuals impersonate Anduril representatives, luring job seekers with false interviews or job offers. These scammers often attempt to extract payment or sensitive personal information. 
 
 
 To ensure your safety and help you navigate your job search with confidence, please keep the following critical points in mind: 
 
 
  No Financial Requests:&nbsp; Anduril will never solicit payment or demand personal financial details (such as banking information, credit card numbers, or social security numbers) at any stage of our hiring process. Our legitimate recruitment is entirely free for candidates. 
 
  Please always verify communications: 
 
 Direct from Anduril: If you receive an email from one of our recruiters, it will  only  come from an  @anduril.com  address. 
 Via Agency Partner: If contacted by a recruiting agency for an Anduril role, their email will clearly identify their agency. If you suspect any suspicious activity, please verify the agency's authenticity by reaching out to  contact@anduril.com .&nbsp; 
 
 
 
  Exercise Caution with Unsolicited Outreach: &nbsp;If you receive any communication that appears suspicious, contains grammatical errors, or makes unusual requests, do not engage. Always confirm the sender's email domain is @anduril.com before providing any personal information or clicking on links. 
 
 
  What to Do If You Suspect Fraud: &nbsp;Should you encounter any questionable or fraudulent outreach claiming to be from Anduril, please report it immediately to&nbsp; contact@anduril.com . Your proactive caution is invaluable in protecting your personal information and upholding the security and trustworthiness of our recruitment efforts. 
 
 
 
 &nbsp; 
  Data Privacy  
  To view Anduril's candidate data privacy policy, please visit     https://anduril.com/applicant-privacy-notice/    .  &nbsp;  
 &nbsp; 
  By submitting your application, you consent to Anduril Industries using a third-party service provider to conduct pre-employment risk, integrity, and due diligence screening and assessing potential risks as part of your application process. This third-party service provider provides risk-intelligence services that may include analysis of sanctions and watchlists, adverse media, public-record information, and other lawful open-source or commercial data sources. This third-party service provider does not act as a consumer reporting agency. Use of this provider helps to ensure compliance with applicable laws and protect technology, intellectual property, and organizational security."
SpaceX,Sr. 3GPP RAN Standardization Engineer (Starlink Mobile),8480497002,"Sunnyvale, CA",United States of America,"$170,000.00 - $230,000.00",onsite,Senior,us_person,unknown,unknown,greenhouse,2026-04-30,2026-06-12T20:14:06Z,https://boards.greenhouse.io/spacex/jobs/8480497002?gh_jid=8480497002,"SpaceX was founded under the belief that a future where humanity is out exploring the stars is fundamentally more exciting than one where we are not. Today SpaceX is actively developing the technologies to make this possible, with the ultimate goal of&nbsp;enabling human life on Mars.    SR. 3GPP RAN STANDARDIZATION ENGINEER (STARLINK MOBILE)  
 The 3GPP RAN Standardization Engineer will serve as the company’s technical and strategic lead within the 3GPP Radio Access Network (RAN) working groups. This individual will actively participate in 3GPP meetings, drive company contributions to influence 5G and 6G standards (including NTN and spectrum evolution) and ensure alignment between internal engineering teams and global standards developments. 
 The ideal candidate combines deep technical expertise in radio access (RAN) technologies with strong diplomacy and advocacy skills to represent the company’s technical interests in an international standards environment. 
  RESPONSIBILITIES:  
 
 Act as the company’s primary delegate in relevant 3GPP RAN Working Groups (RAN1, RAN2, RAN3, RAN4, RAN5 as applicable) 
 Present, negotiate, and defend company contributions and proposals to ensure alignment of emerging standards with product and regulatory goals 
 Build and maintain relationships with other 3GPP members, operators, chipset vendors, and regulatory bodies 
 Draft, review, and submit technical contributions on topics such as 5G/6G NR, 5G/6G NTN, RAN architecture, spectrum bands, and performance evaluation 
 Provide detailed technical analysis on topics relevant to the Working Group discussion, such as: 
 
 RAN1: develop SLS/LLS simulation tools; perform analysis of PHY design options for study/work item evaluations 
 RAN2: develop signaling and protocol analysis of control plane and user plane features; maintain ASN.1 for internal requirement consumption 
 RAN3: develop architecture and interconnect features 
 RAN4 RF/OTA: drive RF, OTA and spectrum requirements into the standard; develop coexistence simulations 
 RAN4 RRM/demodulation: develop LLS simulation tools; develop RRM requirements and test cases 
 RAN5: drive alignment between RAN5 test cases and the Starlink feature roadmap; perform MU/TT analysis and drive test equipment vendors toward feature adoption 
 
 Participate in internal design reviews to translate 3GPP outcomes into actionable engineering requirements. 
 Track standardization timelines, Study Item/Work Item progress, and Release planning (e.g., Release 20, 21, and beyond). 
 Summarize and communicate 3GPP meeting outcomes to internal stakeholders through concise reports and recommendations. 
 Identify emerging standardization opportunities, risks, and competitive moves 
 Partner with system engineering, RF design, regulatory, and product teams to align internal technical roadmaps with 3GPP evolution 
 Support business and partnership discussions with standards-based technical insights 
 
  BASIC QUALIFICATIONS:  
 
 Bachelor's degree in a STEM discipline 
 8+ years of experience with cellular RAN design and/or system architecture 
 5+ years of experience working with/on 3GPP standardization 
 
  PREFERRED SKILLS AND EXPERIENCE:  
 
 Advanced degree (Masters or PhD) in Electrical Engineering, Telecommunications, or related field 
 Deep understanding of: 
 
 5G NR and LTE PHY/MAC/RRC layers 
 Emerging 6G enhancements, studies, and feature evolution 
 NTN (Non-Terrestrial Networks) and satellite integration into 3GPP systems 
 Spectrum coexistence, PFD limits, RF propagation, and link budgets 
 
 Proven experience contributing to and/or leading submissions within 3GPP RAN working groups 
 Prior leadership role (e.g., rapporteur, ad hoc chair, or company lead delegate) in a 3GPP or similar standards body 
 Familiarity with ITU-R, ETSI, GSMA, or regional regulatory processes 
 Background in satellite communications, NTN, or RF systems integration 
 Ability to manage multiple contributions across parallel RAN WGs and releases 
 
  ADDITIONAL REQUIREMENTS:  
 
 
 Willing to work extended hours as needed 
 Willing and able to travel as needed (up to 25%) 
 
 
  COMPENSATION AND BENEFITS:  
 &nbsp; 
 Pay Range: &nbsp; &nbsp; 
 Communications Integration Engineer/Sr.: $170,000.00 - $230,000.00/per year &nbsp; &nbsp;&nbsp; 
 &nbsp; 
 Your actual level and base salary will be determined on a case-by-case basis and may vary based on the following considerations: job-related knowledge and skills, education, and experience. 
 Base salary is just one part of your total rewards package at SpaceX. You may also be eligible for long-term incentives, in the form of company stock, stock options, or long-term cash awards, as well as potential discretionary bonuses and the ability to purchase additional stock at a discount through an Employee Stock Purchase Plan. You will also receive access to comprehensive medical, vision, and dental coverage, access to a 401(k)-retirement plan, short and long-term disability insurance, life insurance, paid parental leave, and various other discounts and perks. You may also accrue 3 weeks of paid vacation and will be eligible for 10 or more paid holidays per year. Employees accrue paid sick leave pursuant to Company policy which satisfies or exceeds the accrual, carryover, and use requirements of the law.    ITAR REQUIREMENTS:  
 
 To conform to U.S. Government export regulations, applicant must be a (i) U.S. citizen or national, (ii) U.S. lawful, permanent resident (aka green card holder), (iii) Refugee under 8 U.S.C. § 1157, or (iv) Asylee under 8 U.S.C. § 1158, or be eligible to obtain the required authorizations from the U.S. Department of State. Learn more about the ITAR  here . &nbsp; 
 
 SpaceX is an Equal Opportunity Employer; employment with SpaceX is governed on the basis of merit, competence and qualifications and will not be influenced in any manner by race, color, religion, gender, national origin/ethnicity, veteran status, disability status, age, sexual orientation, gender identity, marital status, mental or physical disability or any other legally protected status. 
 Applicants wishing to view a copy of SpaceX’s Affirmative Action Plan for veterans and individuals with disabilities, or applicants requiring reasonable accommodation to the application/interview process should reach out to&nbsp; EEOCompliance@spacex.com  .&nbsp;"
Blue Origin,Sr Mechanical/Project Engineer - Integration,R65031,"Space Coast, FL",United States of America,,onsite,Senior,yes,unknown,unknown,workday,,2026-06-13T04:15:03Z,https://blueorigin.wd5.myworkdayjobs.com/en-US/BlueOrigin/job/Space-Coast-FL/Sr-Mechanical-Project-Engineer---Integration_R65031-1,"Application close date: Applications will be accepted on an ongoing basis until the requisition is closed. At Blue Origin, we envision millions of people living and working in space for the benefit of Earth. We’re working to develop reusable, safe, and low-cost space vehicles and systems within a culture of safety, collaboration, and inclusion. Join our team of problem solvers as we add new chapters to the history of spaceflight! This role is part of Blue Origin Operations, which is comprised of Integrated Supply Chain, Test Operations, Safety, Quality, and Mission Assurance. This includes Manufacturing and Supply Chain support across all Blue Origin facilities. Sr Mechanical/Project Engineer - Integration As part of a hardworking team of engineers, you will serve in a dual capacity, hands-on mechanical designer and primary point of contact for planning, coordinating, and executing the integration, testing, activation, and handoff of ground mechanical systems for Blue Origin’s launch site at LC-36 (Cape Canaveral, FL). This role requires equal competency in design and cross-functional coordination. You’ll have the unique opportunity to be part of a great team building the ground mechanical and structural systems and GSE (Ground Support Equipment) for Blue Origin’s giant rockets, New Glenn and New Glenn 9x4! Responsibilities: Design and develop large-scale mechanical ground systems, mechanisms, and GSE. Perform and review FEA and hand-calcs for complex mechanical systems. Serve as primary point of contact for mechanical systems integration, testing, and activation, coordinate directly with engineers and field technicians to sequence work and maintain progress. Develop and drive integrated schedules for fabrication, assembly, installation, testing, and activation, identify critical path and resolve schedule conflicts before they impact the program. Track and communicate deliverable status, open issues, and schedule risks to program leadership, develop and drive mitigation plans. Oversee external fabrication and installation contractors, ensure technical compliance, quality, and schedule adherence through the full project lifecycle. Lead formal handoff of commissioned systems to operations, ensure all documentation, as-built records, and acceptance test results are complete and accepted. Minimum Qualifications (required): Minimum of a Bachelor’s degree in Mechanical Engineering, or similar disciplines. 10+ years experience with a strong background in design/analysis/construction of large and complex mechanical systems (e.g. launch vehicle GSE and mechanisms, aerospace tooling, oil & gas mechanical systems, etc). Demonstrated competency in both design and systems integration/activation. Demonstrated hands-on experience managing complex mechanical systems integration, testing, and activation. Experience leading mechanical designs from concept through commissioning. Mechanical design experience using CAD tools. Mechanical analysis experience using FEA tools. Familiarity with ASME Y14.5 Geometric Dimensioning & Tolerancing (GD&T) and tolerance stack-up analysis. Experience in heavy duty mechanism design (e.g. locking/clamps mechanisms, linkage design, quick release systems, alignment mechanisms, restraint/catch systems, etc). Experience in designing and analyzing bolted connections, mechanical interfaces, and load-bearing joints in precision assemblies. Must be a U.S. citizen or national, U.S. permanent resident (current Green Card holder), or lawfully admitted into the U.S. as a refugee or granted asylum. Desired (not required): Master's degree in Mechanical Engineering, or closely related field. Professional Engineer (PE) license (Mechanical). Experience in ANSYS. Experience in PTC Creo/Windchill. PMP certification. Experience with system-level test and verification programs in an aerospace or launch site environment. 3+ years direct GSE design and analysis experience. Culture Statement Don’t meet all desired requirements? Studies have shown that some people are less likely to apply to jobs unless they meet every single desired qualification. At Blue Origin, we are dedicated to building an authentic workplace, so if you’re excited about this role but your past experience doesn’t align perfectly with every desired qualification in the job description, we encourage you to apply anyway. You may be just the right candidate for this or other roles. Export Control Regulations Applicants for employment at Blue Origin must be a U.S. citizen or national, U.S. permanent resident (i.e. current Green Card holder), or lawfully admitted into the U.S. as a refugee or granted asylum. Background Check Required for all positions: Blue’s Standard Background Check Required for Certain Job Profiles: Defense Biometric Identification System (DBIDS) background check if at any time the role requires one to be on a military installation Required for Certain Job Profiles: Drivers who operate Commercial Motor Vehicles with a Gross Vehicle Weight (GVW), Gross Vehicle Weight Rating (GVWR) or combination of power unit and trailer that meets or exceeds 10,001 lbs. and/or transports placardable amounts of hazardous materials by ground in any vehicle on a public road while in commerce, may be subject to additional Federal Motor Carrier Safety Regulations including: Driver Qualification Files, Medical Certification (obtained before onboarding), Road Test, Hours of Service, Drug and Alcohol Testing (CDL drivers only), vehicle inspection requirements, CDL requirements (if applicable) and hazardous materials transportation/shipping training. Required for certain Job Profiles: Ability to obtain and maintain Merchant Mariner Credential, which includes pre-employment and random drug testing as well as DOT physical Benefits Benefits include: Medical, dental, vision, basic and supplemental life insurance, paid parental leave, short and long-term disability, 401(k) with a company match of up to 5%, and an Education Support Program. Stock Options for all regular employees (working at least 20 hours/week) Paid Time Off: Up to four (4) weeks per year based on weekly scheduled hours, and up to 14 company-paid holidays. Dependent on role type and job level, employees may be eligible for benefits and bonuses based on the company's intent to reward individual contributions and enable them to share in the company's results, or other factors at the company's sole discretion. Bonus amounts and eligibility are not guaranteed and subject to change and cancellation. Please check with your recruiter for more details. Equal Employment Opportunity Blue Origin is proud to be an Equal Opportunity/Affirmative Action Employer and is committed to attracting, retaining, and developing a highly qualified and dedicated work force. Blue Origin hires and promotes people on the basis of their qualifications, performance, and abilities. We support the establishment and maintenance of a workplace that fosters trust, equality, and teamwork. We provide all qualified applicants for employment and employees with equal opportunities for hire, promotion, and other terms and conditions of employment, regardless of their race, color, religion, sex, sexual orientation, gender identity, national origin/ethnicity, age, physical or mental disability, genetic factors, military/veteran status, or any other status or characteristic protected by federal, state, and/or local law. Blue Origin will consider for employment qualified applicants with criminal histories in a manner consistent with applicable federal, state, and local laws, including the Washington Fair Chance Act, the California Fair Chance Act, the Los Angeles Fair Chance in Hiring Ordinance, and other applicable laws. For more information on “Know Your Rights,” please see here. Affirmative Action and Disability Accommodation Applicants wishing to receive information on Blue Origin’s Affirmative Action Plans, or applicants requiring a reasonable accommodation in order to participate in the application and/or interview process, please contact us at EEOCompliance@blueorigin.com. Please note this is a publicly managed inbox. Please do not include any personal medical information in your request."
