company,title,job_id,location,country,salary,remote,seniority,us_citizenship_required,security_clearance,relocation_assistance,source_platform,date_posted,scraped_at,apply_url,description_text
Bell (Textron),Trade Compliance Senior Analyst,1540133,"Texas, Fort Worth",United States of America,,onsite,Senior,us_person,Secret,yes,taleo,2026-06-16,2026-06-16T21:35:52Z,https://textron.taleo.net/careersection/bell/jobdetail.ftl?job=1540133,"Job Description - Trade Compliance Senior Analyst (342895)
 
Trade Compliance Senior Analyst
(Job Number: 342895)

 

We’re more than aviation experts, we’re pioneers. We challenge what’s possible. From breaking the sound barrier to advanced tiltrotor systems. Today, Bell is shaping the future of aviation through specialized engineering. And we want you.

Global Trade Compliance

Bell’s Global Trade Compliance department is looking for an innovative, analytical teammate with a global mindset to join our team as a Trade Compliance Sr. Analyst. This position partners with key stakeholders to provide actionable guidance on export/import regulations to ensure compliance with U.S. regulations while enabling successful international business activities. In this role, you will continuously improve Bell’s global trade program through automation, process streamlining, training, risk assessments, etc. You will work with virtually every function within Bell – engineering, supply chain management, program management, sales, business development, government and commercial contracts, information technology, customer support, security, communications, and legal.  And you will work with people at Bell sites globally. 

 

What you’ll be doing as a Trade Compliance Sr. Analyst:

Apply export/import laws and regulations to determine the appropriate actions.

Act as direct operational point of contact on behalf of Manager, and provide regulatory interpretation guidance to junior team members as needed.

Serve as direct liaison to a program and provide dedicated program support including developing solutions to complex issues impacting functional goals as well as contribute to system access decisions related to export classifications and authorizations.

Attend program meetings as a representative of the Trade Compliance group and represent the department as a prime contact with decision making authority.

Prepare and administer export and import authorization applications, including approval of export and/or import transactions as well as review company materials for exportability.

Approve foreign travel and foreign visitors and perform sanctioned party list screenings.

Conduct risk assessments and audits as well as prepare reports and maintain records.

Develop and present global trade related training materials and continuously improve Bell’s trade compliance program by assisting in the development of policies and procedures, automation projects, etc.

Maintain a positive work environment and actively collaborate with internal and external customers.

Other duties as assigned.

 

Skills You Bring to This Role:

Completed bachelor’s degree.
5+ years of experience in a business, regulatory, or technical field.
Eligibility to obtain at least a Secret security clearance is required.
Experience supporting Foreign Military Sales (FMS), Direct Commercial Sales (DCS), and other unique contracting scenarios.
Experience researching, interpreting, and applying the Export Administration Regulations (EAR) and International Traffic in Arms Regulations (ITAR).
Demonstrated ability to develop and implement advanced export/import control concepts.
Proficiency with SAP, GTS, ENOVIA, CATIA, DECCS, SNAP-R, OCR EASE, Power BI, SharePoint.
Demonstrated ability to build effective teams to work complex issues across departments, levels, and with internal or external customers.
Experience identifying training needs and developing and delivering training to fill knowledge gaps.

What we offer you in return:

You’ll be off every other Friday with our 9/80 work schedule

80 hours of Personal Time Off (PTO)

120 hours Vacation time

12-13 paid holidays per year

6 weeks parental leave

Tuition reimbursement

Competitive salary

Comprehensive health insurance

On-site clinic, pharmacy, physical therapy, and licensed counselor

Access to more than 11 Employee Resource Groups

And so much more

It’s time to make your mark on the future of aviation. Join us on this mission, and let’s make history together. 

We are on a journey to amplify innovation, cultivate purpose and bridge experiences by fostering a culture that is driven by unique perspectives, voices and values.

 
 
 
EEO Statement
Textron is committed to providing Equal Opportunity in Employment, to all applicants and employees regardless of race, color, religion, age, national origin, military status, veteran status, disability, sex (including pregnancy and sexual orientation), genetic information or any other characteristic protected by law.

 
This position requires use of information which is subject to the International Traffic in Arms Regulations (ITAR) and/or the Export Administration Regulations (EAR). The ITAR/EAR defines a U.S. person as a U.S. Citizen, U.S. Permanent Resident (i.e. 'Green Card Holder'), Political Asylee, or Refugee. Non-U.S. persons selected must meet eligibility requirements for access to export-restricted information.
 
Recruiting Company Bell Textron Inc.
Primary Location US-Texas-Fort Worth
Job Field Legal
Schedule Full-time
Job Level Individual Contributor
Shift First Shift
Relocation Unavailable
Job Posting 06/16/2026, 3:51:02 PM"
Bell (Textron),"Part-Time Communications & Events Specialist - Amarillo, TX",1537295,"Texas, Amarillo",United States of America,,onsite,Mid,us_person,unknown,yes,taleo,2026-06-16,2026-06-16T21:35:52Z,https://textron.taleo.net/careersection/bell/jobdetail.ftl?job=1537295,"Job Description - Part-Time Communications & Events Specialist - Amarillo, TX (341408)
 
Part-Time Communications & Events Specialist - Amarillo, TX
(Job Number: 341408)

 

We’re more than aviation experts, we’re pioneers. We challenge what’s possible. From breaking the sound barrier to advanced tiltrotor systems. Today, Bell is shaping the future of aviation through specialized engineering. And we want you.

We are developing the future of Army Aviation with the Bell Future Long-Range Assault Aircraft (FLRAA) part of the US Army’s Future Vertical Lift (FVL) modernization effort. We are also developing the Bell 525 Relentless and Bell's High-Speed Vertical Take-Off and Landing (HSVTOL) program, a next generation stop-fold aircraft. 

This position is an hourly paid Part Time role onsite at Bell’s Amarillo Aircraft Assembly complex and reports directly to the Communications Manager of Military Business.  

 

Global Strategic Communications Team

The Communications and Events Specialist is responsible for the planning and execution of small to large-scale visits, events, and community initiatives while supporting strategic communications efforts for Bell’s Amarillo facility.

This role demands strong organizational skills, attention to detail, effective communication, and collaboration across departments and community organizations to ensure alignment with the company’s strategic goals.

This part time role will be working between 32-35 hours a week with shift time 8 am to 4 pm on Monday-Thursday each week with 2-3 additional hours on Fridays each week.   There will be extensive amount of walking each day around Bell’s large aircraft assembly facilities while hosting tours for visitors.  Also, there will be daily exposure to the outdoor elements as well in moving from one assembly facility to another within our very large campus.

What You’ll Be Doing as a Communications and Events Specialist

Support Bell’s experiential marketing team, program teams and Amarillo site leadership to plan and execute a wide range of ceremonial, community, government and stakeholder visits, creating a positive impression and fostering strong stakeholder relationships.
Oversee event logistics, including planning, budgets, timelines, venue setup, catering, transportation, and security for facility visits, tours, and special events ensuring seamless execution and alignment with the company’s brand identity and values.
Coordinate community outreach initiatives, including corporate giving programs, volunteer activities, and partnerships.
Prepare briefing materials, presentations, and promotional content tailored to each visit or event.
Work with communications teams to ensure consistent messaging and help drive business objectives and brand recognition through internal and external communications channels including written content, digital media, photos, video, newsletters, etc.
Serve as a brand ambassador, supporting Bell’s Brand and Content Teams with asset management, vendor coordination, brand requests, photo/video capture, etc.
Support leadership development to elevate customer experience and engagements. 

 

 

What You Need to be Successful:

Bachelor's degree in Marketing, Communications, Public Relations, Business or a related field.
At least 2 years of planning and operations related experience in event planning or communications fields.
Flexibility in schedule based on business needs.
Skilled in maintaining positive relationships with community organizations, local leaders, and other external partners.
Ability to represent the company professionally in all community interactions.
Communicate effectively, both orally and in writing.
Motivated, detail-oriented and self-directed to deliver high quality results.
Demonstrated success with project management.
Ability to assimilate information from a variety of sources, analyze information, recommend and suggest courses of action to be taken.
Fosters a strong entrepreneurial spirit and thrives in a fast-paced and deadline-driven environment while managing multiple priorities with limited resources.
Team player with the desire, passion, and motivation to provide superior brand experience.
Knowledge of branding principles and marketing strategies.
Experienced in developing, implementing and improving processes. 

What We Offer You in Return:

You’ll be off every other Friday with our 9/80 work schedule
90 hours Vacation time
6 weeks parental leave
Competitive salary
Comprehensive health insurance
Access to more than 11 Employee Resource Groups
And so much more

 It’s time to make your mark on the future of aviation. Join us on this mission, and let’s make history together. 

We are on a journey to amplify innovation, cultivate purpose and bridge experiences by fostering a culture that is driven by unique perspectives, voices and values.

 

 
 
 
EEO Statement
Textron is committed to providing Equal Opportunity in Employment, to all applicants and employees regardless of race, color, religion, age, national origin, military status, veteran status, disability, sex (including pregnancy and sexual orientation), genetic information or any other characteristic protected by law.

 
This position requires use of information which is subject to the International Traffic in Arms Regulations (ITAR) and/or the Export Administration Regulations (EAR). The ITAR/EAR defines a U.S. person as a U.S. Citizen, U.S. Permanent Resident (i.e. 'Green Card Holder'), Political Asylee, or Refugee. Non-U.S. persons selected must meet eligibility requirements for access to export-restricted information.
 
Recruiting Company Bell Textron Inc.
Primary Location US-Texas-Amarillo
Job Field Communications
Schedule Part-time
Job Level Individual Contributor
Shift First Shift
Relocation Unavailable
Worksite Onsite
Job Posting 06/16/2026, 3:22:51 PM"
Bell (Textron),Military Supply Support Admin (Fort Worth Logistics Center),1537715,"Texas, Fort Worth",United States of America,,onsite,Mid,us_person,unknown,unknown,taleo,2026-06-16,2026-06-16T21:35:52Z,https://textron.taleo.net/careersection/bell/jobdetail.ftl?job=1537715,"Job Description - Military Supply Support Admin (Fort Worth Logistics Center) (341682)
 
Military Supply Support Admin (Fort Worth Logistics Center)
(Job Number: 341682)

 

We're more than aviation experts, we're pioneers. We challenge what's possible. From breaking the sound barrier to advanced tiltotor systems. Today, Bell is shaping the future of aviation through specialized engineering. And we want you.

The Military Supply Support Administrator role consists of two separate functions with duties in Military Spares and Repair of Repairable (ROR). All Military Supply Support Administrators should be able to perform both functions of the job and some duties will overlap due to the similarity of the roles. The core function of a Military Supply Support Administrator is as follows: Ensure that military sales orders are properly entered and repair orders created by working cross functionally with US Government Contracts and Military Programs to sustain operations in the military sphere.

Job Responsibilities:

• Responsible for creating military spares sales orders for non-EDI transmission and data entry for release to MRP

• Making system upgrade request when an order has been identified as an Aircraft on Ground (AOG),

• For government furnished property, create applicable documents for receiving GFP into government bonded stores (GBS) and the movement of GFP from plant to plant for ROR

• Perform order maintenance actions based upon Contracts, Program or government direction; e.g., error corrections, contract changes, material data, financial and/or shipping blocks

• Responsible for the induction of all ROR make and buy parts

• Initiating repair order (IRMAs) and Purchase Request (PR`s)

• Creating GFP/PO document for processing of material approved for scrap

• Update sales order for material redirects as directed by contracts and military programs

• Process available to promise (ATP) on ROR sales order/s

• Execute the ordering and contractual movement of containers to include but limited to, control and coordination of returning “F” condition containers, ordering to support spares, reordering for “F” condition replacement and noncompliant shipping devices to meet contractual delivery dates and request GFP grouping through GPD.

• Generate GFM/P purchase orders for GRP contracts

• Creation of STO and DD1149 for GFP parts being transported internally to Bell COEs and Vendors

• Perform MIGO Transactions for contract transfers, GFP issue to IRMA`s and de-issued part/s cancelations

• Disposition request to include Beyond Economic Repair (BER), Not To Exceed (NTE), and Beyond Physical Repair

(BPR) for customer stock movement identification and GFP testing in addition to modification of parts

• Perform monthly Military Spares and Order Entry Audits

• Validate incoming material is associated with the proper contract group by reviewing the information provided and inducting or moving to appropriate suspense contract group pending funding availability

• Request part number/s and NSN changes through master data

• Where directed or required by Management participate in collaborative sessions with Management and other employees to assist and contribute to the development of new processes and existing process improvements.

Additional duties can be assigned by the department manager or next higher level of authority within the organization during his/her absence in order to support the needs of the business.

 

Four years of college, or equivalent in aircraft technical courses leading to A&P license, plus a comprehensive knowledge of aircraft parts and SAP ECC application regarding spares and repairable/overhaul of dynamic components.

OR

Two years college and five years experience as an Administrator Spares Control (A-12, F361), or Scheduler P/C (666, A-10) or, Clerk,

Technical Engineering (A-07, 142), or Analyst, Data Release (F342, A-12), or Analyst, Contractual Data I (F106, A-10), or Writer,

Technical Publications II (F-464, A-12) or Editor, Technical Publications (F465, A13), or a combination thereof totaling five years, all of which must have been at Bell Helicopter Textron Inc.

The Military Supply Support Administrator must have a working knowledge of government systems and processes such as Wide Area Work Flow (WAWF), Military Standard Requisitioning and Issue Procedures (MILSTRIP), Mechanization of Contract Admin Services (MOCAS), Defense Finance Accounting Services (DFAS), Department of Defense Activity Address Code (DODAAC), and Defense Priority Allocation System (DPAS).

 

It's time to make your mark on the future of aviation. Join us on this mission and let's make history together.

We are on a journey to amplify innovation, cultivate purpose and bridge experiences by fostering a culture that is driven by unique perspectives, voices and values.

 
 
 
EEO Statement
Textron is committed to providing Equal Opportunity in Employment, to all applicants and employees regardless of race, color, religion, age, national origin, military status, veteran status, disability, sex (including pregnancy and sexual orientation), genetic information or any other characteristic protected by law.

 
This position requires use of information which is subject to the International Traffic in Arms Regulations (ITAR) and/or the Export Administration Regulations (EAR). The ITAR/EAR defines a U.S. person as a U.S. Citizen, U.S. Permanent Resident (i.e. 'Green Card Holder'), Political Asylee, or Refugee. Non-U.S. persons selected must meet eligibility requirements for access to export-restricted information.
 
Recruiting Company Bell Textron Inc.
Primary Location US-Texas-Fort Worth
Job Field Product Support
Schedule Full-time
Job Level Individual Contributor
Shift First Shift
Job Posting 06/16/2026, 1:45:40 PM"
Bell (Textron),Government Furnished Property Specialist - 1st Shift (Fort Worth Logistics Center),1537435,"Texas, Fort Worth",United States of America,,onsite,Mid,us_person,unknown,unknown,taleo,2026-06-16,2026-06-16T21:35:52Z,https://textron.taleo.net/careersection/bell/jobdetail.ftl?job=1537435,"Job Description - Government Furnished Property Specialist - 1st Shift (Fort Worth Logistics Center) (341524)
 
Government Furnished Property Specialist - 1st Shift (Fort Worth Logistics Center)
(Job Number: 341524)

 

We're more than aviation experts, we're pioneers. We challenge what's possible. From breaking the sound barrier to advanced tiltotor systems. Today, Bell is shaping the future of aviation through specialized engineering. And we want you.

Job Responsibilities:
The Government Furnished Property Specialist works with foreign and domestic military customers to ensure the accurate administration and tracking of Government Furnished Property (GFP) and the administration and processing of Government Contracts.
To this end, the Government Furnished Property Specialist shall perform the following duties.
1. Manage government furnished property assets in SAP and ECC systems.
2. Process parts in SAP and ECC to align with sales orders, direct customer orders, kits, and to assist in ensuring the proper upgrade or retrofit of an aircraft.
3. Maintain accurate inventory, GFP Order Control, and repair and overhaul.
4. Read and interpret Government Contracts to move, route, and track government property.
5. Ensure proper GFP part number set-up.
6. Maintain records recording the movement of government property.
Process and record customer inquiries via phone, email, or fax by receiving government customer requests and providing acknowledgement to the government customer.
Determine and create government customer requests for service and locate and update existing government customer documentation in SAP.
Validate customer requirements to ensure government orders are captured correctly by interpreting the contract or directly contacting the customer.
Locate GFP inventory in SAP to determine product availability.
Confirm order requirements and receipt of government furnished materials in support of production by verifying orders in SAP and locating in inventory.
Create and release external government customer orders in SAP to process government sales orders.
Create government furnished property part numbers in Enovia and SAP.
Adhere to the Federal Acquisition Regulations (FAR), the Defense Federal Acquisition Regulations (DFAR), and the Government Property Management Manual required for the control and movement of Government Property.
Coordinate Engineering Investigation and Product Discrepancy Quality Reports with DCMA, Bell Quality, Bell Contracts, Program Management, and the government customer.
Where directed or required by Management participate in collaborative sessions with Management and other employees to assist and contribute to the development of new processes and existing process improvements.
 

Experience & Other Requirements: 

Four years of college, or equivalent in aircraft technical courses leading to A&P license, plus three and one-half (3 1/2) years’ experience in similar work as described above or three and one-half (3 1/2) years’ experience in manufacture liaison work.
Aircraft inventory control functions of a higher nature equivalent to those described above.
Aircraft mechanical experience in field service work wherein a comprehensive knowledge of aircraft parts and application of same has been gained.
Three years of customer support experience.
Must be comfortable and communicate effectively in a customer facing role.
Must be proficient in Microsoft Office Suite (Outlook, Word and Excel). Experience with customer relationship management software preferred.
Two additional years of qualifying experience in similar work as described above may be substituted for two years educational requirements. 

 

It's time to make your mark on the furture of aviation. Join us on this mission and let's make history together.

We are on a journey to amplify innovation, cultivate purpose and bridge experiences by fostering a culture that is driven by unique perspectives, voices and values.


 

 
 
 
EEO Statement
Textron is committed to providing Equal Opportunity in Employment, to all applicants and employees regardless of race, color, religion, age, national origin, military status, veteran status, disability, sex (including pregnancy and sexual orientation), genetic information or any other characteristic protected by law.

Applicants selected will be subject to a government security investigation and must meet eligibility requirements, including US Citizenship, for access to classified information.
 
This position requires use of information which is subject to the International Traffic in Arms Regulations (ITAR) and/or the Export Administration Regulations (EAR). The ITAR/EAR defines a U.S. person as a U.S. Citizen, U.S. Permanent Resident (i.e. 'Green Card Holder'), Political Asylee, or Refugee. Non-U.S. persons selected must meet eligibility requirements for access to export-restricted information.
 
Recruiting Company Bell Textron Inc.
Primary Location US-Texas-Fort Worth
Job Field Product Support
Schedule Full-time
Job Level Individual Contributor
Shift First Shift
Job Posting 06/16/2026, 1:40:40 PM"
Bell (Textron),Government Furnished Property Specialist - 1st Shift (Fort Worth Logistics Center),1537753,"Texas, Fort Worth",United States of America,,onsite,Mid,us_person,unknown,unknown,taleo,2026-06-16,2026-06-16T21:35:52Z,https://textron.taleo.net/careersection/bell/jobdetail.ftl?job=1537753,"Job Description - Government Furnished Property Specialist - 1st Shift (Fort Worth Logistics Center) (341684)
 
Government Furnished Property Specialist - 1st Shift (Fort Worth Logistics Center)
(Job Number: 341684)

 

We're more than aviation experts, we're pioneers. We challenge what's possible. From breaking the sound barrier to advanced tiltotor systems. Today, Bell is shaping the future of aviation through specialized engineering. And we want you.

Job Responsibilities:
The Government Furnished Property Specialist works with foreign and domestic military customers to ensure the accurate administration and tracking of Government Furnished Property (GFP) and the administration and processing of Government Contracts.
To this end, the Government Furnished Property Specialist shall perform the following duties.
1. Manage government furnished property assets in SAP and ECC systems.
2. Process parts in SAP and ECC to align with sales orders, direct customer orders, kits, and to assist in ensuring the proper upgrade or retrofit of an aircraft.
3. Maintain accurate inventory, GFP Order Control, and repair and overhaul.
4. Read and interpret Government Contracts to move, route, and track government property.
5. Ensure proper GFP part number set-up.
6. Maintain records recording the movement of government property.
Process and record customer inquiries via phone, email, or fax by receiving government customer requests and providing acknowledgement to the government customer.
Determine and create government customer requests for service and locate and update existing government customer documentation in SAP.
Validate customer requirements to ensure government orders are captured correctly by interpreting the contract or directly contacting the customer.
Locate GFP inventory in SAP to determine product availability.
Confirm order requirements and receipt of government furnished materials in support of production by verifying orders in SAP and locating in inventory.
Create and release external government customer orders in SAP to process government sales orders.
Create government furnished property part numbers in Enovia and SAP.
Adhere to the Federal Acquisition Regulations (FAR), the Defense Federal Acquisition Regulations (DFAR), and the Government Property Management Manual required for the control and movement of Government Property.
Coordinate Engineering Investigation and Product Discrepancy Quality Reports with DCMA, Bell Quality, Bell Contracts, Program Management, and the government customer.
Where directed or required by Management participate in collaborative sessions with Management and other employees to assist and contribute to the development of new processes and existing process improvements.
 

Experience & Other Requirements: 

Four years of college, or equivalent in aircraft technical courses leading to A&P license, plus three and one-half (3 1/2) years’ experience in similar work as described above or three and one-half (3 1/2) years’ experience in manufacture liaison work.
Aircraft inventory control functions of a higher nature equivalent to those described above.
Aircraft mechanical experience in field service work wherein a comprehensive knowledge of aircraft parts and application of same has been gained.
Three years of customer support experience.
Must be comfortable and communicate effectively in a customer facing role.
Must be proficient in Microsoft Office Suite (Outlook, Word and Excel). Experience with customer relationship management software preferred.
Two additional years of qualifying experience in similar work as described above may be substituted for two years educational requirements. 

 

It's time to make your mark on the furture of aviation. Join us on this mission and let's make history together.

We are on a journey to amplify innovation, cultivate purpose and bridge experiences by fostering a culture that is driven by unique perspectives, voices and values.


 

 
 
 
EEO Statement
Textron is committed to providing Equal Opportunity in Employment, to all applicants and employees regardless of race, color, religion, age, national origin, military status, veteran status, disability, sex (including pregnancy and sexual orientation), genetic information or any other characteristic protected by law.

Applicants selected will be subject to a government security investigation and must meet eligibility requirements, including US Citizenship, for access to classified information.
 
This position requires use of information which is subject to the International Traffic in Arms Regulations (ITAR) and/or the Export Administration Regulations (EAR). The ITAR/EAR defines a U.S. person as a U.S. Citizen, U.S. Permanent Resident (i.e. 'Green Card Holder'), Political Asylee, or Refugee. Non-U.S. persons selected must meet eligibility requirements for access to export-restricted information.
 
Recruiting Company Bell Textron Inc.
Primary Location US-Texas-Fort Worth
Job Field Product Support
Schedule Full-time
Job Level Individual Contributor
Shift First Shift
Job Posting 06/16/2026, 1:37:22 PM"
Bell (Textron),"Superviseur.eure, d'organisme technique acceptable (OTA) (Gatineau, Qc)/ Acceptable Technical Organization (ATO) Supervisor (Gatineau, Qc).",1534976,"CA, Quebec, Gatineau",United States of America,,onsite,Mid,us_person,Secret,unknown,taleo,2026-06-15,2026-06-16T21:35:52Z,https://textron.taleo.net/careersection/bell/jobdetail.ftl?job=1534976,"Job Description - Superviseur.eure, d'organisme technique acceptable (OTA) (Gatineau, Qc)/ Acceptable Technical Organization (ATO) Supervisor (Gatineau, Qc). (340041)
 
Superviseur.eure, d'organisme technique acceptable (OTA) (Gatineau, Qc)/ Acceptable Technical Organization (ATO) Supervisor (Gatineau, Qc).
(Job Number: 340041)

 

English will follow

Sommaire des responsabilités

Afin de fournir un soutien en service continu à la flotte Griffon, tout en faisant avancer simultanément une multitude de projets liés à l'amélioration des capacités existantes ou à l'intégration de nouvelles capacités à bord de la flotte, nous recherchons une personne à ce poste qui sera basée au bureau de Gatineau du Ministère de la Défense Nationale (MDN). Ces responsabilités comprennent ce qui suit :

Superviser et coordonner les activités de travail entre le personnel de gestion du système d'armes (GSA) du MDN CH146 et l'équipe sur place de BTCL pour les tâches attribuées à BTCL :

Maintenir le suivi des tâches attribuées à l’équipe de spécialistes cycle de vie en structure, mécanique, avionique et système d’armes.

S'assurer que les affectations de travail et les tâches ouvertes avec l'équipe sur place de BTCL sont priorisées en conjonction avec les objectifs de BTCL et du MDN.

Surveiller les progrès et l'achèvement des tâches hautement prioritaires assignées à BTCL par rapport aux exigences du MDN et fournir des conseils au besoin. Prendre les moyens requis pour mitiger les risques sur la cédule prévue.

Participer et planifier, au besoin, des groupes de travail, des réunions de coordination et de planification avec les équipes du MDN et de BTCL à différents niveaux de gestion.

Transmettre les problèmes et les situations associés à la charge de travail globale et les risques liés au respect des dates d'achèvement promises, identifier les étapes de mitigations prises et les recommandations d’actions correctives à l’équipe de gestion BTCL.

En plus du personnel de WSM, coordonner/assurer la liaison avec les agences internes et externes, au besoin pour inclure DTAES, DAR, 1 Cdn Air Div HQ, 1 Wing HQ, AFTEC, AETE, LATEF, ATESS, PSPC, BTCL Calgary, BTCL FSR et le bureau de Mirabel , entrepreneurs, unités, etc. selon les besoins dans la conduite des activités d'amélioration du programme, du projet et de LCM.

Diriger les tâches complexes assignées impliquant plusieurs parties prenantes internes et externes liées à la prestation des services du programme.

Assurer que tous les aspects des activités de l’équipe LCMS sont exécutés conformément aux processus approuvés.

Gérer le flux de travail BTCL ATO en respect aux plans du système de gestion de la qualité (SGQ) et aux instructions d’opérations.

Transmettre au BTCL SDE les observations pertinentes à la conduite d'activités à Gatineau qui pourraient avoir un impact sur le BTCL ATO.

Coordonner l'examen des processus et des exigences du SLI avec le propriétaire du processus (superviseur du SLI à Mirabel).

Soutenir le CM en service conformément au SGQ BTCL applicable, aux processus AF9000 du MDN et au CMP CH146 pour le contrôle des dossiers et des décisions pour le CH146 Griffon.

Fournir un soutien pour les audits si nécessaire, et développer le plan d’actions correctives.

Assurer la supervision du personnel.

 

Exigences du poste 

·       Diplôme universitaire dans un domaine lié à l'aérospatiale ou formation et expérience technique équivalentes.

·       Huit (8) années d'expérience dans la conduite, la gestion ou la supervision de la maintenance d'aéronefs, de préférence au sein d'une unité CH146 du MDN ou d'autres unités militaires à voilure tournante.

·       Expérience de travail dans une capacité technique directement liée à la gestion du cycle de vie, de préférence au sein de la communauté des hélicoptères CH146 Griffon.

·       Expérience en tant que superviseur/chef d'équipe.

·       Excellente connaissance des règlements de navigabilité des Forces canadiennes et des politiques du programme de maintenance.

·       Expérience du processus de gestion des changements d'aéronefs des Forces canadiennes est un atout.

·       Bonne connaissance de Microsoft Office - Excel, Word.

·       Bon relationnel et capacité à travailler sous pression et avec les différents intervenants.

·       De solides compétences organisationnelles sont essentielles.

·       Excellentes compétences en communication, avec une capacité démontrée à faire des présentations à la haute direction et aux clients.

Le/La candidat(e) doit être en mesure d'obtenir et de conserver une côte sécurité NATO niveau 2.

Toute autre combinaison de scolarité et d’expérience jugée équivalente pourra être considérée.

Avantages de travailler chez Bell Textron Canada

 

Programme d’assurance collective et régime d’épargne retraite
Moyenne de 13 jours fériés/mobiles
Possibilité de cumuler le temps supplémentaire en temps compensé jusqu’à concurrence de 40h par année
Politique d’horaire flexible
Programme d’aide à l’éducation pour les employés
Programme de remboursement pour les frais de conditionnement physique
Programme d’aide aux employés et à la famille

 

Ne ratez pas votre chance de vous joindre à un milieu diversifié et inclusif qui favorise un sentiment d’appartenance. En tant que membre de notre effectif mondial, vous collaborerez avec des équipes dévouées et enthousiastes, dont les différences d’expériences, d’antécédents et d’idées et une solide passion pour nos produits nous permettent d’aller au-delà du vol.

 Bell Textron Canada Ltée adhère aux principes d’équité en matière d’emploi. Nous invitons les femmes, les Autochtones, les minorités visibles et les personnes handicapées à soumettre leurs candidatures.                             

Les personnes handicapées peuvent recevoir de l'assistance pour le processus de présélection et de sélection, si elles le désirent.

 

Summary of job description

 

In order to provide ongoing in-service support to the Griffon fleet, while simultaneously advancing a multitude of projects related to the improvement of existing or integration of new capabilities onboard the fleet, we require the services of an Airframe & Mechanical System Life Cycle Materiel Specialist (LCMS) Supervisor on site in the Department of National Defense (DND) Gatineau Office.  These responsibilities include the following:

 

Supervise and coordinate work activities between the DND CH146 Weapons System Management (WSM) staff and the BTCL on-site team for assignment of tasks allocated to BTCL
Maintain oversight of the tasks allocated to BTCL.
Ensure the work assignments and open tasks with the BTCL on-site team are prioritized in conjunction with both BTCL and DND objectives, and optimize processes and procedures as required.
Monitor progress and completion of high priority tasks assigned to BTCL against DND requirements and provide guidance as necessary and taking appropriate steps to mitigate risks to scheduled completion dates.
Participate and plan as required, working groups, coordination and planning meetings with DND and BTCL teams at various management levels.
Escalate to the BTCL management staff arisings or issues associated with overall workload, and risks against meeting promised completion dates, identifying mitigating steps taken and other corrective action recommendations.
In addition to the WSM staff, coordinate/liaise with internal and external agencies, as required to include DTAES, DAR, 1 Cdn Air Div HQ, 1 Wing HQ, AFTEC, AETE, LATEF, ATESS, PSPC, BTCL FSRs, BTCL Calgary and Mirabel office, contractors, units, etc. as necessary in the conduct of program improvement, project and LCM activities. 
Lead assigned complex tasks involving multiple internal & external stakeholders related to delivery of the program services.
Follow up/ Monitor process completion to ensure all aspects of the LCMS work activities are in compliance to the approved processes.
Manage the BTCL ATO workflow in accordance with the BTCL Quality Management System (QMS) plans and Operating Instructions.
Escalate to the BTCL SDE observations pertinent to the conduct of activities in Gatineau that may have an impact on the BTCL ATO.
Coordinate review of ILS processes and requirements with the process owner (ILS supervisor in Mirabel).
Support in-service CM in accordance with the applicable BTCL QMS, DND AF9000 processes and the CH146 CMP for the control of records and decisions for the CH146 Griffon.
Provide support for audits as necessary, developing corrective action plans where assigned.
Perform personnel supervisory functions.

Minimum required qualifications

University degree in an aerospace related field or related equivalent training and technical experience.
Eight (8) years of experience in the conduct, management, or supervision of aircraft maintenance, preferably within a DND CH146 unit or within other military rotary wing units.
Experience working in a technical capacity directly related to life cycle material management, preferably within the CH146 Griffon helicopter community.
Experience as a supervisor/team lead.
Excellent knowledge of the Canadian Forces airworthiness regulations and maintenance program policies. Experience in management is an asset
Experience with the Canadian Forces aircraft change management process is an asset.
Good knowledge of Microsoft Office - Excel, Word.
Good interpersonal skills and be able to work under pressure and with the various BTCL and DND stakeholders.
Strong organizational skills are essential.
Excellent communication skills, with demonstrated ability to make presentations to Senior Management and customer stakeholders.

The applicant should be able to receive and maintain NATO Level II Security Clearance

Any other combination of education and experience deemed equivalent may be considered.

 

SECURITY CLEARANCE
The holder must obtain and maintain the NATO Secret security clearance as issued by the Controlled Goods Directorate of Canada’s Public Services and Procurement Canada and BTCL security officers.

 

Benefits of working at Bell Textron

 

Group insurance program and pension plan/savings
Average of 13 holidays/floating days
Possibility of banking overtime in compensated time up to 40 hours per year
Flexible schedule policy
Educational assistance program for employees
Reimbursement program for fitness fees
Employee and Family Assistance Program

 

Don’t miss the chance to join a diverse, inclusive environment where you feel a sense of belonging. As a member of our global workforce, you will collaborate with dedicated, enthusiastic teams where unique experiences, backgrounds and ideas combined with a strong passion for our products take us above and beyond flight.

Bell Textron Canada Ltee adheres to the principles of Employment Equity.We welcome applications from women, aboriginal peoples, visible minorities and people with disabilities.                            

People with disabilities may receive assistance with the screening and selection process, if they wish.

 

 

 
 
 

Recruiting Company Bell Textron Inc.
Primary Location CA-Quebec-Gatineau
Job Field Engineering
Schedule Full-time
Job Level Manager with Direct Reports
Shift First Shift
Job Posting 06/15/2026, 3:32:30 PM"
Bell (Textron),Structures Mechanic (Experienced),1539766,"Tennessee, Piney Flats",United States of America,,onsite,Mid,us_person,unknown,yes,taleo,2026-06-15,2026-06-16T21:35:52Z,https://textron.taleo.net/careersection/bell/jobdetail.ftl?job=1539766,"Job Description - Structures Mechanic (Experienced) (342627)
 
Structures Mechanic (Experienced)
(Job Number: 342627)

 

We’re more than aviation experts, we’re pioneers. We challenge what’s possible. From breaking the sound barrier to advanced tiltrotor systems. Today, Bell is shaping the future of aviation through specialized engineering. And we want you.
 

Aircraft Services Team - Piney Flats, TN


Come join the Bell Piney Flats Aircraft Services Customization team and help ensure best in class service to our customers. In this position, you’ll be an integral part of the team, performing a variety of tasks such as aircraft installations, inspections, fabrication, and modification, all in accordance with applicable data and customer specifications.
 

What you’ll be doing as a Structures Mechanic

Perform disassembly and reassembly of aircraft, scheduled inspections, and Alert Service Bulletins.
Perform major and minor repairs and alterations to the aircraft structure, including sheet metal and composite repairs and fabrications.
Fabricate mounting brackets, and measure, drill, and modify aircraft structures without causing damage to structure or underlying components.
Document all work accurately, completely, and in a timely manner. 
Work overtime as required.
 

Skills You Bring to this Role

2+ years’ experience as an aircraft mechanic; must include structures experience.
High school diploma or GED.
FAA A&P Certificate is preferred.
Maintenance experience on Bell commercial models and/or Bell field maintenance courses preferred.
Must provide own tools.
Ability to perform job duties, including basic measuring, drilling, and fabrication tasks.
Ability to work from detailed documents, technical manuals, and blueprints.
Ability to work well with others in a team-oriented environment with strong organization skills, attention to detail, and ability to follow instructions accurately.

 

Physical Requirements

Ability to lift and carry objects weighing up to 25 lbs., and to team lift up to 50 lbs.
Ability to perform prolonged kneeling, squatting, sitting, crawling, and climbing stairs, ladders and work stands.
Ability to stand for extended periods during the entire duration of shift.
Excellent hand-eye coordination and manual dexterity for handling small components and tools.
Flexibility to bend, stoop, and crouch as required for tasks.
Good vision, including the ability to focus on small details and identify defects.
Ability to communicate effectively with team members and supervisors regarding progress and potential issues.
Willingness to follow instructions and ask for clarification when needed.

 

What we offer you in return

80 hours of Personal Time Off (PTO)
120 hours Vacation time
12-13 paid holidays per year
6 weeks parental leave
Tuition reimbursement
Competitive salary
Comprehensive health insurance
On-site Bell Piney Flats fitness center (employees only)
Access to Employee Resource Groups
And so much more

 

It’s time to make your mark on the future of aviation. Join us on this mission, and let’s make history together.

We are on a journey to amplify innovation, cultivate purpose and bridge experiences by fostering a culture that is driven by unique perspectives, voices and values.

 
 
 
EEO Statement
Textron is committed to providing Equal Opportunity in Employment, to all applicants and employees regardless of race, color, religion, age, national origin, military status, veteran status, disability, sex (including pregnancy and sexual orientation), genetic information or any other characteristic protected by law.

 
This position requires use of information which is subject to the International Traffic in Arms Regulations (ITAR) and/or the Export Administration Regulations (EAR). The ITAR/EAR defines a U.S. person as a U.S. Citizen, U.S. Permanent Resident (i.e. 'Green Card Holder'), Political Asylee, or Refugee. Non-U.S. persons selected must meet eligibility requirements for access to export-restricted information.
 
Recruiting Company Bell Textron Inc.
Primary Location US-Tennessee-Piney Flats
Job Field Manufacturing
Schedule Full-time
Job Level Individual Contributor
Shift First Shift
Relocation Unavailable
Job Posting 06/15/2026, 1:31:41 PM"
Bell (Textron),Milling Mach Opr A - 2nd shift MTC,1537007,"Texas, Fort Worth",United States of America,,onsite,Mid,us_person,unknown,unknown,taleo,2026-06-11,2026-06-16T21:35:52Z,https://textron.taleo.net/careersection/bell/jobdetail.ftl?job=1537007,"Job Description - Milling Mach Opr A - 2nd shift MTC (341269)
 
Milling Mach Opr A - 2nd shift MTC
(Job Number: 341269)

 

Job Description:

·         Sets up and operates all types of milling machines on diversified production, experimental or tool work wherein methods must be devised to machine parts.

·         Devises methods to clamp, block and hold work. 

·         Selects speeds, feeds and tools. 

·         Selects reference points. 

·         Uses dividing heads. 

·         Uses boring head with special tools and cutters. 

·         Work involves all types of milling operations, including facing and milling, dovetailing, boring, reaming, gear work, etc. 

·         Uses a wide variety of attachments including slotting equipment, grinding wheels and grinding attachments.

·         Frequently works without fixtures. 

·         Works to close tolerances.

Tools & Equipment Used:

·         Various conventional, NC and CNC milling machines and the attachments thereto, machinists’ hand tools and precision measuring equipment.

 

Experience & Other Requirements:

·         Three (3) years performing the work above.

Textron is an Equal Opportunity Employer (M/F/D/V)

 
 
 
EEO Statement
Textron is committed to providing Equal Opportunity in Employment, to all applicants and employees regardless of race, color, religion, age, national origin, military status, veteran status, disability, sex (including pregnancy and sexual orientation), genetic information or any other characteristic protected by law.

Recruiting Company Bell Textron Inc.
Primary Location US-Texas-Fort Worth
Job Field Manufacturing
Schedule Full-time
Job Level Individual Contributor
Shift Second Shift
Job Posting 06/11/2026, 10:04:17 AM"
Bell (Textron),Mfg Eng Resource Planner III,1535864,"Texas, Fort Worth",United States of America,,onsite,Mid,us_person,unknown,unknown,taleo,2026-06-11,2026-06-16T21:35:52Z,https://textron.taleo.net/careersection/bell/jobdetail.ftl?job=1535864,"Job Description - Mfg Eng Resource Planner III (340573)
 
Mfg Eng Resource Planner III
(Job Number: 340573)

 

·       Under the general supervision of a supervisor or an employee of equal or higher rank, Mfg. Eng. Resource Planner III is responsible for administering effective allocation of manufacturing resources for process planning creation and maintenance.

·       Responsible for BOM consumption, Computer Aided Planning (CAP) routing creation and manufacturing items orders for manufacturing operations in Bell business systems.

·       When a Manufacturing Computer Aided Design (MCAD) model exists, responsible for creation and maintenance of manufacturing instructions (drawings & modeling).

·       Must have knowledge of shop production and processing operations.

·       Work in accordance with management strategies and concepts as well as program and departmental processes and procedures using Bell Business Systems.

·       May train one or more employees.

 

Worked Performed:

·       Interrogate, analyze, comprehend, and interpret various Engineering Drawings, Models, Bills of Materials, Technical Specifications, Quality Documents, Bell Process Framework, and departmental procedures as necessary to perform assigned work.

·       Responsible for accurate BOM management and consumption for manufacturing operations.

·       Create and maintain proper work sequence documentation and CAP routings.

·       Responsible for creating manufacturing items orders/requests including but not limited to NC Programs, Tools/Fixtures, and Gages.

·       Provide process planning support to manufacturing operations through production order maintenance, tool maintenance requests, and various other planning liaison functions.

·       Responsible for creating and maintaining applicable dimensional charts, manufacturing instructions (text based and 2D/3D format), material operation diagrams and ply tables as required.

·       When a Manufacturing Computer Aided Design (MCAD) model exists, responsible for creation and maintenance of manufacturing instructions (drawings & modeling).

·       Working knowledge of Loft, Engineering, Tooling, Manufacturing and Planning processes and procedures

·       Skilled in the concept related to the application of GD&T/Aerospace tolerances Supports producibility assessments when requested.

·       Maintains records and schedules of work assigned. Will meet established company cost control standards, schedule and qualify requirements to maintain market competitiveness.

·       Provide technical assistance to procurement and suppliers as determined by management.

·       Execute strong communication skills, both verbal and written, required to communicate and interact between internal and external customers.

·       Apply extensive aircraft manufacturing knowledge and be prepared to train, direct, instruct, and check/validate Production Engineering work.

·       Required to attend training and complete competency-based testing as required by management to remain current with technological advancements.

 

 

Experience & Other Requirements:

·       Two (2) years college or two (2) years of experience in the aircraft industry or completed related Bell apprentice program.

·       Demonstrated capability to adequately perform the essential functions and responsibilities related to the application of GD&T/Aerospace tolerances

·       Demonstrated experience in technical writing or experience utilizing technical writing in an aerospace/manufacturing environment.

·       Demonstrated computer proficiency in planning software, Microsoft Office Suite, ERP/MRP software, tool design repositories, and CAD software.

·       Preferred demonstrated experience in manufacturing composite or metallic materials.

·       Preferred experience in machined parts.

·       Must have strong communication skills, both verbal and written.

This position requires use of information which is subject to the International Traffic in Arms Regulations (ITAR). All applicants must be U.S. persons within the meaning of ITAR. ITAR defines a U.S. person as a U.S. Citizen, U.S. Permanent Resident (i.e. 'Green Card Holder'), Political Asylee, or Refugee.

Textron is an Equal Opportunity Employer (M/F/D/V)

 
 
 
EEO Statement
Textron is committed to providing Equal Opportunity in Employment, to all applicants and employees regardless of race, color, religion, age, national origin, military status, veteran status, disability, sex (including pregnancy and sexual orientation), genetic information or any other characteristic protected by law.

 
This position requires use of information which is subject to the International Traffic in Arms Regulations (ITAR) and/or the Export Administration Regulations (EAR). The ITAR/EAR defines a U.S. person as a U.S. Citizen, U.S. Permanent Resident (i.e. 'Green Card Holder'), Political Asylee, or Refugee. Non-U.S. persons selected must meet eligibility requirements for access to export-restricted information.
 
Recruiting Company Bell Textron Inc.
Primary Location US-Texas-Fort Worth
Job Field Manufacturing
Schedule Full-time
Job Level Individual Contributor
Shift First Shift
Job Posting 06/11/2026, 9:38:50 AM"
Bell (Textron),Gear Cut & Grind (Machinist Intern) - DSC 1st Shift,1535593,"Texas, Fort Worth",United States of America,,onsite,Junior,us_person,unknown,unknown,taleo,2026-06-11,2026-06-16T21:35:52Z,https://textron.taleo.net/careersection/bell/jobdetail.ftl?job=1535593,"Job Description - Gear Cut & Grind (Machinist Intern) - DSC 1st Shift (340384)
 
Gear Cut & Grind (Machinist Intern) - DSC 1st Shift
(Job Number: 340384)

 

Work Performed:

Sets up and operates all types of gear manufacturing equipment including gear cutters, gear grinders, gear shavers, lapping machines, etc., to produce a wide variety of gears and splines including spiral bevel, helical and hypoid gears. Set ups and work must be held to extremely close tolerances. Advises and assists in development of new gears and gear cutting processes. Tests and checks gears using gear testing and checking machines and equipment. Sets up and/or performs all grinding on case hardened surfaces. Will not be retained in this position longer than two (2) years.

 

Tools & Equipment Used:

All types of gear manufacturing, testing, and checking equipment, machinists’ hand tools, and precision-measuring instruments.

 

Experience & Other Requirements:

Two (2) years performing the work above or the equivalent technical education.

 

This position requires use of information which is subject to the International Traffic in Arms Regulations (ITAR).  All applicants must be U.S. persons within the meaning of ITAR.  ITAR defines a U.S. person as a U.S. Citizen, U.S. Permanent Resident (i.e. 'Green Card Holder'), Political Asylee, or Refugee.

 

Textron is an Equal Opportunity Employer (M/F/D/V)

 

 
 
 
EEO Statement
Textron is committed to providing Equal Opportunity in Employment, to all applicants and employees regardless of race, color, religion, age, national origin, military status, veteran status, disability, sex (including pregnancy and sexual orientation), genetic information or any other characteristic protected by law.

 
This position requires use of information which is subject to the International Traffic in Arms Regulations (ITAR) and/or the Export Administration Regulations (EAR). The ITAR/EAR defines a U.S. person as a U.S. Citizen, U.S. Permanent Resident (i.e. 'Green Card Holder'), Political Asylee
 
Recruiting Company Bell Textron Inc.
Primary Location US-Texas-Fort Worth
Job Field Manufacturing
Schedule Full-time
Job Level Individual Contributor
Shift First Shift
Job Posting 06/11/2026, 9:33:59 AM"
Bell (Textron),CRM Sales Enablement Specialist - Onsite,1539666,"Texas, Fort Worth",United States of America,,onsite,Mid,us_person,unknown,yes,taleo,2026-06-10,2026-06-16T21:35:52Z,https://textron.taleo.net/careersection/bell/jobdetail.ftl?job=1539666,"Job Description - CRM Sales Enablement Specialist - Onsite (342535)
 
CRM Sales Enablement Specialist - Onsite
(Job Number: 342535)

 

We’re more than aviation experts, we’re pioneers. We challenge what’s possible. From breaking the sound barrier to advanced tiltrotor systems. Today, Bell is shaping the future of aviation through specialized engineering. And we want you.

We are developing the future of Army Aviation with the Bell Future Long-Range Assault Aircraft (FLRAA) part of the US Army’s Future Vertical Lift (FVL) modernization effort. We are also developing the Bell 525 Relentless and Bell's High-Speed Vertical Take-Off and Landing (HSVTOL) program, a next generation stop-fold aircraft. 

This position is onsite at Bell’s Commercial Business Center in Fort Worth, Texas, close to the DFW airport.

Please note that this role is supporting a Sales team, not an IT  team.  

Commercial Product Marketing

Bring your experience and ideas to this unique multi-dimensional role at Bell where you will be responsible for supporting commercial aircraft sales and projects focused on growing commercial product sales.

When you join Bell Commercial Business, you will be responsible for leading the design, delivery, and administration of our customer relationship management platform Salesforce.

In this role, you will support revenue growth by managing Salesforce optimization, providing regional sales managers with actionable insights drawn from CRM data, and partnering with sales leadership to reinforce best-practice execution.

You will collaborate with teams across the business to ensure the sales team is equipped with the skills and technology needed to excel in customer-facing roles, while driving data governance, continuous improvement, and impactful data visualizations.

What You’ll Be Doing as a Sales Enablement Specialist:

·         Manage, maintain, and enhance Salesforce to support daily sales workflows.

·         Build, refine, and document Salesforce processes, fields, reports, and automations.

·         Create dashboards in Salesforce to give leadership and reps visibility into pipeline, activity, and performance.

·         Train new and existing sales reps on Salesforce usage, sales processes, and productivity tools.

·         Support the rollout of new sales tools, features, and process updates, ensuring smooth adoption.

·         Analyze sales data to uncover trends, gaps, and opportunities for process improvement.

·         Evaluate new technologies, tools, or workflows that increase sales productivity and efficiency.

·         Enhance sales and marketing efficiency by aiding daily problem solving of local and global CRM roadblocks.

·         Collaborating on sales, marketing, and business roadmap development including budgetary planning for tool development.

 

Skills You Bring to This Role:

·         Bachelor’s degree required. Degree in Business, Analytics, Marketing, or a STEM related field preferred.

·         At least 2 years of direct experience in Customer Relationship Management (CRM) software required (Salesforce experience preferred).

·         Demonstrated analytical thinking by using data to assess sales effectiveness, draw quantitative conclusions, and implement solutions quickly.

·         Ability to integrate the objectives of regional sales strategy managers, segment specialists, and performance engineers to implement coordinated project plans.

·         Strong verbal and written communication skills

·         Ability to build and maintain effective collaborative relationships as well as influence and partner with cross-functional stakeholders

·         Proficient in delivering clear and engaging presentations

·         Ability to teach and coach others

·         Direct experience with CRM Salesforce administration and AI tool development preferred.

·         Background in complex B2B sales environments with experience in building CRM technology roadmaps preferred.

·         Familiarity and proven execution with data visualization tools (Power BI, Data Bricks, Salesforce Reporting) is preferred.

NOTE: Bell/Textron Relocation Assistance is NOT available for this role.

What we offer you in return:

·         You’ll be off every other Friday with our 9/80 work schedule

·         80 hours of Personal Time Off (PTO)

·         120 hours Vacation time

·         12-13 paid holidays per year

·         6 weeks parental leave

·         Tuition reimbursement

·         Competitive salary

·         Comprehensive health insurance

·         On-site clinic, pharmacy, physical therapy, and licensed counselor

·         Access to more than 11 Employee Resource Groups

·         And so much more

NOTE: Bell/Textron Relocation Assistance is NOT available for this role.

It’s time to make your mark on the future of aviation. Join us on this mission, and let’s make history together. 

We are on a journey to amplify innovation, cultivate purpose and bridge experiences by fostering a culture that is driven by unique perspectives, voices and values.

 
 
 
EEO Statement
Textron is committed to providing Equal Opportunity in Employment, to all applicants and employees regardless of race, color, religion, age, national origin, military status, veteran status, disability, sex (including pregnancy and sexual orientation), genetic information or any other characteristic protected by law.

 
This position requires use of information which is subject to the International Traffic in Arms Regulations (ITAR) and/or the Export Administration Regulations (EAR). The ITAR/EAR defines a U.S. person as a U.S. Citizen, U.S. Permanent Resident (i.e. 'Green Card Holder'), Political Asylee, or Refugee. Non-U.S. persons selected must meet eligibility requirements for access to export-restricted information.
 
Recruiting Company Bell Textron Inc.
Primary Location US-Texas-Fort Worth
Job Field Marketing
Schedule Full-time
Job Level Individual Contributor
Shift First Shift
Travel Yes, 10 % of the Time
Relocation Unavailable
Worksite Onsite
Job Posting 06/10/2026, 4:43:22 PM"
Bell (Textron),Hone Operator - 2nd shift - RSC,1534924,"Texas, Fort Worth",United States of America,,onsite,Mid,us_person,unknown,unknown,taleo,2026-06-10,2026-06-16T21:35:52Z,https://textron.taleo.net/careersection/bell/jobdetail.ftl?job=1534924,"Job Description - Hone Operator - 2nd shift - RSC (339968)
 
Hone Operator - 2nd shift - RSC
(Job Number: 339968)

 

We’re more than aviation experts, we’re pioneers. We challenge what’s possible. From breaking the sound barrier to advanced tiltrotor systems. Today, Bell is shaping the future of aviation through specialized engineering. And we want you.

Hone Operator:

·       Sets up and operates all precision honing equipment with the exception of the super hone for production, experimental, and tool work.

·       Selects proper speeds, feeds and stones. Holds work to required tolerances.

·       Set-ups are exacting usually requiring firm and accurately set fixtures, rests or blocks.

·       Works from blueprints or specific written or verbal instructions and is required to check work to required tolerances.

·       Determines correct procedures to follow, devises methods of honing non-routine parts or assemblies, and makes effective recommendations for improvements in procedures and practices.

Skills you bring to this role

·       All types of hones, machinists’ hand tools, precision measuring instruments, tooling fixtures, templates, jibs, work aids, gauges, and a variety of layout and setup equipment.

 

What you need to be successful

·       Two (2) years of precision (tolerances less than .0005) manufacturing machine shop honing or grinding experience including setup.

This position requires use of information which is subject to the International Traffic in Arms Regulations (ITAR). All applicants must be U.S. persons within the meaning of ITAR.  ITAR defines a U.S. person as a U.S. Citizen, U.S. Permanent Resident (i.e. 'Green Card Holder'), Political Asylee, or Refugee.

Textron is an Equal Opportunity Employer (M/F/D/V)

 
 
 
EEO Statement
Textron is committed to providing Equal Opportunity in Employment, to all applicants and employees regardless of race, color, religion, age, national origin, military status, veteran status, disability, sex (including pregnancy and sexual orientation), genetic information or any other characteristic protected by law.

 
This position requires use of information which is subject to the International Traffic in Arms Regulations (ITAR) and/or the Export Administration Regulations (EAR). The ITAR/EAR defines a U.S. person as a U.S. Citizen, U.S. Permanent Resident (i.e. 'Green Card Holder'), Political Asylee
 
Recruiting Company Bell Textron Inc.
Primary Location US-Texas-Fort Worth
Job Field Manufacturing
Schedule Full-time
Job Level Individual Contributor
Shift Second Shift
Worksite Onsite
Job Posting 06/10/2026, 4:08:39 PM"
Bell (Textron),Grinder Production A - 1st Shift (DSC),1537592,"Texas, Fort Worth",United States of America,,onsite,Mid,us_person,unknown,unknown,taleo,2026-06-10,2026-06-16T21:35:52Z,https://textron.taleo.net/careersection/bell/jobdetail.ftl?job=1537592,"Job Description - Grinder Production A - 1st Shift (DSC) (341605)
 
Grinder Production A - 1st Shift (DSC)
(Job Number: 341605)

 

Job Description:

·       Sets up and operates internal, centerless, surface, external, thread and universal grinders for production, experimental, and tool work.

·       Must be able and is required to perform any type of difficult grinding work on any and all types grinders.

·       Grinds steps, tapers, recesses, shoulders, angles, contours and threads.

·       Must be able to set up truing devices on thread grinding for various types and forms of threads. Selects proper speeds, feeds, and wheels.

·       Holds work to required tolerances. Setups are exacting, usually requiring firm and accurately set fixtures, rests or blocks.

Tools & Equipment Used:

All types of grinders, machinists’ hand tools, precision measuring instruments.

 

Experience & Other Requirements:

·       Three years of production grinding experience including setup.

This position requires use of information which is subject to the International Traffic in Arms Regulations (ITAR).  All applicants must be U.S. persons within the meaning of ITAR.  ITAR defines a U.S. person as a U.S. Citizen, U.S. Permanent Resident (i.e. 'Green Card Holder'), Political Asylee, or Refugee.

Textron is an Equal Opportunity Employer (M/F/D/V)

 
 
 
EEO Statement
Textron is committed to providing Equal Opportunity in Employment, to all applicants and employees regardless of race, color, religion, age, national origin, military status, veteran status, disability, sex (including pregnancy and sexual orientation), genetic information or any other characteristic protected by law.

 
This position requires use of information which is subject to the International Traffic in Arms Regulations (ITAR) and/or the Export Administration Regulations (EAR). The ITAR/EAR defines a U.S. person as a U.S. Citizen, U.S. Permanent Resident (i.e. 'Green Card Holder'), Political Asylee, or Refugee. Non-U.S. persons selected must meet eligibility requirements for access to export-restricted information.
 
Recruiting Company Bell Textron Inc.
Primary Location US-Texas-Fort Worth
Job Field Manufacturing
Schedule Full-time
Job Level Individual Contributor
Shift First Shift
Job Posting 06/10/2026, 4:06:57 PM"
Bell (Textron),Sand Blaster - 2nd shift - Rotors,1538076,"Texas, Fort Worth",United States of America,,onsite,Mid,us_person,unknown,unknown,taleo,2026-06-10,2026-06-16T21:35:52Z,https://textron.taleo.net/careersection/bell/jobdetail.ftl?job=1538076,"Job Description - Sand Blaster - 2nd shift - Rotors (341834)
 
Sand Blaster - 2nd shift - Rotors
(Job Number: 341834)

 

We’re more than aviation experts, we’re pioneers. We challenge what’s possible. From breaking the sound barrier to advanced tiltrotor systems. Today, Bell is shaping the future of aviation through specialized engineering. And we want you.

What you'll be doing as a Sand Blaster

Seated or standing, operates sand or shot blasting equipment to process a variety of metal parts or articles for the removal of scale, flux corrosion, dirt, and other foreign matters.
• Selects the proper abrasive, adjusts and sets air pressure and equipment as required.
• Loads and unloads tumbler and table.
• Maintains adequate supply of abrasive and keeps equipment in an orderly condition.

Skills you bring to this role

Air hose, nozzles, pressure gauges, and protective equipment. Cabinet tumbler, table, etc.

 

What you need to be successful

Six (6) months qualifying experience.


This position requires use of information which is subject to the International Traffic in Arms Regulations (ITAR). All applicants must be U.S. persons within the meaning of ITAR. ITAR defines a U.S. person as a U.S. Citizen, U.S. Permanent Resident (i.e. 'Green Card Holder'), Political Asylee, or Refugee.
Textron is an Equal Opportunity Employer (M/F/D/V)

 
 
 
EEO Statement
Textron is committed to providing Equal Opportunity in Employment, to all applicants and employees regardless of race, color, religion, age, national origin, military status, veteran status, disability, sex (including pregnancy and sexual orientation), genetic information or any other characteristic protected by law.

Recruiting Company Bell Textron Inc.
Primary Location US-Texas-Fort Worth
Job Field Manufacturing
Schedule Full-time
Job Level Individual Contributor
Shift Second Shift
Worksite Onsite
Job Posting 06/10/2026, 2:18:44 PM"
Bell (Textron),Gear Cutter & Grinder A DSC - 2nd Shift,1532434,"Texas, Grand Prairie",United States of America,,onsite,Mid,us_person,unknown,unknown,taleo,2026-06-10,2026-06-16T21:35:52Z,https://textron.taleo.net/careersection/bell/jobdetail.ftl?job=1532434,"Job Description - Gear Cutter & Grinder A DSC - 2nd Shift (338609)
 
Gear Cutter & Grinder A DSC - 2nd Shift
(Job Number: 338609)

 

 

We are pioneers. We were the first to break the sound barrier and to design the first functional jetpack.  We were aboard NASA’s first lunar mission and brought advanced tiltrotor systems to market. Today, we are defining the future of on-demand mobility. At Bell, we are proud to work for an iconic company with superb talent, rapidly creating novel and coveted vertical lift experiences.  

 

Bell-Textron Inc. is seeking a Gear, Cut & Grind technician to support our manufacturing operations at our Drive Systems Center at out Drive System Center location in Grand Prairie, Texas.  

 

Work Performed:  

Sets up and operates all types of gear manufacturing equipment including gear cutters, gear grinders, gear shavers, lapping machines, etc., to produce a wide variety of gears and splines including spiral bevel, helical and hypoid gears.
Setups and work must be held to extremely close tolerances.
Advises and assists in development of new gears and gear cutting processes. 
Tests and checks gears using gear testing and checking machines and equipment.
Sets up and/or performs all grinding on case hardened surfaces.

 

Tools & Equipment Used: 

All types of gear manufacturing, testing, and checking equipment, machinists’ hand tools, precision measuring instruments

 

 

Don’t miss the chance to join a diverse, inclusive environment that embodies one of our core values, Lift Each Other Up.  As a member of our global workforce, you will collaborate with dedicated, enthusiastic teams where differences in experiences, backgrounds and ideas combined with a strong passion for our products take us above and beyond flight. 
 

 

 

 

Experience & Other Requirements: 

Three years experience as a Gear Cutter and Grinder plus two years of related experience.
 
 
 
EEO Statement
Textron is committed to providing Equal Opportunity in Employment, to all applicants and employees regardless of race, color, religion, age, national origin, military status, veteran status, disability, sex (including pregnancy and sexual orientation), genetic information or any other characteristic protected by law.

Preference given to Veterans of the U. S. Armed Forces.
 
Applicants selected will be subject to a government security investigation and must meet eligibility requirements, including US Citizenship, for access to classified information.
 
This position requires use of information which is subject to the International Traffic in Arms Regulations (ITAR) and/or the Export Administration Regulations (EAR). The ITAR/EAR defines a U.S. person as a U.S. Citizen, U.S. Permanent Resident (i.e. 'Green Card Holder'), Political Asylee, or Refugee. Non-U.S. persons selected must meet eligibility requirements for access to export-restricted information.
 
Recruiting Company Bell Textron Inc.
Primary Location US-Texas-Grand Prairie
Job Field Manufacturing
Schedule Full-time
Job Level Individual Contributor
Shift Second Shift
Worksite Onsite
Job Posting 06/10/2026, 12:49:00 PM"
Bell (Textron),"Ultrasonic Inspector (Level II UT, ET) 2nd Shift",1537869,"Texas, Fort Worth",United States of America,,onsite,Mid,us_person,unknown,unknown,taleo,2026-06-10,2026-06-16T21:35:52Z,https://textron.taleo.net/careersection/bell/jobdetail.ftl?job=1537869,"Job Description - Ultrasonic Inspector (Level II UT, ET) 2nd Shift (341749)
 
Ultrasonic Inspector (Level II UT, ET) 2nd Shift
(Job Number: 341749)

 

Job Description: 

Inspects various types of materials and parts for defects, flaws and other internal discontinuities by means of approved ultrasonic and eddy current inspection methods. 

Determines quality of materials and parts by correlation of flaw indication with actual geometry, size and position.  

Analyzes factors influencing flaw indications including but not limited to: 

Inspection and auditing in accordance with work instructions, blueprints, specifications, manuals, Digital Design Media (DDM) and/ or management directives to determine product acceptance by approved visual examination, instruments, gages, tools and/or other methods. 

Sets up and calibrates Non-Destructive Inspection tools/equipment. 

Required to establish effective ultrasonic and eddy current inspection techniques and interpret indications and readings shown on oscilloscope or equivalent device in an accurate and dependable manner to obtain optimum results of ultrasonic and eddy current testing inspection. 

Rejects all work, which fails to meet required standards or specifications. 

May be required to use portable equipment, work aids, devise holding devices and work aids necessary in the performance of this job and direct the activities of other inspectors or operators in ultrasonic and eddy current inspection or testing. 

Maintains adequate and proper records and prepares reports as required. 

Perform preliminary review and/ or final disposition function in accordance with specifications and standards. 

Must demonstrate an effective level of written and verbal skills to sufficiently communicate information related to this position, in a professional way. 

Utilization of electronic systems and data administration such as: Electronic planning, CAMS, First Article Inspections, SAP, Enovia, VQM, surveillance systems, Kronos, calibration systems, etc. 

Tools & Equipment Used: 

Inspector’s hand and marking tools, machinist’s hand tools, precision-measuring instruments /machines/ equipment.  

Special Ultrasonic and Eddy Current inspection equipment and other special gages, transducers, etc. as necessary. 

 

Experience & Other Requirements: 

Three years of ultrasonic and eddy current inspection and testing experience. 

Must have held or currently hold certification as a Level II in Ultrasonic and Eddy Current inspection per NAS 410 and be able to re-certify at Bell. 

New employees must re-certify prior to completing their probationary period at Bell. 

Upgrading employees must re-certify prior to completing their upgrade trial period. 

Ability to work independently or within a team and assist other inspection personnel as required.   

Must be able to provide documentation of formal training and experience hours. 

This position requires use of information which is subject to the International Traffic in Arms Regulations (ITAR).  All applicants must be U.S. persons within the meaning of ITAR.  ITAR defines a U.S. person as a U.S. Citizen, U.S. Permanent Resident (i.e. 'Green Card Holder'), Political Asylee, or Refugee. 

Textron is an Equal Opportunity Employer (M/F/D/V) 

 
 
 
EEO Statement
Textron is committed to providing Equal Opportunity in Employment, to all applicants and employees regardless of race, color, religion, age, national origin, military status, veteran status, disability, sex (including pregnancy and sexual orientation), genetic information or any other characteristic protected by law.

 
This position requires use of information which is subject to the International Traffic in Arms Regulations (ITAR) and/or the Export Administration Regulations (EAR). The ITAR/EAR defines a U.S. person as a U.S. Citizen, U.S. Permanent Resident (i.e. 'Green Card Holder'), Political Asylee, or Refugee. Non-U.S. persons selected must meet eligibility requirements for access to export-restricted information.
 
Recruiting Company Bell Textron Inc.
Primary Location US-Texas-Fort Worth
Job Field Manufacturing
Schedule Full-time
Job Level Individual Contributor
Shift Second Shift
Worksite Onsite
Job Posting 06/10/2026, 10:34:56 AM"
Bell (Textron),Material Bonder A - 1st Shift (ROC),1538149,"Texas, Fort Worth",United States of America,,onsite,Mid,us_person,unknown,unknown,taleo,2026-06-10,2026-06-16T21:35:52Z,https://textron.taleo.net/careersection/bell/jobdetail.ftl?job=1538149,"Job Description - Material Bonder A - 1st Shift (ROC) (341835)
 
Material Bonder A - 1st Shift (ROC)
(Job Number: 341835)

 

Work Performed:
• Working from blueprints, Bell Process Specifications, drawings or written specifications performs all necessary layouts and prepares parts or articles composed of like or unlike materials for pressure bonding process.
• Plans operations and performs assembling, fitting, and trimming as required, applies either liquid or solid bonding agents.
• Uses various production aids, such as jigs, fixtures and hand tools.
• Checks all work to ensure selection and application of proper bonding agent, correct assembly and fitting, etc., and places articles in a pressure furnace.
• Controls conditions of heat, pressure, and timing by setting and operating various controls according to the specifications for the materials and the bonding agent being used.
• Maintains close watch over furnace controls during bonding process to ensure successful bond and prevent damage to articles.
• Checks articles when finished. Responsible for safe operation of equipment.
 

Tools & Equipment Used:
• Required hand tools, power tools necessary to do own work, liquid or solid bonding agents, autoclave, measuring instruments, jigs, fixtures, spray guns, brushes, oven, gloves, etc.

 

Experience & Other Requirements:
• Two (2) years metal fitting or forming experience, one (1) year of which must have been in bonding work including the operation of a pressure furnace, or two (2) years Bell Material Bonder B or Material Bonder – I classification experience or one (1) year Bell Material Bonder B experience combined with one (1) year metal fitting or forming experience.
 

This position requires use of information which is subject to the International Traffic in Arms Regulations (ITAR). All applicants must be U.S. persons within the meaning of ITAR. ITAR defines a U.S. person as a U.S. Citizen, U.S. Permanent Resident (i.e. 'Green Card Holder'), Political Asylee, or Refugee.
 

Textron is an Equal Opportunity Employer (M/F/D/V)

 
 
 
EEO Statement
Textron is committed to providing Equal Opportunity in Employment, to all applicants and employees regardless of race, color, religion, age, national origin, military status, veteran status, disability, sex (including pregnancy and sexual orientation), genetic information or any other characteristic protected by law.

 
This position requires use of information which is subject to the International Traffic in Arms Regulations (ITAR) and/or the Export Administration Regulations (EAR). The ITAR/EAR defines a U.S. person as a U.S. Citizen, U.S. Permanent Resident (i.e. 'Green Card Holder'), Political Asylee, or Refugee. Non-U.S. persons selected must meet eligibility requirements for access to export-restricted information.
 
Recruiting Company Bell Textron Inc.
Primary Location US-Texas-Fort Worth
Job Field Manufacturing
Schedule Full-time
Job Level Individual Contributor
Shift First Shift
Job Posting 06/10/2026, 9:16:02 AM"
Bell (Textron),Material Bonder A - 1st Shift (ROC),1538130,"Texas, Fort Worth",United States of America,,onsite,Mid,us_person,unknown,unknown,taleo,2026-06-10,2026-06-16T21:35:52Z,https://textron.taleo.net/careersection/bell/jobdetail.ftl?job=1538130,"Job Description - Material Bonder A - 1st Shift (ROC) (341833)
 
Material Bonder A - 1st Shift (ROC)
(Job Number: 341833)

 

Work Performed:
• Working from blueprints, Bell Process Specifications, drawings or written specifications performs all necessary layouts and prepares parts or articles composed of like or unlike materials for pressure bonding process.
• Plans operations and performs assembling, fitting, and trimming as required, applies either liquid or solid bonding agents.
• Uses various production aids, such as jigs, fixtures and hand tools.
• Checks all work to ensure selection and application of proper bonding agent, correct assembly and fitting, etc., and places articles in a pressure furnace.
• Controls conditions of heat, pressure, and timing by setting and operating various controls according to the specifications for the materials and the bonding agent being used.
• Maintains close watch over furnace controls during bonding process to ensure successful bond and prevent damage to articles.
• Checks articles when finished. Responsible for safe operation of equipment.
 

Tools & Equipment Used:
• Required hand tools, power tools necessary to do own work, liquid or solid bonding agents, autoclave, measuring instruments, jigs, fixtures, spray guns, brushes, oven, gloves, etc.

 

Experience & Other Requirements:
• Two (2) years metal fitting or forming experience, one (1) year of which must have been in bonding work including the operation of a pressure furnace, or two (2) years Bell Material Bonder B or Material Bonder – I classification experience or one (1) year Bell Material Bonder B experience combined with one (1) year metal fitting or forming experience.
 

This position requires use of information which is subject to the International Traffic in Arms Regulations (ITAR). All applicants must be U.S. persons within the meaning of ITAR. ITAR defines a U.S. person as a U.S. Citizen, U.S. Permanent Resident (i.e. 'Green Card Holder'), Political Asylee, or Refugee.
 

Textron is an Equal Opportunity Employer (M/F/D/V)

 
 
 
EEO Statement
Textron is committed to providing Equal Opportunity in Employment, to all applicants and employees regardless of race, color, religion, age, national origin, military status, veteran status, disability, sex (including pregnancy and sexual orientation), genetic information or any other characteristic protected by law.

 
This position requires use of information which is subject to the International Traffic in Arms Regulations (ITAR) and/or the Export Administration Regulations (EAR). The ITAR/EAR defines a U.S. person as a U.S. Citizen, U.S. Permanent Resident (i.e. 'Green Card Holder'), Political Asylee, or Refugee. Non-U.S. persons selected must meet eligibility requirements for access to export-restricted information.
 
Recruiting Company Bell Textron Inc.
Primary Location US-Texas-Fort Worth
Job Field Manufacturing
Schedule Full-time
Job Level Individual Contributor
Shift First Shift
Job Posting 06/10/2026, 9:12:02 AM"
Bell (Textron),Material Bonder A - 1st Shift (ROC),1538128,"Texas, Fort Worth",United States of America,,onsite,Mid,us_person,unknown,unknown,taleo,2026-06-10,2026-06-16T21:35:52Z,https://textron.taleo.net/careersection/bell/jobdetail.ftl?job=1538128,"Job Description - Material Bonder A - 1st Shift (ROC) (341830)
 
Material Bonder A - 1st Shift (ROC)
(Job Number: 341830)

 

Work Performed:
• Working from blueprints, Bell Process Specifications, drawings or written specifications performs all necessary layouts and prepares parts or articles composed of like or unlike materials for pressure bonding process.
• Plans operations and performs assembling, fitting, and trimming as required, applies either liquid or solid bonding agents.
• Uses various production aids, such as jigs, fixtures and hand tools.
• Checks all work to ensure selection and application of proper bonding agent, correct assembly and fitting, etc., and places articles in a pressure furnace.
• Controls conditions of heat, pressure, and timing by setting and operating various controls according to the specifications for the materials and the bonding agent being used.
• Maintains close watch over furnace controls during bonding process to ensure successful bond and prevent damage to articles.
• Checks articles when finished. Responsible for safe operation of equipment.
 

Tools & Equipment Used:
• Required hand tools, power tools necessary to do own work, liquid or solid bonding agents, autoclave, measuring instruments, jigs, fixtures, spray guns, brushes, oven, gloves, etc.

 

Experience & Other Requirements:
• Two (2) years metal fitting or forming experience, one (1) year of which must have been in bonding work including the operation of a pressure furnace, or two (2) years Bell Material Bonder B or Material Bonder – I classification experience or one (1) year Bell Material Bonder B experience combined with one (1) year metal fitting or forming experience.
 

This position requires use of information which is subject to the International Traffic in Arms Regulations (ITAR). All applicants must be U.S. persons within the meaning of ITAR. ITAR defines a U.S. person as a U.S. Citizen, U.S. Permanent Resident (i.e. 'Green Card Holder'), Political Asylee, or Refugee.
 

Textron is an Equal Opportunity Employer (M/F/D/V)

 
 
 
EEO Statement
Textron is committed to providing Equal Opportunity in Employment, to all applicants and employees regardless of race, color, religion, age, national origin, military status, veteran status, disability, sex (including pregnancy and sexual orientation), genetic information or any other characteristic protected by law.

 
This position requires use of information which is subject to the International Traffic in Arms Regulations (ITAR) and/or the Export Administration Regulations (EAR). The ITAR/EAR defines a U.S. person as a U.S. Citizen, U.S. Permanent Resident (i.e. 'Green Card Holder'), Political Asylee, or Refugee. Non-U.S. persons selected must meet eligibility requirements for access to export-restricted information.
 
Recruiting Company Bell Textron Inc.
Primary Location US-Texas-Fort Worth
Job Field Manufacturing
Schedule Full-time
Job Level Individual Contributor
Shift First Shift
Job Posting 06/10/2026, 8:33:53 AM"
Bell (Textron),Painter A/C&Maint A - 1st Shift (ROC),1538260,"Texas, Fort Worth",United States of America,,onsite,Mid,us_person,unknown,unknown,taleo,2026-06-10,2026-06-16T21:35:52Z,https://textron.taleo.net/careersection/bell/jobdetail.ftl?job=1538260,"Job Description - Painter A/C&Maint A - 1st Shift (ROC) (341894)
 
Painter A/C&Maint A - 1st Shift (ROC)
(Job Number: 341894)

 

Work Performed:
• Applies dope, lacquer, paint, and other finishing material to finish or refinish aircraft, equipment, and facilities.
• Prepares surfaces for painting by removing all foreign substances, removes old or chipped paint.
• Masks surfaces not to be painted.
• Applies primers and fillers and rubs intermediate coats to assure smooth and uniforms coating to avoid streaks and blemishes.
• Must be able to match colors for spot or repair jobs.
• May prepare and mix paints to desired colors and consistencies.
• Polishes final coat with wax or polishing compound.
• Does rework as required.
• Performs lettering with stencils.
 

Tools & Equipment Used:
• Paints, primers, lacquers, enamels, varnishes, and thinners.
• Spray guns, pressure pots, air hoses, rollers and brushes.
• Templates, trammel points, rules and measuring tapes, and stencil cutting machines, etc.

 

Experience & Other Requirements:
• Three (3) years’ experience as an Aircraft Painter.
This position requires use of information which is subject to the International Traffic in Arms Regulations (ITAR). All applicants must be U.S. persons within the meaning of ITAR. ITAR defines a U.S. person as a U.S. Citizen, U.S. Permanent Resident (i.e. 'Green Card Holder'), Political Asylee, or Refugee.


Textron is an Equal Opportunity Employer (M/F/D/V)

 
 
 
EEO Statement
Textron is committed to providing Equal Opportunity in Employment, to all applicants and employees regardless of race, color, religion, age, national origin, military status, veteran status, disability, sex (including pregnancy and sexual orientation), genetic information or any other characteristic protected by law.

 
This position requires use of information which is subject to the International Traffic in Arms Regulations (ITAR) and/or the Export Administration Regulations (EAR). The ITAR/EAR defines a U.S. person as a U.S. Citizen, U.S. Permanent Resident (i.e. 'Green Card Holder'), Political Asylee, or Refugee. Non-U.S. persons selected must meet eligibility requirements for access to export-restricted information.
 
Recruiting Company Bell Textron Inc.
Primary Location US-Texas-Fort Worth
Job Field Manufacturing
Schedule Full-time
Job Level Individual Contributor
Shift First Shift
Job Posting 06/10/2026, 8:28:50 AM"
Bell (Textron),Customer Service Engineer,1538067,India,United States of America,,onsite,Mid,us_person,unknown,unknown,taleo,2026-06-10,2026-06-16T21:35:52Z,https://textron.taleo.net/careersection/bell/jobdetail.ftl?job=1538067,"Job Description - Customer Service Engineer (341810)
 
Customer Service Engineer
(Job Number: 341810)

 

 

Textron Inc. is a multi-industry company that leverages its global network of aircraft, defense, industrial and finance businesses to provide customers with innovative solutions and services. Textron is known around the world for its powerful brands such as Bell, Cessna, Beechcraft, Hawker, Jacobsen, Kautex, Lycoming, E-Z-GO, Arctic Cat, Textron Systems, and TRU Simulation + Training. For more information, visit: www.textron.com   

 

Textron India Private Limited in Bangalore was incorporated in 2004 under the Companies Act, 1956, to better serve customers of Textron Inc. (NYSE: TXT) around the world. This is a global resource that provides engineering and technological solutions for many Textron business units. We provide engineering and design services including but not limited to drafting, computer aided design, computer aided engineering, solid modeling, finite element analysis, sourcing, business development, marketing and other related activities and services in relation to the above sectors. For more details please visit www.textron.in

 

About the Business Unit:

 

 

Thinking above and beyond is what we do. For more than 80 years, we’ve been reimagining the experience of flight – and where it can take us. We are pioneers. We were the first to break the sound barrier and to certify a commercial helicopter. We were aboard NASA’s first lunar mission and brought advanced tiltrotor systems to market. Today, we’re defining the future of on-demand mobility.

 

Headquartered in Fort Worth, Texas – as a wholly-owned subsidiary of Textron Inc., – we have strategic locations around the globe. And with nearly one quarter of our workforce having served, helping our military achieve their missions is a passion of ours.Above all, our breakthrough innovations deliver exceptional experiences to our customers. Efficiently. Reliably. And always, with safety at the forefront. For more information, visit

www.bellflight.com

 

 

 

POSITION SUMMARY

 

Incumbent will provide technical support to Bell customers by effectively solving fielded fleet issues and satisfying customer needs while protecting Bell interest (cost, liability, reputation, etc). 

Provide expert consultation to maintain, repair, and upgrade Bell aircraft.  Provide hands-on maintenance for Bell-owned aircraft during trade shows and demonstration tours.  Develop and conduct presentations on maintenance-related topics to customers at conferences.  Collaborate with all functions within Bell (Spares, Warranty, PSE, Engineering, etc) to address customer needs. 

 

Represent the Bell brand by striving for positive customer experiences using effective communication and exhibiting Bell values.  Provide a communication channel to the commercial business to ensure organizational alignment around continuous improvement and customer intimacy.  Promote safe aircraft maintenance and operation.

Strong Customer Service mindset.

Regularly communicate with regional sale leaders to ensure customer needs are understood and to promote new aircraft and aftermarket sales.  Promote use of Bell parts and services.

This position is remotely located and operated independently of direct supervision for decision-making and day-to-day activities.

This role requires to be on-call 24 hours a day based on the needs of customers for aircraft maintenance and support.

At least 50% travel is required

 

 

PRINCIPAL RESPONSIBILITIES

 

Incumbent will provide technical support to Bell customers by effectively solving fielded fleet issues and satisfying customer needs while protecting Bell interest (cost, liability, reputation, etc). 

 

                                                   

Note: These statements are intended to describe the general nature of the job and are intended to be an exhaustive list of all responsibilities, skills and duties.

 

TECHNICAL COMPETENCIES

 

Cultural experience within the area preferred
10 years of hands-on helicopter maintenance experience.  At least 5 years on Bell models preferred.
Hold a regulatory body certification such as an FAA Airframe & Powerplant license
Candidate must read, write, and speak English fluently.  A second language proficiency, preferably TBD, is required.
Must be able to travel with short notice and on weekends as needed.
Must be able to be on-call 24 hours a day including weekends, as the call is to support aircraft on ground (AOG)
Must live in or be able to relocate to the service area indicated
Must have a strong customer service mindset, with the ability to positively impact customer perception of care, attention, and satisfaction.  Customer satisfaction is the primary focus of this position and is expected to translate to customer loyalty to the Bell brand.
Must be physically capable to work on and around aircraft in demanding environments.  Must be able to climb ladders, lift up to 25 lbs above head, crawl under aircraft, and work in TBD environments.
Director of Maintenance or Chief Inspector experience desired

 

 

 

 
Education
	
Hold Civil Aviation Regulatory License


Stream (eg: Mechanical)
	
B1.3 or B2 License


Work Experience (in years)
	

10+ years of hand-on experience maintaining Helicopters with 5 years on BELL Models.  Director of Maintenance or Chief Inspector experience desired



Other Qualifications (licenses, certifications or specialized training)
	
Regulatory License Rated for at least one BELL Model. 
 
 
 
 

Recruiting Company Bell Textron Inc.
Primary Location India
Job Field Product Support
Schedule Full-time
Job Level Individual Contributor
Shift First Shift
Job Posting 06/10/2026, 12:42:41 AM"
Bell (Textron),Mfg Eng Resource Planner III,1537449,"Texas, Fort Worth",United States of America,,onsite,Mid,us_person,unknown,unknown,taleo,2026-06-09,2026-06-16T21:35:52Z,https://textron.taleo.net/careersection/bell/jobdetail.ftl?job=1537449,"Job Description - Mfg Eng Resource Planner III (341467)
 
Mfg Eng Resource Planner III
(Job Number: 341467)

 

·         Under the general supervision of a supervisor or an employee of equal or higher rank, Mfg. Eng. Resource Planner III is responsible for administering effective allocation of manufacturing resources for process planning creation and maintenance.

·         Responsible for BOM consumption, Computer Aided Planning (CAP) routing creation and manufacturing items orders for manufacturing operations in Bell business systems.

·         When a Manufacturing Computer Aided Design (MCAD) model exists, responsible for creation and maintenance of manufacturing instructions (drawings & modeling).

·         Must have knowledge of shop production and processing operations.

·         Work in accordance with management strategies and concepts as well as program and departmental processes and procedures using Bell Business Systems.

·         May train one or more employees.

 

Worked Performed:

·         Interrogate, analyze, comprehend, and interpret various Engineering Drawings, Models, Bills of Materials, Technical Specifications, Quality Documents, Bell Process Framework, and departmental procedures as necessary to perform assigned work.

·         Responsible for accurate BOM management and consumption for manufacturing operations.

·         Create and maintain proper work sequence documentation and CAP routings.

·         Responsible for creating manufacturing items orders/requests including but not limited to NC Programs, Tools/Fixtures, and Gages.

·         Provide process planning support to manufacturing operations through production order maintenance, tool maintenance requests, and various other planning liaison functions.

·         Responsible for creating and maintaining applicable dimensional charts, manufacturing instructions (text based and 2D/3D format), material operation diagrams and ply tables as required.

·         When a Manufacturing Computer Aided Design (MCAD) model exists, responsible for creation and maintenance of manufacturing instructions (drawings & modeling).

·         Working knowledge of Loft, Engineering, Tooling, Manufacturing and Planning processes and procedures

·         Skilled in the concept related to the application of GD&T/Aerospace tolerances Supports producibility assessments when requested.

·         Maintains records and schedules of work assigned. Will meet established company cost control standards, schedule and qualify requirements to maintain market competitiveness.

·         Provide technical assistance to procurement and suppliers as determined by management.

·         Execute strong communication skills, both verbal and written, required to communicate and interact between internal and external customers.

·         Apply extensive aircraft manufacturing knowledge and be prepared to train, direct, instruct, and check/validate Production Engineering work.

·         Required to attend training and complete competency-based testing as required by management to remain current with technological advancements.

 

Experience & Other Requirements:

·         Two (2) years college or two (2) years of experience in the aircraft industry or completed related Bell apprentice program.

·         Demonstrated capability to adequately perform the essential functions and responsibilities related to the application of GD&T/Aerospace tolerances

·         Demonstrated experience in technical writing or experience utilizing technical writing in an aerospace/manufacturing environment.

·         Demonstrated computer proficiency in planning software, Microsoft Office Suite, ERP/MRP software, tool design repositories, and CAD software.

·         Preferred demonstrated experience in manufacturing composite or metallic materials.

·         Preferred experience in machined parts.

·         Must have strong communication skills, both verbal and written.

This position requires use of information which is subject to the International Traffic in Arms Regulations (ITAR). All applicants must be U.S. persons within the meaning of ITAR. ITAR defines a U.S. person as a U.S. Citizen, U.S. Permanent Resident (i.e. 'Green Card Holder'), Political Asylee, or Refugee.

Textron is an Equal Opportunity Employer (M/F/D/V)

 
 
 
EEO Statement
Textron is committed to providing Equal Opportunity in Employment, to all applicants and employees regardless of race, color, religion, age, national origin, military status, veteran status, disability, sex (including pregnancy and sexual orientation), genetic information or any other characteristic protected by law.

 
This position requires use of information which is subject to the International Traffic in Arms Regulations (ITAR) and/or the Export Administration Regulations (EAR). The ITAR/EAR defines a U.S. person as a U.S. Citizen, U.S. Permanent Resident (i.e. 'Green Card Holder'), Political Asylee, or Refugee. Non-U.S. persons selected must meet eligibility requirements for access to export-restricted information.
 
Recruiting Company Bell Textron Inc.
Primary Location US-Texas-Fort Worth
Job Field Manufacturing
Schedule Full-time
Job Level Individual Contributor
Shift First Shift
Job Posting 06/09/2026, 1:32:11 PM"
Bell (Textron),Mfg Eng Resource Planner III,1537466,"Texas, Fort Worth",United States of America,,onsite,Mid,us_person,unknown,unknown,taleo,2026-06-09,2026-06-16T21:35:52Z,https://textron.taleo.net/careersection/bell/jobdetail.ftl?job=1537466,"Job Description - Mfg Eng Resource Planner III (341468)
 
Mfg Eng Resource Planner III
(Job Number: 341468)

 

·         Under the general supervision of a supervisor or an employee of equal or higher rank, Mfg. Eng. Resource Planner III is responsible for administering effective allocation of manufacturing resources for process planning creation and maintenance.

·         Responsible for BOM consumption, Computer Aided Planning (CAP) routing creation and manufacturing items orders for manufacturing operations in Bell business systems.

·         When a Manufacturing Computer Aided Design (MCAD) model exists, responsible for creation and maintenance of manufacturing instructions (drawings & modeling).

·         Must have knowledge of shop production and processing operations.

·         Work in accordance with management strategies and concepts as well as program and departmental processes and procedures using Bell Business Systems.

·         May train one or more employees.

 

Worked Performed:

·         Interrogate, analyze, comprehend, and interpret various Engineering Drawings, Models, Bills of Materials, Technical Specifications, Quality Documents, Bell Process Framework, and departmental procedures as necessary to perform assigned work.

·         Responsible for accurate BOM management and consumption for manufacturing operations.

·         Create and maintain proper work sequence documentation and CAP routings.

·         Responsible for creating manufacturing items orders/requests including but not limited to NC Programs, Tools/Fixtures, and Gages.

·         Provide process planning support to manufacturing operations through production order maintenance, tool maintenance requests, and various other planning liaison functions.

·         Responsible for creating and maintaining applicable dimensional charts, manufacturing instructions (text based and 2D/3D format), material operation diagrams and ply tables as required.

·         When a Manufacturing Computer Aided Design (MCAD) model exists, responsible for creation and maintenance of manufacturing instructions (drawings & modeling).

·         Working knowledge of Loft, Engineering, Tooling, Manufacturing and Planning processes and procedures

·         Skilled in the concept related to the application of GD&T/Aerospace tolerances Supports producibility assessments when requested.

·         Maintains records and schedules of work assigned. Will meet established company cost control standards, schedule and qualify requirements to maintain market competitiveness.

·         Provide technical assistance to procurement and suppliers as determined by management.

·         Execute strong communication skills, both verbal and written, required to communicate and interact between internal and external customers.

·         Apply extensive aircraft manufacturing knowledge and be prepared to train, direct, instruct, and check/validate Production Engineering work.

·         Required to attend training and complete competency-based testing as required by management to remain current with technological advancements.

 

Experience & Other Requirements:

·         Two (2) years college or two (2) years of experience in the aircraft industry or completed related Bell apprentice program.

·         Demonstrated capability to adequately perform the essential functions and responsibilities related to the application of GD&T/Aerospace tolerances

·         Demonstrated experience in technical writing or experience utilizing technical writing in an aerospace/manufacturing environment.

·         Demonstrated computer proficiency in planning software, Microsoft Office Suite, ERP/MRP software, tool design repositories, and CAD software.

·         Preferred demonstrated experience in manufacturing composite or metallic materials.

·         Preferred experience in machined parts.

·         Must have strong communication skills, both verbal and written.

This position requires use of information which is subject to the International Traffic in Arms Regulations (ITAR). All applicants must be U.S. persons within the meaning of ITAR. ITAR defines a U.S. person as a U.S. Citizen, U.S. Permanent Resident (i.e. 'Green Card Holder'), Political Asylee, or Refugee.

Textron is an Equal Opportunity Employer (M/F/D/V)

 
 
 
EEO Statement
Textron is committed to providing Equal Opportunity in Employment, to all applicants and employees regardless of race, color, religion, age, national origin, military status, veteran status, disability, sex (including pregnancy and sexual orientation), genetic information or any other characteristic protected by law.

 
This position requires use of information which is subject to the International Traffic in Arms Regulations (ITAR) and/or the Export Administration Regulations (EAR). The ITAR/EAR defines a U.S. person as a U.S. Citizen, U.S. Permanent Resident (i.e. 'Green Card Holder'), Political Asylee, or Refugee. Non-U.S. persons selected must meet eligibility requirements for access to export-restricted information.
 
Recruiting Company Bell Textron Inc.
Primary Location US-Texas-Fort Worth
Job Field Manufacturing
Schedule Full-time
Job Level Individual Contributor
Shift First Shift
Job Posting 06/09/2026, 1:29:56 PM"
Bell (Textron),Mfg Eng Resource Planner III,1536266,"Texas, Fort Worth",United States of America,,onsite,Mid,us_person,unknown,unknown,taleo,2026-06-09,2026-06-16T21:35:52Z,https://textron.taleo.net/careersection/bell/jobdetail.ftl?job=1536266,"Job Description - Mfg Eng Resource Planner III (340856)
 
Mfg Eng Resource Planner III
(Job Number: 340856)

 

·       Under the general supervision of a supervisor or an employee of equal or higher rank, Mfg. Eng. Resource Planner III is responsible for administering effective allocation of manufacturing resources for process planning creation and maintenance.

·       Responsible for BOM consumption, Computer Aided Planning (CAP) routing creation and manufacturing items orders for manufacturing operations in Bell business systems.

·       When a Manufacturing Computer Aided Design (MCAD) model exists, responsible for creation and maintenance of manufacturing instructions (drawings & modeling).

·       Must have knowledge of shop production and processing operations.

·       Work in accordance with management strategies and concepts as well as program and departmental processes and procedures using Bell Business Systems.

·       May train one or more employees.

 

Worked Performed:

·       Interrogate, analyze, comprehend, and interpret various Engineering Drawings, Models, Bills of Materials, Technical Specifications, Quality Documents, Bell Process Framework, and departmental procedures as necessary to perform assigned work.

·       Responsible for accurate BOM management and consumption for manufacturing operations.

·       Create and maintain proper work sequence documentation and CAP routings.

·       Responsible for creating manufacturing items orders/requests including but not limited to NC Programs, Tools/Fixtures, and Gages.

·       Provide process planning support to manufacturing operations through production order maintenance, tool maintenance requests, and various other planning liaison functions.

·       Responsible for creating and maintaining applicable dimensional charts, manufacturing instructions (text based and 2D/3D format), material operation diagrams and ply tables as required.

·       When a Manufacturing Computer Aided Design (MCAD) model exists, responsible for creation and maintenance of manufacturing instructions (drawings & modeling).

·       Working knowledge of Loft, Engineering, Tooling, Manufacturing and Planning processes and procedures

·       Skilled in the concept related to the application of GD&T/Aerospace tolerances Supports producibility assessments when requested.

·       Maintains records and schedules of work assigned. Will meet established company cost control standards, schedule and qualify requirements to maintain market competitiveness.

·       Provide technical assistance to procurement and suppliers as determined by management.

·       Execute strong communication skills, both verbal and written, required to communicate and interact between internal and external customers.

·       Apply extensive aircraft manufacturing knowledge and be prepared to train, direct, instruct, and check/validate Production Engineering work.

·       Required to attend training and complete competency-based testing as required by management to remain current with technological advancements.

 

 

Experience & Other Requirements:

·       Two (2) years college or two (2) years of experience in the aircraft industry or completed related Bell apprentice program.

·       Demonstrated capability to adequately perform the essential functions and responsibilities related to the application of GD&T/Aerospace tolerances

·       Demonstrated experience in technical writing or experience utilizing technical writing in an aerospace/manufacturing environment.

·       Demonstrated computer proficiency in planning software, Microsoft Office Suite, ERP/MRP software, tool design repositories, and CAD software.

·       Preferred demonstrated experience in manufacturing composite or metallic materials.

·       Preferred experience in machined parts.

·       Must have strong communication skills, both verbal and written.

This position requires use of information which is subject to the International Traffic in Arms Regulations (ITAR). All applicants must be U.S. persons within the meaning of ITAR. ITAR defines a U.S. person as a U.S. Citizen, U.S. Permanent Resident (i.e. 'Green Card Holder'), Political Asylee, or Refugee.

Textron is an Equal Opportunity Employer (M/F/D/V)

 
 
 
EEO Statement
Textron is committed to providing Equal Opportunity in Employment, to all applicants and employees regardless of race, color, religion, age, national origin, military status, veteran status, disability, sex (including pregnancy and sexual orientation), genetic information or any other characteristic protected by law.

 
This position requires use of information which is subject to the International Traffic in Arms Regulations (ITAR) and/or the Export Administration Regulations (EAR). The ITAR/EAR defines a U.S. person as a U.S. Citizen, U.S. Permanent Resident (i.e. 'Green Card Holder'), Political Asylee, or Refugee. Non-U.S. persons selected must meet eligibility requirements for access to export-restricted information.
 
Recruiting Company Bell Textron Inc.
Primary Location US-Texas-Fort Worth
Job Field Manufacturing
Schedule Full-time
Job Level Individual Contributor
Shift First Shift
Job Posting 06/09/2026, 1:27:11 PM"
Bell (Textron),Mfg Eng Resource Planner III,1535866,"Texas, Fort Worth",United States of America,,onsite,Mid,us_person,unknown,unknown,taleo,2026-06-09,2026-06-16T21:35:52Z,https://textron.taleo.net/careersection/bell/jobdetail.ftl?job=1535866,"Job Description - Mfg Eng Resource Planner III (340575)
 
Mfg Eng Resource Planner III
(Job Number: 340575)

 

·       Under the general supervision of a supervisor or an employee of equal or higher rank, Mfg. Eng. Resource Planner III is responsible for administering effective allocation of manufacturing resources for process planning creation and maintenance.

·       Responsible for BOM consumption, Computer Aided Planning (CAP) routing creation and manufacturing items orders for manufacturing operations in Bell business systems.

·       When a Manufacturing Computer Aided Design (MCAD) model exists, responsible for creation and maintenance of manufacturing instructions (drawings & modeling).

·       Must have knowledge of shop production and processing operations.

·       Work in accordance with management strategies and concepts as well as program and departmental processes and procedures using Bell Business Systems.

·       May train one or more employees.

 

Worked Performed:

·       Interrogate, analyze, comprehend, and interpret various Engineering Drawings, Models, Bills of Materials, Technical Specifications, Quality Documents, Bell Process Framework, and departmental procedures as necessary to perform assigned work.

·       Responsible for accurate BOM management and consumption for manufacturing operations.

·       Create and maintain proper work sequence documentation and CAP routings.

·       Responsible for creating manufacturing items orders/requests including but not limited to NC Programs, Tools/Fixtures, and Gages.

·       Provide process planning support to manufacturing operations through production order maintenance, tool maintenance requests, and various other planning liaison functions.

·       Responsible for creating and maintaining applicable dimensional charts, manufacturing instructions (text based and 2D/3D format), material operation diagrams and ply tables as required.

·       When a Manufacturing Computer Aided Design (MCAD) model exists, responsible for creation and maintenance of manufacturing instructions (drawings & modeling).

·       Working knowledge of Loft, Engineering, Tooling, Manufacturing and Planning processes and procedures

·       Skilled in the concept related to the application of GD&T/Aerospace tolerances Supports producibility assessments when requested.

·       Maintains records and schedules of work assigned. Will meet established company cost control standards, schedule and qualify requirements to maintain market competitiveness.

·       Provide technical assistance to procurement and suppliers as determined by management.

·       Execute strong communication skills, both verbal and written, required to communicate and interact between internal and external customers.

·       Apply extensive aircraft manufacturing knowledge and be prepared to train, direct, instruct, and check/validate Production Engineering work.

·       Required to attend training and complete competency-based testing as required by management to remain current with technological advancements.

 

 

Experience & Other Requirements:

·       Two (2) years college or two (2) years of experience in the aircraft industry or completed related Bell apprentice program.

·       Demonstrated capability to adequately perform the essential functions and responsibilities related to the application of GD&T/Aerospace tolerances

·       Demonstrated experience in technical writing or experience utilizing technical writing in an aerospace/manufacturing environment.

·       Demonstrated computer proficiency in planning software, Microsoft Office Suite, ERP/MRP software, tool design repositories, and CAD software.

·       Preferred demonstrated experience in manufacturing composite or metallic materials.

·       Preferred experience in machined parts.

·       Must have strong communication skills, both verbal and written.

This position requires use of information which is subject to the International Traffic in Arms Regulations (ITAR). All applicants must be U.S. persons within the meaning of ITAR. ITAR defines a U.S. person as a U.S. Citizen, U.S. Permanent Resident (i.e. 'Green Card Holder'), Political Asylee, or Refugee.

Textron is an Equal Opportunity Employer (M/F/D/V)

 
 
 
EEO Statement
Textron is committed to providing Equal Opportunity in Employment, to all applicants and employees regardless of race, color, religion, age, national origin, military status, veteran status, disability, sex (including pregnancy and sexual orientation), genetic information or any other characteristic protected by law.

 
This position requires use of information which is subject to the International Traffic in Arms Regulations (ITAR) and/or the Export Administration Regulations (EAR). The ITAR/EAR defines a U.S. person as a U.S. Citizen, U.S. Permanent Resident (i.e. 'Green Card Holder'), Political Asylee, or Refugee. Non-U.S. persons selected must meet eligibility requirements for access to export-restricted information.
 
Recruiting Company Bell Textron Inc.
Primary Location US-Texas-Fort Worth
Job Field Manufacturing
Schedule Full-time
Job Level Individual Contributor
Shift First Shift
Job Posting 06/09/2026, 1:26:42 PM"
Bell (Textron),"Ingénieur(e), Avionique Senior 412 / SeniorAvionics Engineer 412",1536317,"CA, Quebec, Mirabel",United States of America,,onsite,Senior,us_person,unknown,unknown,taleo,2026-06-09,2026-06-16T21:35:52Z,https://textron.taleo.net/careersection/bell/jobdetail.ftl?job=1536317,"Job Description - Ingénieur(e), Avionique Senior 412 / SeniorAvionics Engineer 412 (340892)
 
Ingénieur(e), Avionique Senior 412 / SeniorAvionics Engineer 412
(Job Number: 340892)

 

*** An english description will follow ***

 

Nous sommes plus que des experts en aviation, nous sommes des pionniers. Nous repoussons les limites de ce qui est possible. De franchir le mur du son jusqu’aux systèmes de rotor basculant avancés. Aujourd'hui, Bell façonne l'avenir de l'aviation grâce à une ingénierie spécialisée. Venez rejoindre notre équipe.

 

Sommaire des responsabilités

Le Spécialiste technique, systèmes avioniques, sera responsable du développement de solutions avioniques et électriques en réponse aux besoins d’améliorations, d’expansion ou de remplacement de capacité ou systèmes de plateformes existantes ou de nouveau développements tout en respectant les normes de certification civiles (FAA ,TCCA, EASA ,etc.) et militaires (e.g.  programmes gouvernementaux canadiens - CH-146).

Analyser les requis du projet, de production et de certification et développer les solutions techniques liés aux systèmes avioniques et électriques d’aéronefs.
Supporter l’intégration des systèmes incluant le choix de composantes, la compatibilité des interfaces et l’ébauche des schémas électriques et identifier les requis d’installation des systèmes.
Rédiger des plans et procédures d’essais des systèmes, analyser des résultats et rédiger des rapports de qualification pour les essais fonctionnels et de certification au niveau des composantes et de l’appareil.
Mettre à jour les requis dans l’outil de gestion des requis techniques  par rapport aux demandes de changement.
Rédiger et mettre à jour des plans de certification, les plans de qualification et les matrices de conformité.
Rédiger des analyses en support à la certification des systèmes installés ou modifiées (charges électriques, thermiques, le soutien aux analyses de sécurité, EMC, etc.)
Supporter les tests sur l’appareil ainsi que ceux du laboratoire d’intégration des systèmes (SIL) et de dépannage.
Supporter les installations initiales sur l’appareil (FAI)
Coordonner avec les fournisseurs de systèmes avioniques dans le développement, l’intégration et les tests d’écrans, d’instruments de vol, de communication et navigation, de capteurs et systèmes de vision, de santé des systèmes et de gestion des systèmes.
Réviser la documentation technique de fournisseurs.
Ce poste nécessite des communications en anglais avec les équipes de Bell hors Québec et/ou ses fournisseurs, partenaires et clients hors Québec.
Le candidat fera partie de l'équipe avioniques et d’ingénierie des systèmes , basée à Mirabel, Québec.

Exigences du poste / Qualifications

Baccalauréat en génie électrique/avionique.
5 ans et plus d'expérience pertinente en aérospatiale ou expérience de travail équivalente. 
Expérience d’intégration sur un appareil commercial et militaire est un atout.
Représente la discipline en fournissant/présentant des solutions aux problèmes techniques.
Une connaissance pratique des systèmes avioniques et électriques est requise,
Connaissance d’un outil de gestion de requis techniques est requis.
Travaille de manière autonome et développe des solutions sur des tâches de complexité intermédiaire.
Bonnes capacités d'analyse et de leadership.
Solide éthique de travail et motivation personnelle.
Excellentes connaissances en français
Excellentes connaissances en anglais, ce poste nécessite des communications en anglais avec les équipes de Bell hors Québec et/ou ses fournisseurs, partenaires et clients hors Québec
Contacts fréquents inter-organisationnels et externes avec les clients.
Normes de qualification des équipements : RTCA/DO-160, MIL-STD-810, MIL-STD-883, MIL-STD-461, MIL-STD-464, RTCA/DO-178, RTCA/DO-254.
Normes de certification des aéronefs et des systèmes civils : FAR/AWM 27/527 et/ou FAR/AWM 29/529
Évaluation de la sécurité et de la fiabilité des systèmes : SAE ARP 4761, MIL-HDBK-217
Développement et gestion de l'ensemble du cycle de vie des systèmes complexes d'aéronefs civils et militaires tel que définis par SAE ARP4754A et ISO-15288.

 

Toute autre combinaison de scolarité et d’expérience jugée équivalente pourra être considérée.

 

ATTESTATION DE SÉCURITÉ

Une offre pour une position au sein du département des programmes commerciaux est conditionnelle à l’obtention et au maintien du programme de marchandises contrôlées requis pour le poste.

Une offre pour une position au sein  du département des programmes militaires canadiens gouvernementaux est conditionnelle à l’obtention et au maintien du niveau de sécurité NATO requis pour le poste.

Avantages de travailler chez Bell Textron Canada

Programme d’assurances collectives et soins de santé virtuels
Régime d’épargne retraite
Moyenne de 13 jours fériés/mobiles
Possibilité de cumuler le temps supplémentaire en temps compensé jusqu’à concurrence de 40h par année
Politique d’horaire flexible
Programme d’aide à l’éducation
Programme de remboursement pour les frais de conditionnement physique
Programme d’aide aux employés et à la famille.

 

Ne ratez pas votre chance de vous joindre à un milieu diversifié et inclusif qui favorise un sentiment d’appartenance. En tant que membre de notre effectif mondial, vous collaborerez avec des équipes dévouées et enthousiastes, dont les différences d’expériences, d’antécédents et d’idées et une solide passion pour nos produits nous permettent d’aller au-delà du vol.

 Bell Textron Canada Ltée adhère aux principes d’équité en matière d’emploi. Nous invitons les femmes, les Autochtones, les minorités visibles et les personnes handicapées à soumettre leurs candidatures.                             

Les personnes handicapées peuvent recevoir de l'assistance pour le processus de présélection et de sélection, si elles le désirent.

 

*** English ***

 

We’re more than aviation experts, we’re pioneers. We challenge what’s possible. From breaking the sound barrier to advanced tiltrotor systems. Today, Bell is shaping the future of aviation through specialized engineering. And we want you.

 

Summary of job description

The Mirabel systems engineering team is responsible for the development, integration and certification of technologically advanced and innovative avionics and electrical solutions in response to the need for upgrades, expansion or replacement of existing platform capabilities, systems or new developments while meeting the certification civilian (FAA ,TCCA, EASA ,etc.) and military regulations (e.g. Canadian Government Programs – CH146).

Analyze project, production and certification requirements and develop technical solutions related to avionics and aircraft electrical systems.
Support the integration of systems including the choice of components, the compatibility of interfaces and the drafting of electrical diagrams and identify the installation requirements of the systems.
Manage requirements thru a requirements management tool , provide technical guidance and impact assessment, 
Development of avionics system requirements and management, systems specifications, architecture and interfaces with other aircraft systems.
Prepare and update certification plans, qualification plans and conformity matrix,
Coordination with avionics system suppliers in the development, integration and testing of displays, flight instruments, communication and navigation systems, sensor and sighting systems, vehicle health systems and vehicle management systems.
Prepare test plans and test procedures, analyze results and write qualification reports for functional and certification tests at the components and aircraft level.
Prepare analyses in support of the certification of installed or modified systems (electrical loads, thermal, support for safety analyses, EMC, HIRF and lightning at the systems and at the aircraft level).
Support LRU/system testing, Systems Integration Laboratory (SIL) testing and troubleshooting.
Support aircraft ground and flight testing.
Support first article installation on aircraft.
Review supplier technical documentations.
The candidate will be part of the Avionics and Systems Engineering team ,based in Mirabel, Quebec.  

 

Minimum required qualifications

Bachelor’s degree in electrical/avionics engineering.
5 years of pertinent experience in aerospace or equivalent working level experience.
Integration experience on a commercial or military aircraft is an asset.
Represents the discipline in providing/presenting solutions to technical issues.
Working level knowledge or mastery with some or all the aircraft avionic and electrical systems is required,
Knowledge of requirements management tool is required.
Works independently and develops solutions on intermediate complexity tasks. 
Good analytical and leadership skills.
Strong work ethic and self-motivation.

If a candidate does not possess functional knowledge of French, their application may still be considered, porived that, at the time of hiring, they commit to acquiring such knowledge by taking french courses.

 

Frequent inter-organizational and outside customer contacts.
Equipment qualification standards: RTCA/DO-160, MIL-STD-810, MIL-STD-883, MIL-STD-461, MIL-STD-464, RTCA/DO-178, RTCA/DO-254.
Civil aircraft and systems certification standards:  FAR/AWM 27/527 and/or FAR/AWM 29/529
Systems safety and Reliability assessments:  SAE ARP 4761, MIL-HDBK-217
Development and management of entire life cycle for complex civil aircraft systems in accordance with SAE ARP4754A et ISO-15288.

Any other combination of schooling and experience deemed equivalent may be considered.

 

SECURITY CLEARANCE

An offer within the Commercial Programs Department is conditional on obtaining and maintaining the Controlled Goods Program required for the position.

An offer within the Canadian Government Programs (military) Department is conditional on obtaining and maintaining the NATO security level required for the position.

 

Benefits of working at Bell Textron Canada

Group benefits plan and Healthcare online services
Retirement savings plan
Average of 13 holidays/floating days
Possibility of banking overtime in compensated time up to 40 hours per year
Flexible schedule policy
Educational assistance program
Reimbursement program for fitness fees
Employee and Family Assistance Program

 

Don’t miss the chance to join a diverse, inclusive environment where you feel a sense of belonging. As a member of our global workforce, you will collaborate with dedicated, enthusiastic teams where unique experiences, backgrounds and ideas combined with a strong passion for our products take us above and beyond flight.

Bell Textron Canada Ltee adheres to the principles of Employment Equity. We welcome applications from women, aboriginal peoples, visible minorities and people with disabilities.                             

People with disabilities may receive assistance with the screening and selection process, if they wish

 

 
 
 

Recruiting Company Bell Textron Inc.
Primary Location CA-Quebec-Mirabel
Job Field Engineering
Schedule Full-time
Job Level Individual Contributor
Shift First Shift
Job Posting 06/09/2026, 7:49:21 AM"
Bell (Textron),Turning Mach Opr - 1st Shift MTC,1536952,"Texas, Fort Worth",United States of America,,onsite,Mid,us_person,unknown,unknown,taleo,2026-06-08,2026-06-16T21:35:52Z,https://textron.taleo.net/careersection/bell/jobdetail.ftl?job=1536952,"Job Description - Turning Mach Opr - 1st Shift MTC (341267)
 
Turning Mach Opr - 1st Shift MTC
(Job Number: 341267)

 

Job Description:

·         Sets up and operates various turning machines performing a wide range of machining operations on experimental, tooling and production parts.

·         Performs diversified work on all types of materials.

·         May perform any operation within the capability of the machine.

·         Selects speeds and feeds, devises tooling and performs layout for varying conditions and materials using a variety of attachments.

Tools & Equipment Used:

·         Various conventional, NC and CNC turning machines and attachments. Machinists’ hand tools and a variety of precision measuring instruments.

 

Experience & Other Requirements:

·         Three (3) years performing the work above.

This position requires use of information which is subject to the International Traffic in Arms Regulations (ITAR).  All applicants must be U.S. persons within the meaning of ITAR.  ITAR defines a U.S. person as a U.S. Citizen, U.S. Permanent Resident (i.e. 'Green Card Holder'), Political Asylee, or Refugee.

Textron is an Equal Opportunity Employer (M/F/D/V)

 
 
 
EEO Statement
Textron is committed to providing Equal Opportunity in Employment, to all applicants and employees regardless of race, color, religion, age, national origin, military status, veteran status, disability, sex (including pregnancy and sexual orientation), genetic information or any other characteristic protected by law.

 
This position requires use of information which is subject to the International Traffic in Arms Regulations (ITAR) and/or the Export Administration Regulations (EAR). The ITAR/EAR defines a U.S. person as a U.S. Citizen, U.S. Permanent Resident (i.e. 'Green Card Holder'), Political Asylee, or Refugee. Non-U.S. persons selected must meet eligibility requirements for access to export-restricted information.
 
Recruiting Company Bell Textron Inc.
Primary Location US-Texas-Fort Worth
Job Field Manufacturing
Schedule Full-time
Job Level Individual Contributor
Shift First Shift
Job Posting 06/08/2026, 4:53:56 PM"
Bell (Textron),Gear Cut & Grind A - 1st Shift MTC,1537026,"Texas, Fort Worth",United States of America,,onsite,Mid,us_person,unknown,unknown,taleo,2026-06-08,2026-06-16T21:35:52Z,https://textron.taleo.net/careersection/bell/jobdetail.ftl?job=1537026,"Job Description - Gear Cut & Grind A - 1st Shift MTC (341268)
 
Gear Cut & Grind A - 1st Shift MTC
(Job Number: 341268)

 

Job Description:

·         Set up and operate all types of gear manufacturing equipment including gear cutters, gear grinders, gear shavers, lapping machines, etc., to produce a wide variety of gears and splines including spiral bevel, helical and hypoid gears.

·         Set-ups and work must be held to extremely close tolerances.

·         Advises and assists in development of new gears and gears cutting processes.

·         Tests and checks gears using gear testing and checking machines and equipment.

·         Sets up and/or performs all grinding on case hardened surfaces.

Tools & Equipment Used:

·         All types of gear manufacturing, testing, and checking equipment, machinists’ hand tools, precision measuring instruments. 

 

Experience & Other Requirements:

·         Three years’ experience as a Gear Cutter and Grinder plus two (2) years of related experience.

Textron is an Equal Opportunity Employer (M/F/D/V)

 
 
 
EEO Statement
Textron is committed to providing Equal Opportunity in Employment, to all applicants and employees regardless of race, color, religion, age, national origin, military status, veteran status, disability, sex (including pregnancy and sexual orientation), genetic information or any other characteristic protected by law.

Recruiting Company Bell Textron Inc.
Primary Location US-Texas-Fort Worth
Job Field Manufacturing
Schedule Full-time
Job Level Individual Contributor
Shift First Shift
Job Posting 06/08/2026, 4:00:41 PM"
Bell (Textron),Mfg Eng Resource Prgm III,1536868,"Texas, Fort Worth",United States of America,,onsite,Mid,us_person,unknown,unknown,taleo,2026-06-08,2026-06-16T21:35:52Z,https://textron.taleo.net/careersection/bell/jobdetail.ftl?job=1536868,"Job Description - Mfg Eng Resource Prgm III (341217)
 
Mfg Eng Resource Prgm III
(Job Number: 341217)

 

·         Under the general supervision of a supervisor or an employee of equal or higher rank, Mfg. Eng. Resource Programmer III is responsible for effective design of manufacturing resources including: 

o   Computer Aided Manufacturing (CAM) numerical controlled (NC) programs, Manufacturing Computer Aided Design (MCAD) tools/fixtures, loft patterns, and operational models with associated 2D drawings.             

o   Must have knowledge of shop production and processing operations. 

o   Work in accordance with management strategies and concepts as well as program and departmental processes and procedures using Bell Business Systems. 

o   May train one or more employees.

 

Worked Performed:

·         Interrogate, analyze, comprehend, and interpret various Engineering Drawings, Models, Bills of Materials, Technical Specifications, Quality Documents, Bell Process Framework, and departmental procedures as necessary to perform assigned work.

·         Provides MCAD operational models and 2D drawings for manufacturing process planning sequences as required.

·         Provide process liaison support for manufacturing operations when MCAD models with 2D drawings exist as required.

·         Develops, Creates and Maintains Tooling/Fixture definition for manufacturing operations for all media types including MCAD and manual legacy designs. Executes creation and maintenance of CAM programs and operator instructions for Numerical Controlled equipment.

·         Responsible for developing, creating, and maintaining Loft MCAD models, flat patterns and associated digital tooling programs.

·         Working knowledge of NC Programming, Loft, Engineering, Tool Design, Manufacturing and Planning processes and procedures. 

·         Skilled in the concept related to the application of GD&T/Aerospace tolerances Supports producibility assessments when requested.

·         Maintains records and schedules of work assigned.  Will meet established company cost control standards, schedule and quality requirements to maintain market competitiveness.

·         Provide technical assistance to procurement and suppliers as determined by management.

·         Execute strong communication skills, both verbal and written, required to communicate and interact between internal and external customers.

·         Apply extensive aircraft manufacturing knowledge and be prepared to train, direct, instruct, and check/validate Production Engineering work.

·         Required to attend training and complete competency-based testing as required by management to remain current with technological advancements. 

 

Experience & Other Requirements:

·         Two (2) years college or three (3) years of experience in the aircraft industry or completed related Bell apprentice program. 

·         Demonstrated capability to adequately perform the essential functions and responsibilities related to the application of GD&T/Aerospace tolerances.

·         Must have strong communication skills, both verbal and written.

This position requires use of information which is subject to the International Traffic in Arms Regulations (ITAR). All applicants must be U.S. persons within the meaning of ITAR. ITAR defines a U.S. person as a U.S. Citizen, U.S. Permanent Resident (i.e. 'Green Card Holder'), Political Asylee, or Refugee.

Textron is an Equal Opportunity Employer (M/F/D/V)

 
 
 
EEO Statement
Textron is committed to providing Equal Opportunity in Employment, to all applicants and employees regardless of race, color, religion, age, national origin, military status, veteran status, disability, sex (including pregnancy and sexual orientation), genetic information or any other characteristic protected by law.

 
This position requires use of information which is subject to the International Traffic in Arms Regulations (ITAR) and/or the Export Administration Regulations (EAR). The ITAR/EAR defines a U.S. person as a U.S. Citizen, U.S. Permanent Resident (i.e. 'Green Card Holder'), Political Asylee, or Refugee. Non-U.S. persons selected must meet eligibility requirements for access to export-restricted information.
 
Recruiting Company Bell Textron Inc.
Primary Location US-Texas-Fort Worth
Job Field Manufacturing
Schedule Full-time
Job Level Individual Contributor
Shift First Shift
Job Posting 06/08/2026, 3:48:41 PM"
Bell (Textron),Mfg Eng Resource Prgm III,1537310,"Texas, Fort Worth",United States of America,,onsite,Mid,us_person,unknown,unknown,taleo,2026-06-08,2026-06-16T21:35:52Z,https://textron.taleo.net/careersection/bell/jobdetail.ftl?job=1537310,"Job Description - Mfg Eng Resource Prgm III (341417)
 
Mfg Eng Resource Prgm III
(Job Number: 341417)

 

·         Under the general supervision of a supervisor or an employee of equal or higher rank, Mfg. Eng. Resource Programmer III is responsible for effective design of manufacturing resources including: 

o   Computer Aided Manufacturing (CAM) numerical controlled (NC) programs, Manufacturing Computer Aided Design (MCAD) tools/fixtures, loft patterns, and operational models with associated 2D drawings.             

o   Must have knowledge of shop production and processing operations. 

o   Work in accordance with management strategies and concepts as well as program and departmental processes and procedures using Bell Business Systems. 

o   May train one or more employees.

 

Worked Performed:

·         Interrogate, analyze, comprehend, and interpret various Engineering Drawings, Models, Bills of Materials, Technical Specifications, Quality Documents, Bell Process Framework, and departmental procedures as necessary to perform assigned work.

·         Provides MCAD operational models and 2D drawings for manufacturing process planning sequences as required.

·         Provide process liaison support for manufacturing operations when MCAD models with 2D drawings exist as required.

·         Develops, Creates and Maintains Tooling/Fixture definition for manufacturing operations for all media types including MCAD and manual legacy designs. Executes creation and maintenance of CAM programs and operator instructions for Numerical Controlled equipment.

·         Responsible for developing, creating, and maintaining Loft MCAD models, flat patterns and associated digital tooling programs.

·         Working knowledge of NC Programming, Loft, Engineering, Tool Design, Manufacturing and Planning processes and procedures. 

·         Skilled in the concept related to the application of GD&T/Aerospace tolerances Supports producibility assessments when requested.

·         Maintains records and schedules of work assigned.  Will meet established company cost control standards, schedule and quality requirements to maintain market competitiveness.

·         Provide technical assistance to procurement and suppliers as determined by management.

·         Execute strong communication skills, both verbal and written, required to communicate and interact between internal and external customers.

·         Apply extensive aircraft manufacturing knowledge and be prepared to train, direct, instruct, and check/validate Production Engineering work.

·         Required to attend training and complete competency-based testing as required by management to remain current with technological advancements. 

 

Experience & Other Requirements:

·         Two (2) years college or three (3) years of experience in the aircraft industry or completed related Bell apprentice program. 

·         Demonstrated capability to adequately perform the essential functions and responsibilities related to the application of GD&T/Aerospace tolerances.

·         Must have strong communication skills, both verbal and written.

This position requires use of information which is subject to the International Traffic in Arms Regulations (ITAR). All applicants must be U.S. persons within the meaning of ITAR. ITAR defines a U.S. person as a U.S. Citizen, U.S. Permanent Resident (i.e. 'Green Card Holder'), Political Asylee, or Refugee.

Textron is an Equal Opportunity Employer (M/F/D/V)

 
 
 
EEO Statement
Textron is committed to providing Equal Opportunity in Employment, to all applicants and employees regardless of race, color, religion, age, national origin, military status, veteran status, disability, sex (including pregnancy and sexual orientation), genetic information or any other characteristic protected by law.

 
This position requires use of information which is subject to the International Traffic in Arms Regulations (ITAR) and/or the Export Administration Regulations (EAR). The ITAR/EAR defines a U.S. person as a U.S. Citizen, U.S. Permanent Resident (i.e. 'Green Card Holder'), Political Asylee, or Refugee. Non-U.S. persons selected must meet eligibility requirements for access to export-restricted information.
 
Recruiting Company Bell Textron Inc.
Primary Location US-Texas-Fort Worth
Job Field Manufacturing
Schedule Full-time
Job Level Individual Contributor
Shift First Shift
Job Posting 06/08/2026, 3:43:53 PM"
Bell (Textron),Mfg Eng Resource Prgm III,1536474,"Texas, Fort Worth",United States of America,,onsite,Mid,us_person,unknown,unknown,taleo,2026-06-08,2026-06-16T21:35:52Z,https://textron.taleo.net/careersection/bell/jobdetail.ftl?job=1536474,"Job Description - Mfg Eng Resource Prgm III (340991)
 
Mfg Eng Resource Prgm III
(Job Number: 340991)

 

·         Under the general supervision of a supervisor or an employee of equal or higher rank, Mfg. Eng. Resource Programmer III is responsible for effective design of manufacturing resources including: 

o   Computer Aided Manufacturing (CAM) numerical controlled (NC) programs, Manufacturing Computer Aided Design (MCAD) tools/fixtures, loft patterns, and operational models with associated 2D drawings.             

o   Must have knowledge of shop production and processing operations. 

o   Work in accordance with management strategies and concepts as well as program and departmental processes and procedures using Bell Business Systems. 

o   May train one or more employees.

 

Worked Performed:

·         Interrogate, analyze, comprehend, and interpret various Engineering Drawings, Models, Bills of Materials, Technical Specifications, Quality Documents, Bell Process Framework, and departmental procedures as necessary to perform assigned work.

·         Provides MCAD operational models and 2D drawings for manufacturing process planning sequences as required.

·         Provide process liaison support for manufacturing operations when MCAD models with 2D drawings exist as required.

·         Develops, Creates and Maintains Tooling/Fixture definition for manufacturing operations for all media types including MCAD and manual legacy designs. Executes creation and maintenance of CAM programs and operator instructions for Numerical Controlled equipment.

·         Responsible for developing, creating, and maintaining Loft MCAD models, flat patterns and associated digital tooling programs.

·         Working knowledge of NC Programming, Loft, Engineering, Tool Design, Manufacturing and Planning processes and procedures. 

·         Skilled in the concept related to the application of GD&T/Aerospace tolerances Supports producibility assessments when requested.

·         Maintains records and schedules of work assigned.  Will meet established company cost control standards, schedule and quality requirements to maintain market competitiveness.

·         Provide technical assistance to procurement and suppliers as determined by management.

·         Execute strong communication skills, both verbal and written, required to communicate and interact between internal and external customers.

·         Apply extensive aircraft manufacturing knowledge and be prepared to train, direct, instruct, and check/validate Production Engineering work.

·         Required to attend training and complete competency-based testing as required by management to remain current with technological advancements. 

 

Experience & Other Requirements:

·         Two (2) years college or three (3) years of experience in the aircraft industry or completed related Bell apprentice program. 

·         Demonstrated capability to adequately perform the essential functions and responsibilities related to the application of GD&T/Aerospace tolerances.

·         Must have strong communication skills, both verbal and written.

This position requires use of information which is subject to the International Traffic in Arms Regulations (ITAR). All applicants must be U.S. persons within the meaning of ITAR. ITAR defines a U.S. person as a U.S. Citizen, U.S. Permanent Resident (i.e. 'Green Card Holder'), Political Asylee, or Refugee.

Textron is an Equal Opportunity Employer (M/F/D/V)

 
 
 
EEO Statement
Textron is committed to providing Equal Opportunity in Employment, to all applicants and employees regardless of race, color, religion, age, national origin, military status, veteran status, disability, sex (including pregnancy and sexual orientation), genetic information or any other characteristic protected by law.

 
This position requires use of information which is subject to the International Traffic in Arms Regulations (ITAR) and/or the Export Administration Regulations (EAR). The ITAR/EAR defines a U.S. person as a U.S. Citizen, U.S. Permanent Resident (i.e. 'Green Card Holder'), Political Asylee, or Refugee. Non-U.S. persons selected must meet eligibility requirements for access to export-restricted information.
 
Recruiting Company Bell Textron Inc.
Primary Location US-Texas-Fort Worth
Job Field Manufacturing
Schedule Full-time
Job Level Individual Contributor
Shift First Shift
Job Posting 06/08/2026, 3:33:06 PM"
Bell (Textron),Technicien en conception Design / Design Technician,1539228,"CA, Quebec, Mirabel",United States of America,,onsite,Mid,unknown,unknown,unknown,taleo,2026-06-08,2026-06-16T21:35:52Z,https://textron.taleo.net/careersection/bell/jobdetail.ftl?job=1539228,"Job Description - Technicien en conception Design / Design Technician (342420)
 
Technicien en conception Design / Design Technician
(Job Number: 342420)

 

*** An English description will follow ***

Nous sommes plus que des experts en aviation, nous sommes des pionniers. Nous repoussons les limites de ce qui est possible. De franchir le mur du son jusqu’aux systèmes de rotor basculant avancés. Aujourd'hui, Bell façonne l'avenir de l'aviation grâce à une ingénierie spécialisée. Venez rejoindre notre équipe.

Relevant du Directeur du Centre de Finition des Appareils (CFA), le technicien en conception a la responsabilité de concevoir les dessins de particularisation (customizing) des appareils selon les besoins définis par le client et les critères de certification.  Les principaux secteurs de responsabilités comprennent notamment l’éclairage, les systèmes audio et d’affichage des passagers, les systèmes de communication et l’intégration des systèmes d’alimentation électrique et d’autres systèmes électroniques.

 Le Centre de Finition des Appareils est un environnement excitant et stimulant rempli de défis et d’opportunités dans lequel vous aurez la chance d’évoluer et de grandir en tant qu’individus au sein d’une équipe performante.

Sommaire des responsabilités

·         Gérer les projets de conception de produits des clients, de la conception initiale jusqu’à la production du produit fini.

·         Concevoir des solutions pour implémenter les particularisations choisies par le client, tout en respectant les échéanciers.

·         Déterminer les données à obtenir selon les exigences relatives à la conception.

·         Évaluer les exigences relatives à la conception des projets.

·         Intégrer les solutions au niveau électrique et/ou structure.

·         Concevoir les produits en utilisant les logiciels Enovia, Catia V6 et/ou Capital Harness System (CHS).

·         Modifier des conceptions existantes, au besoin.

·         Participer au processus d’installation du produit avec les employés chargés de la fabrication.

·         Discussion continues avec les ingénieurs et les intervenants impliqués dans le processus d’approbation des dessins.

·         Réaliser les tâches et les projets spéciaux qui ont été attribués par le chef de conception et/ou le Gestionnaire de Projet.

·         Participation au développement et à l’amélioration des outils et des processus d’ingénierie pour appuyer des initiatives de réduction des coûts et de temps de cycle de la particularisation des appareils.

 

Exigences du poste / Qualifications

·         Diplôme collégial en conception aérospatiale ou en conception électrique.

·         Une expérience d’au moins 5 ans en conception de produit dans le secteur du génie aérospatial, ou l’équivalent sera préférée.

·         Un candidat polyvalent avec une expérience et des connaissances en structure, câblage et installation de systèmes électriques sera préférée.

·         La connaissance et la maîtrise de Catia V5/V6 sont indispensables.

·         Connaissances fonctionnelles en français

·         Connaissances fonctionnelles en anglais, ce poste nécessite des communications en anglais avec les équipes de Bell hors Québec et/ou ses fournisseurs, partenaires et clients hors Québec

Toute autre combinaison de scolarité et d’expérience jugée équivalente pourra être considérée.

 

Avantages de travailler chez Bell Textron Canada

·         Programme d’assurances collectives et soins de santé virtuel

·         Régime d’épargne retraite

·         Moyenne de 13 jours fériés/mobiles

·         Possibilité de cumuler le temps supplémentaire en temps compensé jusqu’à concurrence de 40h par année

·         Politique d’horaire flexible

·         Programme d’aide à l’éducation

·         Programme de remboursement pour les frais de conditionnement physique

·         Programme d’aide aux employés et à la famille

 

Ne ratez pas votre chance de vous joindre à un milieu diversifié et inclusif qui favorise un sentiment d’appartenance. En tant que membre de notre effectif mondial, vous collaborerez avec des équipes dévouées et enthousiastes, dont les différences d’expériences, d’antécédents et d’idées et une solide passion pour nos produits nous permettent d’aller au-delà du vol.

Bell Textron Canada Ltée adhère aux principes d’équité en matière d’emploi. Nous invitons les femmes, les Autochtones, les minorités visibles et les personnes handicapées à soumettre leurs candidatures.                             

Les personnes handicapées peuvent recevoir de l'assistance pour le processus de présélection et de sélection, si elles le désirent.

 

*** English ***

   We’re more than aviation experts, we’re pioneers. We challenge what’s possible. From breaking the sound barrier to advanced tiltrotor systems. Today, Bell is shaping the future of aviation through specialized engineering. And we want you.

Directly reporting to the Manager of the Centre de Finition (CFA), The design technician is responsible to design the customization drawings for the helicopter with respect to customer needs and certification requirements. Primary areas of responsibility of Design Technician include lighting, passenger audio / visual systems, communication systems, electrical power and other electronic systems integration.

The CFA is an exciting and stimulating environment with lots of challenges and opportunities where you will have the chance to evolve and grow as individuals within a high performance team.

Summary of job description

·         Manage customer product design projects from initial concept through production of finished product.

·         Design solutions to implement the client’s customizing choices while meeting the deadlines.

·         Integrate the solutions from an electrical and/or airframe aspect.

·         Evaluate the design requirements for the projects.

·         Determine what data is required for design requirements.

·         Design products using Catia V6 and/or Capital Harness System (CHS) software.

·         Modify existing designs as needed.

·         Assist manufacturing personnel with the installation process.

·         Continuous discussions with all stakeholders involved in the design approval.

·         Complete special projects and tasks as assigned by the Design Group Lead and/or Project Lead.

·         Support the development and improvement of engineering tools and process to support cost saving initiatives and lifecycle of customized helicopters.

 

Minimum required qualifications

·         College degree in aerospace design or electrical design

·         At least five (5) years of experience in product design in the aerospace engineering sector, or the equivalent will be preferred.

·         A versatile candidate with experience and knowledge in structure, wiring and installation of electrical systems will be preferred.

·         Knowledge of Catia V5/V6 is essential.

·         Functional knowledge in French is required.

·         Functional knowledge in English is required for this position, as it involves communication in English with Bell teams outside of Quebec and/or its suppliers, partners, and clients outside of Quebec.

 

Any other combination of schooling and experience deemed equivalent may be considered.

 

Benefits of working at Bell Textron Canada

·         Group benefits plan and Healthcare online service

·         Retirement savings plan

·         Average of 13 holidays/floating days

·         Possibility of banking overtime in compensated time up to 40 hours per year

·         Flexible schedule policy

·         Educational assistance program

·         Reimbursement program for fitness fees

·         Employee and Family Assistance Program

Don’t miss the chance to join a diverse, inclusive environment where you feel a sense of belonging. As a member of our global workforce, you will collaborate with dedicated, enthusiastic teams where unique experiences, backgrounds and ideas combined with a strong passion for our products take us above and beyond flight.

Bell Textron Canada Ltee adheres to the principles of Employment Equity. We welcome applications from women, aboriginal peoples, visible minorities and people with disabilities.                             

People with disabilities may receive assistance with the screening and selection process, if they wish.

 
 
 

Recruiting Company Bell Textron Inc.
Primary Location CA-Quebec-Mirabel
Job Field Engineering
Schedule Full-time
Job Level Individual Contributor
Shift First Shift
Job Posting 06/08/2026, 10:23:47 AM"
Bell (Textron),Ingénieur en assurance de la conception d'équipements électroniques /Electronic Equipment Design Assurance engineer,1530522,"CA, Quebec, Mirabel",United States of America,,onsite,Mid,unknown,unknown,unknown,taleo,2026-06-04,2026-06-16T21:35:52Z,https://textron.taleo.net/careersection/bell/jobdetail.ftl?job=1530522,"Job Description - Ingénieur en assurance de la conception d'équipements électroniques /Electronic Equipment Design Assurance engineer (337778)
 
Ingénieur en assurance de la conception d'équipements électroniques /Electronic Equipment Design Assurance engineer
(Job Number: 337778)

 

*** An english description will follow ***

 

Nous sommes des pionniers. Nous avons été les premiers à franchir le mur du son et à concevoir le premier scooter de l’espace fonctionnel. Nous avons pris part à la première mission de la NASA sur la Lune et nous avons mis en marché des systèmes de rotors basculants évolués. Aujourd’hui, nous façonnons l’avenir de la mobilité sur demande. Les employés de Bell sont fiers de travailler pour une entreprise emblématique, regroupant de grands talents, qui produit en peu de temps des appareils à décollage vertical novateurs et recherchés. 

 

Chez Bell, nous sommes à l'avant-garde de l'innovation, ayant atteint de nombreux jalons dans l'histoire de l'aviation. De la rupture du mur du son à la création du premier jetpack fonctionnel, en passant par la contribution à la mission lunaire de la NASA, nous continuons à façonner l'avenir de la mobilité à la demande avec nos expériences de levage vertical de pointe. Nous recherchons un spécialiste en ingénierie logicielle et matérielle électronique d'aéronefs hautement motivé pour rejoindre notre équipe d'assurance de la conception d'équipements électroniques (ACEE) dans notre installation à Mirabel, Québec, Canada.

 

Sommaire des responsabilités

 

Participer aux revues préliminaires et critiques de la conception du système.
Préparer ou contribuer aux plans de certification des logiciels et matériels électroniques du programme.
Évaluer les conceptions de logiciels et de matériels électroniques des fournisseurs (FPGA, ASIC, PLD).
Effectuer des audits techniques et de processus.
Réaliser des revues de sécurité de vol.
Évaluer les données du cycle de vie des logiciels et matériels électroniques pour garantir la conformité aux normes.
Mener la résolution des déficiences en matière de sécurité, de conformité ou de technique avec les fournisseurs et d'autres parties prenantes du programme.
Préparer et/ou examiner les rapports de conformité de conception.
Contribuer à l'évolution des meilleures pratiques de l'ACEE.

 

Nous recherchons un professionnel dévoué passionné, intéressé à repousser les limites de la technologie aéronautique et contribuer à l'avenir des expériences de du décollage vertical. Si vous êtes prêt à relever ce défi passionnant, nous vous encourageons à postuler et à rejoindre notre équipe chez Bell.

 

Exigences du poste / Qualifications

Diplôme d'ingénieur universitaire en avionique, électronique, logiciel ou équivalent.
Minimum de 5 ans d'expérience en logiciels et matériels électroniques embarqués
Minimum de 8 ans d'expérience en ingénierie technique, dont au moins 5 ans dans l'aéronautique.
Connaissances fonctionnelles en francais
Connaissances fonctionnelles en anglais, ce poste nécessite des communications en anglais avec les équipes de Bell hors Québec et/ou ses fournisseurs, partenaires et clients hors Québec
Connaissance pratique des directives et moyens de conformité des logiciels et matériels électroniques embarqués, y compris ARP-4754A/B, RTCA DO-178B, DO-178C et ses suppléments, DO-248B/C, DO-254, DO-297 (IMA), DO-326A/DO-356A/DO-355 (sécurité des cubes), DO-330, DO-200A, FAA AC 20-115D, AC 20-152A, Order 8110.49A et 8110.105A.
Plusieurs langages de programmation (C, C++, Ada95, Assembleur, Python, etc.) et plusieurs langages de description matérielle.
Développement et test (FPGA, ASIC ou PLD).
Connaissance des environnements de capture des exigences (DOORS, JAMA, etc.).
Compréhension des architectures informatiques embarquées, des systèmes d'exploitation et des exécutifs en temps réel.
Admissible à un P. Eng. ou équivalent.
Ambitieux, axé sur les résultats et capable de travailler de manière autonome avec peu de supervision.
Organisé, axé sur les détails, joueur d'équipe, motivé, axé sur le client et capable de travailler sous pression.
Proactif, adaptable, flexible et innovant avec un fort sens de la responsabilité et de l'intégrité.
L'expérience avec les autorités de navigabilité ou leurs ingénieurs autorisés est un atout.

 

Toute autre combinaison de scolarité et d’expérience jugée équivalente pourra être considérée.

 

Avantages de travailler chez Bell Textron

Programme d’assurance collective et régime d’épargne retraite

 

Moyenne de 13 jours fériés/mobiles
Possibilité de cumuler le temps supplémentaire en temps compensé jusqu’à concurrence de 40h par année
Politique d’horaire flexible
Programme d’aide à l’éducation pour les employés
Programme de remboursement pour les frais de conditionnement physique
Programme d’aide aux employés et à la famille

 

Ne ratez pas votre chance de vous joindre à un milieu diversifié et inclusif qui favorise un sentiment d’appartenance. En tant que membre de notre effectif mondial, vous collaborerez avec des équipes dévouées et enthousiastes, dont les différences d’expériences, d’antécédents et d’idées et une solide passion pour nos produits nous permettent d’aller au-delà du vol.

 Bell Textron Canada Ltée adhère aux principes d’équité en matière d’emploi. Nous invitons les femmes, les Autochtones, les minorités visibles et les personnes handicapées à soumettre leurs candidatures.                            

Les personnes handicapées peuvent recevoir de l'assistance pour le processus de présélection et de sélection, si elles le désirent.

 

*** English ***

We are pioneers. We were the first to break the sound barrier and design the first functional jetpack. We were aboard NASA’s first lunar mission and brought advanced tiltrotor systems to market. Today, we are defining the future of on-demand mobility. At Bell, we are proud to be an iconic company with superb talent, rapidly creating novel and coveted vertical lift experiences.  

At Bell, we are at the forefront of innovation, having achieved numerous milestones in aviation history. From breaking the sound barrier to pioneering the first functional jetpack, contributing to NASA's lunar mission, we continue to shape the future of on-demand mobility with our cutting-edge vertical lift experiences. We are seeking a highly motivated Aircraft Electronic Software and Hardware Engineering Specialist to join our Electronic Equipment Design Assurance (EEDA) team at our facility in Mirabel, Quebec, Canada.

 

Summary of job description

 

Participate in preliminary and critical system design reviews.
Prepare or contribute to program software and electronic hardware certification plans.
Evaluate supplier's software and electronic (FPGA, ASIC, PLD) designs.
Conduct technical and process audits.
Perform safety of flight reviews.
Assess software and electronic hardware life cycle data to ensure compliance to standards.
Lead the resolution of safety, compliance, or technical deficiencies with suppliers and other program stakeholders.
Prepare and/or review design compliance reports.
Contribute to the evolution of EEDA best practices.

We are looking for a dedicated professional who is passionate about pushing the boundaries of aviation technology and contributing to the future of vertical lift experiences. If you are ready to take on this exciting challenge, we encourage you to apply and join our team at Bell.

 

Minimum required qualifications

 

University engineering degree in Avionics, Electronics, Software, or equivalent.
Minimum of 8 years of technical engineering experience, including at least 5 years in aeronautics.
Minimum of 5 years of experience in airborne software and electronic hardware:
Working knowledge of airborne software and electronic hardware guidance and Means of Compliance, including ARP-5754A/B, RTCA DO-178B,  DO-178C and supplements, DO-248B/C, DO-254, DO-297 (IMA), DO-326A/DO-356A/DO-355 (Cuber security), DO-330, DO-200A, FAA AC 20-115D, AC 20-152A, Order 8110.49A, and 8110.105A.
If a candidate does not possess functional knowledge of French, their application may still be considered, provided that, at the time of hiring, they commit to acquiring such knowledge by taking French courses.
Functional knowledge of English is required for this position, as it involves communication in English with Bell teams outside of Quebec and/or its suppliers, partners, and clients outside of Quebec.
Multiple programming languages (C, C++, Ada95, Assembly, Python, etc.) and Multiple hardware description languages.
Development and testing (FPGA, ASIC, or PLD).
Knowledge of requirements capture environments (DOORS, JAMA, etc.).
Understanding of embedded computer architectures, operating systems, and real-time executives.
Eligible for a P. Eng. or equivalent.
Ambitious, results-driven, and able to work autonomously with little supervision.
Organized, detail-oriented, a team player, self-motivated, customer-focused, and able to work under pressure.
Proactive, adaptable, flexible, and innovative with a strong sense of accountability and integrity.
Experience with airworthiness authorities or their authorized engineers is an asset.

 

Any other combination of schooling and experience deemed equivalent may be considered.

 

Benefits of working at Bell Textron

 

Group insurance program and pension plan/savings
Average of 13 holidays/floating days
Possibility of banking overtime in compensated time up to 40 hours per year
Flexible schedule policy
Educational assistance program for employees
Reimbursement program for fitness fees
Employee and Family Assistance Program

 

Don’t miss the chance to join a diverse, inclusive environment where you feel a sense of belonging. As a member of our global workforce, you will collaborate with dedicated, enthusiastic teams where unique experiences, backgrounds and ideas combined with a strong passion for our products take us above and beyond flight.

Bell Textron Canada Ltee adheres to the principles of Employment Equity.We welcome applications from women, aboriginal peoples, visible minorities and people with disabilities.                            

People with disabilities may receive assistance with the screening and selection process, if they wish.

 
 
 

Recruiting Company Bell Textron Inc.
Primary Location CA-Quebec-Mirabel
Job Field Engineering
Schedule Full-time
Job Level Individual Contributor
Shift First Shift
Job Posting 06/04/2026, 2:42:34 PM"
Bell (Textron),Heat Treater Specialist - 2nd Shift (DSC),1524367,"Texas, Grand Prairie",United States of America,,onsite,Mid,us_person,unknown,unknown,taleo,2026-06-04,2026-06-16T21:35:52Z,https://textron.taleo.net/careersection/bell/jobdetail.ftl?job=1524367,"Job Description - Heat Treater Specialist - 2nd Shift (DSC) (336264)
 
Heat Treater Specialist - 2nd Shift (DSC)
(Job Number: 336264)

 

Position Requirements: Heat Treat a variety of steel or parts and tools where considerable ingenuity is required to prevent warping, calibrate instruments, pack carburized parts correctly. Select timing for depth of case. Give special attention to electric furnaces to insure correct heating and treatment timing. Select proper quenching medium (This is determined by the Metallurgical Lab or Supervision). Operate hardness testing equipment. May occasionally operate cyanide pot. May be specialized in either steel or heat treat. Set-up and operate a Gleason Quenching Press, Lepel or other high frequency welding or induction heating machines. Start and operate Neutralene Generator, utilize a nitrogen / methanol system) and check for proper operating condition.

 

Experience & Other Requirements: Three to five years of heat treat or related experience.

Tools & Equipment Used: Various types of heat treat furnaces, high frequency welding and induction heating machines, hoists, quenching vats and presses, refrigerators, cyanide pots.

              Textron is an Equal Opportunity Employer (M/F/D/V)

              ~cb~

 
 
 
EEO Statement
Textron is committed to providing Equal Opportunity in Employment, to all applicants and employees regardless of race, color, religion, age, national origin, military status, veteran status, disability, sex (including pregnancy and sexual orientation), genetic information or any other characteristic protected by law.

 
This position requires use of information which is subject to the International Traffic in Arms Regulations (ITAR) and/or the Export Administration Regulations (EAR). The ITAR/EAR defines a U.S. person as a U.S. Citizen, U.S. Permanent Resident (i.e. 'Green Card Holder'), Political Asylee, or Refugee. Non-U.S. persons selected must meet eligibility requirements for access to export-restricted information.
 
Recruiting Company Bell Textron Inc.
Primary Location US-Texas-Grand Prairie
Job Field Manufacturing
Schedule Full-time
Job Level Individual Contributor
Shift Second Shift
Job Posting 06/04/2026, 11:40:50 AM"
Bell (Textron),Grinder Production A - 3rd Shift (DSC),1532429,"Texas, Fort Worth",United States of America,,onsite,Mid,us_person,unknown,unknown,taleo,2026-06-04,2026-06-16T21:35:52Z,https://textron.taleo.net/careersection/bell/jobdetail.ftl?job=1532429,"Job Description - Grinder Production A - 3rd Shift (DSC) (338603)
 
Grinder Production A - 3rd Shift (DSC)
(Job Number: 338603)

 

Job Description:

·       Sets up and operates internal, centerless, surface, external, thread and universal grinders for production, experimental, and tool work.

·       Must be able and is required to perform any type of difficult grinding work on any and all types grinders.

·       Grinds steps, tapers, recesses, shoulders, angles, contours and threads.

·       Must be able to set up truing devices on thread grinding for various types and forms of threads. Selects proper speeds, feeds, and wheels.

·       Holds work to required tolerances. Setups are exacting, usually requiring firm and accurately set fixtures, rests or blocks.

Tools & Equipment Used:

All types of grinders, machinists’ hand tools, precision measuring instruments.

 

Experience & Other Requirements:

·       Three years of production grinding experience including setup.

This position requires use of information which is subject to the International Traffic in Arms Regulations (ITAR).  All applicants must be U.S. persons within the meaning of ITAR.  ITAR defines a U.S. person as a U.S. Citizen, U.S. Permanent Resident (i.e. 'Green Card Holder'), Political Asylee, or Refugee.

Textron is an Equal Opportunity Employer (M/F/D/V)

 
 
 
EEO Statement
Textron is committed to providing Equal Opportunity in Employment, to all applicants and employees regardless of race, color, religion, age, national origin, military status, veteran status, disability, sex (including pregnancy and sexual orientation), genetic information or any other characteristic protected by law.

 
This position requires use of information which is subject to the International Traffic in Arms Regulations (ITAR) and/or the Export Administration Regulations (EAR). The ITAR/EAR defines a U.S. person as a U.S. Citizen, U.S. Permanent Resident (i.e. 'Green Card Holder'), Political Asylee, or Refugee. Non-U.S. persons selected must meet eligibility requirements for access to export-restricted information.
 
Recruiting Company Bell Textron Inc.
Primary Location US-Texas-Fort Worth
Job Field Manufacturing
Schedule Full-time
Job Level Individual Contributor
Shift Third Shift
Job Posting 06/04/2026, 11:39:31 AM"
Bell (Textron),Gear Cutter & Grinder A DSC - 1st Shift,1533843,"Texas, Grand Prairie",United States of America,,onsite,Mid,us_person,unknown,unknown,taleo,2026-06-04,2026-06-16T21:35:52Z,https://textron.taleo.net/careersection/bell/jobdetail.ftl?job=1533843,"Job Description - Gear Cutter & Grinder A DSC - 1st Shift (339439)
 
Gear Cutter & Grinder A DSC - 1st Shift
(Job Number: 339439)

 

 

We are pioneers. We were the first to break the sound barrier and to design the first functional jetpack.  We were aboard NASA’s first lunar mission and brought advanced tiltrotor systems to market. Today, we are defining the future of on-demand mobility. At Bell, we are proud to work for an iconic company with superb talent, rapidly creating novel and coveted vertical lift experiences.  

 

Bell-Textron Inc. is seeking a Gear, Cut & Grind technician to support our manufacturing operations at our Drive Systems Center at out Drive System Center location in Grand Prairie, Texas.  

 

Work Performed:  

Sets up and operates all types of gear manufacturing equipment including gear cutters, gear grinders, gear shavers, lapping machines, etc., to produce a wide variety of gears and splines including spiral bevel, helical and hypoid gears.
Setups and work must be held to extremely close tolerances.
Advises and assists in development of new gears and gear cutting processes. 
Tests and checks gears using gear testing and checking machines and equipment.
Sets up and/or performs all grinding on case hardened surfaces.

 

Tools & Equipment Used: 

All types of gear manufacturing, testing, and checking equipment, machinists’ hand tools, precision measuring instruments

 

 

Don’t miss the chance to join a diverse, inclusive environment that embodies one of our core values, Lift Each Other Up.  As a member of our global workforce, you will collaborate with dedicated, enthusiastic teams where differences in experiences, backgrounds and ideas combined with a strong passion for our products take us above and beyond flight. 
 

 

 

 

Experience & Other Requirements: 

Three years experience as a Gear Cutter and Grinder plus two years of related experience.
 
 
 
EEO Statement
Textron is committed to providing Equal Opportunity in Employment, to all applicants and employees regardless of race, color, religion, age, national origin, military status, veteran status, disability, sex (including pregnancy and sexual orientation), genetic information or any other characteristic protected by law.

Preference given to Veterans of the U. S. Armed Forces.
 
Applicants selected will be subject to a government security investigation and must meet eligibility requirements, including US Citizenship, for access to classified information.
 
This position requires use of information which is subject to the International Traffic in Arms Regulations (ITAR) and/or the Export Administration Regulations (EAR). The ITAR/EAR defines a U.S. person as a U.S. Citizen, U.S. Permanent Resident (i.e. 'Green Card Holder'), Political Asylee, or Refugee. Non-U.S. persons selected must meet eligibility requirements for access to export-restricted information.
 
Recruiting Company Bell Textron Inc.
Primary Location US-Texas-Grand Prairie
Job Field Manufacturing
Schedule Full-time
Job Level Individual Contributor
Shift First Shift
Worksite Onsite
Job Posting 06/04/2026, 11:37:22 AM"
Bell (Textron),Material Bonder A - 1st Shift (DSC),1532373,"Texas, Fort Worth",United States of America,,onsite,Mid,us_person,unknown,yes,taleo,2026-06-04,2026-06-16T21:35:52Z,https://textron.taleo.net/careersection/bell/jobdetail.ftl?job=1532373,"Job Description - Material Bonder A - 1st Shift (DSC) (338571)
 
Material Bonder A - 1st Shift (DSC)
(Job Number: 338571)

 

Job Description:

·       Working from blueprints, Bell Process Specifications, drawings or written specifications performs all necessary layouts and prepares parts or articles composed of like or unlike materials for pressure bonding process.

·       Plans operations and performs assembling, fitting, and trimming as required, applies either liquid or solid bonding agents.

·       Uses various production aids, such as jigs, fixtures and hand tools.

·       Checks all work to ensure selection and application of proper bonding agent, correct assembly and fitting, etc., and places articles in a pressure furnace.

·       Controls conditions of heat, pressure, and timing by setting and operating various controls according to the specifications for the materials and the bonding agent being used. 

·       Maintains close watch over furnace controls during bonding process to ensure successful bond and prevent damage to articles.

·       Checks articles when finished. Responsible for safe operation of equipment.

Tools & Equipment Used:

·       Required hand tools, power tools necessary to do own work, liquid or solid bonding agents, autoclave, measuring instruments, jigs, fixtures, spray guns, brushes, oven, gloves, etc.

 

Experience & Other Requirements:

·       Two (2) years metal fitting or forming experience, one (1) year of which must have been in bonding work including the operation of a pressure furnace, or two (2) years Bell Material Bonder B or Material Bonder – I classification experience or one (1) year Bell Material Bonder B experience combined with one (1) year metal fitting or forming experience.

This position requires use of information which is subject to the International Traffic in Arms Regulations (ITAR). All applicants must be U.S. persons within the meaning of ITAR. ITAR defines a U.S. person as a U.S. Citizen, U.S. Permanent Resident (i.e. 'Green Card Holder'), Political Asylee, or Refugee.

Textron is an Equal Opportunity Employer (M/F/D/V)

 
 
 
EEO Statement
Textron is committed to providing Equal Opportunity in Employment, to all applicants and employees regardless of race, color, religion, age, national origin, military status, veteran status, disability, sex (including pregnancy and sexual orientation), genetic information or any other characteristic protected by law.

 
This position requires use of information which is subject to the International Traffic in Arms Regulations (ITAR) and/or the Export Administration Regulations (EAR). The ITAR/EAR defines a U.S. person as a U.S. Citizen, U.S. Permanent Resident (i.e. 'Green Card Holder'), Political Asylee, or Refugee. Non-U.S. persons selected must meet eligibility requirements for access to export-restricted information.
 
Recruiting Company Bell Textron Inc.
Primary Location US-Texas-Fort Worth
Job Field Manufacturing
Schedule Full-time
Job Level Individual Contributor
Shift First Shift
Relocation Unavailable
Job Posting 06/04/2026, 10:07:35 AM"
Bell (Textron),Insp Mach Parts A,1536410,"Texas, Fort Worth",United States of America,,onsite,Mid,us_person,unknown,yes,taleo,2026-06-04,2026-06-16T21:35:52Z,https://textron.taleo.net/careersection/bell/jobdetail.ftl?job=1536410,"Job Description - Insp Mach Parts A (340964)
 
Insp Mach Parts A
(Job Number: 340964)

 

Job Description:

·      Determines by visual examination and measurements with precision instruments, gauges, etc., the adherence to blueprint specifications and the proper standards of workmanship, material, finish, etc. on machined parts with the exception of gears and gear type parts.

·       Make complex layouts and setups on surface plate and checks measurements to close tolerances.

·     Parts inspected may be made from any of the different grades of steel, aluminum, or aluminum alloy, brass, bronze, etc., and may be bolts, die castings, sand casting, forgings, extrusions, purchases parts, brake cylinders, oleo struts etc.

·  Determines correct inspection procedures to follow, devises methods of inspection for new type machine parts and makes effective recommendations for improvements in procedures and practices.

·    Assign duties to lower grade Machined Parts Inspectors, instructs them in methods to be followed and checks their work for accuracy and completeness.

·      May be assigned to any phase of machined parts inspection in Receiving Inspection including the acceptance of any vendor-made machined parts, forgings, casting, etc. except gears and gear type parts, after checking such parts to specifications by means of layout or other inspection procedures.

Tools & Equipment Used:

·     Inspector’s hand and marking tools, machinist’s hand tools, precision-measuring instruments. Special testing and alignment devices and equipment and special precision gauges, templates, etc., and material testing equipment.

 

Experience & Other Requirements:

·         Thirty-six (36) months of Machine Shop practice or Machine Shop Inspection or its equivalent, preferably in the aircraft industry.

 
 
 
EEO Statement
Textron is committed to providing Equal Opportunity in Employment, to all applicants and employees regardless of race, color, religion, age, national origin, military status, veteran status, disability, sex (including pregnancy and sexual orientation), genetic information or any other characteristic protected by law.

 
This position requires use of information which is subject to the International Traffic in Arms Regulations (ITAR) and/or the Export Administration Regulations (EAR). The ITAR/EAR defines a U.S. person as a U.S. Citizen, U.S. Permanent Resident (i.e. 'Green Card Holder'), Political Asylee, or Refugee. Non-U.S. persons selected must meet eligibility requirements for access to export-restricted information.
 
Recruiting Company Bell Textron Inc.
Primary Location US-Texas-Fort Worth
Job Field Manufacturing
Schedule Full-time
Job Level Individual Contributor
Shift Second Shift
Travel No
Relocation Unavailable
Worksite Onsite
Job Posting 06/04/2026, 10:06:51 AM"
Bell (Textron),Material Bonder A - 1st Shift (ROC),1537292,"Texas, Fort Worth",United States of America,,onsite,Mid,us_person,unknown,yes,taleo,2026-06-04,2026-06-16T21:35:52Z,https://textron.taleo.net/careersection/bell/jobdetail.ftl?job=1537292,"Job Description - Material Bonder A - 1st Shift (ROC) (341399)
 
Material Bonder A - 1st Shift (ROC)
(Job Number: 341399)

 

Working from blueprints, Bell Process Specifications, drawings or written specifications performs all necessary layouts
 and prepares parts or articles composed of like or unlike materials for pressure bonding process. Plans operations
 and performs assembling, fitting, and trimming as required, applies either liquid or solid bonding agents. Uses various
 production aids, such as jigs, fixtures and hand tools. Checks all work to insure selection and application of proper
 bonding agent, correct assembly and fitting, etc., and places articles in a pressure furnace. Controls conditions of heat,
 pressure, and timing by setting and operating various controls according to the specifications for the materials and the
 bonding agent being used. Maintains close watch over furnace controls during bonding process to insure successful bond
 and prevent damage to articles. Checks articles when finished. Responsible for safe operation of equipment.
 

Tools & Equipment Used:
Required hand tools, power tools necessary to do own work, liquid or solid bonding agents, autoclave, measuring
 instruments, jigs, fixtures, spray guns, brushes, oven, gloves, etc. 

 

Two years metal fitting or forming experience, one year of which must have been in bonding work including the operation
 of a pressure furnace, or two years of Bell Material Bonder B or Material Bonder – I classification experience or one year
 Bell Material Bonder B experience combined with one year metal fitting or forming experience.

 
 
 
EEO Statement
Textron is committed to providing Equal Opportunity in Employment, to all applicants and employees regardless of race, color, religion, age, national origin, military status, veteran status, disability, sex (including pregnancy and sexual orientation), genetic information or any other characteristic protected by law.

 
This position requires use of information which is subject to the International Traffic in Arms Regulations (ITAR) and/or the Export Administration Regulations (EAR). The ITAR/EAR defines a U.S. person as a U.S. Citizen, U.S. Permanent Resident (i.e. 'Green Card Holder'), Political Asylee, or Refugee. Non-U.S. persons selected must meet eligibility requirements for access to export-restricted information.
 
Recruiting Company Bell Textron Inc.
Primary Location US-Texas-Fort Worth
Job Field Manufacturing
Schedule Full-time
Job Level Individual Contributor
Shift First Shift
Relocation Unavailable
Job Posting 06/04/2026, 10:06:26 AM"
Bell (Textron),Material Bonder A - 1st Shift (ROC),1537276,"Texas, Fort Worth",United States of America,,onsite,Mid,us_person,unknown,yes,taleo,2026-06-04,2026-06-16T21:35:52Z,https://textron.taleo.net/careersection/bell/jobdetail.ftl?job=1537276,"Job Description - Material Bonder A - 1st Shift (ROC) (341398)
 
Material Bonder A - 1st Shift (ROC)
(Job Number: 341398)

 

Working from blueprints, Bell Process Specifications, drawings or written specifications performs all necessary layouts
 and prepares parts or articles composed of like or unlike materials for pressure bonding process. Plans operations
 and performs assembling, fitting, and trimming as required, applies either liquid or solid bonding agents. Uses various
 production aids, such as jigs, fixtures and hand tools. Checks all work to insure selection and application of proper
 bonding agent, correct assembly and fitting, etc., and places articles in a pressure furnace. Controls conditions of heat,
 pressure, and timing by setting and operating various controls according to the specifications for the materials and the
 bonding agent being used. Maintains close watch over furnace controls during bonding process to insure successful bond
 and prevent damage to articles. Checks articles when finished. Responsible for safe operation of equipment.
 

Tools & Equipment Used:
Required hand tools, power tools necessary to do own work, liquid or solid bonding agents, autoclave, measuring
 instruments, jigs, fixtures, spray guns, brushes, oven, gloves, etc. 

 

Two years metal fitting or forming experience, one year of which must have been in bonding work including the operation
 of a pressure furnace, or two years of Bell Material Bonder B or Material Bonder – I classification experience or one year
 Bell Material Bonder B experience combined with one year metal fitting or forming experience.

 
 
 
EEO Statement
Textron is committed to providing Equal Opportunity in Employment, to all applicants and employees regardless of race, color, religion, age, national origin, military status, veteran status, disability, sex (including pregnancy and sexual orientation), genetic information or any other characteristic protected by law.

 
This position requires use of information which is subject to the International Traffic in Arms Regulations (ITAR) and/or the Export Administration Regulations (EAR). The ITAR/EAR defines a U.S. person as a U.S. Citizen, U.S. Permanent Resident (i.e. 'Green Card Holder'), Political Asylee, or Refugee. Non-U.S. persons selected must meet eligibility requirements for access to export-restricted information.
 
Recruiting Company Bell Textron Inc.
Primary Location US-Texas-Fort Worth
Job Field Manufacturing
Schedule Full-time
Job Level Individual Contributor
Shift First Shift
Relocation Unavailable
Job Posting 06/04/2026, 10:06:12 AM"
Bell (Textron),Heat Treater Specialist - 2nd Shift (DSC),1536546,"Texas, Grand Prairie",United States of America,,onsite,Mid,us_person,unknown,unknown,taleo,2026-06-04,2026-06-16T21:35:52Z,https://textron.taleo.net/careersection/bell/jobdetail.ftl?job=1536546,"Job Description - Heat Treater Specialist - 2nd Shift (DSC) (341001)
 
Heat Treater Specialist - 2nd Shift (DSC)
(Job Number: 341001)

 

Job Description:

·       Heat Treat a variety of steel or parts and tools where considerable ingenuity is required to prevent warping, calibrate instruments, pack carburized parts correctly.

·       Select timing for depth of case.

·       Give special attention to electric furnaces to ensure correct heating and treatment timing.

·       Select proper quenching medium (This is determined by the Metallurgical Lab or Supervision).

·       Operate hardness testing equipment.

·       May occasionally operate cyanide pot.

·       May be specialized in either steel or heat treat.

·       Set-up and operate a Gleason Quenching Press, Lepel or other high frequency welding or induction heating machines.

·       Start and operate Neutralene Generator, utilize a nitrogen / methanol system) and check for proper operating condition.

Tools & Equipment Used:

·       Various types of heat treat furnaces, high frequency welding and induction heating machines, hoists, quenching vats and presses, refrigerators, and cyanide pots.

 

Experience & Other Requirements:

·       Three (3) to five (5) years of heat treater or related experience.

              Textron is an Equal Opportunity Employer (M/F/D/V)

              ~cb~

 
 
 
EEO Statement
Textron is committed to providing Equal Opportunity in Employment, to all applicants and employees regardless of race, color, religion, age, national origin, military status, veteran status, disability, sex (including pregnancy and sexual orientation), genetic information or any other characteristic protected by law.

 
This position requires use of information which is subject to the International Traffic in Arms Regulations (ITAR) and/or the Export Administration Regulations (EAR). The ITAR/EAR defines a U.S. person as a U.S. Citizen, U.S. Permanent Resident (i.e. 'Green Card Holder'), Political Asylee, or Refugee. Non-U.S. persons selected must meet eligibility requirements for access to export-restricted information.
 
Recruiting Company Bell Textron Inc.
Primary Location US-Texas-Grand Prairie
Job Field Manufacturing
Schedule Full-time
Job Level Individual Contributor
Shift Second Shift
Job Posting 06/04/2026, 10:05:55 AM"
Bell (Textron),Grinder Production A - 2nd Shift (DSC),1532723,"Texas, Fort Worth",United States of America,,onsite,Mid,us_person,unknown,unknown,taleo,2026-06-04,2026-06-16T21:35:52Z,https://textron.taleo.net/careersection/bell/jobdetail.ftl?job=1532723,"Job Description - Grinder Production A - 2nd Shift (DSC) (338801)
 
Grinder Production A - 2nd Shift (DSC)
(Job Number: 338801)

 

Job Description:

·       Sets up and operates internal, centerless, surface, external, thread and universal grinders for production, experimental, and tool work.

·       Must be able and is required to perform any type of difficult grinding work on any and all types grinders.

·       Grinds steps, tapers, recesses, shoulders, angles, contours and threads.

·       Must be able to set up truing devices on thread grinding for various types and forms of threads. Selects proper speeds, feeds, and wheels.

·       Holds work to required tolerances. Setups are exacting, usually requiring firm and accurately set fixtures, rests or blocks.

Tools & Equipment Used:

All types of grinders, machinists’ hand tools, precision measuring instruments.

 

Experience & Other Requirements:

·       Three years of production grinding experience including setup.

This position requires use of information which is subject to the International Traffic in Arms Regulations (ITAR).  All applicants must be U.S. persons within the meaning of ITAR.  ITAR defines a U.S. person as a U.S. Citizen, U.S. Permanent Resident (i.e. 'Green Card Holder'), Political Asylee, or Refugee.

Textron is an Equal Opportunity Employer (M/F/D/V)

 
 
 
EEO Statement
Textron is committed to providing Equal Opportunity in Employment, to all applicants and employees regardless of race, color, religion, age, national origin, military status, veteran status, disability, sex (including pregnancy and sexual orientation), genetic information or any other characteristic protected by law.

 
This position requires use of information which is subject to the International Traffic in Arms Regulations (ITAR) and/or the Export Administration Regulations (EAR). The ITAR/EAR defines a U.S. person as a U.S. Citizen, U.S. Permanent Resident (i.e. 'Green Card Holder'), Political Asylee, or Refugee. Non-U.S. persons selected must meet eligibility requirements for access to export-restricted information.
 
Recruiting Company Bell Textron Inc.
Primary Location US-Texas-Fort Worth
Job Field Manufacturing
Schedule Full-time
Job Level Individual Contributor
Shift Second Shift
Job Posting 06/04/2026, 9:15:19 AM"
Bell (Textron),Tool & Die Maker A,1537313,"Texas, Fort Worth",United States of America,,onsite,Mid,us_person,unknown,unknown,taleo,2026-06-03,2026-06-16T21:35:52Z,https://textron.taleo.net/careersection/bell/jobdetail.ftl?job=1537313,"Job Description - Tool & Die Maker A (341430)
 
Tool & Die Maker A
(Job Number: 341430)

 

·         Plans and perform a wide variety of bench and machine operations to build, alter or repair highly complicated dies, tools, gauges, fixtures or jigs, where accurate relationship, fitting or interchangeability of parts require maintenance of extremely close tolerances.

·         May be required to operate any type of tool room precision equipment working to required tolerances.

·         Must be able to diagnose and remedy tool difficulties working in conjunction with Tool Engineers and Designers.

·         Must have knowledge of all types of precision measuring instruments.

·         Must have the ability to devise new methods, develop new tools, lay out and plan a sequence of work.

·         Cuts, drills, files, shapes, fits and assembles parts with or without the use of blueprints.

·         Must understand the general effect of heat treatment on various metals.

 

Tools & Equipment Used:

·         All kinds of tool room machinery and equipment, machinist’ hand tools, a wide variety of precision measuring instruments.

Experience & Other Requirements:

·         Five (5) years of related experience.

Textron is an Equal Opportunity Employer (M/F/D/V)

 
 
 
EEO Statement
Textron is committed to providing Equal Opportunity in Employment, to all applicants and employees regardless of race, color, religion, age, national origin, military status, veteran status, disability, sex (including pregnancy and sexual orientation), genetic information or any other characteristic protected by law.

 
This position requires use of information which is subject to the International Traffic in Arms Regulations (ITAR) and/or the Export Administration Regulations (EAR). The ITAR/EAR defines a U.S. person as a U.S. Citizen, U.S. Permanent Resident (i.e. 'Green Card Holder'), Political Asylee, or Refugee. Non-U.S. persons selected must meet eligibility requirements for access to export-restricted information.
 
Recruiting Company Bell Textron Inc.
Primary Location US-Texas-Fort Worth
Job Field Manufacturing
Schedule Full-time
Job Level Individual Contributor
Shift First Shift
Job Posting 06/03/2026, 11:52:55 AM"
Bell (Textron),Senior SAP FICO Configuration Analyst - Fort Worth TX: On-site,1537646,"Texas, Fort Worth",United States of America,,onsite,Senior,us_person,unknown,yes,taleo,2026-06-01,2026-06-16T21:35:52Z,https://textron.taleo.net/careersection/bell/jobdetail.ftl?job=1537646,"Job Description - Senior SAP FICO Configuration Analyst - Fort Worth TX: On-site (341621)
 
Senior SAP FICO Configuration Analyst - Fort Worth TX: On-site
(Job Number: 341621)

 

We’re more than aviation experts, we’re pioneers. We challenge what’s possible. From breaking the sound barrier to advanced tiltrotor systems. Today, Bell is shaping the future of aviation through specialized engineering. And we want you. 

Information Technology – SAP

Bring your skills and experience to as a Sr. SAP FICO (Financial Accounting and Controlling) Configuration Analyst at Bell’s Commercial Business Center in Fort Worth, TX. This role is a hands-on role using analytical, consulting, business knowledge, and application solution expertise to effectively integrate and implement technology solutions into the business environment. The resource is responsible for all aspects of our SAP FICO application that is currently implemented SAP ERP (ECC 6.0) functional solution. This position will work closely with the Finance team as well as others within the Support Teams to ensure strong alignment between the business needs and the application solutions. This role is responsible for developing, configuring, and delivering effective SAP specific solutions for our business.

What You’ll Be Doing as a Sr. SAP FICO Configuration Analyst

·       Hands-on problem identification, problem resolution and problem documentation and communication.

·       Provide support & design direction for month-end/quarter/year-end closing.

·       Strong Financial accounting experience with strong skills across FICO module including Financial Org Structure and Master Data, General Ledger, AP, AR, Tax, Intercompany Accounting, CCA, PCA, Internal Orders, Foreign currencies & Project Systems.

·       Work in a fast-paced, deadline driven environment with multiple concurrent assignments as well as working and communicating effectively at all organizational levels and across functional areas.

·       May be required to work beyond normal working hours from time to time as the workload dictates.

 

Skills You Bring to This Role

·       5+ years of SAP FICO (Financial Accounting and Controlling) experience in Org Structure and General Accounting, Accounts Payable, Asset Accounting, Billing and Accounts Receivable, Tax Accounting, Cost Center Accounting, Project Systems, and/or other related role.

·       Bachelor’s degree in Information Technology, Computer Science, Accounting, Business Management or related degree.

·       Knowledge of US GAAP (Generally Accepted Accounting Principles) & IFRS
(International Financial Reporting Standards) accounting is preferred.

·       Experience in the aerospace and defense industry and knowledge of GPD (Grouping, Pegging, and Distribution) is a plus.

·       Ability to work independently and in a team environment with excellent communication and interpersonal skills that exhibit clear and concise written and verbal communication.

·       Knowledge of SAP S/4 HANA and of MRO business is plus. 

What we offer you in return

·       You’ll be off every other Friday with our 9/80 work schedule

·       80 hours of Personal Time Off (PTO)

·       120 hours Vacation time

·       12-13 paid holidays per year

·       6 weeks parental leave 

·       Tuition reimbursement

·       Competitive salary

·       Comprehensive health insurance

·       On-site clinic, pharmacy, physical therapy, and licensed counselor

·       Access to more than 11 Employee Resource Groups

·       And so much more

 

It’s time to make your mark on the future of aviation. Join us on this mission, and let’s make history together. 

 

We are on a journey to amplify innovation, cultivate purpose and bridge experiences by fostering a culture that is driven by unique perspectives, voices and values.

 
 
 
EEO Statement
Textron is committed to providing Equal Opportunity in Employment, to all applicants and employees regardless of race, color, religion, age, national origin, military status, veteran status, disability, sex (including pregnancy and sexual orientation), genetic information or any other characteristic protected by law.

 
This position requires use of information which is subject to the International Traffic in Arms Regulations (ITAR) and/or the Export Administration Regulations (EAR). The ITAR/EAR defines a U.S. person as a U.S. Citizen, U.S. Permanent Resident (i.e. 'Green Card Holder'), Political Asylee, or Refugee. Non-U.S. persons selected must meet eligibility requirements for access to export-restricted information.
 
Recruiting Company Bell Textron Inc.
Primary Location US-Texas-Fort Worth
Job Field Information Technology
Schedule Full-time
Job Level Individual Contributor
Shift First Shift
Relocation Unavailable
Job Posting 06/01/2026, 4:36:11 PM"
Bell (Textron),Assembleur mécanique / Mechanical Assembler,1536593,"CA, Quebec, Mirabel",United States of America,,onsite,Mid,unknown,unknown,unknown,taleo,2026-05-28,2026-06-16T21:35:52Z,https://textron.taleo.net/careersection/bell/jobdetail.ftl?job=1536593,"Job Description - Assembleur mécanique / Mechanical Assembler (341043)
 
Assembleur mécanique / Mechanical Assembler
(Job Number: 341043)

 

 *** An English description will follow ***

 

Nous sommes plus que des experts en aviation, nous sommes des pionniers. Nous repoussons les limites de ce qui est possible. De franchir le mur du son jusqu’aux systèmes de rotor basculant avancés. Aujourd'hui, Bell façonne l'avenir de l'aviation grâce à une ingénierie spécialisée. Venez rejoindre notre équipe.

Sommaire des responsabilités

Installation/assemblage de composantes mécanique

Gréage des contrôles de vols

Installation/assemblage de tubes hydraulique et carburant

Application de couple de serrage,

Installation fil frein, goupille (cutter pin) et câble de sécurité (safety cable)

Conversion chimique (application alodine)

Application d’apprêt (touch up primer)

Application de scellant et adhésif

Lecture de plan

Exigences du poste / Qualifications

Diplôme d’études secondaires

Diplôme professionnel de l’EMAN (École des métiers de l’aérospatial de Montréal) en mécanique aéronautique.

Un (1) an d’expérience pertinente en assemblage mécanique et/ou posséder de bonnes aptitudes en mécanique

Connaissances fonctionnelles en français

Connaissances fonctionnelles en anglais, ce poste nécessite des communications en anglais avec les équipes de Bell hors Québec et/ou ses fournisseurs, partenaires et clients hors Québec


Autres compétences: 

Être orienté client / qualité

Savoir gérer son temps et ses priorités de façon autonome

Être à l’aise à travailler à des tâches répétitives

Être minutieux et porter attention aux détails

Être à l’aise à travailler en équipe et entretenir de bonnes relations avec les autres

 

Toute autre combinaison de scolarité et d’expérience jugée équivalente pourra être considérée.

 

Avantages de travailler chez Bell Textron Canada

Programme d’assurances collectives et soins de santé virtuel

Régime d’épargne retraite

Moyenne de 13 jours fériés/mobiles

Possibilité de cumuler le temps supplémentaire en temps compensé jusqu’à concurrence de 40h par année

Politique d’horaire flexible

Programme d’aide à l’éducation

Programme de remboursement pour les frais de conditionnement physique

Programme d’aide aux employés et à la famille

 

Ne ratez pas votre chance de vous joindre à un milieu diversifié et inclusif qui favorise un sentiment d’appartenance. En tant que membre de notre effectif mondial, vous collaborerez avec des équipes dévouées et enthousiastes, dont les différences d’expériences, d’antécédents et d’idées et une solide passion pour nos produits nous permettent d’aller au-delà du vol.

Bell Textron Canada Ltée adhère aux principes d’équité en matière d’emploi. Nous invitons les femmes, les Autochtones, les minorités visibles et les personnes handicapées à soumettre leurs candidatures.                             

Les personnes handicapées peuvent recevoir de l'assistance pour le processus de présélection et de sélection, si elles le désirent.

 

*** English ***

 

We’re more than aviation experts, we’re pioneers. We challenge what’s possible. From breaking the sound barrier to advanced tiltrotor systems. Today, Bell is shaping the future of aviation through specialized engineering. And we want you.

 

Summary of job description

Installation/assembly of mechanical components

Flight control rigging

Installation/assembly of hydraulic and fuel tubes

Application of tightening torque,

Installation of brake wire, cutter pin and safety cable

Chemical conversion (alodine application)

Application of primer (touch up primer)

Application of sealant and adhesive

Plan reading

 

Minimum required qualifications

High School Degree

Professionnal Diploma from EMAN (École des métiers de l’aérospatial de Montréal) in aeronautical mechanics.

One (1) year of pertinent mechanical assembly experience and/or having good skills in mechanics.

Functional knowledge in French is required. 

Functional knowledge in English is required for this position, as it involves communication in English with Bell teams outside of Quebec and/or its suppliers, partners, and clients outside of Quebec.

 

 

Any other combination of schooling and experience deemed equivalent may be considered.

 

Other competencies : 
 

To be results and quality oriented

To be particularly skillful in the management of his/her time as well as for prioritizing and planning his activities

To be comfortable to do repetitive task

To be meticulous and pay attention to all details

To be particularly skillful in communications and in interpersonal relations - teamwork

 

Benefits of working at Bell Textron Canada

Group benefits plan and Healthcare online service

Retirement savings plan

Average of 13 holidays/floating days

Possibility of banking overtime in compensated time up to 40 hours per year

Flexible schedule policy

Educational assistance program

Reimbursement program for fitness fees

Employee and Family Assistance Program

 

Don’t miss the chance to join a diverse, inclusive environment where you feel a sense of belonging. As a member of our global workforce, you will collaborate with dedicated, enthusiastic teams where unique experiences, backgrounds and ideas combined with a strong passion for our products take us above and beyond flight.

Bell Textron Canada Ltee adheres to the principles of Employment Equity. We welcome applications from women, aboriginal peoples, visible minorities and people with disabilities.                             

People with disabilities may receive assistance with the screening and selection process, if they wish.

 
 
 

Recruiting Company Bell Textron Inc.
Primary Location CA-Quebec-Mirabel
Job Field Manufacturing
Schedule Full-time
Job Level Individual Contributor
Shift First Shift
Job Posting 05/28/2026, 10:01:14 AM"
Bell (Textron),"Stage été 2026 - Technologie de l'information des systèmes de qualité / 2026 summer Internship - Quality Systems Information Technology (Mirabel, QC)",1538986,"CA, Quebec, Mirabel",United States of America,,onsite,Junior,unknown,unknown,unknown,taleo,2026-05-25,2026-06-16T21:35:52Z,https://textron.taleo.net/careersection/bell/jobdetail.ftl?job=1538986,"Job Description - Stage été 2026 - Technologie de l'information des systèmes de qualité / 2026 summer Internship - Quality Systems Information Technology (Mirabel, QC) (342324)
 
Stage été 2026 - Technologie de l'information des systèmes de qualité / 2026 summer Internship - Quality Systems Information Technology (Mirabel, QC)
(Job Number: 342324)

 

À propos de Bell Helicopter

Nous sommes des pionniers. Nous avons été les premiers à franchir le mur du son et à concevoir le premier scooter de l’espace fonctionnel. Nous avons pris part à la première mission de la NASA sur la Lune et nous avons mis en marché des systèmes de rotors basculants évolués. Aujourd’hui, nous façonnons l’avenir de la mobilité sur demande. Les employés de Bell sont fiers de travailler pour une entreprise emblématique, regroupant de grands talents, qui produit en peu de temps des appareils à décollage vertical novateurs et recherchés.

Le stagiaire œuvrera dans l’équipe Systèmes qualité, Formation technique et Amélioration continue dont la mission est de supporter l’atteinte des objectifs organisationnels. Il soutiendra nos clients en assurant le respect de procédures et en participant à l’amélioration des processus.

 

Ses responsabilités seront :

Soutenir l’effort des projets en cours; analyse de processus, extraction de données, identification d’opportunités et des risques reliés aux processus.
Diriger et aider des rencontres de travail dans différents projets d’amélioration reliés à l’organisation du travail tant dans l’environnement de production que transactionnel.
Peut être appelé à donner un support logistique d’appoint au groupe de formation et assurance qualité.
Peut être appelé à participer à différents comités ou activités visant l’excellence opérationnelle.

Gérer et maintenir à jour l’application SharePoint

Soutenir l’effort des projets en cours; analyse de processus, extraction de données, identification d’opportunités et des risques reliés aux processus.
Utiliser les logiciels office 360 et power BI
Création de rapports hebdomadaires.
Gérer et maintenir à jour l’application SharePoint

 

Qualifications

Être en voie d’obtenir un baccalauréat ou une maîtrise reliée à l’informatique.
Posséder un excellent esprit d'analyse et une excellente capacité de résolution de problèmes;　
Faire preuve d’initiatives et d'une capacité à travailler sous pression dans un contexte où les échéanciers sont serrés ;　
Posséder un bon esprit d’équipe ;　
Avoir d'excellentes aptitudes à la communication écrite et orale
Bilinguisme, un atout.

Ne ratez pas votre chance de vous joindre à un milieu diversifié et inclusif qui favorise un sentiment d’appartenance. En tant que membre de notre effectif mondial, vous collaborerez avec des équipes dévouées et enthousiastes, dont les différences d’expériences, d’antécédents et d’idées et une solide passion pour nos produits nous permettent d’aller au-delà du vol.

 

Bell Textron Canada Ltée adhère aux principes d’équité en matière d’emploi.

 **

 
 
 

Recruiting Company Bell Textron Inc.
Primary Location CA-Quebec-Mirabel
Job Field Continuous Improvement
Schedule Full-time
Job Level Individual Contributor
Shift First Shift
Travel No
Job Posting 05/25/2026, 9:13:04 AM"
Bell (Textron),"Ingénieur(e), Avionique / Avionics Engineer",1530886,"CA, Quebec, Mirabel",United States of America,,onsite,Mid,us_person,unknown,unknown,taleo,2026-05-21,2026-06-16T21:35:52Z,https://textron.taleo.net/careersection/bell/jobdetail.ftl?job=1530886,"Job Description - Ingénieur(e), Avionique / Avionics Engineer (337941)
 
Ingénieur(e), Avionique / Avionics Engineer
(Job Number: 337941)

 

*** An english description will follow ***

 

Nous sommes plus que des experts en aviation, nous sommes des pionniers. Nous repoussons les limites de ce qui est possible. De franchir le mur du son jusqu’aux systèmes de rotor basculant avancés. Aujourd'hui, Bell façonne l'avenir de l'aviation grâce à une ingénierie spécialisée. Venez rejoindre notre équipe.

 

Sommaire des responsabilités

Le Spécialiste technique, systèmes avioniques, sera responsable du développement de solutions avioniques et électriques en réponse aux besoins d’améliorations, d’expansion ou de remplacement de capacité ou systèmes de plateformes existantes ou de nouveau développements tout en respectant les normes de certification civiles (FAA ,TCCA, EASA ,etc.) et militaires (e.g.  programmes gouvernementaux canadiens - CH-146).

Analyser les requis du projet, de production et de certification et développer les solutions techniques liés aux systèmes avioniques et électriques d’aéronefs.
Supporter l’intégration des systèmes incluant le choix de composantes, la compatibilité des interfaces et l’ébauche des schémas électriques et identifier les requis d’installation des systèmes.
Rédiger des plans et procédures d’essais des systèmes, analyser des résultats et rédiger des rapports de qualification pour les essais fonctionnels et de certification au niveau des composantes et de l’appareil.
Mettre à jour les requis dans l’outil de gestion des requis techniques  par rapport aux demandes de changement.
Rédiger et mettre à jour des plans de certification, les plans de qualification et les matrices de conformité.
Rédiger des analyses en support à la certification des systèmes installés ou modifiées (charges électriques, thermiques, le soutien aux analyses de sécurité, EMC, etc.)
Supporter les tests sur l’appareil ainsi que ceux du laboratoire d’intégration des systèmes (SIL) et de dépannage.
Supporter les installations initiales sur l’appareil (FAI)
Coordonner avec les fournisseurs de systèmes avioniques dans le développement, l’intégration et les tests d’écrans, d’instruments de vol, de communication et navigation, de capteurs et systèmes de vision, de santé des systèmes et de gestion des systèmes.
Réviser la documentation technique de fournisseurs.
Ce poste nécessite des communications en anglais avec les équipes de Bell hors Québec et/ou ses fournisseurs, partenaires et clients hors Québec.
Le candidat fera partie de l'équipe avioniques et d’ingénierie des systèmes , basée à Mirabel, Québec.

Exigences du poste / Qualifications

Baccalauréat en génie électrique/avionique.
5 ans et plus d'expérience pertinente en aérospatiale ou expérience de travail équivalente. 
Expérience d’intégration sur un appareil commercial et militaire est un atout.
Représente la discipline en fournissant/présentant des solutions aux problèmes techniques.
Une connaissance pratique des systèmes avioniques et électriques est requise,
Connaissance d’un outil de gestion de requis techniques est requis.
Travaille de manière autonome et développe des solutions sur des tâches de complexité intermédiaire.
Bonnes capacités d'analyse et de leadership.
Solide éthique de travail et motivation personnelle.
Excellentes connaissances en français
Excellentes connaissances en anglais, ce poste nécessite des communications en anglais avec les équipes de Bell hors Québec et/ou ses fournisseurs, partenaires et clients hors Québec
Contacts fréquents inter-organisationnels et externes avec les clients.
Normes de qualification des équipements : RTCA/DO-160, MIL-STD-810, MIL-STD-883, MIL-STD-461, MIL-STD-464, RTCA/DO-178, RTCA/DO-254.
Normes de certification des aéronefs et des systèmes civils : FAR/AWM 27/527 et/ou FAR/AWM 29/529
Évaluation de la sécurité et de la fiabilité des systèmes : SAE ARP 4761, MIL-HDBK-217
Développement et gestion de l'ensemble du cycle de vie des systèmes complexes d'aéronefs civils et militaires tel que définis par SAE ARP4754A et ISO-15288.

 

Toute autre combinaison de scolarité et d’expérience jugée équivalente pourra être considérée.

 

ATTESTATION DE SÉCURITÉ

Une offre pour une position au sein  du département des programmes militaires canadiens gouvernementaux est conditionnelle à l’obtention et au maintien du niveau de sécurité NATO requis pour le poste.

Une offre pour une position au sein du département des programmes commerciaux est conditionnelle à l’obtention et au maintien du niveau de sécurité fiabilité requis pour le poste.

 

Avantages de travailler chez Bell Textron Canada

Programme d’assurances collectives et soins de santé virtuels
Régime d’épargne retraite
Moyenne de 13 jours fériés/mobiles
Possibilité de cumuler le temps supplémentaire en temps compensé jusqu’à concurrence de 40h par année
Politique d’horaire flexible
Programme d’aide à l’éducation
Programme de remboursement pour les frais de conditionnement physique
Programme d’aide aux employés et à la famille.

 

Ne ratez pas votre chance de vous joindre à un milieu diversifié et inclusif qui favorise un sentiment d’appartenance. En tant que membre de notre effectif mondial, vous collaborerez avec des équipes dévouées et enthousiastes, dont les différences d’expériences, d’antécédents et d’idées et une solide passion pour nos produits nous permettent d’aller au-delà du vol.

 Bell Textron Canada Ltée adhère aux principes d’équité en matière d’emploi. Nous invitons les femmes, les Autochtones, les minorités visibles et les personnes handicapées à soumettre leurs candidatures.                             

Les personnes handicapées peuvent recevoir de l'assistance pour le processus de présélection et de sélection, si elles le désirent.

Programme d’aide aux employés et à la famille.

 

Ne ratez pas votre chance de vous joindre à un milieu diversifié et inclusif qui favorise un sentiment d’appartenance. En tant que membre de notre effectif mondial, vous collaborerez avec des équipes dévouées et enthousiastes, dont les différences d’expériences, d’antécédents et d’idées et une solide passion pour nos produits nous permettent d’aller au-delà du vol.

 Bell Textron Canada Ltée adhère aux principes d’équité en matière d’emploi. Nous invitons les femmes, les Autochtones, les minorités visibles et les personnes handicapées à soumettre leurs candidatures.                             

Les personnes handicapées peuvent recevoir de l'assistance pour le processus de présélection et de sélection, si elles le désirent.

 

*** English ***

 

We’re more than aviation experts, we’re pioneers. We challenge what’s possible. From breaking the sound barrier to advanced tiltrotor systems. Today, Bell is shaping the future of aviation through specialized engineering. And we want you.

 

Summary of job description

The Mirabel systems engineering team is responsible for the development, integration and certification of technologically advanced and innovative avionics and electrical solutions in response to the need for upgrades, expansion or replacement of existing platform capabilities, systems or new developments while meeting the certification civilian (FAA ,TCCA, EASA ,etc.) and military regulations (e.g. Canadian Government Programs – CH146).

Analyze project, production and certification requirements and develop technical solutions related to avionics and aircraft electrical systems.
Support the integration of systems including the choice of components, the compatibility of interfaces and the drafting of electrical diagrams and identify the installation requirements of the systems.
Manage requirements thru a requirements management tool , provide technical guidance and impact assessment, 
Development of avionics system requirements and management, systems specifications, architecture and interfaces with other aircraft systems.
Prepare and update certification plans, qualification plans and conformity matrix,
Coordination with avionics system suppliers in the development, integration and testing of displays, flight instruments, communication and navigation systems, sensor and sighting systems, vehicle health systems and vehicle management systems.
Prepare test plans and test procedures, analyze results and write qualification reports for functional and certification tests at the components and aircraft level.
Prepare analyses in support of the certification of installed or modified systems (electrical loads, thermal, support for safety analyses, EMC, HIRF and lightning at the systems and at the aircraft level).
Support LRU/system testing, Systems Integration Laboratory (SIL) testing and troubleshooting.
Support aircraft ground and flight testing.
Support first article installation on aircraft.
Review supplier technical documentations.
The candidate will be part of the Avionics and Systems Engineering team ,based in Mirabel, Quebec.  

 

Minimum required qualifications

Bachelor’s degree in electrical/avionics engineering.
5 years of pertinent experience in aerospace or equivalent working level experience.
Integration experience on a commercial or military aircraft is an asset.
Represents the discipline in providing/presenting solutions to technical issues.
Working level knowledge or mastery with some or all the aircraft avionic and electrical systems is required,
Knowledge of requirements management tool is required.
Works independently and develops solutions on intermediate complexity tasks. 
Good analytical and leadership skills.
Strong work ethic and self-motivation.
Strong communication and writing skills in English (oral and written) and French (an asset).
Frequent inter-organizational and outside customer contacts.
Equipment qualification standards: RTCA/DO-160, MIL-STD-810, MIL-STD-883, MIL-STD-461, MIL-STD-464, RTCA/DO-178, RTCA/DO-254.
Civil aircraft and systems certification standards:  FAR/AWM 27/527 and/or FAR/AWM 29/529
Systems safety and Reliability assessments:  SAE ARP 4761, MIL-HDBK-217
Development and management of entire life cycle for complex civil aircraft systems in accordance with SAE ARP4754A et ISO-15288.

Any other combination of schooling and experience deemed equivalent may be considered.

 

SECURITY CLEARANCE

An offer within the Canadian Government Programs (military) Department is conditional on obtaining and maintaining the NATO security level required for the position.

An offer within the Commercial Programs Department is conditional on obtaining and maintaining the reliability security level required for the position.

 

Benefits of working at Bell Textron Canada

Group benefits plan and Healthcare online services
Retirement savings plan
Average of 13 holidays/floating days
Possibility of banking overtime in compensated time up to 40 hours per year
Flexible schedule policy
Educational assistance program
Reimbursement program for fitness fees
Employee and Family Assistance Program

 

Don’t miss the chance to join a diverse, inclusive environment where you feel a sense of belonging. As a member of our global workforce, you will collaborate with dedicated, enthusiastic teams where unique experiences, backgrounds and ideas combined with a strong passion for our products take us above and beyond flight.

Bell Textron Canada Ltee adheres to the principles of Employment Equity. We welcome applications from women, aboriginal peoples, visible minorities and people with disabilities.                             

People with disabilities may receive assistance with the screening and selection process, if they wish

 

 
 
 

Recruiting Company Bell Textron Inc.
Primary Location CA-Quebec-Mirabel
Job Field Engineering
Schedule Full-time
Job Level Individual Contributor
Shift First Shift
Job Posting 05/21/2026, 11:43:43 AM"
Bell (Textron),"Ingénieur(e), Avionique / Avionics Engineer",1535505,"CA, Quebec, Mirabel",United States of America,,onsite,Mid,us_person,unknown,unknown,taleo,2026-05-21,2026-06-16T21:35:52Z,https://textron.taleo.net/careersection/bell/jobdetail.ftl?job=1535505,"Job Description - Ingénieur(e), Avionique / Avionics Engineer (340317)
 
Ingénieur(e), Avionique / Avionics Engineer
(Job Number: 340317)

 

*** An english description will follow ***

 

Nous sommes plus que des experts en aviation, nous sommes des pionniers. Nous repoussons les limites de ce qui est possible. De franchir le mur du son jusqu’aux systèmes de rotor basculant avancés. Aujourd'hui, Bell façonne l'avenir de l'aviation grâce à une ingénierie spécialisée. Venez rejoindre notre équipe.

 

Sommaire des responsabilités

Le Spécialiste technique, systèmes avioniques, sera responsable du développement de solutions avioniques et électriques en réponse aux besoins d’améliorations, d’expansion ou de remplacement de capacité ou systèmes de plateformes existantes ou de nouveau développements tout en respectant les normes de certification civiles (FAA ,TCCA, EASA ,etc.) et militaires (e.g.  programmes gouvernementaux canadiens - CH-146).

Analyser les requis du projet, de production et de certification et développer les solutions techniques liés aux systèmes avioniques et électriques d’aéronefs.
Supporter l’intégration des systèmes incluant le choix de composantes, la compatibilité des interfaces et l’ébauche des schémas électriques et identifier les requis d’installation des systèmes.
Rédiger des plans et procédures d’essais des systèmes, analyser des résultats et rédiger des rapports de qualification pour les essais fonctionnels et de certification au niveau des composantes et de l’appareil.
Mettre à jour les requis dans l’outil de gestion des requis techniques  par rapport aux demandes de changement.
Rédiger et mettre à jour des plans de certification, les plans de qualification et les matrices de conformité.
Rédiger des analyses en support à la certification des systèmes installés ou modifiées (charges électriques, thermiques, le soutien aux analyses de sécurité, EMC, etc.)
Supporter les tests sur l’appareil ainsi que ceux du laboratoire d’intégration des systèmes (SIL) et de dépannage.
Supporter les installations initiales sur l’appareil (FAI)
Coordonner avec les fournisseurs de systèmes avioniques dans le développement, l’intégration et les tests d’écrans, d’instruments de vol, de communication et navigation, de capteurs et systèmes de vision, de santé des systèmes et de gestion des systèmes.
Réviser la documentation technique de fournisseurs.
Ce poste nécessite des communications en anglais avec les équipes de Bell hors Québec et/ou ses fournisseurs, partenaires et clients hors Québec.
Le candidat fera partie de l'équipe avioniques et d’ingénierie des systèmes , basée à Mirabel, Québec.

Exigences du poste / Qualifications

Baccalauréat en génie électrique/avionique.
5 ans et plus d'expérience pertinente en aérospatiale ou expérience de travail équivalente. 
Expérience d’intégration sur un appareil commercial et militaire est un atout.
Représente la discipline en fournissant/présentant des solutions aux problèmes techniques.
Une connaissance pratique des systèmes avioniques et électriques est requise,
Connaissance d’un outil de gestion de requis techniques est requis.
Travaille de manière autonome et développe des solutions sur des tâches de complexité intermédiaire.
Bonnes capacités d'analyse et de leadership.
Solide éthique de travail et motivation personnelle.
Excellentes connaissances en français
Excellentes connaissances en anglais, ce poste nécessite des communications en anglais avec les équipes de Bell hors Québec et/ou ses fournisseurs, partenaires et clients hors Québec
Contacts fréquents inter-organisationnels et externes avec les clients.
Normes de qualification des équipements : RTCA/DO-160, MIL-STD-810, MIL-STD-883, MIL-STD-461, MIL-STD-464, RTCA/DO-178, RTCA/DO-254.
Normes de certification des aéronefs et des systèmes civils : FAR/AWM 27/527 et/ou FAR/AWM 29/529
Évaluation de la sécurité et de la fiabilité des systèmes : SAE ARP 4761, MIL-HDBK-217
Développement et gestion de l'ensemble du cycle de vie des systèmes complexes d'aéronefs civils et militaires tel que définis par SAE ARP4754A et ISO-15288.

 

Toute autre combinaison de scolarité et d’expérience jugée équivalente pourra être considérée.

 

ATTESTATION DE SÉCURITÉ

Une offre pour une position au sein  du département des programmes militaires canadiens gouvernementaux est conditionnelle à l’obtention et au maintien du niveau de sécurité NATO requis pour le poste.

Une offre pour une position au sein du département des programmes commerciaux est conditionnelle à l’obtention et au maintien du niveau de sécurité fiabilité requis pour le poste.

 

Avantages de travailler chez Bell Textron Canada

Programme d’assurances collectives et soins de santé virtuels
Régime d’épargne retraite
Moyenne de 13 jours fériés/mobiles
Possibilité de cumuler le temps supplémentaire en temps compensé jusqu’à concurrence de 40h par année
Politique d’horaire flexible
Programme d’aide à l’éducation
Programme de remboursement pour les frais de conditionnement physique
Programme d’aide aux employés et à la famille.

 

Ne ratez pas votre chance de vous joindre à un milieu diversifié et inclusif qui favorise un sentiment d’appartenance. En tant que membre de notre effectif mondial, vous collaborerez avec des équipes dévouées et enthousiastes, dont les différences d’expériences, d’antécédents et d’idées et une solide passion pour nos produits nous permettent d’aller au-delà du vol.

 Bell Textron Canada Ltée adhère aux principes d’équité en matière d’emploi. Nous invitons les femmes, les Autochtones, les minorités visibles et les personnes handicapées à soumettre leurs candidatures.                             

Les personnes handicapées peuvent recevoir de l'assistance pour le processus de présélection et de sélection, si elles le désirent.

Programme d’aide aux employés et à la famille.

 

Ne ratez pas votre chance de vous joindre à un milieu diversifié et inclusif qui favorise un sentiment d’appartenance. En tant que membre de notre effectif mondial, vous collaborerez avec des équipes dévouées et enthousiastes, dont les différences d’expériences, d’antécédents et d’idées et une solide passion pour nos produits nous permettent d’aller au-delà du vol.

 Bell Textron Canada Ltée adhère aux principes d’équité en matière d’emploi. Nous invitons les femmes, les Autochtones, les minorités visibles et les personnes handicapées à soumettre leurs candidatures.                             

Les personnes handicapées peuvent recevoir de l'assistance pour le processus de présélection et de sélection, si elles le désirent.

 

*** English ***

 

We’re more than aviation experts, we’re pioneers. We challenge what’s possible. From breaking the sound barrier to advanced tiltrotor systems. Today, Bell is shaping the future of aviation through specialized engineering. And we want you.

 

Summary of job description

The Mirabel systems engineering team is responsible for the development, integration and certification of technologically advanced and innovative avionics and electrical solutions in response to the need for upgrades, expansion or replacement of existing platform capabilities, systems or new developments while meeting the certification civilian (FAA ,TCCA, EASA ,etc.) and military regulations (e.g. Canadian Government Programs – CH146).

Analyze project, production and certification requirements and develop technical solutions related to avionics and aircraft electrical systems.
Support the integration of systems including the choice of components, the compatibility of interfaces and the drafting of electrical diagrams and identify the installation requirements of the systems.
Manage requirements thru a requirements management tool , provide technical guidance and impact assessment, 
Development of avionics system requirements and management, systems specifications, architecture and interfaces with other aircraft systems.
Prepare and update certification plans, qualification plans and conformity matrix,
Coordination with avionics system suppliers in the development, integration and testing of displays, flight instruments, communication and navigation systems, sensor and sighting systems, vehicle health systems and vehicle management systems.
Prepare test plans and test procedures, analyze results and write qualification reports for functional and certification tests at the components and aircraft level.
Prepare analyses in support of the certification of installed or modified systems (electrical loads, thermal, support for safety analyses, EMC, HIRF and lightning at the systems and at the aircraft level).
Support LRU/system testing, Systems Integration Laboratory (SIL) testing and troubleshooting.
Support aircraft ground and flight testing.
Support first article installation on aircraft.
Review supplier technical documentations.
The candidate will be part of the Avionics and Systems Engineering team ,based in Mirabel, Quebec.  

 

Minimum required qualifications

Bachelor’s degree in electrical/avionics engineering.
5 years of pertinent experience in aerospace or equivalent working level experience.
Integration experience on a commercial or military aircraft is an asset.
Represents the discipline in providing/presenting solutions to technical issues.
Working level knowledge or mastery with some or all the aircraft avionic and electrical systems is required,
Knowledge of requirements management tool is required.
Works independently and develops solutions on intermediate complexity tasks. 
Good analytical and leadership skills.
Strong work ethic and self-motivation.
Strong communication and writing skills in English (oral and written) and French (an asset).
Frequent inter-organizational and outside customer contacts.
Equipment qualification standards: RTCA/DO-160, MIL-STD-810, MIL-STD-883, MIL-STD-461, MIL-STD-464, RTCA/DO-178, RTCA/DO-254.
Civil aircraft and systems certification standards:  FAR/AWM 27/527 and/or FAR/AWM 29/529
Systems safety and Reliability assessments:  SAE ARP 4761, MIL-HDBK-217
Development and management of entire life cycle for complex civil aircraft systems in accordance with SAE ARP4754A et ISO-15288.

Any other combination of schooling and experience deemed equivalent may be considered.

 

SECURITY CLEARANCE

An offer within the Canadian Government Programs (military) Department is conditional on obtaining and maintaining the NATO security level required for the position.

An offer within the Commercial Programs Department is conditional on obtaining and maintaining the reliability security level required for the position.

 

Benefits of working at Bell Textron Canada

Group benefits plan and Healthcare online services
Retirement savings plan
Average of 13 holidays/floating days
Possibility of banking overtime in compensated time up to 40 hours per year
Flexible schedule policy
Educational assistance program
Reimbursement program for fitness fees
Employee and Family Assistance Program

 

Don’t miss the chance to join a diverse, inclusive environment where you feel a sense of belonging. As a member of our global workforce, you will collaborate with dedicated, enthusiastic teams where unique experiences, backgrounds and ideas combined with a strong passion for our products take us above and beyond flight.

Bell Textron Canada Ltee adheres to the principles of Employment Equity. We welcome applications from women, aboriginal peoples, visible minorities and people with disabilities.                             

People with disabilities may receive assistance with the screening and selection process, if they wish

 

 
 
 

Recruiting Company Bell Textron Inc.
Primary Location CA-Quebec-Mirabel
Job Field Engineering
Schedule Full-time
Job Level Individual Contributor
Shift First Shift
Job Posting 05/21/2026, 11:43:06 AM"
Bell (Textron),"Ingénieur(e), Avionique / Avionics Engineer",1533746,"CA, Quebec, Mirabel",United States of America,,onsite,Mid,us_person,unknown,unknown,taleo,2026-05-21,2026-06-16T21:35:52Z,https://textron.taleo.net/careersection/bell/jobdetail.ftl?job=1533746,"Job Description - Ingénieur(e), Avionique / Avionics Engineer (339381)
 
Ingénieur(e), Avionique / Avionics Engineer
(Job Number: 339381)

 

*** An english description will follow ***

 

Nous sommes plus que des experts en aviation, nous sommes des pionniers. Nous repoussons les limites de ce qui est possible. De franchir le mur du son jusqu’aux systèmes de rotor basculant avancés. Aujourd'hui, Bell façonne l'avenir de l'aviation grâce à une ingénierie spécialisée. Venez rejoindre notre équipe.

 

Sommaire des responsabilités

Le Spécialiste technique, systèmes avioniques, sera responsable du développement de solutions avioniques et électriques en réponse aux besoins d’améliorations, d’expansion ou de remplacement de capacité ou systèmes de plateformes existantes ou de nouveau développements tout en respectant les normes de certification civiles (FAA ,TCCA, EASA ,etc.) et militaires (e.g.  programmes gouvernementaux canadiens - CH-146).

Analyser les requis du projet, de production et de certification et développer les solutions techniques liés aux systèmes avioniques et électriques d’aéronefs.
Supporter l’intégration des systèmes incluant le choix de composantes, la compatibilité des interfaces et l’ébauche des schémas électriques et identifier les requis d’installation des systèmes.
Rédiger des plans et procédures d’essais des systèmes, analyser des résultats et rédiger des rapports de qualification pour les essais fonctionnels et de certification au niveau des composantes et de l’appareil.
Mettre à jour les requis dans l’outil de gestion des requis techniques  par rapport aux demandes de changement.
Rédiger et mettre à jour des plans de certification, les plans de qualification et les matrices de conformité.
Rédiger des analyses en support à la certification des systèmes installés ou modifiées (charges électriques, thermiques, le soutien aux analyses de sécurité, EMC, etc.)
Supporter les tests sur l’appareil ainsi que ceux du laboratoire d’intégration des systèmes (SIL) et de dépannage.
Supporter les installations initiales sur l’appareil (FAI)
Coordonner avec les fournisseurs de systèmes avioniques dans le développement, l’intégration et les tests d’écrans, d’instruments de vol, de communication et navigation, de capteurs et systèmes de vision, de santé des systèmes et de gestion des systèmes.
Réviser la documentation technique de fournisseurs.
Ce poste nécessite des communications en anglais avec les équipes de Bell hors Québec et/ou ses fournisseurs, partenaires et clients hors Québec.
Le candidat fera partie de l'équipe avioniques et d’ingénierie des systèmes , basée à Mirabel, Québec.

Exigences du poste / Qualifications

Baccalauréat en génie électrique/avionique.
5 ans et plus d'expérience pertinente en aérospatiale ou expérience de travail équivalente. 
Expérience d’intégration sur un appareil commercial et militaire est un atout.
Représente la discipline en fournissant/présentant des solutions aux problèmes techniques.
Une connaissance pratique des systèmes avioniques et électriques est requise,
Connaissance d’un outil de gestion de requis techniques est requis.
Travaille de manière autonome et développe des solutions sur des tâches de complexité intermédiaire.
Bonnes capacités d'analyse et de leadership.
Solide éthique de travail et motivation personnelle.
Excellentes connaissances en français
Excellentes connaissances en anglais, ce poste nécessite des communications en anglais avec les équipes de Bell hors Québec et/ou ses fournisseurs, partenaires et clients hors Québec
Contacts fréquents inter-organisationnels et externes avec les clients.
Normes de qualification des équipements : RTCA/DO-160, MIL-STD-810, MIL-STD-883, MIL-STD-461, MIL-STD-464, RTCA/DO-178, RTCA/DO-254.
Normes de certification des aéronefs et des systèmes civils : FAR/AWM 27/527 et/ou FAR/AWM 29/529
Évaluation de la sécurité et de la fiabilité des systèmes : SAE ARP 4761, MIL-HDBK-217
Développement et gestion de l'ensemble du cycle de vie des systèmes complexes d'aéronefs civils et militaires tel que définis par SAE ARP4754A et ISO-15288.

 

Toute autre combinaison de scolarité et d’expérience jugée équivalente pourra être considérée.

 

ATTESTATION DE SÉCURITÉ

Une offre pour une position au sein  du département des programmes militaires canadiens gouvernementaux est conditionnelle à l’obtention et au maintien du niveau de sécurité NATO requis pour le poste.

Une offre pour une position au sein du département des programmes commerciaux est conditionnelle à l’obtention et au maintien du niveau de sécurité fiabilité requis pour le poste.

 

Avantages de travailler chez Bell Textron Canada

Programme d’assurances collectives et soins de santé virtuels
Régime d’épargne retraite
Moyenne de 13 jours fériés/mobiles
Possibilité de cumuler le temps supplémentaire en temps compensé jusqu’à concurrence de 40h par année
Politique d’horaire flexible
Programme d’aide à l’éducation
Programme de remboursement pour les frais de conditionnement physique
Programme d’aide aux employés et à la famille.

 

Ne ratez pas votre chance de vous joindre à un milieu diversifié et inclusif qui favorise un sentiment d’appartenance. En tant que membre de notre effectif mondial, vous collaborerez avec des équipes dévouées et enthousiastes, dont les différences d’expériences, d’antécédents et d’idées et une solide passion pour nos produits nous permettent d’aller au-delà du vol.

 Bell Textron Canada Ltée adhère aux principes d’équité en matière d’emploi. Nous invitons les femmes, les Autochtones, les minorités visibles et les personnes handicapées à soumettre leurs candidatures.                             

Les personnes handicapées peuvent recevoir de l'assistance pour le processus de présélection et de sélection, si elles le désirent.

Programme d’aide aux employés et à la famille.

 

Ne ratez pas votre chance de vous joindre à un milieu diversifié et inclusif qui favorise un sentiment d’appartenance. En tant que membre de notre effectif mondial, vous collaborerez avec des équipes dévouées et enthousiastes, dont les différences d’expériences, d’antécédents et d’idées et une solide passion pour nos produits nous permettent d’aller au-delà du vol.

 Bell Textron Canada Ltée adhère aux principes d’équité en matière d’emploi. Nous invitons les femmes, les Autochtones, les minorités visibles et les personnes handicapées à soumettre leurs candidatures.                             

Les personnes handicapées peuvent recevoir de l'assistance pour le processus de présélection et de sélection, si elles le désirent.

 

*** English ***

 

We’re more than aviation experts, we’re pioneers. We challenge what’s possible. From breaking the sound barrier to advanced tiltrotor systems. Today, Bell is shaping the future of aviation through specialized engineering. And we want you.

 

Summary of job description

The Mirabel systems engineering team is responsible for the development, integration and certification of technologically advanced and innovative avionics and electrical solutions in response to the need for upgrades, expansion or replacement of existing platform capabilities, systems or new developments while meeting the certification civilian (FAA ,TCCA, EASA ,etc.) and military regulations (e.g. Canadian Government Programs – CH146).

Analyze project, production and certification requirements and develop technical solutions related to avionics and aircraft electrical systems.
Support the integration of systems including the choice of components, the compatibility of interfaces and the drafting of electrical diagrams and identify the installation requirements of the systems.
Manage requirements thru a requirements management tool , provide technical guidance and impact assessment, 
Development of avionics system requirements and management, systems specifications, architecture and interfaces with other aircraft systems.
Prepare and update certification plans, qualification plans and conformity matrix,
Coordination with avionics system suppliers in the development, integration and testing of displays, flight instruments, communication and navigation systems, sensor and sighting systems, vehicle health systems and vehicle management systems.
Prepare test plans and test procedures, analyze results and write qualification reports for functional and certification tests at the components and aircraft level.
Prepare analyses in support of the certification of installed or modified systems (electrical loads, thermal, support for safety analyses, EMC, HIRF and lightning at the systems and at the aircraft level).
Support LRU/system testing, Systems Integration Laboratory (SIL) testing and troubleshooting.
Support aircraft ground and flight testing.
Support first article installation on aircraft.
Review supplier technical documentations.
The candidate will be part of the Avionics and Systems Engineering team ,based in Mirabel, Quebec.  

 

Minimum required qualifications

Bachelor’s degree in electrical/avionics engineering.
5 years of pertinent experience in aerospace or equivalent working level experience.
Integration experience on a commercial or military aircraft is an asset.
Represents the discipline in providing/presenting solutions to technical issues.
Working level knowledge or mastery with some or all the aircraft avionic and electrical systems is required,
Knowledge of requirements management tool is required.
Works independently and develops solutions on intermediate complexity tasks. 
Good analytical and leadership skills.
Strong work ethic and self-motivation.
Strong communication and writing skills in English (oral and written) and French (an asset).
Frequent inter-organizational and outside customer contacts.
Equipment qualification standards: RTCA/DO-160, MIL-STD-810, MIL-STD-883, MIL-STD-461, MIL-STD-464, RTCA/DO-178, RTCA/DO-254.
Civil aircraft and systems certification standards:  FAR/AWM 27/527 and/or FAR/AWM 29/529
Systems safety and Reliability assessments:  SAE ARP 4761, MIL-HDBK-217
Development and management of entire life cycle for complex civil aircraft systems in accordance with SAE ARP4754A et ISO-15288.

Any other combination of schooling and experience deemed equivalent may be considered.

 

SECURITY CLEARANCE

An offer within the Canadian Government Programs (military) Department is conditional on obtaining and maintaining the NATO security level required for the position.

An offer within the Commercial Programs Department is conditional on obtaining and maintaining the reliability security level required for the position.

 

Benefits of working at Bell Textron Canada

Group benefits plan and Healthcare online services
Retirement savings plan
Average of 13 holidays/floating days
Possibility of banking overtime in compensated time up to 40 hours per year
Flexible schedule policy
Educational assistance program
Reimbursement program for fitness fees
Employee and Family Assistance Program

 

Don’t miss the chance to join a diverse, inclusive environment where you feel a sense of belonging. As a member of our global workforce, you will collaborate with dedicated, enthusiastic teams where unique experiences, backgrounds and ideas combined with a strong passion for our products take us above and beyond flight.

Bell Textron Canada Ltee adheres to the principles of Employment Equity. We welcome applications from women, aboriginal peoples, visible minorities and people with disabilities.                             

People with disabilities may receive assistance with the screening and selection process, if they wish

 

 
 
 

Recruiting Company Bell Textron Inc.
Primary Location CA-Quebec-Mirabel
Job Field Engineering
Schedule Full-time
Job Level Individual Contributor
Shift First Shift
Job Posting 05/21/2026, 11:42:20 AM"
Bell (Textron),"Stage automne 2026 - Chargé de projet en stratégie et gouvernance / 2026 été Internship - Project Manager in Strategy and Governance (Mirabel, QC)",1538522,"CA, Quebec, Mirabel",United States of America,,onsite,Manager,unknown,unknown,unknown,taleo,2026-05-20,2026-06-16T21:35:52Z,https://textron.taleo.net/careersection/bell/jobdetail.ftl?job=1538522,"Job Description - Stage automne 2026 - Chargé de projet en stratégie et gouvernance / 2026 été Internship - Project Manager in Strategy and Governance (Mirabel, QC) (342016)
 
Stage automne 2026 - Chargé de projet en stratégie et gouvernance / 2026 été Internship - Project Manager in Strategy and Governance (Mirabel, QC)
(Job Number: 342016)

 

À propos de Bell

Nous sommes des pionniers. Nous avons été les premiers à franchir le mur du son et à concevoir le premier scooter de l’espace fonctionnel. Nous avons pris part à la première mission de la NASA sur la Lune et nous avons mis en marché des systèmes de rotors basculants évolués. Aujourd’hui, nous façonnons l’avenir de la mobilité sur demande. Les employés de Bell sont fiers de travailler pour une entreprise emblématique, regroupant de grands talents, qui produit en peu de temps des appareils à décollage vertical novateurs et recherchés.

Fondée en 1935 sous le nom de Bell Aircraft Corporation, Bell continue de donner le ton à l’industrie et d’élargir la portée du décollage vertical. Aujourd’hui, chef de file de l’industrie ayant une renommée sans pareille, Bell fut la première entreprise à obtenir la certification pour un hélicoptère commercial. Au cours de son riche parcours, elle a livré plus de 35 000 aéronefs à des clients partout dans le monde.


Rôles et responsabilités

Le (la) stagiaire participera activement, avec l’aide des gestionnaires et du responsable de la Stratégie et Gouvernance, a la mise en place de la gouvernance autour des projets 2026 et des mesures de performance. Une fois en place, il/elle assurera la gouvernance de suivi et du bon déroulement de la visibilité d’avancement des projets avec les équipes.

De plus, tu auras tes propres projets d’amélioration. Ces projets sont reliés à la production ou aux entrepôts. Situation désirée : productivité, économies, motivation, optimisation, aides à la tâche, etc

Plusieurs tâches comme la compilation et l’analyse de données, la mise en place de présentation, rencontre avec les différentes équipes, présentation à la direction, etc. font partie des tâches. Très formateur car visibilité au premier niveau de l’organisation

 

Exigences requises:

-Génie industriel, aérospatial ou mécanique

-Assurer un bon suivi avec les participants de façon autonome et rapporter l’avancement ou enjeux. Être résiliant et parfois méticuleux afin d’assister les participants à bien effectuer leur travail.

-Capable d’utiliser les outils de façon efficace : Power BI, Powerpoint, Excel.

-Faire un travail à valeur ajoutée (analyste) c.a.d. on a parfois l’impression de faire du détail mais ceux-ci aident grandement à atteindre un but commun et efficacité (ex : faire des messages de rappels, rappeler les retardataires, valider l’intégralité du rapport, etc). But : Améliorer la communication et le suivi.

-Capacité de synthèse et présentation efficace. Bon français écrit

-Le stage sera assisté par l’équipe de Stratégie et Gouvernance du site. Beaucoup d’interfaces multiples (participants) à envisager. Une aide sera offerte afin de bien comprendre et démarrer les projets et de devenir rapidement autonome. Très valorisant et formateur. Les stagiaires adorent.

 

 

Ne ratez pas votre chance de vous joindre à un milieu diversifié et inclusif qui favorise un sentiment d’appartenance. En tant que membre de notre effectif mondial, vous collaborerez avec des équipes dévouées et enthousiastes, dont les différences d’expériences, d’antécédents et d’idées et une solide passion pour nos produits nous permettent d’aller au-delà du vol.

 

Bell Textron Canada Ltée adhère aux principes d’équité en matière d’emploi.

 
 
 

Recruiting Company Bell Textron Inc.
Primary Location CA-Quebec-Mirabel
Job Field Engineering
Schedule Full-time
Job Level Individual Contributor
Shift First Shift
Job Posting 05/20/2026, 10:41:03 AM"
Bell (Textron),Assembleur structure / Structural Assembler (Mirabel),1536595,"CA, Quebec, Mirabel",United States of America,,onsite,Mid,unknown,unknown,unknown,taleo,2026-05-20,2026-06-16T21:35:52Z,https://textron.taleo.net/careersection/bell/jobdetail.ftl?job=1536595,"Job Description - Assembleur structure / Structural Assembler (Mirabel) (341046)
 
Assembleur structure / Structural Assembler (Mirabel)
(Job Number: 341046)

 

*** An English description will follow ***

Nous sommes plus que des experts en aviation, nous sommes des pionniers. Nous repoussons les limites de ce qui est possible. De franchir le mur du son jusqu’aux systèmes de rotor basculant avancés. Aujourd'hui, Bell façonne l'avenir de l'aviation grâce à une ingénierie spécialisée. Venez rejoindre notre équipe.

Sommaire des responsabilités

Technique de perçage (métal et composite)

Pose et dépose de rivets solides, rivets aveugles et attaches spéciales (hi-lite, hi-lock, hi-shear)

Conversion chimique (application alodine)

Application d’apprêt (touch up primer)

Application de scellant et adhésif

Application de couple de serrage,

Installation fil frein, goupille (cutter pin) et câble de sécurité (safety cable)

Utilisation de gabarit d’assemblage

Lecture de plan

Exigences du poste / Qualifications

Diplôme d'études secondaires

Diplôme professionnel de l’EMAM (École des métiers de l’aérospatial de Montréal) en structure.(ou expérience jugée équivalente) 

Connaissances fonctionnelles en français

 

Autres compétences: 

Être orienté client / qualité

Savoir gérer son temps et ses priorités de façon autonome

Être à l’aise à travailler à des tâches répétitives

Être minutieux et porter attention aux détails

Être à l’aise à travailler en équipe et entretenir de bonnes relations avec les autres.

Toute autre combinaison de scolarité et d’expérience jugée équivalente pourra être considérée.

 

Avantages de travailler chez Bell Textron Canada

Programme d’assurances collectives et soins de santé virtuel

Régime d’épargne retraite

Moyenne de 13 jours fériés/mobiles

Possibilité de cumuler le temps supplémentaire en temps compensé jusqu’à concurrence de 40h par année

Politique d’horaire flexible

Programme d’aide à l’éducation

Programme de remboursement pour les frais de conditionnement physique

Programme d’aide aux employés et à la famille

 

Ne ratez pas votre chance de vous joindre à un milieu diversifié et inclusif qui favorise un sentiment d’appartenance. En tant que membre de notre effectif mondial, vous collaborerez avec des équipes dévouées et enthousiastes, dont les différences d’expériences, d’antécédents et d’idées et une solide passion pour nos produits nous permettent d’aller au-delà du vol.

Bell Textron Canada Ltée adhère aux principes d’équité en matière d’emploi. Nous invitons les femmes, les Autochtones, les minorités visibles et les personnes handicapées à soumettre leurs candidatures.                             

Les personnes handicapées peuvent recevoir de l'assistance pour le processus de présélection et de sélection, si elles le désirent.

 

*** English ***

 

We’re more than aviation experts, we’re pioneers. We challenge what’s possible. From breaking the sound barrier to advanced tiltrotor systems. Today, Bell is shaping the future of aviation through specialized engineering. And we want you.

 

Summary of job description

Drilling technique (metal and composite)

Installation and removal of solid rivets, blind rivets and special fasteners (hi-lite, hi-lock, hi-shear)

Chemical conversion (alodine application)

Application of primer (touch up primer)

Application of sealant and adhesive

Application of tightening torque,

Installation of brake wire, cutter pin and safety cable

Use of assembly template

Plan reading

 

Minimum required qualifications

High school diploma

Professionnal Diploma from EMAM (École des métiers de l’aérospatial de Montréal) in structural.

Two years of pertinent experience

Functional knowledge in French is required. 

Other competencies

To be results and quality oriented

To be particularly skillful in the management of his/her time as well as for prioritizing and planning his activities

To be comfortable to do repetitive task

To be meticulous and pay attention to all details

To be particularly skillful in communications and in interpersonal relations - teamwork.

Any other combination of schooling and experience deemed equivalent may be considered.

Benefits of working at Bell Textron Canada

Group benefits plan and Healthcare online service

Retirement savings plan

Average of 13 holidays/floating days

Possibility of banking overtime in compensated time up to 40 hours per year

Flexible schedule policy

Educational assistance program

Reimbursement program for fitness fees

Employee and Family Assistance Program

 

Don’t miss the chance to join a diverse, inclusive environment where you feel a sense of belonging. As a member of our global workforce, you will collaborate with dedicated, enthusiastic teams where unique experiences, backgrounds and ideas combined with a strong passion for our products take us above and beyond flight.

Bell Textron Canada Ltee adheres to the principles of Employment Equity. We welcome applications from women, aboriginal peoples, visible minorities and people with disabilities.                             

People with disabilities may receive assistance with the screening and selection process, if they wish.

 
 
 

Recruiting Company Bell Textron Inc.
Primary Location CA-Quebec-Mirabel
Job Field Manufacturing
Schedule Full-time
Job Level Individual Contributor
Shift First Shift
Job Posting 05/20/2026, 9:34:30 AM"
Bell (Textron),V-22 Flight Test Engineer (Multiple Levels Considered),1537830,"Maryland, Patuxent River",United States of America,"$107,000 - $145,000",onsite,Mid,us_person,Secret,yes,taleo,2026-05-05,2026-06-16T21:35:52Z,https://textron.taleo.net/careersection/bell/jobdetail.ftl?job=1537830,"Job Description - V-22 Flight Test Engineer (Multiple Levels Considered) (341730)
 
V-22 Flight Test Engineer (Multiple Levels Considered)
(Job Number: 341730)

 

V-22 Flight Test Engineer (NAS Patuxent River, MD)

We’re more than aviation experts, we’re pioneers. We challenge what’s possible. From breaking the sound barrier to advanced tiltrotor systems. Today, Bell is shaping the future of aviation through specialized engineering. And we want you.

Bell Flight is seeking a Flight Test Engineer (FTE) to support the testing and development of product improvements for USMC & USN V-22 tiltrotor aircraft at Patuxent River Naval Air Station located at Patuxent River, Maryland.  Bring your experience and ideas and help us design and build critical solutions across a fleet of test aircraft to quantify a myriad of engineering phenomena including propulsion, structural dynamics, aerodynamics, and more.

Flight Test Engineer

As a Flight Test Engineer, you will be a vital part of an Integrated Product Team (IPT) by monitoring flight and ground test activities through on-site telemetry systems and performing post-test analysis to meet program and customer defined requirements.  You will be working in a small team environment to support test operations by planning and executing multiple projects within established flight test guidelines to achieve safe flight operations.  Those projects will require coordination between the V-22 Test Team, the NAVAIR Customer, and Bell in Fort Worth, Texas.  Lastly, you will be able to hone your technical and analytical abilities on significant engineering problems, all while gaining experience in leadership and communication.

What you’ll be doing as a Flight Test Engineer:

As a Flight Test Engineer, you will work with test directors, discipline engineers, instrumentation technicians, and test pilots to define system requirements and hardware/software implementation strategies for aircraft telemeter parameters for real-time data monitoring and collection for post-test analysis.

•        Lead a portion of the flight test team for experimental tiltrotor aircraft, requiring teamwork and collaborative problem solving in a multi-team environment with direct customer contact.

•          Plan and conduct tiltrotor aircraft flight tests using real-time telemetry data monitoring for safety-of-flight and safety-of-test parameters during test flights.

•        Participate in higher-level test planning and scheduling activities.

•        Coordinate experimental aircraft evaluations including configuration changes, flight scheduling, maintenance requirements, and other events.

•         Coordinate with team members, cognizant design & analysis engineers, and NAVAIR.

•        Review and understand all related procedures, processes, and best practices.

•        Support new aircraft and technology development as well as proprietary analytical tools and applications.

 

What you need to be successful: 

•    5+ years of experience in experimental test, evaluation, and risk management.
•    Bachelor’s degree in Aerospace, Electrical, or Mechanical Engineering. 
•    Ability to obtain Active Secret Clearance.
•    Experience with FAA and/or military certification processes.
•    Ability to obtain an FAA Class III FAA Medical Certificate.
•    Private or Commercial Pilot License is preferred.
•    Travel up to 20% of the time, as needed, to support short term (up to two months) off-site assignments.

What we offer you in return:

•    80 hours of Personal Time Off (PTO)
•    120 hours Vacation time
•    12-13 paid holidays per year
•    6 weeks parental leave
•    Tuition reimbursement
•    Competitive salary
•    Comprehensive health insurance
•    Access to more than 11 Employee Resource Groups
•    And so much more

It’s time to make your mark on the future of aviation. Join us on this mission, and let’s make history together. 
 

 
 
 
Textron’s compensation package includes competitive base pay and provides eligible employees with benefit programs. Benefits may include health insurance and prescription plan coverage, dental insurance, family building benefits, vision insurance, mental health resources, flexible spending accounts, health savings accounts, retirement savings plans, life and disability insurance programs, and programs that provide employees time away from work. The pay range should be used as a general guide only. Compensation is based upon candidate experience and qualifications, as well as market and business considerations.
 
In compliance with the local pay transparency law, the pay range for this position is $107,000 - $145,000 per year.
 
EEO Statement
Textron is committed to providing Equal Opportunity in Employment, to all applicants and employees regardless of race, color, religion, age, national origin, military status, veteran status, disability, sex (including pregnancy and sexual orientation), genetic information or any other characteristic protected by law.

 
This position requires use of information which is subject to the International Traffic in Arms Regulations (ITAR) and/or the Export Administration Regulations (EAR). The ITAR/EAR defines a U.S. person as a U.S. Citizen, U.S. Permanent Resident (i.e. 'Green Card Holder'), Political Asylee, or Refugee. Non-U.S. persons selected must meet eligibility requirements for access to export-restricted information.
 
Recruiting Company Bell Textron Inc.
Primary Location US-Maryland-Patuxent River
Job Field Engineering
Schedule Full-time
Job Level Individual Contributor
Shift First Shift
Travel Yes, 20 % of the Time
Relocation Available
Worksite Onsite
Job Posting 05/05/2026, 5:22:33 PM"
Bell (Textron),Gestionnaire Experience Client / Customer Experience Manager,1537493,"CA, Quebec, Mirabel",United States of America,,onsite,Manager,unknown,unknown,unknown,taleo,2026-05-04,2026-06-16T21:35:52Z,https://textron.taleo.net/careersection/bell/jobdetail.ftl?job=1537493,"Job Description - Gestionnaire Experience Client / Customer Experience Manager (341536)
 
Gestionnaire Experience Client / Customer Experience Manager
(Job Number: 341536)

 

*** An english description will follow ***

 

Nous sommes plus que des experts en aviation, nous sommes des pionniers. Nous repoussons les limites de ce qui est possible. De franchir le mur du son jusqu’aux systèmes de rotor basculant avancés. Aujourd'hui, Bell façonne l'avenir de l'aviation grâce à une ingénierie spécialisée. Venez rejoindre notre équipe.

Le gestionnaire de l'expérience client (GEC), dans le cadre des opérations commerciales, soutiendra l'équipe des ventes commerciales et représentera Bell auprès des clients, afin qu'ils deviennent les ambassadeurs de Bell et de nos produits. Dans ce rôle, vous développerez et gérerez des relations positives avec les clients en les guidant tout au long du processus d'achèvement et de livraison de l'aéronef. Diriger et gérer toutes les fonctions d'assistance, de la commande ferme d'aéronefs à la livraison de l’aéronef, et gérer le transfert au réseau d'assistance du marché secondaire.

Sommaire des responsabilités

Maintenir la communication et travailler en étroite collaboration avec le directeur régional des ventes de Bell pour obtenir du soutien tout au long du processus d'accueil chez Bell et de la livraison.
Responsable de l'atteinte des objectifs AOP de livraison d'aéronefs dans les limites du budget et des délais contractuels. Servir d'interface principale entre les clients et Bell, c'est-à-dire le directeur des ventes, les contrats, les opérations, les programmes et les services/agences de soutien réglementaire applicables guidant le client depuis la confirmation de la commande d'aéronef jusqu'à la livraison de l'aéronef.
Diriger toutes les révisions de configuration et de conception des accords/contrats/amendements après l'achat, les activités de livraison, la coordination des clients et répondre aux besoins des clients tout au long du processus - soutenus par les gestionnaires de configuration de modèles, la conception/l'ingénierie de personnalisation du centre de finition et d'autres parties prenantes de Bell
Évaluer les accords d'achat/contrats/amendements et établir un plan pour l'exactitude, la compatibilité, la fonctionnalité, les livrables, la livraison mois/année, la formation, les exigences d'expédition, etc.
Diriger la réunion de design intérieur et extérieur entre le client et l'équipe de style Bell
Gérer les communications entre le client et les équipes fonctionnelles de Bell pour finaliser la personnalisation de l'aéronef, la documentation et le transport vers le lieu de livraison final
Planifier une formation avec BTA (Pilot & Mx)
Surveiller le rythme de production des aéronefs pour respecter la date de livraison contractuelle
Responsable du maintien d'une connaissance approfondie des aspects techniques des aéronefs Bell, des capacités de mission, de la documentation technique, des exigences de conformité de navigabilité, des produits de rechange et des nouvelles options de personnalisation
Reste informé des exigences réglementaires nationales, fédérales et internationales relatives à la certification des aéronefs, à l'exportation, aux licences, aux taxes d'immatriculation, etc.
Gérer l'introduction des clients au réseau de soutien du marché secondaire de Bell, au CSE régional et au directeur des ventes du marché secondaire
Introduire le Plan Avantage Client
Maintenir un haut niveau de satisfaction client avec d'excellents scores NSDR et des scores d'enquête sur l'expérience de livraison 

Exigences du poste / Qualifications 

Diplôme de premier cycle universitaire en commerce, vente, ingénierie, gestion de projet, aviation ou domaine similaire.
Au moins 7 ans d'expérience dans l'industrie aéronautique.
Au moins 3 ans d'expérience dans les configurations d'aéronefs, les opérations MRO/CRO, la gestion de projet ou une expérience progressive en leadership dans un environnement opérationnel d'aéronefs.
Excellentes compétences en communication
Excellentes compétences en service à la clientèle
Excellentes compétences en communication écrite et verbale face aux clients
Compétences approfondies avec Salesforce
Capacité à travailler avec les organismes de réglementation, les clients et le personnel interfonctionnel
Expérience de la gestion d'un client depuis les ventes initiales jusqu'au processus d'acquisition et de livraison.
Capacité démontrée à travailler efficacement et en collaboration dans une organisation géographiquement dispersée.
Expérience de vente antérieure avec des articles de luxe de plus de 1 million de dollars.
Expérience antérieure dans l'industrie des giravions.
Expérience des produits Bell
Expérience en gestion de projet
Les qualifications FAA, TCCA ou EASA sont un plus
Expérience commerciale internationale
Compétences en langues étrangère
Connaissances fonctionnelles en français
Connaissances fonctionnelles en anglais, ce poste nécessite des communications en anglais avec les équipes de Bell hors Québec et/ou ses fournisseurs, partenaires et clients hors Québec

Toute autre combinaison de scolarité et d’expérience jugée équivalente pourra être considérée.

 

Avantages de travailler chez Bell Textron Canada

Programme d’assurances collectives et soins de santé virtuels
Régime d’épargne retraite
Moyenne de 13 jours fériés/mobiles
Possibilité de cumuler le temps supplémentaire en temps compensé jusqu’à concurrence de 40h par année
Politique d’horaire flexible
Programme d’aide à l’éducation
Programme de remboursement pour les frais de conditionnement physique
Programme d’aide aux employés et à la famille.

Ne ratez pas votre chance de vous joindre à un milieu diversifié et inclusif qui favorise un sentiment d’appartenance. En tant que membre de notre effectif mondial, vous collaborerez avec des équipes dévouées et enthousiastes, dont les différences d’expériences, d’antécédents et d’idées et une solide passion pour nos produits nous permettent d’aller au-delà du vol.

 Bell Textron Canada Ltée adhère aux principes d’équité en matière d’emploi. Nous invitons les femmes, les Autochtones, les minorités visibles et les personnes handicapées à soumettre leurs candidatures.                             

Les personnes handicapées peuvent recevoir de l'assistance pour le processus de présélection et de sélection, si elles le désirent.

 

 

*** English ***

We’re more than aviation experts, we’re pioneers. We challenge what’s possible. From breaking the sound barrier to advanced tiltrotor systems. Today, Bell is shaping the future of aviation through specialized engineering. And we want you.

 The Customer Experience Manager (CEM) as a part of Commercial Business Operations will support the commercial sales team and represent Bell to customers, so they become advocates for Bell and our products. In this role, you will develop and manage positive relationships with customers leading the customer through the aircraft completion and delivery process. Leading and managing all support functions from firm aircraft order thru delivery of the aircraft and manage the hand off to the aftermarket support network. 

Summary of job description

Maintain communication and work closely with Bell Regional Sales Manager for support through the welcome to Bell process and delivery
Responsible for meeting aircraft delivery AOP goals within budget and within contracted time. Serve as primary interface between Customers and Bell i.e.  Sales Manager, Contracts, Operations, Programs, and applicable regulatory support departments/agencies guiding the customer from aircraft order firmed through delivery of the aircraft.
Lead all post purchase agreement/contracts/amendments configuration and design reviews, delivery activities, customers coordination & support customer needs throughout the process – supported by model Configuration Managers, Completion Center Customizing Design/Engineering, and other Bell stakeholders
Evaluate purchase agreement/contracts/amendments and build plan for aircraft configuration data accuracy, compatibility, functionality, deliverables, delivery month/year, training, shipping requirments etc.
Lead Interior and Exterior Design meeting between the customer and Bell Styling Team
Manage communications between customer and Bell functional teams to finalize aircraft customizing, documentation and transportation to final delivery location
Schedule training with BTA (Pilot & Mx)
Monitor aircraft production pace to meet contractual delivery date
Responsible for maintaining a comprehensive knowledge of the technical aspects of Bell aircraft, mission capabilities, technical documentation, airworthiness compliance requirements, aftermarket products and new customizing options
Stays informed of State, Federal and International Regulation requirements related to aircraft certification, exportation, licensing, registration taxation, etc.
Manage the customers introduction to the Bell aftermarket support network, regional CSE and aftermarket sales manage
Introduce Customer Advantage Plan
Maintain a high level of customer satisfaction with excellent NSDR scores and Delivery Experience Survey scores 

Minimum required qualifications

Undergraduate Degree in Business, Sales, Engineering, Project Management, Aviation, or similar field.
At least 7 years of aviation industry experience.
At least 3 years of experience in aircraft configurations, MRO/CRO operations, Project Management, or progressive leadership experience in an aircraft operational environment.
Polished communication skills
Excellent customer service skills
Excellent Customer facing written and verbal communication skills
Proficient skills with Salesforce
Ability to work with the regulatory agencies, customers, and cross-functional personnel
Experience managing a customer from initial sales through the acquisition and delivery process.
Demonstrated ability to work effectively and collaboratively in a geographically distributed organization.
Prior sales experience with >$1M luxury items.
Prior rotorcraft industry experience.
Bell product experience
Project Management experience
FAA, TCCA, or EASA ratings are a plus
International business experience
Foreign language skills
Functional knowledge in French is required.
Functional knowledge in English is required for this position, as it involves communication in English with Bell teams outside of Quebec and/or its suppliers, partners, and clients outside of Quebec.

 

Any other combination of schooling and experience deemed equivalent may be considered.

 

Benefits of working at Bell Textron Canada

Group benefits plan and Healthcare online services
Retirement savings plan
Average of 13 holidays/floating days
Possibility of banking overtime in compensated time up to 40 hours per year
Flexible schedule policy
Educational assistance program
Reimbursement program for fitness fees
Employee and Family Assistance Program

 

Don’t miss the chance to join a diverse, inclusive environment where you feel a sense of belonging. As a member of our global workforce, you will collaborate with dedicated, enthusiastic teams where unique experiences, backgrounds and ideas combined with a strong passion for our products take us above and beyond flight.

Bell Textron Canada Ltee adheres to the principles of Employment Equity. We welcome applications from women, aboriginal peoples, visible minorities and people with disabilities.                             

People with disabilities may receive assistance with the screening and selection process, if they wish.

 
 
 

Recruiting Company Bell Textron Inc.
Primary Location CA-Quebec-Mirabel
Job Field Sales
Schedule Full-time
Job Level Individual Contributor
Shift First Shift
Job Posting 05/04/2026, 1:35:11 PM"
Bell (Textron),CDN Mil Analyste Support Technique/CDN Mil Technical Support Analyst,1537562,"CA, Quebec, Mirabel",United States of America,,onsite,Mid,us_person,Secret,unknown,taleo,2026-05-01,2026-06-16T21:35:52Z,https://textron.taleo.net/careersection/bell/jobdetail.ftl?job=1537562,"Job Description - CDN Mil Analyste Support Technique/CDN Mil Technical Support Analyst (341604)
 
CDN Mil Analyste Support Technique/CDN Mil Technical Support Analyst
(Job Number: 341604)

 

*** An english description is available below ***

Bell Textron Canada ltee (BTCL) est à la recherche de nouvelles personnes talentueuses pour se joindre à son équipe, qui sont enthousiastes à l'idée de soutenir nos troupes canadiennes par l'excellence du service de soutien et d'enthousiasmer nos clients avec des approches novatrices de leurs expériences de levage vertical. Le CH146 est la plus grande flotte d'hélicoptères du Canada, son actif le plus déployé et il est utilisé dans de multiples rôles à travers le pays. Notre équipe est intégrée au bureau de gestion du système d'armement militaire et aux opérations de recherche et de sauvetage, tactiques, d'appui au combat et de forces spéciales. Le CH146 fait actuellement l'objet d'un important projet de modernisation qui fera entrer la plate-forme d'hélicoptère dans le 21e siècle ! Venez aider Bell à construire un avenir innovant et futuriste.

Bell se réjouit de cette opportunité et recherche des personnes dynamiques et talentueuses qui sont prêtes à relever le défi ! 

 

Description de poste

En tant qu'analyste support technique, vous jouerez un rôle clé dans le soutien des activités de maintenance et d'ingénierie liées au CH146. Vous serez responsable de la coordination des enquêtes techniques, de l'évaluation des modifications de conception et de la gestion des impacts sur les systèmes et processus associés. Vous agirez également en tant qu'expert technique auprès des parties prenantes internes et externes, tout en contribuant à l'amélioration continue des opérations.

 

Responsabilités principales

Enquêtes techniques : Mener des analyses approfondies sur les problèmes de maintenance et d'ingénierie signalés par les membres de BTCL et/ou le ministère de la Défense nationale (MDN) concernant le CH146.
Analyse des modifications de conception : Participer à la révision des modifications de conception du modèle 412 (ECR et ECO) afin d’évaluer leur applicabilité et leur impact sur le CH146.
Coordination des mises en œuvre : Évaluer et coordonner les actions nécessaires pour mettre en œuvre les modifications de conception approuvées (ou en cours de projet) affectant le CH146, notamment en ce qui concerne :

o    Le programme de maintenance approuvé,

o    Les publications techniques,

o    Les stocks de pièces de rechange,

o    Les processus de fabrication,

o    Les besoins en formation.

Gestion de l’obsolescence : Soutenir l’examen annuel de l’obsolescence du système CH146 et participer activement au groupe de travail annuel sur l’obsolescence.
Collaboration avec le client : Participer aux réunions périodiques de suivi du système logistique de l’aéronef avec le client, en agissant comme expert technique du BTCL.
Échange de données techniques : Coordonner efficacement le partage d’informations techniques entre les différents départements du BTCL, le CH146 WSM, ainsi que les fournisseurs et sous-traitants.

 

Exigences du poste

Diplôme d’études collégiales en entretien d’aéronefs ou dans un domaine technique connexe.
Minimum de cinq (5) ans d’expérience technique dans les domaines de la maintenance, de la conception, de la fabrication ou des publications techniques d’aéronefs.
Expérience avérée dans le cadre d’un contrat de service de soutien militaire.
Excellente capacité à interpréter et analyser des documents techniques tels que des dessins, des spécifications et des normes.
Connaissance approfondie des processus liés à la maintenance et à l’ingénierie aéronautique.
Solides compétences en organisation et en gestion des priorités.
Capacité démontrée à présenter des informations techniques complexes à des cadres supérieurs et à des clients.
Maîtrise fonctionnelle du français et de l’anglais, tant à l’oral qu’à l’écrit.

 

Toute autre combinaison de scolarité et d’expérience jugée équivalente pourra être considérée.

ATTESTATION DE SÉCURITÉ

Le titulaire doit obtenir et conserver le niveau de sécurité Secret OTAN délivré par le Programme de sécurité industrielle de Services Publics et Approvisionnement Canada et les agents de sécurité de BTCL.

Avantages de travailler chez Bell Textron Canada

 

Programme d’assurance collective et régime d’épargne retraite
Moyenne de 13 jours fériés/mobiles
Possibilité de cumuler le temps supplémentaire en temps compensé jusqu’à concurrence de 40h par année
Politique d’horaire flexible
Programme d’aide à l’éducation pour les employés
Programme de remboursement pour les frais de conditionnement physique
Programme d’aide aux employés et à la famille

 

Ne ratez pas votre chance de vous joindre à un milieu diversifié et inclusif qui favorise un sentiment d’appartenance. En tant que membre de notre effectif mondial, vous collaborerez avec des équipes dévouées et enthousiastes, dont les différences d’expériences, d’antécédents et d’idées et une solide passion pour nos produits nous permettent d’aller au-delà du vol.

 Bell Textron Canada Ltée adhère aux principes d’équité en matière d’emploi. Nous invitons les femmes, les Autochtones, les minorités visibles et les personnes handicapées à soumettre leurs candidatures.                             

Les personnes handicapées peuvent recevoir de l'assistance pour le processus de présélection et de sélection, si elles le désirent.

 

***English****

Bell Textron Canada Ltd. (BTCL) is seeking talented individuals to join its team who are enthusiastic about supporting our Canadian troops through excellent support services and thrilling our customers with innovative approaches to their vertical lift experiences. The CH146 is Canada’s largest helicopter fleet, its most deployed asset, and is used in multiple roles across the country. Our team is integrated into the military Weapon System Management (WSM) office and within Search and rescue, Tactical, Combat Support and Special Forces Operations. The CH146 is currently undergoing a major modernization project that will bring the helicopter platform into the 21st century! Come help Bell build an innovative and futuristic tomorrow.

Bell is excited about this opportunity and is looking for dynamic and talented individuals who are ready to take on the challenge!

 

Job Description

As a Technical Support Analyst, you will play a key role in supporting maintenance and engineering activities related to the CH146. You will be responsible for coordinating technical investigations, evaluating design modifications, and managing the impacts on associated systems and processes. You will also act as a technical expert for internal and external stakeholders while contributing to the continuous improvement of operations.

 

Key Responsibilities

Technical Investigations: Conduct in-depth analyses of maintenance and engineering issues reported by BTCL members and/or the Department of National Defence (DND) regarding the CH146.
Design Modifications Analysis: Participate in the review of design modifications for the 412 model (ECR and ECO) to assess their applicability and impact on the CH146.
Implementation Coordination: Evaluate and coordinate necessary actions to implement approved design modifications (or design projects) affecting the CH146, including:

o    Approved maintenance programs,

o    Technical publications,

o    Spare parts inventory,

o    Manufacturing processes,

o    Training requirements.

Obsolescence Management: Support the annual review of CH146 system obsolescence and actively participate in the annual CH146 obsolescence working group.
Client Collaboration: Attend periodic aircraft logistics system follow-up meetings with the client, acting as BTCL’s technical subject matter expert.
Technical Data Exchange: Effectively coordinate the sharing of technical information between BTCL departments, the CH146 Weapon System Manager (WSM), as well as suppliers and subcontractors.

 

Requirements

Diploma in aircraft maintenance or a related technical field.
Minimum of five (5) years of technical experience in aircraft maintenance, design, manufacturing, or technical publications.
Proven experience in a military support service contract environment.
Excellent ability to interpret and analyze technical documents such as drawings, specifications, and standards.
In-depth knowledge of processes related to aircraft maintenance and engineering.
Strong organizational skills and ability to manage priorities effectively.
Demonstrated ability to present complex technical information to senior executives and clients.
Functional proficiency in both French and English, written and spoken.

Any other combination of education and experience deemed equivalent may be considered.

 

Security Clearance

The incumbent must obtain and maintain NATO Secret security clearance issued by the Industrial Security Program of Public Services and Procurement Canada and BTCL security officers.

Benefits of working at Bell Textron

 

Group insurance program and pension plan/savings
Average of 13 holidays/floating days
Possibility of banking overtime in compensated time up to 40 hours per year
Flexible schedule policy
Educational assistance program for employees
Reimbursement program for fitness fees
Employee and Family Assistance Program

 

Don’t miss the chance to join a diverse, inclusive environment where you feel a sense of belonging. As a member of our global workforce, you will collaborate with dedicated, enthusiastic teams where unique experiences, backgrounds and ideas combined with a strong passion for our products take us above and beyond flight.

Bell Textron Canada Ltee adheres to the principles of Employment Equity.We welcome applications from women, aboriginal peoples, visible minorities and people with disabilities.                            

People with disabilities may receive assistance with the screening and selection process, if they wish.

 

 
 
 

Recruiting Company Bell Textron Inc.
Primary Location CA-Quebec-Mirabel
Job Field Manufacturing
Schedule Full-time
Job Level Individual Contributor
Shift First Shift
Job Posting 05/01/2026, 8:47:16 AM"
Bell (Textron),"Pilote d'essai, vol experimental, Hélicoptère / Experimental flight test pilot, Helicopter",1537288,"CA, Quebec, Mirabel",United States of America,,onsite,Mid,us_person,unknown,unknown,taleo,2026-04-27,2026-06-16T21:35:52Z,https://textron.taleo.net/careersection/bell/jobdetail.ftl?job=1537288,"Job Description - Pilote d'essai, vol experimental, Hélicoptère / Experimental flight test pilot, Helicopter (341379)
 
Pilote d'essai, vol experimental, Hélicoptère / Experimental flight test pilot, Helicopter
(Job Number: 341379)

 

An english description will follow. ***  

 

Description - External

Nous sommes des pionniers. Nous avons été les premiers à franchir le mur du son et à concevoir le premier scooter de l’espace fonctionnel. Nous avons pris part à la première mission de la NASA sur la Lune et nous avons mis en marché des systèmes de rotors basculants évolués. Aujourd’hui, nous façonnons l’avenir de la mobilité sur demande. Les employés de Bell sont fiers de travailler pour une entreprise emblématique, regroupant de grands talents, qui produit en peu de temps des appareils à décollage vertical novateurs et recherchés.

Sommaire des tâches

En tant que Pilote d’Essai Expérimental, la ou le titulaire met à l’essai fonctionnel de prototypes, évalue et approuve les modifications d’aéronef et les nouveaux types d’aéronef d’assurer un produit de haute qualité selon les normes de certification militaires, de la FAA et du ministère de Transport Canada.

Le pilote d’essai expérimental participe à la conception des aéronefs, à la préparation des plans et des rapports de test de développement et de certification ainsi qu’à l’exécution des tests au sol et en vol de façon sécuritaire.

Ce poste inclut aussi la familiarisation, la formation aux clients et les vols de réceptions tant pour les clients militaires que pour les clients civils. Ces vols sont souvent exécutés aux installations du client et demandent de fréquents voyages nationaux et internationaux.

Le développement du produit, les vols d’évaluation et les démonstrations aux clients sont effectués de très près avec les services de marketing commercial et militaire, de l’ingénierie, du contrôle de la qualité, de la fabrication et du soutien technique.

 

Exigences minimales requises:

Expérience en tant que pilote d’essai expérimental et/ou pilote de production.
4500 heures de vol comme commandant de bord d’hélicoptère comprenant des heures d’expérience acquises sur des produits de Bell ou, être gradué d’une école de pilotes d’essai reconnue et 2000 heures de vol d’hélicoptère.
Licence CPL ou ATPL(H) TCCA, IFR groupe 4 valide, 
Licence CPL ou ATPL(H) FAA et/ou d’instructeur de vol serait un atout.
Connaissance fonctionnelle de la suite Microsoft Office.
Connaissance fonctionnelle du français (un atout) et une connaissance parfaite de l’anglais requise.

Toute autre combinaison de scolarité et d’expérience jugée équivalente pourra être considérée.

 

Avantages de travailler chez Bell Textron Canada

Programme d’assurances collectives et soins de santé virtuels
Régime d’épargne retraite
Moyenne de 13 jours fériés/mobiles
Possibilité de cumuler le temps supplémentaire en temps compensé jusqu’à concurrence de 40h par année
Politique d’horaire flexible
Programme d’aide à l’éducation
Programme de remboursement pour les frais de conditionnement physique
Programme d’aide aux employés et à la famille.

 

Ne ratez pas votre chance de vous joindre à un milieu diversifié et inclusif qui favorise un sentiment d’appartenance. En tant que membre de notre effectif mondial, vous collaborerez avec des équipes dévouées et enthousiastes, dont les différences d’expériences, d’antécédents et d’idées et une solide passion pour nos produits nous permettent d’aller au-delà du vol.

 

Bell Textron Canada Ltée adhère aux principes d’équité en matière d’emploi. 

 

*** English **** 

We are pioneers. We were the first to break the sound barrier and design the first functional jetpack. We were aboard NASA’s first lunar mission and brought advanced tiltrotor systems to market. Today, we are defining the future of on-demand mobility. At Bell, we are proud to be an iconic company with superb talent, rapidly creating novel and coveted vertical lift experiences. 

Summary of job description

As Experimental Test Pilot, the incumbent functionally tests, evaluates and approves aircraft modifications and new aircraft types in order to insure a high quality product according to engineering, manufacturing and FAA, TCCA or EASA certification standards.  

The experimental test pilot is involved in the conception of the design changes, the preparation of the development and certification plans as well as the execution of safe and efficient ground and flight testing.

This position duties include familiarization flights, customer training and customer acceptance flights for both military and civilian customers.  These flights are often conducted at customer’s operational areas and require frequent travel Nationally and Internationally.  

Product development, evaluation and demonstration flights are conducted in close liaison with commercial and military marketing, engineering, quality control, manufacturing and product support departments.

 

Candidate Experience:

Experience as a test pilot and/or as a production pilot.
4500 hours pilot in command helicopter flight time and experience on Bell products or being a graduate from a recognized test pilot school and 2000 hours of helicopter flight time.
CPL/ATPL (H) TCCA, valid group 4 IFR,
Instructor or FAA CPL/ATPL (H) license are considered assets.
Functional knowledge of Microsoft Office.
Functional knowledge of French (asset) and perfect knowledge of English required.

Any other combination of schooling and experience deemed equivalent may be considered.

Benefits of working at Bell Textron Canada

Group benefits plan and Healthcare online services
Retirement savings plan
Average of 13 holidays/floating days
Possibility of banking overtime in compensated time up to 40 hours per year
Flexible schedule policy
Educational assistance program
Reimbursement program for fitness fees
Employee and Family Assistance Program 

 

Don’t miss the chance to join a diverse, inclusive environment where you feel a sense of belonging. As a member of our global workforce, you will collaborate with dedicated, enthusiastic teams where unique experiences, backgrounds and ideas combined with a strong passion for our products take us above and beyond flight. 

Bell Textron Canada Ltd. adheres to the principles of Employment Equity.

 
 
 

Recruiting Company Bell Textron Inc.
Primary Location CA-Quebec-Mirabel
Job Field Flight Operations
Schedule Full-time
Job Level Individual Contributor
Shift First Shift
Job Posting 04/27/2026, 11:23:05 AM"
Bell (Textron),"Emploi étudiant - Planification Opérationnelle Intégrée / 2026 part-time Internship - Integrated Business Planning (Mirabel, QC)",1537228,"CA, Quebec, Mirabel",United States of America,,onsite,Junior,unknown,unknown,unknown,taleo,2026-04-21,2026-06-16T21:35:52Z,https://textron.taleo.net/careersection/bell/jobdetail.ftl?job=1537228,"Job Description - Emploi étudiant - Planification Opérationnelle Intégrée / 2026 part-time Internship - Integrated Business Planning (Mirabel, QC) (341350)
 
Emploi étudiant - Planification Opérationnelle Intégrée / 2026 part-time Internship - Integrated Business Planning (Mirabel, QC)
(Job Number: 341350)

 
Nous sommes des pionniers. Nous avons été les premiers à franchir le mur du son et à concevoir le premier scooter de l’espace fonctionnel. Nous avons pris part à la première mission de la NASA sur la Lune et nous avons mis en marché des systèmes de rotors basculants évolués. Aujourd’hui, nous façonnons l’avenir de la mobilité sur demande. Les employés de Bell sont fiers de travailler pour une entreprise emblématique, regroupant de grands talents, qui produit en peu de temps des appareils à décollage vertical novateurs et recherchés.

Rôles et responsabilités:

-          Planifier les besoins de pièces achetées et fabriquées afin de supporter la production et les pièces de rechange

-          S’assurer de l’exactitude des données de planification

-          Analyser les données et les tendances pour identifier et mettre en œuvre des améliorations de processus

-          Collaborer avec l’ingénierie et la gestion des programmes pour l’introduction à temps, de nouveaux produits

-          Évaluer et documenter les risques impactant les flux de matières et coordonner un plan d'atténuation avec les différents responsables.

-          Participer à la gestion des stocks afin d’optimiser les inventaires à travers tous les plants de Bell

-          S’assurer de l’exactitude des données de planification.

-          Examiner l'état de livraison des pièces de rechange au besoin pour soutenir la communication avec le client.

-          Créer et fournir une formation pour le travail standard lié à tous les aspects du Master Scheduling

-          Supporter les projets/demandes.

-          Participer aux révisions et mises à jour des politiques et procédures si nécessaire

 

 

Avantages 

 

- Possibilité d'horaire flexible; Cafétéria sur place; - Gym sur place; - emploi étudiant à temps partiel pour l’année; -Projets et défis stimulants.

 

Qualifications

-          Études universitaire en Gestion des Opérations et de la Chaine d’Approvisionnement ou Baccalauréat (BAC) en Administration des Affaires spécialisation Gestion des Opérations et Logistique (GOL) ou toute autre combinaison de formations et d'expériences jugées équivalentes pourra être considérée.

-          Bilinguisme : Français et Anglais oral et écrit.

-          Maîtrise des concepts de la planification des besoins-matières et de la planification de la chaîne d'approvisionnement

-          Analyser des données afin de supporter des décisions opérationnelles.

-          Habilités à travailler avec des équipes multifonctionnelles.

-          Habilités à travailler dans un environnement changeant.

-          Débrouillardise et organisation

-          Excellente connaissance de la suite MS Office (Excel, Access, Outlook, Power BI, Visio)

Atout :

-          Connaissance de SAP en lien avec la gestion de l’offre et de la demande

-          Connaissances des fonctionnalités MRP/ERP, BOM, cédule, planification de la demande.

-          Connaissance de Kinaxis Rapid Response

 

 

Ne ratez pas votre chance de vous joindre à un milieu diversifié et inclusif qui favorise un sentiment d’appartenance. En tant que membre de notre effectif mondial, vous collaborerez avec des équipes dévouées et enthousiastes, dont les différences d’expériences, d’antécédents et d’idées et une solide passion pour nos produits nous permettent d’aller au-delà du vol.

Bell Textron Canada Ltée adhère aux principes d’équité en matière d’emploi.

 

 
 
 

Recruiting Company Bell Textron Inc.
Primary Location CA-Quebec-Mirabel
Job Field Manufacturing
Schedule Full-time
Job Level Individual Contributor
Shift First Shift
Travel No
Job Posting 04/21/2026, 2:48:16 PM"
Bell (Textron),"Stage Été 2026 - Technicien Hygiène Industrielle (Mirabel, QC)",1536812,"CA, Quebec, Mirabel",United States of America,,onsite,Mid,unknown,unknown,unknown,taleo,2026-04-15,2026-06-16T21:35:52Z,https://textron.taleo.net/careersection/bell/jobdetail.ftl?job=1536812,"Job Description - Stage Été 2026 - Technicien Hygiène Industrielle (Mirabel, QC) (341207)
 
Stage Été 2026 - Technicien Hygiène Industrielle (Mirabel, QC)
(Job Number: 341207)

 

À propos de Bell Helicopter
Bell Helicopter, une société à part entière de Textron Inc. est un chef de file dans la fabrication d'appareils à décollage vertical, tant commerciaux que militaires, avec ou sans équipage, et le pionnier du concept révolutionnaire d'aéronef à rotors basculants. Reconnue à l'échelle mondiale pour son service après-vente de premier ordre, ses innovations et sa qualité supérieure, la main d'oeuvre internationale de Bell soutient des clients qui pilotent des hélicoptères Bell dans plus de 120 pays. Pour de plus amples renseignements, consultez le www.bellflight.com.

------------------------------------------------------

 

Rôles et responsabilités

Le ou la stagiaire participera aux activités d’hygiène industrielle dans un environnement de production aéronautique, où sont présents divers procédés spécialisés tels que l’usinage, la peinture, les composites, l’assemblage final. Le mandat inclura notamment :
• Caractérisation des risques liés aux contaminants chimiques (solvants, peintures, composites, , poussières), aux risques physiques (bruit, chaleur) et aux procédés propres à l’aéronautique.

 • Réalisation de prélèvements en milieu de travail, incluant l’échantillonnage des poussières diverses, frottis de surfaces, ainsi que la mesure du bruit.

 • Analyse des résultats et comparaison avec les normes et exigences (CNESST, ACGIH TLV, normes internes).

 • Recommandations de mesures de contrôle adaptées au contexte aéronautique : ventilation locale, cabines de peinture, optimisation des pratiques de travail, EPI spécialisé, stratégie de substitution de produits.

 • Mise à jour de la documentation technique : fiches d’exposition, rapports de prélèvement, programmes IH, suivi des FDS. 

• Participation aux enquêtes et audits internes EHS, notamment lors de plaintes d’odeur, irritations ou anomalies procédurales. 

• Collaboration avec les équipes EHS, ingénierie, production, peinture, composites et maintenance.


Ce mandat permettra au stagiaire de développer une solide compréhension des risques en hygiène industrielle dans un environnement hautement technique et réglementé, ainsi que des compétences pratiques en instrumentation, analyse et prévention.

 

Exigences requises

Étudiant au Baccalauréat ou à la maitrise en Hygiène industrielle
Excellente maîtrise de la suite Office ; Word, Powerpoint, Excel, etc.;
Avoir à coeur la santé et la sécurité des employés;
Posséder des aptitudes à travailler en équipe;
Posséder une excellente habileté en communications interpersonnelles – pouvant collaborer avec divers groupes de gens, recueillir des informations de façon efficace, et les transmettre avec cohérence;

 

Avantages

Possibilité d'horaire flexible;
Cohorte d'environ 30 stagiaires par session sur tout le site de Bell;
Cafétéria sur place;
Possibilité d'extension pour la période estivale;
Projets et défis stimulants.
 
 
 

Recruiting Company Bell Textron Inc.
Primary Location CA-Quebec-Mirabel
Job Field Environmental, Health & Safety
Schedule Full-time
Job Level Individual Contributor
Shift First Shift
Travel No
Job Posting 04/15/2026, 7:28:10 AM"
Bell (Textron),Représentant.e Assurance Qualité et Sécurité aérienne (Calgary) / Quality Assurance and Flight Safety Representative (Calgary),1536562,"CA, Alberta, Calgary",United States of America,,onsite,Mid,us_person,unknown,unknown,taleo,2026-04-14,2026-06-16T21:35:52Z,https://textron.taleo.net/careersection/bell/jobdetail.ftl?job=1536562,"Job Description - Représentant.e Assurance Qualité et Sécurité aérienne (Calgary) / Quality Assurance and Flight Safety Representative (Calgary) (341062)
 
Représentant.e Assurance Qualité et Sécurité aérienne (Calgary) / Quality Assurance and Flight Safety Representative (Calgary)
(Job Number: 341062)

 

*** An English description will follow ***

 

Nous sommes des pionniers. Nous avons été les premiers à franchir le mur du son et à concevoir le premier scooter de l’espace fonctionnel. Nous avons pris part à la première mission de la NASA sur la Lune et nous avons mis en marché des systèmes de rotors basculants évolués. Aujourd’hui, nous façonnons l’avenir de la mobilité sur demande. Les employés de Bell sont fiers de travailler pour une entreprise emblématique, regroupant de grands talents, qui produit en peu de temps des appareils à décollage vertical novateurs et recherchés.

 

Sommaire des responsabilités

 Surveillance des Sous-Traitants

·     Travailles-en étroite collaboration avec l’équipe de l’approvisionnement des programmes gouvernementaux canadiens (PGC) et contribue au processus d’approbation des fournisseurs en effectuant des audits in situ des pourvoyeurs de service d’entretien d’aéronefs, constructeurs OEM, postes de réparation, usines et centres de soutien applicables.

·     Suivis des demandes d’action corrective répétitives liées au produit, au système qualité ou à la sécurité aérienne; s’assure de la mise en application des mesures correctives ou préventives.

Accréditations et Audits

·     Agit en tant qu’auditeur.trice principal.e lors d’audits de conformité aux normes de qualité (ISO et AS9100D), exigences réglementaires (Technical Airworthiness Manual (TAM), Règlements de l’aviation canadiens (RAC) et exigences contractuelles du Ministère de la défense nationale (MDN).

·     Prépare et distribue les indicateurs de performance liée aux audits et les rapports d’audit à la direction de BTCL et à l’autorité chargée de la navigabilité technique (ANT) du MDN ; toute communication avec le client aura lieu en français et en anglais.

·     Participe et contribue, au besoin, aux audits effectués par des sources externes telles DTAES, DGQA, TCCA ou autres, et s’assure de la mise en application rapide et efficace d’actions correctives.

·     Soutien afin de maintenir les accréditations de MDN délégué à BTCL pour AMO, ATO, ADO et AMSO.

·     Responsable de la documentation de BTCL reliée aux accréditations de MDN ainsi que les documents de qualité internes au PGC.

·     Exécute les audits des processus internes au PGC.

·     Élaboration de questionnaire d’audit.

·     Exécute et supporte le programme d’audit commercial de Bell.

 

Conformité de la sécurité aérienne

·     Implante et tient à jour le programme de sécurité aérienne du MDN / FC conformément aux exigences établies au CFTO A-GA-135-001/AA-001.

·     Effectue les audits prévus et non prévus des secteurs production / entretien et effectue ses rapports aux superviseurs et aux directeurs du secteur, au besoin.

·     S’assure de la mise en application et du suivi de toute mesure corrective liée aux incidents entourant la sécurité aérienne et des questions liées au FOD et au contrôle de l’outillage.

Gére, coordonne et investigue les dossiers d’évènements de Sécurité des vols avec toutes les parties prenantes.

Exigences du poste

Formation académique

·     Certificats en gestion de l’aviation et en gestion de la qualité, gestion de la qualité ou dans des domaines connexes

·     Diplôme d’études collégiales dans un secteur lié à la technologie aérospatiale, préférablement en entretien d’aéronefs (TEA) ou la fabrication d’aéronefs.

Expérience

·     Minimum de cinq (5) à huit (8) ans d’expérience dans le secteur aérospatial, surtout dans l’entretien d’aéronefs, l’assurance ou le contrôle de la qualité, lié de préférence au secteur militaire.

·     Expérience en matière des normes ISO 9001/AS9100 et des règlements TCCA à titre d’auditeur,

·     Formation d’auditeur.trice en chef serait un atout.

·     Expérience des règlements de la navigabilité du MDN, DSV, DTAES serait un atout.

Compétences spécifiques

·     Connaissance fonctionnelle des exigences du programme de sécurité aérienne MDN / FC.

·     Connaissance fonctionnelle ou expérience de l’industrie aérospatiale commerciale et militaire dans les domaines de la fabrication, de l’entretient et de l’inspection.

·     Connaissance et expérience avec la suite bureautique MS Office.

·     Excellent entregent et souci du détail.

·     Sait communiquer dans les deux langues officielles et faire des rapports à la direction de BTCL, aux fournisseurs ainsi qu’au MDN.

·     Être mobile à voyager 10-15% du temps au travers du Canada.

 

Toute autre combinaison de scolarité et d’expérience jugée équivalente pourra être considérée.

 

ATTESTATION DE SÉCURITÉ

Cette offre au sein du département des programmes canadiens gouvernementaux est conditionnelle à l’obtention et au maintien du niveau de sécurité NATO requis pour le poste.

 

Avantages de travailler chez Bell Textron Canada

Programme d’assurances collectives et soins de santé virtuels
Régime d’épargne retraite
Moyenne de 13 jours fériés/mobiles
Possibilité de cumuler le temps supplémentaire en temps compensé jusqu’à concurrence de 40h par année
Politique d’horaire flexible
Programme d’aide à l’éducation
Programme de remboursement pour les frais de conditionnement physique
Programme d’aide aux employés et à la famille.

 

Ne ratez pas votre chance de vous joindre à un milieu diversifié et inclusif qui favorise un sentiment d’appartenance. En tant que membre de notre effectif mondial, vous collaborerez avec des équipes dévouées et enthousiastes, dont les différences d’expériences, d’antécédents et d’idées et une solide passion pour nos produits nous permettent d’aller au-delà du vol.

 Bell Textron Canada Ltée adhère aux principes d’équité en matière d’emploi. Nous invitons les femmes, les Autochtones, les minorités visibles et les personnes handicapées à soumettre leurs candidatures.                             

Les personnes handicapées peuvent recevoir de l'assistance pour le processus de présélection et de sélection, si elles le désirent.

 

*** English ***

We are pioneers. We were the first to break the sound barrier and design the first functional jetpack. We were aboard NASA’s first lunar mission and brought advanced tiltrotor systems to market. Today, we are defining the future of on-demand mobility. At Bell, we are proud to be an iconic company with superb talent, rapidly creating novel and coveted vertical lift experiences.  

Summary of Job Description

Subcontractor Monitoring

·     Collaborates with the Procurement Team of the Canadian Government Programs (CGP) department and participates in the supplier approval process by conducting on-site audits of aircraft maintenance service providers, OEMs, repair stations and facilities and applicable support centers.

·     Follows up on repetitive product, Quality System or Flight Safety related corrective action requests; ensures that corrective/preventive measures are implemented.

Accreditations and Audits

·     Acts as the principal Auditor for compliance audits to quality standards (ISO & AS9100), regulatory requirements (Technical Airworthiness Manual (TAM), Canadian Aviation Regulations (CAR) and DND (Department of National Defence) contractual requirements.

·     Prepares and distributes audit performance indicators and audit reports to BTCL management as well as the DND TAA: all correspondence with the customer will be completed in English.

·     Participates and assists as required with any audits conducted by external sources: DTAES, DGQA, TCCA or other and ensures prompt and effective corrective actions.

·     Assist in maintaining BTCL’s AMO, ATO, ADO and AMSO DND accreditations.

·     Responsible for all BTCL documentation related to DND accreditations as well as the CGP internal quality documents.

·     Executes CGP’s internal process audits.

·     Executes and support Bell commercial audit program.

·     Audit checklist creation.

 

Flight Safety Compliance

·     Implements and maintains the DND/CF Flight Safety Program in accordance with the requirements set forth in CFTO A-GA-135-001/AA-001

·     Conducts scheduled/unscheduled audits of production/maintenance areas and reports findings to area supervisors and their managers as required.

·     Assures implementation and follows-up of all corrective actions on Flight Safety incidents, FOD & Tool Control issues.

Manages, coordinates and investigates Flight Safety occurences with all stakeholders.

Minimum Required Qualifications

Education

·     Aircraft maintenance Engineers Technology Diploma (AME) , Avionics Technology, Quality Management or related fields.

·     College degree in an aerospace technology-related area preferably in Aircraft Maintenance or manufacturing. 

     

     Experience

 

·     Minimum of five (5) to eight (8) years of experience in the aerospace sector, particularly in aircraft maintenance, Quality Assurance and/or Control, preferably with the military sector.

·     Experience with ISO 9001/AS9100 standards and TCCA regulations as an auditor.

·     Lead auditor certification is an asset.

·     Experience with DND, DFS, DTAES airworthiness regulations an asset.

 Specific Skills

·     Working knowledge of the DND/CF Flight Safety Program requirements.

·     Functional knowledge and/or experience of the commercial/military aerospace industry in Manufacturing, Maintenance and Inspection.

·     Knowledge and experience with MS Office suite.

·     Excellent interpersonal skills & attention to details.

·     Functional communication (oral and writing) in both official languages and generate reports to both BTCL management, suppliers and DND.

·     Ability to travel across Canada 10-15%.

 

Any other combination of schooling and experience deemed equivalent may be considered.

SECURITY CLEARANCE

This offer within the Canadian Government Programs Department is conditional on obtaining and maintaining the NATO security level required for the position.

 

Benefits of working at Bell Textron Canada

Group benefits plan and Healthcare online services
Retirement savings plan
Average of 13 holidays/floating days
Possibility of banking overtime in compensated time up to 40 hours per year
Flexible schedule policy
Educational assistance program
Reimbursement program for fitness fees
Employee and Family Assistance Program

 

Don’t miss the chance to join a diverse, inclusive environment where you feel a sense of belonging. As a member of our global workforce, you will collaborate with dedicated, enthusiastic teams where unique experiences, backgrounds and ideas combined with a strong passion for our products take us above and beyond flight.

Bell Textron Canada Ltee adheres to the principles of Employment Equity. We welcome applications from women, aboriginal peoples, visible minorities and people with disabilities.                             

People with disabilities may receive assistance with the screening and selection process, if they wish.

 
 
 

Recruiting Company Bell Textron Inc.
Primary Location CA-Alberta-Calgary
Job Field Quality
Schedule Full-time
Job Level Individual Contributor
Shift First Shift
Job Posting 04/14/2026, 6:49:18 PM"
Bell (Textron),Assistant(e) Contrôleur(e) Finance / Assistant Financial Controller,1534965,"CA, Quebec, Mirabel",United States of America,,onsite,Mid,unknown,unknown,unknown,taleo,2026-04-14,2026-06-16T21:35:52Z,https://textron.taleo.net/careersection/bell/jobdetail.ftl?job=1534965,"Job Description - Assistant(e) Contrôleur(e) Finance / Assistant Financial Controller (340023)
 
Assistant(e) Contrôleur(e) Finance / Assistant Financial Controller
(Job Number: 340023)

 

*** An english description will follow ***

 

Assistant(e) Contrôleur(e) Finance


Nous recherchons une personne au poste d’assistant(e) contrôleur(e). Ce poste offre une opportunité unique de jouer un rôle clé dans la gestion financière de l’entreprise. La personne idéale devra posséder une expérience solide en comptabilité financière et opérationnelle, d’excellentes compétences analytiques ainsi qu’un leadership mobilisant pour encadrer une équipe.

 

Relevant du Premier directeur finance et Contrôleur, les responsabilités principales de la personne sont :

Analyse et Rapports financiers
Participer à la préparation et consolidation des états financiers mensuels, trimestriels et annuels et selon les normes en vigueur.
Analyser les écarts entre les prévisions et les résultats réels.
Développer et fournir divers rapports financiers à la direction.
Trésorerie et couverture
Planification des besoins en couverture de trésorerie et devise.
Identifier les risques financiers et proposer des solutions pour les atténuer.
Processus de contrôle interne et de fin de période
Planifier et coordonner les activités SOX et participer au développement du plan de contrôle annuel.
Responsable de la relation avec les auditeurs externes.
Participer à l’amélioration continue des procédures internes.
Exécuter le mandat de vérification interne sur demande.
Préparer et analyser la ségrégation des tâches et accès système.
Coordonner les activités de contrôle avec notre site basé au Mexique.
Approuver et réviser l’analyse de comptes.
Être en charge du processus de gouvernance.
Coordonner les activités de fin de période.
Gestion d’équipe et collaboration
Gérer une équipe d’analystes financier au sein du département.
Collaborer avec les membres de l’équipe pour assurer l’exactitude des données financières.
Guider et encadrer les collaborateurs juniors ou les stagiaires.
Autres tâches connexes
Proposer des améliorations aux contrôles internes et de gouvernance.
Revoir nos politiques comptables.

 

 

Exigences du poste

Détenir un baccalauréat en comptabilité ou en finances
Détenir un titre comptable CPA.
Posséder plus de 10 ans d’expérience en contrôle financier ou en comptabilité
Posséder une expérience à titre de gestionnaire.
Connaissance des normes américaines US GAAP un atout.
Bilingue Français/Anglais.
Maîtrise des outils informatiques (Excel, Power BI, SAP).
Excellentes compétences analytiques et souci du détail.
Capacité à travailler en équipe et à communiquer efficacement.
Esprit d’équipe et leadership démontré pour encadrer une équipe.
Rigueur et sens de l’organisation.
Proactivité, esprit d’initiative et curiosité.
Adaptabilité et capacité à gérer les priorités.

 

 

Toute autre combinaison de scolarité et d’expérience jugée équivalente pourra être considérée.

Avantages de travailler chez Bell Textron Canada

 

Programme d’assurance collective et régime d’épargne retraite
Moyenne de 13 jours fériés/mobiles
Possibilité de cumuler le temps supplémentaire en temps compensé jusqu’à concurrence de 40h par année
Politique d’horaire flexible
Programme d’aide à l’éducation pour les employés
Programme de remboursement pour les frais de conditionnement physique
Programme d’aide aux employés et à la famille

 

Ne ratez pas votre chance de vous joindre à un milieu diversifié et inclusif qui favorise un sentiment d’appartenance. En tant que membre de notre effectif mondial, vous collaborerez avec des équipes dévouées et enthousiastes, dont les différences d’expériences, d’antécédents et d’idées et une solide passion pour nos produits nous permettent d’aller au-delà du vol.

 Bell Textron Canada Ltée adhère aux principes d’équité en matière d’emploi. Nous invitons les femmes, les Autochtones, les minorités visibles et les personnes handicapées à soumettre leurs candidatures.                             

Les personnes handicapées peuvent recevoir de l'assistance pour le processus de présélection et de sélection, si elles le désirent.

 

 

We are seeking a candidate for the position of Assistant Financial Controller. This role offers a unique opportunity to play a key part in the company’s financial management. The ideal candidate will have solid experience in financial and operational accounting, excellent analytical skills, and strong leadership to guide a team.

 

Reporting to the Senior Finance Director and Controller, the main responsibilities include:

 

Financial Analysis and Reporting
Participate in the preparation and consolidation of monthly, quarterly, and annual financial statements in accordance with applicable standards.
Analyze variances between forecasts and actual results.
Develop and deliver financial reports to management.
Treasury and Hedging
Plan cash flow and currency hedging requirements.
Identify financial risks and propose mitigation strategies.
Internal Control and Period-End Processes
Plan and coordinate SOX activities and contribute to the development of the annual control plan.
Act as the primary contact for external auditors.
Drive continuous improvement of internal procedures.
Perform internal audit assignments as requested.
Prepare and analyze segregation of duties and system access.
Coordinate control activities with our site in Mexico.
Approve and review account analysis.
Oversee governance processes.
Coordinate period-end closing activities.
Team Management and Collaboration
Manage a team of financial analysts.
Collaborate with team members to ensure accuracy of financial data.
Mentor and guide junior staff or interns.
Other Related Tasks
Recommend improvements to internal controls and governance.
Review accounting policies.

 

Job Requirements

Bachelor’s degree in accounting or finance.
CPA designation required.
Minimum 10 years of experience in financial control or accounting.
Previous managerial experience.
Knowledge of US GAAP standards (asset).
Bilingual in French and English.
Proficiency in Excel, Power BI, SAP.
Strong analytical skills and attention to detail.
Excellent communication and teamwork abilities.
Demonstrate leadership and organization skills.
Proactive, adaptable and able to manage priorities effectively.

 

 

Any other combination of schooling and experience deemed equivalent may be considered.

 

Benefits of working at Bell Textron

 

Group insurance program and pension plan/savings
Average of 13 holidays/floating days
Possibility of banking overtime in compensated time up to 40 hours per year
Flexible schedule policy
Educational assistance program for employees
Reimbursement program for fitness fees
Employee and Family Assistance Program

 

Don’t miss the chance to join a diverse, inclusive environment where you feel a sense of belonging. As a member of our global workforce, you will collaborate with dedicated, enthusiastic teams where unique experiences, backgrounds and ideas combined with a strong passion for our products take us above and beyond flight.

Bell Textron Canada Ltee adheres to the principles of Employment Equity.We welcome applications from women, aboriginal peoples, visible minorities and people with disabilities.                            

People with disabilities may receive assistance with the screening and selection process, if they wish.

 

 

 
 
 

Recruiting Company Bell Textron Inc.
Primary Location CA-Quebec-Mirabel
Job Field Finance/Accounting
Schedule Full-time
Job Level Manager with Direct Reports
Shift First Shift
Job Posting 04/14/2026, 5:11:21 PM"
Bell (Textron),Technicien(enne) d’entretien d’aéronefs – Soutien technique/ Aircraft Maintenance Engineer – Product Support,1536657,"CA, Quebec, Mirabel",United States of America,,onsite,Mid,unknown,unknown,unknown,taleo,2026-04-13,2026-06-16T21:35:52Z,https://textron.taleo.net/careersection/bell/jobdetail.ftl?job=1536657,"Job Description - Technicien(enne) d’entretien d’aéronefs – Soutien technique/ Aircraft Maintenance Engineer – Product Support (341095)
 
Technicien(enne) d’entretien d’aéronefs – Soutien technique/ Aircraft Maintenance Engineer – Product Support
(Job Number: 341095)

 

*** An english description will follow ***

 

Nous sommes plus que des experts en aviation, nous sommes des pionniers. Nous repoussons les limites de ce qui est possible. De franchir le mur du son jusqu’aux systèmes de rotor basculant avancés. Aujourd'hui, Bell façonne l'avenir de l'aviation grâce à une ingénierie spécialisée. Venez rejoindre notre équipe.

L'équipe de représentants soutien technique de Bell offre une assistance technique complète aux propriétaires, opérateurs et techniciens de maintenance des aéronefs à travers le monde. Leur expertise garantit une maintenance et une exploitation des aéronefs sécuritaire et efficace. En plus de soutenir les clients externes, l'équipe de représentant(s) soutien technique collabore avec divers départements internes, fournissant des conseils techniques et partageant l’avis des clients pour améliorer les produits Bell. Ils partagent activement des mises à jour techniques lors de conférences et, si nécessaire, fournissent un soutien sur site pour répondre à des besoins spécifiques.

 

Sommaire des responsabilités

Répondre et gérer les appels entrants des clients ainsi que les demandes par courriel avec professionnalisme et efficacité.
Interpréter, transférer et traiter les demandes des clients en utilisant des programmes informatiques, des publications techniques et d'autres outils de support.
Respecter les procédures opérationnelles du département pour offrir un service client exceptionnel en première ligne.
Fournir des commentaires constructifs sur les procédures opérationnelles quotidiennes et recommander des révisions pour améliorer les objectifs du département et la satisfaction des clients.
Travailler en étroite collaboration avec divers départements au sein de Bell afin de garantir aux clients des solutions et des services optimaux.
Développer et exécuter les fonctions d'inspection, de maintenance, de dépannage, de réparation et de révision des hélicoptères Bell conformément aux normes de l'industrie.
Représenter Bell Textron Canada lors de conférences et d'événements spéciaux, en mettant en avant professionnalisme et expertise technique.
Établir et entretenir des relations positives avec les clients internes et externes afin de favoriser la confiance et une collaboration à long terme.

Exigences du poste / Qualifications

Diplôme d’études collégiales en aéronautique.
Licence de technicien de maintenance aéronautique ou équivalences internationales.
Expérience selon la licence :
M ou S :  Une expérience sur le terrain et/ou une expertise dans l'exploitation des hélicoptères est requise.
E :  Une expérience sur les systèmes électriques/avioniques des aéronefs est requise.
Connaissance pratique des agences d'aviation nationales et/ou internationales.
Capacité à interpréter des dessins de conception et des spécifications d'ingénierie.
Connaissance pratique de MS Windows et MS Office, avec une aptitude à maîtriser d'autres logiciels.
Excellentes compétences en communication écrite et orale. Maîtrise de l'anglais, parlé et écrit. La connaissance du français ou autre langue est un atout.
Esprit d'équipe et capacité à maintenir de bonnes relations.
Capacité à travailler dans un environnement rapide et axé sur le client.
Flexibilité dans les horaires et disponibilité pour répondre aux besoins des clients.
Disponible pour voyager à l'étranger environ 5 %.

Toute autre combinaison de scolarité et d’expérience jugée équivalente pourra être considérée.

 

Avantages de travailler chez Bell Textron Canada

 

Programme d’assurances collectives et soins de santé virtuel
Régime d’épargne retraite
Moyenne de 13 jours fériés/mobiles
Possibilité de cumuler le temps supplémentaire en temps compensé jusqu’à concurrence de 40h par année
Politique d’horaire flexible
Programme d’aide à l’éducation
Programme de remboursement pour les frais de conditionnement physique
Programme d’aide aux employés et à la famille

 

Ne ratez pas votre chance de vous joindre à un milieu diversifié et inclusif qui favorise un sentiment d’appartenance. En tant que membre de notre effectif mondial, vous collaborerez avec des équipes dévouées et enthousiastes, dont les différences d’expériences, d’antécédents et d’idées et une solide passion pour nos produits nous permettent d’aller au-delà du vol.

Bell Textron Canada Ltée adhère aux principes d’équité en matière d’emploi. Nous invitons les femmes, les Autochtones, les minorités visibles et les personnes handicapées à soumettre leurs candidatures.                             

Les personnes handicapées peuvent recevoir de l'assistance pour le processus de présélection et de sélection, si elles le désirent.

 

*** English ***

 

We’re more than aviation experts, we’re pioneers. We challenge what’s possible. From breaking the sound barrier to advanced tiltrotor systems. Today, Bell is shaping the future of aviation through specialized engineering. And we want you.

The Bell Product Support Engineering (PSE) team delivers comprehensive technical assistance to Bell aircraft owners, operators, and maintainers worldwide. Their expertise ensures safe and efficient aircraft maintenance and operation. In addition to supporting external customers, the PSE team collaborates with various internal departments, offering technical guidance and sharing customer feedback to drive product improvements. They actively disseminate technical updates through industry conferences and, when necessary, provide onsite support to address specific needs.

 

Summary of job description

Respond to and manage incoming customer calls and email inquiries with professionalism and efficiency.

Interpret, transfer, and address customer requests using computer programs, technical publications, and other support tools.

Adhere to department operating procedures to deliver exceptional front-line customer service.

Provide constructive feedback on daily operating procedures and recommend revisions to enhance department objectives and customer satisfaction.

Work closely with various departments within Bell to ensure customers receive optimal solutions and services.

Develop and execute inspection, maintenance, troubleshooting, repair, and overhaul functions for Bell helicopters in alignment with industry-leading standards.

Represent Bell Textron Canada at conferences and special events, showcasing professionalism and technical expertise.

Build and nurture positive relationships with both internal and external customers to foster trust and long-term collaboration.

 

Minimum required qualifications

College Degree in Aerospace
Aircraft Maintenance Engineer Licence or International Equivalencies
Experience according to license:
M or S : Field experience and/or expertise in helicopter operation is required
E :  Experience on aircraft electrical/avionic systems is required.
Working knowledge of domestic and / or international governing aviation agencies
Ability to interpret engineering design drawings and specifications
Working knowledge of MS Windows and MS Office, and aptitude for proficiency in other software
Excellent written and verbal communication skills in English. Knowledge of french is required. All other language is an asset.
Team player and maintains good relations
Ability to work in a fast-paced, customer-focused environment.
Flexibility in scheduling and availability to meet customer needs.
Available to travel outside the country approximatively 5%. 

Any other combination of schooling and experience deemed equivalent may be considered.

 

Benefits of working at Bell Textron Canada

 

Group benefits plan and Healthcare online service
Retirement savings plan
Average of 13 holidays/floating days
Possibility of banking overtime in compensated time up to 40 hours per year
Flexible schedule policy
Educational assistance program
Reimbursement program for fitness fees
Employee and Family Assistance Program

Don’t miss the chance to join a diverse, inclusive environment where you feel a sense of belonging. As a member of our global workforce, you will collaborate with dedicated, enthusiastic teams where unique experiences, backgrounds and ideas combined with a strong passion for our products take us above and beyond flight.

Bell Textron Canada Ltee adheres to the principles of Employment Equity. We welcome applications from women, aboriginal peoples, visible minorities and people with disabilities.                             

People with disabilities may receive assistance with the screening and selection process, if they wish.

 

 
 
 

Recruiting Company Bell Textron Inc.
Primary Location CA-Quebec-Mirabel
Job Field Product Support
Schedule Full-time
Job Level Individual Contributor
Shift First Shift
Job Posting 04/13/2026, 12:40:51 PM"
Bell (Textron),Aftermarket Sales Manager,1536477,"Singapore, Singapore",United States of America,,onsite,Manager,unknown,unknown,yes,taleo,2026-04-12,2026-06-16T21:35:52Z,https://textron.taleo.net/careersection/bell/jobdetail.ftl?job=1536477,"Job Description - Aftermarket Sales Manager (340998)
 
Aftermarket Sales Manager
(Job Number: 340998)

 

The Aftermarket Sales Manager (ASM) will be responsible for business development & sales initiatives for Bell’s entire aftermarket portfolio within their assigned region. This position will focus on new business development, customer relationship building, intelligence gathering, as well as identifying/supporting key customer accounts, win strategy & proposal development, and leading aftermarket sales growth initiatives in region.  The ASM will serve as the primary point of contact between the customer and aftermarket support teams. The ASM will proactively work with the Bell cross functional teams to ensure that MRO, Supply Center, Aeronautical Accessories (AA), CRO, Sustainment Plans, BTA, and Blades & Panels AOP targets are achieved.

 

Responsibilities include:

Responsible for aftermarket business development and revenue growth for Bell’s portfolio of aftermarket services.   

Serves as the primary contact for customers for all aftermarket sales related opportunities.

Supports regional funnel growth (initiatives, data analysis, data integrity) in Salesforce.com.

Assists customers with identification of necessary parts and accessories as needed.

Actively seeks and identifies cross-sell and up-sell service opportunities for aftermarket products & services.

Develops and implements regional marketing & sales strategies in conjunction with the Marketing team that increase customer awareness of our capabilities and contribute to the financial goals and objectives of the company.

Responsible for growing and maintaining customer relationships and developing new revenue streams to grow sales.

Responsible for the strategic development of sales proposals & win strategy.  Works with customers to determine needs and proposal specifications. Works collaboratively with Contracts, Finance, and Legal teams to ensure company compliance.

Works collaboratively with Supply Centers, Manufacturing, Supply Chain and Engineering to ensure product delivery and resolution of customer issues.

Makes appropriate recommendations to improve and expand services by conducting research among competitive service providers and evaluating customer needs.

Periodically benchmarks the aftermarket support network against other regional service providers.

Provides periodic sales & funnel reports to the Director of Aftermarket Sales as requested (e.g. sales trend analysis, projected service volume by quarter, sales forecasts) for the use in annual budgets, staffing, and long-term planning

Assists in any required M & A activities. 

Attends tradeshows and MR&O conferences as directed by management.

Coordinates with aircraft RSM's to ensure one Bell voice to the customer. 

Develop and implement strategic sales plans for all near term and long-term opportunities in region.

Foster a positive relationship between the customer and the Bell service network

Travel 35-45% of the time.

Other duties as assigned

 

Don’t miss the chance to join a diverse, inclusive environment where you feel a sense of belonging. As a member of our global workforce, you will collaborate with dedicated, enthusiastic teams where unique experiences, backgrounds and ideas combined with a strong passion for our products take us above and beyond flight. 

 

Qualifications:

Education Requirement: Bachelor’s degree preferred. For internal candidates, aircraft maintenance experience (10 years) or related supervisory experience may be accepted in lieu of a degree.

Experience Requirements:

4 year degree in business, sales, or related field experience

10+ years of related professional experience.  May include a combination of aviation maintenance, sales, customer support and service, or other related field(s)

Extensive background in maintenance, repair and overhaul (MRO) of commercial helicopters.

Strong Customer Advocacy Skills to Exceed our customer’s expectations and keep them successful

Excellent written and verbal communication skills, to include ability to communicate across a multicultural customer base

Must be able to read, speak and write in English and assigned region language(s).

Candidate must have, or be able to obtain, the legal right to conduct business in all countries within his/her assigned region. 

Strong collaborative skills and drive for results

Ability to multi-task in a fast- paced environment

Good organization and time management skills

Attention to detail & goal oriented

Ability to self-manage. Prioritize and manage time sensitive responsibilities.

Must be highly motivated

Ability to work in team environment

Demonstrated ability to work effectively in a complex, geographically distributed organization with multiple value streams

Ability to effectively interface at all levels of the customer chain of command

Expertise in MS Office applications (Word, Excel, Outlook)

Preferred:

Rotorcraft experience

Rotorcraft technical knowledge

Salesforce.com experience

Airframe and power plant license and/or pilot license is a plus

Experience of maintenance on Bell aircraft

Fluent in English

Basic speaking proficiency in Mandarin, Malay, or Indonesian languages

Office location preferred in Singapore, but will consider other Bell sites in Asia Pacific.

No allowance for relocation.

 
 
 

Recruiting Company Bell Textron Inc.
Primary Location Singapore-Singapore
Job Field Sales
Schedule Full-time
Job Level Individual Contributor
Shift First Shift
Job Posting 04/12/2026, 8:41:42 PM"
Bell (Textron),"Professionnel.elle négociation Termes et Conditions de sous-contrat/ Professional Negotiation, Subcontract Terms and Conditions",1533211,"CA, Quebec, Mirabel",United States of America,,onsite,Mid,unknown,Secret,unknown,taleo,2026-04-08,2026-06-16T21:35:52Z,https://textron.taleo.net/careersection/bell/jobdetail.ftl?job=1533211,"Job Description - Professionnel.elle négociation Termes et Conditions de sous-contrat/ Professional Negotiation, Subcontract Terms and Conditions (339070)
 
Professionnel.elle négociation Termes et Conditions de sous-contrat/ Professional Negotiation, Subcontract Terms and Conditions
(Job Number: 339070)

 

..*** An English description will follow ***

 

Nous sommes plus que des experts en aviation, nous sommes des pionniers. Nous repoussons les limites de ce qui est possible. De franchir le mur du son jusqu’aux systèmes de rotor basculant avancés. Aujourd'hui, Bell façonne l'avenir de l'aviation grâce à une ingénierie spécialisée. Venez rejoindre notre équipe.

Le ou la Professionnel(elle) en contrat de sous-traitance pour le Programme du Gouvernement Canadien (CGP) consiste à soutenir l'équipe des achats située à Calgary et Mirabel. Ce poste est responsable de la gestion des activités de sous-traitance liées à l'hélicoptère CH146 Griffon pour le ministère de la Défense nationale (MDN). La personne collabore étroitement avec les membres de l'équipe CGP et contribue aux projets du Programme de Soutien en Service (ISS) ainsi qu'au Programme de Prolongation de Vie Limitée du Griffon (PVLG), en collaboration avec l'équipe des achats commerciaux de Bell.

 

Ce rôle implique de fournir un soutien aux acheteurs et fournisseurs du CGP, de résoudre les problèmes contractuels et de garantir la conformité aux exigences. Les principales responsabilités incluent la négociation, la rédaction et la gestion des termes et conditions, des accords d'échange d'informations propriétaires (PIEA), des accords de licence, des accords de soutien produit (PSA) et d'autres activités connexes.

 

Ce poste offre une opportunité de contribuer à des programmes gouvernementaux d’envergure tout en travaillant dans un environnement dynamique et collaboratif.

 

Responsabilités principales

Stratégies d'approvisionnement : Développer et mettre en œuvre des stratégies d'approvisionnement alignées sur les contrats CH146 ISS et GLLE.
Gestion des fournisseurs : Émettre des lettres de demande d'information (RFI), des lettres d'intention (LOI) et/ou des demandes de devis (RFQ) aux fournisseurs, gérer le processus de sélection des fournisseurs et présenter les résultats selon des critères établis.
Négociation de sous-traitance : Collaborer avec le département juridique de Bell pour établir et négocier des accords de sous-traitance et tout amendement connexe, en veillant à l'alignement avec les termes des contrats principaux CH146 ISS et GLLE ainsi que les termes et conditions standards de BTCL. Émettre des amendements si nécessaire.
Équipement fourni par le gouvernement (GFE) : Négocier des accords GFE avec les fournisseurs, en garantissant la conformité avec les termes des accords GFE CH146.
Support contractuel : Fournir des conseils à l'équipe CGP pour comprendre les termes et conditions des contrats et résoudre les problèmes contractuels avec les fournisseurs.
Accompagnement :  Travailler en étroite collaboration avec les acheteurs CGP à Calgary et Mirabel et les accompagner dans leur développement de connaissances.
Développement de procédures : Créer ou mettre à jour des procédures spécifiques au CGP pour traiter les écarts par rapport aux processus d'approvisionnement standard.

 

Exigences du poste

 

Détenir un baccalauréat en administration des affaires, finance ou dans un domaine connexe.
Plus de 5 ans d'expérience pertinente dans des rôles liés aux affaires dans un environnement de fabrication ou de services. Une expérience dans l'industrie aérospatiale est considérée comme un atout.
Connaissance fonctionnelle de la suite MS Office, y compris Word, PowerPoint et Outlook, avec une maîtrise avancée d'Excel.
Connaissances fonctionnelles en français
Connaissances fonctionnelles en anglais, ce poste nécessite des communications en anglais avec les équipes de Bell hors Québec et/ou ses fournisseurs, partenaires et clients hors Québec
Excellentes capacités de communication interpersonnelle et aptitude à transmettre efficacement des informations.
Collaboration en équipe et adaptabilité.
Orientation client et résultats.
Compétences en résolution de problèmes.
Forte capacité à gérer les priorités efficacement.

 

Toute autre combinaison de scolarité et d’expérience jugée équivalente pourra être considérée.

 

Autorisation de sécurité

Le titulaire doit être citoyen canadien ou résident permanent et maintenir une autorisation de sécurité NATO Secret délivrée par la Direction des marchandises contrôlées des Services publics et Approvisionnement Canada et les agents de sécurité de BTCL.

 

 

Avantages de travailler chez Bell Textron Canada

·         Programme d’assurances collectives et soins de santé virtuel

·         Régime d’épargne retraite

·         Moyenne de 13 jours fériés/mobiles

·         Possibilité de cumuler le temps supplémentaire en temps compensé jusqu’à concurrence de 40h par année

·         Politique d’horaire flexible

·         Programme d’aide à l’éducation

·         Programme de remboursement pour les frais de conditionnement physique

·         Programme d’aide aux employés et à la famille

 

Ne ratez pas votre chance de vous joindre à un milieu diversifié et inclusif qui favorise un sentiment d’appartenance. En tant que membre de notre effectif mondial, vous collaborerez avec des équipes dévouées et enthousiastes, dont les différences d’expériences, d’antécédents et d’idées et une solide passion pour nos produits nous permettent d’aller au-delà du vol.

Bell Textron Canada Ltée adhère aux principes d’équité en matière d’emploi. Nous invitons les femmes, les Autochtones, les minorités visibles et les personnes handicapées à soumettre leurs candidatures.                             

Les personnes handicapées peuvent recevoir de l'assistance pour le processus de présélection et de sélection, si elles le désirent.

 

.*** English ***

 

We’re more than aviation experts, we’re pioneers. We challenge what’s possible. From breaking the sound barrier to advanced tiltrotor systems. Today, Bell is shaping the future of aviation through specialized engineering. And we want you.

The Subcontract Professional for the Canadian Government Program (CGP) plays a role in supporting the procurement team located in Calgary and Mirabel. This position is responsible for managing subcontracting activities related to the CH146 Griffon Helicopter for the Department of National Defense (DND). The Subcontract Professional collaborates closely with CGP team members and contributes to projects under the In-Service Support (ISS) Program and the Griffon Limited Life Extension (GLLE) Program as well with the Bell Commercial Procurement Team.

 

This role involves providing support to CGP buyers and suppliers, addressing contractual issues, and ensuring compliance with requirements. Key responsibilities include negotiation, drafting and managing terms and conditions, Proprietary Information Exchange Agreements (PIEA), Licensing Agreements, Product Support Agreements (PSA), and other related activities.

 

This position offers an opportunity to contribute to critical government programs while working in a dynamic and collaborative environment.

 

Key Responsibilities:

·         Sourcing Strategies: Develop and implement sourcing strategies aligned with the CH146 ISS and GLLE contracts.

·         Vendor Management: Issue letter for request for information (RFI), Issue Letters of Intent (LOIs) and/or Requests for Quotations (RFQs) to vendors, manage the vendor selection process, and present results based on established criteria.

·         Subcontract Negotiation: Collaborate with Bell’s Legal Department to establish and negotiate subcontracts agreement and any related agreement amendment, ensuring alignment with Prime  CH146 ISS and GLLE contract terms flow down and BTCL standard terms and conditions. Issue amendments as required.

·         Government Furnished Equipment (GFE): Negotiate GFE agreements with suppliers, ensuring compliance with CH146 GFE agreement terms.

·         Contractual Guidance: Provide guidance to the CGP team in understanding contract terms and conditions and resolve contractual issues with suppliers.

·         Mentorship: Work closely with and mentor CGP buyers in Calgary and Mirabel to enhance their knowledge.

·         Procedure Development: Create or update CGP-specific procedures to address deviations from standard procurement processes.

 

Requirements

·         Hold a bachelor’s degree in business administration, Finance, or a related field.

·         More than 5 years of relevant experience in business-related roles within a manufacturing or service environment. Aerospace Industry experience is considered an asset.

·         Functional knowledge of MS Office Suite, including Word, PowerPoint, and Outlook, with advanced proficiency in Excel.

·         Functional knowledge in French is required.

·         Functional knowledge in English is required for this position, as it involves communication in English with Bell teams outside of Quebec and/or its suppliers, partners, and clients outside of Quebec.

·         Excellent interpersonal communication abilities and the capacity to convey information effectively.

·         Team Collaboration and Adaptability.

·         Customer and Results Orientation.

·         Problem-Solving Skills.

·         Strong ability to manage priorities effectively.

 

Any other combination of schooling and experience deemed equivalent may be considered.

 

 

Security Clearance :

·         Incumbent must be a Canadian citizen or permanent resident and will maintain NATO Secret security clearance as issued by the Controlled Goods Directorate of Canada’s Public Services and Procurement Canada and BTCL security officers.

 

Benefits of working at Bell Textron Canada

·         Group benefits plan and Healthcare online service

·         Retirement savings plan

·         Average of 13 holidays/floating days

·         Possibility of banking overtime in compensated time up to 40 hours per year

·         Flexible schedule policy

·         Educational assistance program

·         Reimbursement program for fitness fees

·         Employee and Family Assistance Program

 

Don’t miss the chance to join a diverse, inclusive environment where you feel a sense of belonging. As a member of our global workforce, you will collaborate with dedicated, enthusiastic teams where unique experiences, backgrounds and ideas combined with a strong passion for our products take us above and beyond flight.

Bell Textron Canada Ltee adheres to the principles of Employment Equity. We welcome applications from women, aboriginal peoples, visible minorities and people with disabilities.                             

People with disabilities may receive assistance with the screening and selection process, if they wish.

 
 
 

Recruiting Company Bell Textron Inc.
Primary Location CA-Quebec-Mirabel
Job Field Supply Chain
Schedule Full-time
Job Level Individual Contributor
Shift First Shift
Job Posting 04/08/2026, 1:00:58 PM"
Bell (Textron),Technicien(enne) d’entretien d’aéronefs – Soutien technique/ Aircraft Maintenance Engineer – Product Support,1532611,"CA, Quebec, Mirabel",United States of America,,onsite,Mid,unknown,unknown,unknown,taleo,2026-03-30,2026-06-16T21:35:52Z,https://textron.taleo.net/careersection/bell/jobdetail.ftl?job=1532611,"Job Description - Technicien(enne) d’entretien d’aéronefs – Soutien technique/ Aircraft Maintenance Engineer – Product Support (338740)
 
Technicien(enne) d’entretien d’aéronefs – Soutien technique/ Aircraft Maintenance Engineer – Product Support
(Job Number: 338740)

 

*** An english description will follow ***

 

Nous sommes plus que des experts en aviation, nous sommes des pionniers. Nous repoussons les limites de ce qui est possible. De franchir le mur du son jusqu’aux systèmes de rotor basculant avancés. Aujourd'hui, Bell façonne l'avenir de l'aviation grâce à une ingénierie spécialisée. Venez rejoindre notre équipe.

L'équipe de soutien technique de Bell offre une assistance technique complète aux propriétaires, opérateurs et techniciens de maintenance des aéronefs à travers le monde. Leur expertise garantit une maintenance et une exploitation des aéronefs sécuritaire et efficace. En plus de soutenir les clients externes, l'équipe de représentant(s) soutien technique collabore avec divers départements internes, fournissant des conseils techniques et partageant l’avis des clients pour améliorer les produits Bell. Ils partagent activement des mises à jour techniques lors de conférences et, si nécessaire, fournissent un soutien sur site pour répondre à des besoins spécifiques.

 

Sommaire des responsabilités

Répondre et gérer les appels entrants des clients ainsi que les demandes par courriel avec professionnalisme et efficacité.
Interpréter, transférer et traiter les demandes des clients en utilisant des programmes informatiques, des publications techniques et d'autres outils de support.
Respecter les procédures opérationnelles du département pour offrir un service client exceptionnel en première ligne.
Fournir des commentaires constructifs sur les procédures opérationnelles quotidiennes et recommander des révisions pour améliorer les objectifs du département et la satisfaction des clients.
Travailler en étroite collaboration avec divers départements au sein de Bell afin de garantir aux clients des solutions et des services optimaux.
Développer et exécuter les fonctions d'inspection, de maintenance, de dépannage, de réparation et de révision des hélicoptères Bell conformément aux normes de l'industrie.
Représenter Bell Textron Canada lors de conférences et d'événements spéciaux, en mettant en avant professionnalisme et expertise technique.
Établir et entretenir des relations positives avec les clients internes et externes afin de favoriser la confiance et une collaboration à long terme.

Exigences du poste / Qualifications

Diplôme d’études collégiales en aéronautique.
Licence de technicien de maintenance aéronautique ou équivalences internationales.
Expérience selon la licence :
M ou S :  Une expérience sur le terrain et/ou une expertise dans l'exploitation des hélicoptères est requise.
E :  Une expérience sur les systèmes électriques/avioniques des aéronefs est requise.
Connaissance pratique des agences d'aviation nationales et/ou internationales.
Capacité à interpréter des dessins de conception et des spécifications d'ingénierie.
Connaissance pratique de MS Windows et MS Office, avec une aptitude à maîtriser d'autres logiciels.
Excellentes compétences en communication écrite et orale. Maîtrise de l'anglais, parlé et écrit. La connaissance du français ou autre langue est un atout.
Esprit d'équipe et capacité à maintenir de bonnes relations.
Capacité à travailler dans un environnement rapide et axé sur le client.
Flexibilité dans les horaires et disponibilité pour répondre aux besoins des clients.
Disponible pour voyager à l'étranger environ 5 %.

Toute autre combinaison de scolarité et d’expérience jugée équivalente pourra être considérée.

 

Avantages de travailler chez Bell Textron Canada

 

Programme d’assurances collectives et soins de santé virtuel
Régime d’épargne retraite
Moyenne de 13 jours fériés/mobiles
Possibilité de cumuler le temps supplémentaire en temps compensé jusqu’à concurrence de 40h par année
Politique d’horaire flexible
Programme d’aide à l’éducation
Programme de remboursement pour les frais de conditionnement physique
Programme d’aide aux employés et à la famille

 

Ne ratez pas votre chance de vous joindre à un milieu diversifié et inclusif qui favorise un sentiment d’appartenance. En tant que membre de notre effectif mondial, vous collaborerez avec des équipes dévouées et enthousiastes, dont les différences d’expériences, d’antécédents et d’idées et une solide passion pour nos produits nous permettent d’aller au-delà du vol.

Bell Textron Canada Ltée adhère aux principes d’équité en matière d’emploi. Nous invitons les femmes, les Autochtones, les minorités visibles et les personnes handicapées à soumettre leurs candidatures.                             

Les personnes handicapées peuvent recevoir de l'assistance pour le processus de présélection et de sélection, si elles le désirent.

 

*** English ***

 

We’re more than aviation experts, we’re pioneers. We challenge what’s possible. From breaking the sound barrier to advanced tiltrotor systems. Today, Bell is shaping the future of aviation through specialized engineering. And we want you.

The Bell Product Support team delivers comprehensive technical assistance to Bell aircraft owners, operators, and maintainers worldwide. Their expertise ensures safe and efficient aircraft maintenance and operation. In addition to supporting external customers, the PSE team collaborates with various internal departments, offering technical guidance and sharing customer feedback to drive product improvements. They actively disseminate technical updates through industry conferences and, when necessary, provide onsite support to address specific needs.

 

Summary of job description

Respond to and manage incoming customer calls and email inquiries with professionalism and efficiency.

Interpret, transfer, and address customer requests using computer programs, technical publications, and other support tools.

Adhere to department operating procedures to deliver exceptional front-line customer service.

Provide constructive feedback on daily operating procedures and recommend revisions to enhance department objectives and customer satisfaction.

Work closely with various departments within Bell to ensure customers receive optimal solutions and services.

Develop and execute inspection, maintenance, troubleshooting, repair, and overhaul functions for Bell helicopters in alignment with industry-leading standards.

Represent Bell Textron Canada at conferences and special events, showcasing professionalism and technical expertise.

Build and nurture positive relationships with both internal and external customers to foster trust and long-term collaboration.

 

Minimum required qualifications

College Degree in Aerospace
Aircraft Maintenance Engineer Licence or International Equivalencies
Experience according to license:
M or S : Field experience and/or expertise in helicopter operation is required
E :  Experience on aircraft electrical/avionic systems is required.
Working knowledge of domestic and / or international governing aviation agencies
Ability to interpret engineering design drawings and specifications
Working knowledge of MS Windows and MS Office, and aptitude for proficiency in other software
Excellent written and verbal communication skills in English. Knowledge of french is required. All other language is an asset.
Team player and maintains good relations
Ability to work in a fast-paced, customer-focused environment.
Flexibility in scheduling and availability to meet customer needs.
Available to travel outside the country approximatively 5%. 

Any other combination of schooling and experience deemed equivalent may be considered.

 

Benefits of working at Bell Textron Canada

 

Group benefits plan and Healthcare online service
Retirement savings plan
Average of 13 holidays/floating days
Possibility of banking overtime in compensated time up to 40 hours per year
Flexible schedule policy
Educational assistance program
Reimbursement program for fitness fees
Employee and Family Assistance Program

Don’t miss the chance to join a diverse, inclusive environment where you feel a sense of belonging. As a member of our global workforce, you will collaborate with dedicated, enthusiastic teams where unique experiences, backgrounds and ideas combined with a strong passion for our products take us above and beyond flight.

Bell Textron Canada Ltee adheres to the principles of Employment Equity. We welcome applications from women, aboriginal peoples, visible minorities and people with disabilities.                             

People with disabilities may receive assistance with the screening and selection process, if they wish.

 

 
 
 

Recruiting Company Bell Textron Inc.
Primary Location CA-Quebec-Mirabel
Job Field Product Support
Schedule Full-time
Job Level Individual Contributor
Shift First Shift
Job Posting 03/30/2026, 10:35:59 AM"
Bell (Textron),Spécialiste des logiciels/ Software Specialist,1534967,"CA, Quebec, Mirabel",United States of America,,onsite,Mid,unknown,Secret,unknown,taleo,2026-03-09,2026-06-16T21:35:52Z,https://textron.taleo.net/careersection/bell/jobdetail.ftl?job=1534967,"Job Description - Spécialiste des logiciels/ Software Specialist (340024)
 
Spécialiste des logiciels/ Software Specialist
(Job Number: 340024)

 

Spécialiste des logiciels/ Software Specialist

*** An english description is available below ***

Le CH146 représente la plus grande flotte d'hélicoptères du Canada et est l'actif le plus déployé, utilisé dans de multiples rôles à travers le pays. Actuellement, le CH146 fait l'objet d'un important projet de modernisation qui propulsera cette plateforme d'hélicoptère dans le 21e siècle. Ce programme de prolongation limitée de la vie du Griffon (PLVG) a été accordé par le gouvernement du Canada pour mettre à niveau la flotte existante avec des systèmes avioniques, des moteurs, des écrans de cockpit et des systèmes de capteurs intégrés afin de répondre aux exigences de la navigation civile et de rester tactiquement viable jusqu'en 2035.

 

Description du poste

En soutien au directeur du soutien logistique intégré des programmes gouvernementaux canadiens, le Spécialiste des logiciels (SDL) travaillera en étroite collaboration avec l'équipe et les experts en la matière au sein de BTCL et de l'organisation du ministère de la défense nationale (MDN). En utilisant les documents et les normes applicables, le SDL sera responsable de développer le concept de maintien de la configuration des logiciels, tant en vol que lors d’activités de support à la maintenance, y compris, sans s’y limiter, les tâches suivantes :

Gestion de la configuration logicielle (GCL) :
Développer, mettre en œuvre et maintenir les processus GCL pour tous les composants logiciels utilisés dans les systèmes aéronautiques et de soutien au sol.
Établir et gérer des systèmes de contrôle de version pour suivre les modifications, révisions et mises à jour des logiciels.
Assurer une documentation et une traçabilité appropriées de toutes les configurations logicielles.
Compréhension approfondie des phases du cycle de vie du développement logiciel, y compris l'analyse des exigences, la conception, le développement, les tests, le déploiement et la maintenance.
Connaissance des systèmes de bases de données tels que MySQL, PostgreSQL ou SQLite pour gérer les données de configuration.
Créer et maintenir un registre des configurations logicielles actives dans toute la flotte, à la fois en vol et en maintenance.
Connaissance des normes de cybersécurité pour les logiciels aéronautiques (par exemple, DO-326A).
Assurer la conformité au programme de cybersécurité tel qu'indiqué dans les exigences de surveillance de la cybersécurité des systèmes d'armes aéronautiques (AWSCM) et détaillé dans le manuel de navigabilité technique (TAM).
Travailler en étroite collaboration avec les équipes de développement logiciel, les ingénieurs systèmes et les équipes d'assurance qualité pour assurer une intégration transparente des composants logiciels.
Développer et coordonner le suivi de la gestion du matériel utilisé pour les opérations et la maintenance par diverses unités du MDN.
Collaborer avec divers fournisseurs pour obtenir les informations nécessaires à l'analyse d'impact d'une nouvelle configuration logicielle.
Faciliter et gérer les conseils de changement de configuration pour chaque élément de configuration afin d'évaluer, approuver et documenter les modifications proposées.
Participer à la rédaction et à la mise en œuvre des procédures internes du département concernant la configuration logicielle.
Contribuer à la planification du travail pour garantir la livraison de divers livrables dans les délais impartis.

 

Exigences

Détenir un baccalauréat en génie informatique, génie logiciel, génie aérospatial ou dans un domaine connexe.
Expérience dans l’industrie aérospatiale ou industrie réglementée par le gouvernement.
Plus de cinq (5) ans d'expérience dans la réalisation de diverses activités de soutien logistique intégré, telles que l'analyse économique, l'analyse d'impact des modifications de conception, la publication technique et/ou les activités de gestion de configuration.
Forte capacité à interpréter la documentation technique telle que les dessins, spécifications et normes.
Travailler de manière autonome et développer des solutions pour des tâches de complexité intermédiaire.
Solides compétences organisationnelles et excellentes capacités de communication, avec une capacité démontrée à faire des présentations à des cadres supérieurs et à des clients.
Ce poste nécessite une communication en anglais avec les équipes de Bell en dehors du Québec et/ou ses fournisseurs, partenaires et clients en dehors du Québec. Une connaissance fonctionnelle du français et de l'anglais est essentielle.

 

Toute autre combinaison de scolarité et d’expérience jugée équivalente pourra être considérée.

 

ATTESTATION DE SÉCURITÉ

Le titulaire doit obtenir et conserver le niveau de sécurité Secret OTAN délivré par le Programme de sécurité industrielle de Services Publics et Approvisionnement Canada et les agents de sécurité de BTCL.

 

 

Avantages de travailler chez Bell Textron Canada

 

Programme d’assurance collective et régime d’épargne retraite
Moyenne de 13 jours fériés/mobiles
Possibilité de cumuler le temps supplémentaire en temps compensé jusqu’à concurrence de 40h par année
Politique d’horaire flexible
Programme d’aide à l’éducation pour les employés
Programme de remboursement pour les frais de conditionnement physique
Programme d’aide aux employés et à la famille

 

Ne ratez pas votre chance de vous joindre à un milieu diversifié et inclusif qui favorise un sentiment d’appartenance. En tant que membre de notre effectif mondial, vous collaborerez avec des équipes dévouées et enthousiastes, dont les différences d’expériences, d’antécédents et d’idées et une solide passion pour nos produits nous permettent d’aller au-delà du vol.

 Bell Textron Canada Ltée adhère aux principes d’équité en matière d’emploi. Nous invitons les femmes, les Autochtones, les minorités visibles et les personnes handicapées à soumettre leurs candidatures.                             

Les personnes handicapées peuvent recevoir de l'assistance pour le processus de présélection et de sélection, si elles le désirent.

 

The CH146 represents Canada's largest helicopter fleet and is the most deployed asset, used in multiple roles across the country. Currently, the CH146 is undergoing a major modernization project that will propel this helicopter platform into the 21st century. The Griffon Limited Life Extension (GLLE) program has been granted by the Government of Canada to upgrade the existing fleet with avionics systems, engines, cockpit displays, and integrated sensor systems to meet civil navigation requirements and remain tactically viable until 2035.

 

Job Description
In support of the Canadian Government Program Integrated Logistics Support Manager, the Software Specialist (SWS) will work closely with the team and subject matter experts within BTCL and the National Defense Minister organization. Using applicable documents and standards, the SWS will be responsible for developing the concept for maintaining software configuration, both in-flight and during maintenance support activities, including but not limited to the following tasks:

Software Configuration Management (SCM):

o    Develop, implement, and maintain SCM processes for all software components used in aircraft and ground support systems.

o    Establish and manage version control systems to track changes, revisions, and updates to software.

o    Ensure proper documentation and traceability of all software configurations.

 

·         Deep understanding of Software Development Lifecycle phases, including requirements analysis, design, development, testing, deployment, and maintenance.

Knowledge of database systems such as MySQL, PostgreSQL, or SQLite for managing configuration data. Create and maintain a registry of active software configurations across the fleet, both in-flight and in maintenance support.
Knowledge of cybersecurity standards for aerospace software (e.g., DO-326A).
Ensure compliance with the cybersecurity program as stated in the Aircraft Weapon System Cybersecurity Monitoring (AWSCM) requirements and detailed in the Technical Airworthiness Manual (TAM).
Work closely with software development teams, systems engineers, and quality assurance teams to ensure seamless integration of software components.
Develop and coordinate the tracking of hardware management used for operations and maintenance by various DND units.
Liaise with various suppliers to obtain the necessary information for impact analysis of a new software configuration.
Facilitate and manage Configuration Change Boards for each Configuration Item to evaluate, approve, and document proposed changes.
Participate in the drafting and implementation of internal departmental procedures regarding software configuration.
Contribute to work planning to ensure the delivery of various deliverables within the allotted timeframes and deadlines.

 

Requirements

Bachelor in degree in Bachelor’s degree in Computer Science, Software Engineering, Aerospace Engineering, or a related field.
Experience in aerospace or other government regulated industry.
More than five (5) years of experience conducting various integrated logistics support activities, such as economic analysis, impact analysis of design modifications, technical publication, and/or configuration management activities.
Strong ability to interpret technical documentation such as drawings, specifications, and standards is required.
Works autonomously and develops solutions for tasks of intermediate complexity.
Solid organizational skills and excellent communication abilities, with demonstrated capacity to deliver presentations to senior executives and clients.
This position requires communication in English with Bell teams outside Quebec and/or its suppliers, partners, and clients outside Quebec. Functional knowledge of both French and English is essential.

Any other combination of education and experience deemed equivalent may be considered.

 

SECURITY CLEARANCE
The holder must obtain and maintain the NATO Secret security clearance as issued by the Controlled Goods Directorate of Canada’s Public Services and Procurement Canada and BTCL security officers.

 

Benefits of working at Bell Textron

 

Group insurance program and pension plan/savings
Average of 13 holidays/floating days
Possibility of banking overtime in compensated time up to 40 hours per year
Flexible schedule policy
Educational assistance program for employees
Reimbursement program for fitness fees
Employee and Family Assistance Program

 

Don’t miss the chance to join a diverse, inclusive environment where you feel a sense of belonging. As a member of our global workforce, you will collaborate with dedicated, enthusiastic teams where unique experiences, backgrounds and ideas combined with a strong passion for our products take us above and beyond flight.

Bell Textron Canada Ltee adheres to the principles of Employment Equity.We welcome applications from women, aboriginal peoples, visible minorities and people with disabilities.                            

People with disabilities may receive assistance with the screening and selection process, if they wish.

 

 

 
 
 

Recruiting Company Bell Textron Inc.
Primary Location CA-Quebec-Mirabel
Job Field Information Technology
Schedule Full-time
Job Level Individual Contributor
Shift First Shift
Job Posting 03/09/2026, 8:25:17 AM"
Bell (Textron),"Stage Été 2026 - Inspection Essais Non-Destructifs (END) / 2026 Summer Internship Non-Destructive Testing Inspector (NDT) (Mirabel, QC)",1534167,"CA, Quebec, Mirabel",United States of America,,onsite,Junior,unknown,unknown,unknown,taleo,2026-02-16,2026-06-16T21:35:52Z,https://textron.taleo.net/careersection/bell/jobdetail.ftl?job=1534167,"Job Description - Stage Été 2026 - Inspection Essais Non-Destructifs (END) / 2026 Summer Internship Non-Destructive Testing Inspector (NDT) (Mirabel, QC) (339627)
 
Stage Été 2026 - Inspection Essais Non-Destructifs (END) / 2026 Summer Internship Non-Destructive Testing Inspector (NDT) (Mirabel, QC)
(Job Number: 339627)

 

Nous sommes des pionniers. Nous avons été les premiers à franchir le mur du son et à concevoir le premier scooter de l’espace fonctionnel. Nous avons pris part à la première mission de la NASA sur la Lune et nous avons mis en marché des systèmes de rotors basculants évolués. Aujourd’hui, nous façonnons l’avenir de la mobilité sur demande. Les employés de Bell sont fiers de travailler pour une entreprise emblématique, regroupant de grands talents, qui produit en peu de temps des appareils à décollage vertical novateurs et recherchés.

 

Sommaire des tâches

         Rédige les procédures et techniques d’inspection END des produits de BTCL.
        Suivi de la création de standard de référence E.N.D.
         S’occupe du plan d’échantillonnage des pièces.
         Répondre aux non-conformités des audits de BPS.
Révision de procédures de qualité et de formulaires qualité.

Avantages

Possibilité d'horaire flexible;
Cohorte d'environ 30 stagiaires par session sur tout le site de Bell à Mirabel ;
Salaire compétitif
Cafétéria sur place;
Possibilité d'extension
Projets et défis stimulants.

Ne ratez pas votre chance de vous joindre à un milieu diversifié et inclusif qui favorise un sentiment d’appartenance. En tant que membre de notre effectif mondial, vous collaborerez avec des équipes dévouées et enthousiastes, dont les différences d’expériences, d’antécédents et d’idées et une solide passion pour nos produits nous permettent d’aller au-delà du vol.

Bell Textron Canada Ltée adhère aux principes d’équité en matière d’emploi.

 ---------------

We are pioneers. We were the first to break the sound barrier and design the first functional jetpack. We were aboard NASA’s first lunar mission and brought advanced tiltrotor systems to market. Today, we are defining the future of on-demand mobility. At Bell, we are proud to be an iconic company with superb talent, rapidly creating novel and coveted vertical lift experiences.

 

Summary of job description

• Drafts NDT inspection procedures and techniques for BTCL products.

• Monitoring the creation of N.D.T reference standard.

• Takes care of the sampling plan of the parts.

• Respond to non-conformities of BPS audits.

• Review the quality procedures and the quality forms.

Benefits

Possibility of flexible hours;
Cohort of approximately 30 interns per session throughout the Bell site;
Competitive salary
On-site cafeteria;
Possibility of extension
Challenging projects and challenges.

 

Don’t miss the chance to join a diverse, inclusive environment where you feel a sense of belonging. As a member of our global workforce, you will collaborate with dedicated, enthusiastic teams where unique experiences, backgrounds and ideas combined with a strong passion for our products take us above and beyond flight.

 

Bell Textron Canada Ltee adheres to the principles of Employment Equity. 

 

 

Exigences minimales requises

·         Diplôme d’études dans un domaine pertinent.

·         Connaissances des techniques d’inspection E.N.D. et connaissances de la norme NAS 410.

·         Avoir du leadership, un bon sens de l’organisation et communiquer efficacement.

·         Connaître l’informatique tel que les logiciels Excel, Word, Outlook, Bedvue et Catia V6.

·         Connaissance fonctionnelle de l’anglais et du français.

 Toute autre combinaison de scolarité et d’expérience jugée équivalente pourra être considérée.

--------------------

Minimum required qualifications

·         Diploma of studies in a relevant field.

·         Thorough knowledge of N.D.T. technique and the thorough knowledge NAS 410 standard.

·         Must have effective leadership, organization and communication skills.

·         Thorough knowledge of programs like Excel, Words, Outlook, Bedvue and Catia V6.

·         Functional knowledge of English and French.

 Any other combination of schooling and experience deemed equivalent may be considered.

 
 
 

Recruiting Company Bell Textron Inc.
Primary Location CA-Quebec-Mirabel
Job Field Continuous Improvement
Schedule Full-time
Job Level Individual Contributor
Shift First Shift
Job Posting 02/16/2026, 10:34:14 AM"
Bell (Textron),"Stage Été 2026 - Santé, Sécurité et Environnement / 2026 Summer Internship - Health, safety and Environment (Mirabel, QC)",1533886,"CA, Quebec, Mirabel",United States of America,,onsite,Junior,unknown,unknown,unknown,taleo,2026-02-09,2026-06-16T21:35:52Z,https://textron.taleo.net/careersection/bell/jobdetail.ftl?job=1533886,"Job Description - Stage Été 2026 - Santé, Sécurité et Environnement / 2026 Summer Internship - Health, safety and Environment (Mirabel, QC) (339458)
 
Stage Été 2026 - Santé, Sécurité et Environnement / 2026 Summer Internship - Health, safety and Environment (Mirabel, QC)
(Job Number: 339458)

 

À propos de Bell Helicopter
Bell Helicopter, une société à part entière de Textron Inc. est un chef de file dans la fabrication d'appareils à décollage vertical, tant commerciaux que militaires, avec ou sans équipage, et le pionnier du concept révolutionnaire d'aéronef à rotors basculants. Reconnue à l'échelle mondiale pour son service après-vente de premier ordre, ses innovations et sa qualité supérieure, la main d'oeuvre internationale de Bell soutient des clients qui pilotent des hélicoptères Bell dans plus de 120 pays. Pour de plus amples renseignements, consultez le www.bellflight.com.

------------------------------------------------------

 

Rôles et responsabilités

Sous la supervision de la responsable SSE, le stagiaire verra surtout à :

Soutenir le département dans les diverses tâches quotidiennes;
Participer aux diverses tâches de prévention;
Soutenir les gestionnaires pour effectuer des analyses de risque SSE;
Effectuer occasionnellement des analyses ergonomiques de postes de travail;
Soutenir le département pour le SIMDUT (étiquettes, inventaires, etc.);
Soutenir le département pour assurer un suivi de conformité;
Offrir un soutien administratif à l’équipe SSE;
Effectuer d’autres tâches connexes.
 

Exigences requises

Baccalauréat Kinésiologie, Certificat en santé et sécurité ou tout domaine connexe;
Excellente maîtrise de la suite Office ; Word, Powerpoint, Excel, etc.;
Avoir à coeur la santé et la sécurité des employés;
Posséder des aptitudes à travailler en équipe;
Posséder une excellente habileté en communications interpersonnelles – pouvant collaborer avec divers groupes de gens, recueillir des informations de façon efficace, et les transmettre avec cohérence;

 

Avantages

Possibilité d'horaire flexible;
Cohorte d'environ 30 stagiaires par session sur tout le site de Bell;
Cafétéria sur place;
Possibilité d'extension pour la période estivale;
Projets et défis stimulants.
 
 
 

Recruiting Company Bell Textron Inc.
Primary Location CA-Quebec-Mirabel
Job Field Environmental, Health & Safety
Schedule Full-time
Job Level Individual Contributor
Shift First Shift
Travel No
Job Posting 02/09/2026, 8:51:02 AM"
Bell (Textron),"Senior Technical Expert & Certification Specialist, Avionics & Electrical Systems",1513407,"CA, Quebec, Mirabel",United States of America,,onsite,Senior,unknown,unknown,unknown,taleo,2026-02-06,2026-06-16T21:35:52Z,https://textron.taleo.net/careersection/bell/jobdetail.ftl?job=1513407,"Job Description - Senior Technical Expert & Certification Specialist, Avionics & Electrical Systems (334830)
 
Senior Technical Expert & Certification Specialist, Avionics & Electrical Systems
(Job Number: 334830)

 

      ***An english description will follow***

Nous sommes des pionniers. Nous avons été les premiers à franchir le mur du son et à concevoir le premier « jet pack » fonctionnel. Nous avons participé à la première mission lunaire de la NASA et avons introduit sur le marché des systèmes avancés de rotor basculant. Aujourd'hui, nous définissons l'avenir de la mobilité à la demande. Chez Bell, nous sommes fiers d'être une entreprise emblématique dotée de talents exceptionnels, créant rapidement des expériences de levage vertical novatrices et recherchées.

Responsabilités du poste

La personne autorisée ou en formation d’autorisation pour les systèmes avioniques et électriques (AE) joue un rôle essentiel au sein de l'équipe responsable de la supervision de la conception et la certification des solutions avioniques et électriques avancées. Ce poste est crucial pour résoudre les problèmes d'obsolescence des composants, soutenir les mises à niveau et les extensions des capacités existantes des aéronefs, stimuler le développement de nouveaux produits et contribuer aux initiatives de navigabilité continue de Bell ainsi qu'aux efforts de personnalisation des aéronefs.

Le candidat idéal démontrera de solides compétences en pensée critique et une expertise technique pour répondre aux normes de certification de Transports Canada Aviation Civile (TCCA) pour les hélicoptères de catégorie légère et de transport. Ce rôle exige une compréhension approfondie des systèmes avioniques et électriques embarqués, ainsi qu'une volonté d'apprendre et d'appliquer les moyens de conformité acceptés pour garantir le respect des normes de navigabilité applicables.

Les principales responsabilités incluent la détermination de l'étendue des enquêtes, la révision des données et des rapports, la réalisation d'inspections et d'évaluations techniques, ainsi que le suivi des tests de composants, au sol ou en vol nécessaires pour établir la conformité aux exigences réglementaires. Une priorité de ce rôle est d'évaluer l'adéquation et l'exhaustivité des plans de projet et des données de conformité afin de garantir que toutes les normes de certification sont respectées.

Compétences et intérêts recherchés :

Autorisation de Transports Canada : Vous êtes intéressé(e) à commencer une formation pour devenir une personne autorisée par Transports Canada Aviation Civile (TCCA) ou êtes déjà autorisé(e). Cela inclut la proposition et/ou la réalisation de constatations de conformité avec les normes de navigabilité AWM 527/529 ou US 14 CFR Part 27/29 et l'approbation des modifications de conception de type pour les systèmes avioniques et électriques.
Intégration des systèmes et logiciels : Vous êtes familier(ère) avec l'intégration des systèmes et logiciels, les évaluations de sécurité des systèmes, les tests de validation et de vérification dans les laboratoires d'intégration des systèmes, les essais en vol des aéronefs, ainsi que les processus de qualification et de certification des systèmes/aéronefs.
Connaissances en conception et certification des aéronefs : Vous avez une solide compréhension des exigences de conception avionique et électrique des aéronefs ainsi que du processus de qualification/certification.
Revue et approbation des données de conformité : Vous êtes capable  d’effectuer des revues et des approbations des données de conformité de certification, en garantissant leur acceptation par les autorités réglementaires. Cela inclut :
Développer des plans de certification de projet, examiner les plans et procédures de test de performance des systèmes.
Analyser les résultats contenus dans les rapports de qualification pour les tests fonctionnels et de certification au niveau des composants et des systèmes.
Livrables de certification : Vous êtes compétent(e) à contribuer aux livrables de certification pour les systèmes installés ou modifiés, tels que :
Analyses de charges électriques, analyses thermiques et soutien aux analyses de sécurité.
Compatibilité électromagnétique (EMC), champs radiés à haute intensité (HIRF) et conformité aux effets directs et indirects de la foudre au niveau des systèmes et des aéronefs.
Direction technique pour les exigences de certification : Vous êtes à fournir une direction technique aux projets basée sur les exigences de certification et les documents consultatifs.
Essais au sol et en vol des aéronefs : Vous avez de l'expérience a superviser les essais au sol et en vol des aéronefs pour la collecte de données de conformité.

Expérience de travail pertinente préférée :

Essaies sur les unités/système, essaie et investigation en laboratoire d'intégration des systèmes.
Génération de solutions techniques pour une large gamme de tâches techniques. Les solutions sont approfondies, pratiques et conformes aux attentes de l'organisation et de la discipline.
Développement des requis des systèmes avioniques, spécifications des systèmes, architecture et interfaces avec d'autres systèmes aéronautiques.
Développement des requis d’essai pour concevoir des laboratoires d'intégration des systèmes et des instruments de test en vol des aéronefs.
Vérification de l’intégration systèmes et logicielle dans un laboratoire d'intégration des systèmes.
Coordination avec les fournisseurs de systèmes avioniques pour le développement, l'intégration et les tests des écrans, instruments de vol, systèmes de communication et de navigation, capteurs et systèmes de visée, systèmes de santé des véhicules et systèmes de gestion des véhicules.

Le candidat ferait partie de l'organisation d'approbation de conception (DAO) de Mirabel et du groupe « CORE » avionique.

Exigences en matière d'éducation :

Diplôme de baccalauréat en ingénierie requis. Diplôme préféré en génie électrique ou en génie mécanique (une expérience équivalente peut être considérée).

Exigences du poste :

Minimum de 5 à 7 ans d'expérience pertinente dans les industries aérospatiales.
Bonnes compétences analytiques et en leadership.
Capacité à travailler de manière autonome et à développer des solutions pour des tâches de complexité avancée avec des experts en la matière.
Excellentes compétences en communication et en rédaction.
Capacité à encadrer des ingénieurs de niveau junior.
Forte éthique de travail et motivation personnelle.
Capacité à coordonner des solutions impliquant plusieurs organisations ou disciplines.

Connaissances requises ou maîtrise des domaines avioniques et électriques suivants:

Systèmes Avionique & Électrique (non exhaustive):

PFD, MFD, EICAS, commandes de cockpit, carte numérique.
AHRS, GPS, IFF, ADS-B, TCAS, ILS, altimètre radar, données aériennes.
Système de gestion de vol automatique.
Systèmes de communication : VHF/UHF, HF, SATCOM, Datalink, ICS.
CVR et FDR.
Génération, distribution et protection de l'énergie électrique (DC/AC, systèmes 28 V et HV).
Dispositifs de stockage d'énergie électrique.
Éclairage, interne et externe (commercial et Vision de nuit).

Normes de qualification des équipements :

Connaissance démontrée et pratique de RTCA/DO-160 and/or MIL-STD-810, MIL-STD-883, MIL-STD-461 and/or, MIL-STD-464
Connaissance des Niveaux Assurance en Conception selon RTCA/DO-178
Connaissance des normes RTCA/DO-311 et RTCA/DO-227.

Cycle de vie des Systèmes et évaluations de sécurité et de fiabilité des systèmes :

Connaissance pratique de SAE ARP 4754A, ARP 4761 ou normes “MIL” équivalentes.

 

Avantages de travailler chez Bell Textron

Programme d’assurance collective et régime d’épargne retraite
Moyenne de 13 jours fériés/mobiles
Possibilité de cumuler le temps supplémentaire en temps compensé jusqu’à concurrence de 40h par année
Politique d’horaire flexible
Programme d’aide à l’éducation pour les employés
Programme de remboursement pour les frais de conditionnement physique
Programme d’aide aux employés et à la famille

 

Ne ratez pas votre chance de vous joindre à un milieu diversifié et inclusif qui favorise un sentiment d’appartenance. En tant que membre de notre effectif mondial, vous collaborerez avec des équipes dévouées et enthousiastes, dont les différences d’expériences, d’antécédents et d’idées et une solide passion pour nos produits nous permettent d’aller au-delà du vol.

 Bell Textron Canada Ltée adhère aux principes d’équité en matière d’emploi. Nous invitons les femmes, les Autochtones, les minorités visibles et les personnes handicapées à soumettre leurs candidatures.                             

Les personnes handicapées peuvent recevoir de l'assistance pour le processus de présélection et de sélection, si elles le désirent.

 

 

 

***English***

We are pioneers. We were the first to break the sound barrier and design the first functional jetpack. We were aboard NASA’s first lunar mission and brought advanced tiltrotor systems to market. Today, we are defining the future of on-demand mobility. At Bell, we are proud to be an iconic company with superb talent, rapidly creating novel and coveted vertical lift experiences.  

Position Responsibilities

The Authorized Person or Trainee for Avionics & Electrical Systems (AE) plays a critical role within the team responsible for overseeing the design and certifying advanced avionics and electrical solutions. This position is integral to addressing component and system obsolescence, supporting upgrades and expansions of existing aircraft capabilities, driving new product development, and contributing to Bell's continuing airworthiness initiatives and aircraft customization efforts.

The ideal candidate will demonstrate strong critical thinking skills and technical expertise to meet Transport Canada Civil Aviation (and other international airworthiness) certification standards for light and transport category rotorcraft. This role requires a solid understanding of airborne avionics and electrical systems, along with a willingness to learn and apply accepted means of compliance to ensure adherence to applicable airworthiness standards.

Key responsibilities include determining the scope of investigations, reviewing data and reports, conducting inspections and engineering assessments, and witnessing component, ground, or flight tests necessary to establish compliance with regulatory requirements. A primary focus of this role is evaluating the adequacy and completeness of projects plans and the compliance data to ensure all certification standards are met.

This posting is looking for the following competencies and interest:

You are either interested in beginning training to become a Transport Canada Civil Aviation (TCCA) Authorized Person or are already authorized. This includes proposing and/or making findings of compliance with Standards of Airworthiness  AWM 527/529 or US 14 CFR Part 27/29 and approving type design changes in avionics and electrical systems.
System and Software Integration
You are familiar with system and software integration, system safety assessments, validation and verification testing in systems integration labs, aircraft flight testing, and aircraft/system qualification and certification processes.
Aircraft Design and Certification Knowledge
You have a solid understanding of aircraft avionics and electrical design requirements and the qualification/certification process
Certification Compliance Data Review and Approval
You are capable to conduct certification compliance data reviews and approvals, ensuring acceptance by regulatory authorities. This includes:
Developing project certification plans, reviewing system performance test plans and procedures.
Analyzing results contained in qualification reports for functional and certification testing at the component and system levels.
Certification Deliverables
You are skilled in certification deliverables for installed or modified systems, such as but not limited to:
Electrical loads, thermal analysis, and support for safety analyses.
Electromagnetic Compatibility (EMC), High-Intensity Radiated Fields (HIRF), and direct/indirect lightning compliance at both the system and aircraft levels.
Technical Direction for Certification Requirements
You are able to  provide technical direction to projects based on certification requirements and advisory materials.
Aircraft Ground and Flight Testing
You have experience to oversee aircraft ground and flight testing for compliance data gathering.

Relevant working experience in the following areas is preferred: 

LRU/system testing, Systems Integration Laboratory (SIL) testing and troubleshooting.
Generate technical solutions to a wide range of technical tasks. Solutions are thorough, practicable, and consistent with organization and discipline expectations:
Development of avionics system requirements and management, systems specifications, architecture and interfaces with other aircraft systems.
Development of test requirements to design systems integration lab and flight test aircraft instrumentation design. 
Hardware and software integration testing of multiple systems operating together in a systems integration lab.
Coordination with avionics system suppliers in the development, integration and testing of displays, flight instruments, communication and navigation systems, sensor and sighting systems, vehicle health systems and vehicle management systems.

The candidate would be part of Mirabel’s Design Approval Organization (DAO) and “CORE” avionics group.

Education Requirements:

Bachelor’s degree in engineering required. Preferred degree in electrical or mechanical (Equivalent experience will be considered)

Position Requirements:

Minimum 5-7 years of pertinent experience in aerospace industries.
Good analytical and leadership skills.
Works independently and develops solutions on advance complexity tasks with subject matter experts.
Strong communication and writing skills.
Mentors junior level engineers.
Strong work ethic and self-motivation.
Able to coordinate solutions involving multiple organizations or disciplines.

Working level knowledge or mastery with some or all the following Avionics and Electrical areas, is required:

Avionics & Electrical Systems  systems (not exhaustive):

PFD, MFD, EICAS, Cockpit controls, Digital Map
AHRS, GPS, IFF, ADS-B, TCAS, ILS, Radar Altimeter, Air Data
Automatic flight control management system
Communications Systems: VHF/UHF, HF, SATCOM, Datalink, ICS
CVR and FDR
Electrical power generation, distribution, and protection (DC/AC, 28 V and HV systems)
Electrical power storage device
Lighting, internal and external (commercial and NVIS)

Equipment qualification standards:                                                                          

Demonstrated and Working knowledge of RTCA/DO-160 and/or MIL-STD-810, MIL-STD-883, MIL-STD-461 and/or , MIL-STD-464
Awareness of design assurance Levels in accordance with RTCA/DO-178
Awareness of, RTCA/DO-311 and RTCA/DO-227

Systems Life cycle, Safety and Reliability Assessments:

Working knowledge of SAE ARP 4754A, ARP 4761 or equivalent MIL standards

Benefits of working at Bell Textron

Group insurance program and pension plan/savings

 

Average of 13 holidays/floating days

 Possibility of banking overtime in compensated time up to 40 hours per year

Flexible schedule policy

Educational assistance program for employees

Reimbursement program for fitness fees

Employee and Family Assistance Program

Don’t miss the chance to join a diverse, inclusive environment where you feel a sense of belonging. As a member of our global workforce, you will collaborate with dedicated, enthusiastic teams where unique experiences, backgrounds and ideas combined with a strong passion for our products take us above and beyond flight.

Bell Textron Canada Ltee adheres to the principles of Employment Equity.We welcome applications from women, aboriginal peoples, visible minorities and people with disabilities.                             

People with disabilities may receive assistance with the screening and selection process, if they wish.

 
 
 

Recruiting Company Bell Textron Inc.
Primary Location CA-Quebec-Mirabel
Job Field Engineering
Schedule Full-time
Job Level Individual Contributor
Shift First Shift
Job Posting 02/06/2026, 10:10:17 AM"
Bell (Textron),"Lead, Customer Support & Services",1531516,"Japan, Tokyo",United States of America,,onsite,Lead,unknown,unknown,unknown,taleo,2025-12-08,2026-06-16T21:35:52Z,https://textron.taleo.net/careersection/bell/jobdetail.ftl?job=1531516,"Job Description - Lead, Customer Support & Services (338195)
 
Lead, Customer Support & Services
(Job Number: 338195)

 

We’re more than aviation experts, we’re pioneers. Bell challenges what’s possible. From breaking the sound barrier to developing the tiltrotor, we’ve reimagined the experience of flight for more than 85 years. Today, we’re redefining what flight is capable of.

Thank you for your interest in working at Bell! This position is an individual contributor position responsible for sales of helicopter parts used on & in support of Bell Textron owned & operated by governments including the ministry of defense and commercial customers in Japan.

The position involves CSF support in Japan, provide update information of Japanese CSF and AFS to Fort Worth counterparts. The position is based in Ebisu (Tokyo). 

Job Responsibilities

      Responsible for managing customer accounts assigned to meet/exceed Spares & CRO AOP.
      Support Finance Department to follow-up on account receivable.
      Liaison with Airworthiness & Global Compliance personnel to support the needs of both the Japanese Ministry of Defense and civil customers and proceed professional process as perceived by the external customers.
      Communicate/interact with Global Bell Aftermarket Teams and personnel to ensure to utilize the most of Bell’s available resources to support Japanese customers. 
      Understand and proceed required skills and knowledge of CSS OAs to enhance productive process of the work process. 
 

Job Requirements

 Degree in Sales & Marketing or equivalent.
        5 to 10 years of relevant experience in helicopter spare parts sales in JMOD and / or aerospace industry.
         Conversant in MS office, drive for results, negotiating skills.
       Japanese and English language fluency.
         Has prior experiences in leading a team is preferred.
 
 
 

Recruiting Company Bell Textron Inc.
Primary Location Japan-Tokyo
Job Field Sales
Schedule Full-time
Job Level Individual Contributor
Shift First Shift
Worksite Onsite
Job Posting 12/08/2025, 8:53:45 PM"
