company,title,job_id,location,country,salary,remote,seniority,us_citizenship_required,security_clearance,relocation_assistance,source_platform,date_posted,scraped_at,apply_url,description_text
L3Harris,"Lead, HR Business Partner",96179150064,"Malabar, FL",United States of America,,onsite,Lead,unknown,unknown,unknown,talentbrew,N/A,2026-06-13T01:06:42Z,https://careers.l3harris.com/en/job/malabar/lead-hr-business-partner/4832/96179150064,
L3Harris,"Specialist, Technical Training",96040458368,"Rochester, NY",United States of America,,onsite,Mid,unknown,unknown,unknown,talentbrew,N/A,2026-06-13T01:06:42Z,https://careers.l3harris.com/en/job/rochester/specialist-technical-training/4832/96040458368,
L3Harris,"Specialist, Multimedia Producer - Photo and Video",95990113824,"Rochester, NY",United States of America,,onsite,Mid,unknown,unknown,unknown,talentbrew,N/A,2026-06-13T01:06:42Z,https://careers.l3harris.com/en/job/rochester/specialist-multimedia-producer-photo-and-video/4832/95990113824,
L3Harris,"Specialist, Motions Graphics Designer",95852668368,"Rochester, NY",United States of America,,onsite,Mid,unknown,unknown,unknown,talentbrew,N/A,2026-06-13T01:06:42Z,https://careers.l3harris.com/en/job/rochester/specialist-motions-graphics-designer/4832/95852668368,
L3Harris,"Senior Specialist, HR Business Partner",95852668416,"Palm Bay, Brevard, FL",United States of America,,onsite,Senior,unknown,unknown,unknown,talentbrew,N/A,2026-06-13T01:06:42Z,https://careers.l3harris.com/en/job/palm-bay/senior-specialist-hr-business-partner/4832/95852668416,
L3Harris,"Senior Associate, Quality Analyst",96353506880,"Camden, AR",United States of America,,onsite,Senior,unknown,unknown,unknown,talentbrew,N/A,2026-06-13T01:06:42Z,https://careers.l3harris.com/en/job/camden/senior-associate-quality-analyst/4832/96353506880,
L3Harris,"Lead, Quality Engineer",96353506864,"Camden, AR",United States of America,,onsite,Lead,unknown,unknown,unknown,talentbrew,N/A,2026-06-13T01:06:42Z,https://careers.l3harris.com/en/job/camden/lead-quality-engineer/4832/96353506864,
L3Harris,"Lead Analyst, SAP Contracts to Cash",96304034256,Multiple Locations,United States of America,,onsite,Lead,unknown,unknown,unknown,talentbrew,N/A,2026-06-13T01:06:42Z,https://careers.l3harris.com/en/job/melbourne/lead-analyst-sap-contracts-to-cash/4832/96304034256,
L3Harris,"Lead, Program Management",96169231392,"Colorado Springs, CO",United States of America,,onsite,Lead,unknown,unknown,unknown,talentbrew,N/A,2026-06-13T01:06:42Z,https://careers.l3harris.com/en/job/colorado-springs/lead-program-management/4832/96169231392,
L3Harris,"Specialist, Software Engineering (AWS Cloud)",96322459600,"Melbourne, FL",United States of America,,onsite,Mid,unknown,unknown,unknown,talentbrew,N/A,2026-06-13T01:06:42Z,https://careers.l3harris.com/en/job/melbourne/specialist-software-engineering-aws-cloud/4832/96322459600,
L3Harris,"Senior Specialist, Software Engineer",96322458992,"Rochester, NY",United States of America,,onsite,Senior,unknown,unknown,unknown,talentbrew,N/A,2026-06-13T01:06:42Z,https://careers.l3harris.com/en/job/rochester/senior-specialist-software-engineer/4832/96322458992,
L3Harris,"Senior Associate, Software Engineering",96322458752,"Rochester, NY",United States of America,,onsite,Senior,unknown,unknown,unknown,talentbrew,N/A,2026-06-13T01:06:42Z,https://careers.l3harris.com/en/job/rochester/senior-associate-software-engineering/4832/96322458752,
L3Harris,Manufacturing Technician A,96304034480,"Rochester, NY",United States of America,,onsite,Mid,unknown,unknown,unknown,talentbrew,N/A,2026-06-13T01:06:42Z,https://careers.l3harris.com/en/job/rochester/manufacturing-technician-a/4832/96304034480,
L3Harris,"Senior Specialist, Environmental Health &amp; Safety",96304034464,"Camden, NJ",United States of America,,onsite,Senior,unknown,unknown,unknown,talentbrew,N/A,2026-06-13T01:06:42Z,https://careers.l3harris.com/en/job/camden/senior-specialist-environmental-health-and-safety/4832/96304034464,
L3Harris,"Sr. Associate, Accounting",96304034304,"Nashville, TN",United States of America,,onsite,Senior,unknown,unknown,unknown,talentbrew,N/A,2026-06-13T01:06:42Z,https://careers.l3harris.com/en/job/nashville/sr-associate-accounting/4832/96304034304,
L3Harris,Member Engineering Staff - Embedded Software,96299159104,"Camden, NJ",United States of America,,onsite,Principal,unknown,unknown,unknown,talentbrew,N/A,2026-06-13T01:06:45Z,https://careers.l3harris.com/en/job/camden/member-engineering-staff-embedded-software/4832/96299159104,
L3Harris,"Sr. Associate, Software Quality Engineering",96266414208,"Nashville, TN",United States of America,,onsite,Senior,unknown,unknown,unknown,talentbrew,N/A,2026-06-13T01:06:45Z,https://careers.l3harris.com/en/job/nashville/sr-associate-software-quality-engineering/4832/96266414208,
L3Harris,"Specialist, Accounting",96266412992,Multiple Locations,United States of America,,onsite,Mid,unknown,unknown,unknown,talentbrew,N/A,2026-06-13T01:06:45Z,https://careers.l3harris.com/en/job/palm-bay/specialist-accounting/4832/96266412992,
L3Harris,"Specialist, Embedded Software Engineer - (Aerospace Flight) : Sign-on bonus ($15K Max)",96255790656,"Wilmington, MA",United States of America,,onsite,Mid,unknown,unknown,unknown,talentbrew,N/A,2026-06-13T01:06:45Z,https://careers.l3harris.com/en/job/wilmington/specialist-embedded-software-engineer-aerospace-flight-sign-on-bonus-15k-max/4832/96255790656,
L3Harris,Senior Embedded Software Engineer - Space Systems : Sign-on bonus ($30K max),96266413600,"Wilmington, MA",United States of America,,onsite,Senior,unknown,unknown,unknown,talentbrew,N/A,2026-06-13T01:06:45Z,https://careers.l3harris.com/en/job/wilmington/senior-embedded-software-engineer-space-systems-sign-on-bonus-30k-max/4832/96266413600,
L3Harris,"Sr Specialist, Software Test Engineer (Space Systems) : Sign-on bonus ($20K max)",96266413552,"Wilmington, MA",United States of America,,onsite,Senior,unknown,unknown,unknown,talentbrew,N/A,2026-06-13T01:06:45Z,https://careers.l3harris.com/en/job/wilmington/sr-specialist-software-test-engineer-space-systems-sign-on-bonus-20k-max/4832/96266413552,
L3Harris,"Senior Specialist, Software Engineering",96190932112,"Anaheim, CA",United States of America,,onsite,Senior,unknown,unknown,unknown,talentbrew,N/A,2026-06-13T01:06:45Z,https://careers.l3harris.com/en/job/anaheim/senior-specialist-software-engineering/4832/96190932112,
L3Harris,Business Development Director,96234191920,Australia,United States of America,,onsite,Director,unknown,unknown,unknown,talentbrew,N/A,2026-06-13T01:06:45Z,https://careers.l3harris.com/en/job/australia/business-development-director/4832/96234191920,
L3Harris,"Sr. Specialist, Program Management",96179209312,"Greenville, TX",United States of America,,onsite,Senior,unknown,unknown,unknown,talentbrew,N/A,2026-06-13T01:06:45Z,https://careers.l3harris.com/en/job/greenville/sr-specialist-program-management/4832/96179209312,
L3Harris,"Specialist, Program Manager - Manufacturing Design",96058934416,Multiple Locations,United States of America,,onsite,Manager,unknown,unknown,unknown,talentbrew,N/A,2026-06-13T01:06:45Z,https://careers.l3harris.com/en/job/huntsville/specialist-program-manager-manufacturing-design/4832/96058934416,
L3Harris,"Lead, Systems Engineering - Database DevOps",96169231376,"Greenville, TX",United States of America,,onsite,Lead,unknown,unknown,unknown,talentbrew,N/A,2026-06-13T01:06:45Z,https://careers.l3harris.com/en/job/greenville/lead-systems-engineering-database-devops/4832/96169231376,
L3Harris,"Director, Business Development - Agile EO (Electro-Optical) Business Area : Sign-on bonus ($50K max)",96046118624,"Wilmington, MA",United States of America,,onsite,Director,unknown,unknown,unknown,talentbrew,N/A,2026-06-13T01:06:45Z,https://careers.l3harris.com/en/job/wilmington/director-business-development-agile-eo-electro-optical-business-area-sign-on-bonus-50k-max/4832/96046118624,
L3Harris,"Sr Specialist, Program Manager",96222167808,"Mason, OH",United States of America,,onsite,Manager,unknown,unknown,unknown,talentbrew,N/A,2026-06-13T01:06:45Z,https://careers.l3harris.com/en/job/mason/sr-specialist-program-manager/4832/96222167808,
L3Harris,"Senior Specialist, Security Research Engineer",96190931584,"Washington D.C., DC",United States of America,,onsite,Senior,unknown,unknown,unknown,talentbrew,N/A,2026-06-13T01:06:45Z,https://careers.l3harris.com/en/job/washington-d-c/senior-specialist-security-research-engineer/4832/96190931584,
L3Harris,"Senior Associate, Software Engineer (Cloud Web Development)",96222167760,"Patrick Air Force Base, FL",United States of America,,onsite,Senior,unknown,unknown,unknown,talentbrew,N/A,2026-06-13T01:06:45Z,https://careers.l3harris.com/en/job/patrick-air-force-base/senior-associate-software-engineer-cloud-web-development/4832/96222167760,
L3Harris,"Specialist, Software Engineer (Cloud Web Development)",96035579248,"Patrick Air Force Base, FL",United States of America,,onsite,Mid,unknown,unknown,unknown,talentbrew,N/A,2026-06-13T01:06:48Z,https://careers.l3harris.com/en/job/patrick-air-force-base/specialist-software-engineer-cloud-web-development/4832/96035579248,
L3Harris,Manufacturing Technicians - Thin film Coating and CNC Technicians (WEEKEND and AFTERNOON SHIFTS),95994967232,"Toronto, Ontario",Canada,,onsite,Mid,unknown,unknown,unknown,talentbrew,N/A,2026-06-13T01:06:48Z,https://careers.l3harris.com/en/job/toronto/manufacturing-technicians-thin-film-coating-and-cnc-technicians-weekend-and-afternoon-shifts/4832/95994967232,
L3Harris,Assembly A (Tubes),96169260304,"Tempe, AZ",United States of America,,onsite,Mid,unknown,unknown,unknown,talentbrew,N/A,2026-06-13T01:06:48Z,https://careers.l3harris.com/en/job/tempe/assembly-a-tubes/4832/96169260304,
L3Harris,"Sr. Specialist, Program Management",96255790800,"Bristol, PA",United States of America,,onsite,Senior,unknown,unknown,unknown,talentbrew,N/A,2026-06-13T01:06:48Z,https://careers.l3harris.com/en/job/bristol/sr-specialist-program-management/4832/96255790800,
L3Harris,"Lead, Software Engineering",95990114000,"Palm Bay, Brevard, FL",United States of America,,onsite,Lead,unknown,unknown,unknown,talentbrew,N/A,2026-06-13T01:06:48Z,https://careers.l3harris.com/en/job/palm-bay/lead-software-engineering/4832/95990114000,
L3Harris,"Specialist, Software Engineer (Embedded Software)",96197906272,"Herndon, VA",United States of America,,onsite,Mid,unknown,unknown,unknown,talentbrew,N/A,2026-06-13T01:06:48Z,https://careers.l3harris.com/en/job/herndon/specialist-software-engineer-embedded-software/4832/96197906272,
L3Harris,"Specialist, Supply Chain Management - Materials",96278023184,"Huntsville, AL",United States of America,,onsite,Mid,unknown,unknown,unknown,talentbrew,N/A,2026-06-13T01:06:48Z,https://careers.l3harris.com/en/job/huntsville/specialist-supply-chain-management-materials/4832/96278023184,
L3Harris,"Specialist, Configuration Management",96169231344,"Greenville, TX",United States of America,,onsite,Mid,unknown,unknown,unknown,talentbrew,N/A,2026-06-13T01:06:48Z,https://careers.l3harris.com/en/job/greenville/specialist-configuration-management/4832/96169231344,
L3Harris,Sr. Spec Program Manager,96040458320,"Mason, OH",United States of America,,onsite,Manager,unknown,unknown,unknown,talentbrew,N/A,2026-06-13T01:06:48Z,https://careers.l3harris.com/en/job/mason/sr-spec-program-manager/4832/96040458320,
L3Harris,"Senior Specialist, Program Management",95967620272,"Herndon, VA",United States of America,,onsite,Senior,unknown,unknown,unknown,talentbrew,N/A,2026-06-13T01:06:48Z,https://careers.l3harris.com/en/job/herndon/senior-specialist-program-management/4832/95967620272,
L3Harris,Senior RUST Software Engineer,95949009792,"Herndon, VA",United States of America,,onsite,Senior,unknown,unknown,unknown,talentbrew,N/A,2026-06-13T01:06:48Z,https://careers.l3harris.com/en/job/herndon/senior-rust-software-engineer/4832/95949009792,
L3Harris,"Principal, Program Management",96169231248,Multiple Locations,United States of America,,onsite,Principal,unknown,unknown,unknown,talentbrew,N/A,2026-06-13T01:06:48Z,https://careers.l3harris.com/en/job/melbourne/principal-program-management/4832/96169231248,
L3Harris,"Specialist, Proposal Management",95903726048,"Carlstadt, NJ",United States of America,,onsite,Mid,unknown,unknown,unknown,talentbrew,N/A,2026-06-13T01:06:48Z,https://careers.l3harris.com/en/job/carlstadt/specialist-proposal-management/4832/95903726048,
L3Harris,Coating Technician (WEEKEND SHIFT) 1,95898727616,"Toronto, Ontario",Canada,,onsite,Mid,unknown,unknown,unknown,talentbrew,N/A,2026-06-13T01:06:48Z,https://careers.l3harris.com/en/job/toronto/coating-technician-weekend-shift-1/4832/95898727616,
L3Harris,"Principal, Capture Management",96179209200,Remote,United States of America,,remote,Principal,unknown,unknown,unknown,talentbrew,N/A,2026-06-13T01:06:48Z,https://careers.l3harris.com/en/job/united-states/principal-capture-management/4832/96179209200,
L3Harris,Manufacturing Technician C - 1st Shift,95876326480,"Redmond, WA",United States of America,,onsite,Mid,unknown,unknown,unknown,talentbrew,N/A,2026-06-13T01:06:51Z,https://careers.l3harris.com/en/job/redmond/manufacturing-technician-c-1st-shift/4832/95876326480,
L3Harris,Manufacturing Technician B - 1st Shift,95876326384,"Redmond, WA",United States of America,,onsite,Mid,unknown,unknown,unknown,talentbrew,N/A,2026-06-13T01:06:51Z,https://careers.l3harris.com/en/job/redmond/manufacturing-technician-b-1st-shift/4832/95876326384,
L3Harris,Divisional Controller,95876325872,"Mirabel, Quebec",Canada,,onsite,Mid,unknown,unknown,unknown,talentbrew,N/A,2026-06-13T01:06:51Z,https://careers.l3harris.com/en/job/mirabel/divisional-controller/4832/95876325872,
L3Harris,"Senior Specialist, Program Management",95944197568,"Rochester, NY",United States of America,,onsite,Senior,unknown,unknown,unknown,talentbrew,N/A,2026-06-13T01:06:51Z,https://careers.l3harris.com/en/job/rochester/senior-specialist-program-management/4832/95944197568,
L3Harris,Device Lab Technician,95954640656,"Ottawa, Ontario",Canada,,onsite,Mid,unknown,unknown,unknown,talentbrew,N/A,2026-06-13T01:06:51Z,https://careers.l3harris.com/en/job/ottawa/device-lab-technician/4832/95954640656,
L3Harris,"Contingent-Sr. Associate, Software Quality Engineering",95949009904,"Nashville, TN",United States of America,,onsite,Senior,unknown,unknown,unknown,talentbrew,N/A,2026-06-13T01:06:51Z,https://careers.l3harris.com/en/job/nashville/contingent-sr-associate-software-quality-engineering/4832/95949009904,
L3Harris,Senior Software Engineer,95676386880,Multiple Locations,United States of America,,onsite,Senior,unknown,unknown,unknown,talentbrew,N/A,2026-06-13T01:06:51Z,https://careers.l3harris.com/en/job/mirabel/senior-software-engineer/4832/95676386880,
L3Harris,Principal Program Manager,95676386400,"Wilmington, MA",United States of America,,onsite,Principal,unknown,unknown,unknown,talentbrew,N/A,2026-06-13T01:06:51Z,https://careers.l3harris.com/en/job/wilmington/principal-program-manager/4832/95676386400,
L3Harris,"Lead, Technical Accounting",96155110944,Remote,United States of America,,remote,Lead,unknown,unknown,unknown,talentbrew,N/A,2026-06-13T01:06:51Z,https://careers.l3harris.com/en/job/united-states/lead-technical-accounting/4832/96155110944,
L3Harris,Technical Writer,95681848672,"Montreal, Quebec",Canada,,onsite,Mid,unknown,unknown,unknown,talentbrew,N/A,2026-06-13T01:06:51Z,https://careers.l3harris.com/en/job/montreal/technical-writer/4832/95681848672,
L3Harris,"Associate, Optical Engineer",95651243504,"Tulsa, OK",United States of America,,onsite,Junior,unknown,unknown,unknown,talentbrew,N/A,2026-06-13T01:06:51Z,https://careers.l3harris.com/en/job/tulsa/associate-optical-engineer/4832/95651243504,
L3Harris,"Lead, Software Engineer - DSP",95651243072,"Rochester, NY",United States of America,,onsite,Lead,unknown,unknown,unknown,talentbrew,N/A,2026-06-13T01:06:51Z,https://careers.l3harris.com/en/job/rochester/lead-software-engineer-dsp/4832/95651243072,
L3Harris,"Lead, Program Management",95921926256,"Salt Lake City, UT",United States of America,,onsite,Lead,unknown,unknown,unknown,talentbrew,N/A,2026-06-13T01:06:51Z,https://careers.l3harris.com/en/job/salt-lake-city/lead-program-management/4832/95921926256,
L3Harris,"Lead, Program Management",95921926208,"Salt Lake City, UT",United States of America,,onsite,Lead,unknown,unknown,unknown,talentbrew,N/A,2026-06-13T01:06:51Z,https://careers.l3harris.com/en/job/salt-lake-city/lead-program-management/4832/95921926208,
L3Harris,"Specialist, Software Engineering 1",95633912528,"San Diego, CA",United States of America,,onsite,Mid,unknown,unknown,unknown,talentbrew,N/A,2026-06-13T01:06:51Z,https://careers.l3harris.com/en/job/san-diego/specialist-software-engineering-1/4832/95633912528,
L3Harris,"Senior Specialist, Program Management",96013348208,Multiple Locations,United States of America,,onsite,Senior,unknown,unknown,unknown,talentbrew,N/A,2026-06-13T01:06:54Z,https://careers.l3harris.com/en/job/huntsville/senior-specialist-program-management/4832/96013348208,
L3Harris,"Lead, Program Management",95671840480,"Herndon, VA",United States of America,,onsite,Lead,unknown,unknown,unknown,talentbrew,N/A,2026-06-13T01:06:54Z,https://careers.l3harris.com/en/job/herndon/lead-program-management/4832/95671840480,
L3Harris,"Senior Specialist, Security Research Engineer",95639932816,Remote,United States of America,,remote,Senior,unknown,unknown,unknown,talentbrew,N/A,2026-06-13T01:06:54Z,https://careers.l3harris.com/en/job/united-states/senior-specialist-security-research-engineer/4832/95639932816,
L3Harris,Assembly C,95596666064,"Gardena, CA",United States of America,,onsite,Mid,unknown,unknown,unknown,talentbrew,N/A,2026-06-13T01:06:54Z,https://careers.l3harris.com/en/job/gardena/assembly-c/4832/95596666064,
L3Harris,"Specialist, Program, Management",95909534496,"Huntsville, AL",United States of America,,onsite,Mid,unknown,unknown,unknown,talentbrew,N/A,2026-06-13T01:06:54Z,https://careers.l3harris.com/en/job/huntsville/specialist-program-management/4832/95909534496,
L3Harris,"Specialist, Program Manager",95591418608,"Greenville, TX",United States of America,,onsite,Manager,unknown,unknown,unknown,talentbrew,N/A,2026-06-13T01:06:54Z,https://careers.l3harris.com/en/job/greenville/specialist-program-manager/4832/95591418608,
L3Harris,"Senior Specialist, Program Manager",95857662272,"Greenville, TX",United States of America,,onsite,Manager,unknown,unknown,unknown,talentbrew,N/A,2026-06-13T01:06:54Z,https://careers.l3harris.com/en/job/greenville/senior-specialist-program-manager/4832/95857662272,
L3Harris,"Senior Specialist, Electrical Engineering (FOS)",95430068240,"Cincinnati, OH",United States of America,,onsite,Senior,unknown,unknown,unknown,talentbrew,N/A,2026-06-13T01:06:54Z,https://careers.l3harris.com/en/job/cincinnati/senior-specialist-electrical-engineering-fos/4832/95430068240,
L3Harris,"Principal, Business Development - Space Force",95430068048,Remote,United States of America,,remote,Principal,unknown,unknown,unknown,talentbrew,N/A,2026-06-13T01:06:54Z,https://careers.l3harris.com/en/job/united-states/principal-business-development-space-force/4832/95430068048,
L3Harris,"Sr. Specialist, Software Engineering",95898727792,"Huntsville, AL",United States of America,,onsite,Senior,unknown,unknown,unknown,talentbrew,N/A,2026-06-13T01:06:54Z,https://careers.l3harris.com/en/job/huntsville/sr-specialist-software-engineering/4832/95898727792,
L3Harris,"Lead, Program Management",95676386688,"San Diego, CA",United States of America,,onsite,Lead,unknown,unknown,unknown,talentbrew,N/A,2026-06-13T01:06:54Z,https://careers.l3harris.com/en/job/san-diego/lead-program-management/4832/95676386688,
L3Harris,"Lead, Technical Accountant and EAC Portfolio Manager",95596666016,"Palm Bay, Brevard, FL",United States of America,,onsite,Lead,unknown,unknown,unknown,talentbrew,N/A,2026-06-13T01:06:54Z,https://careers.l3harris.com/en/job/palm-bay/lead-technical-accountant-and-eac-portfolio-manager/4832/95596666016,
L3Harris,Assembly C,95676386576,"North Amityville, NY",United States of America,,onsite,Mid,unknown,unknown,unknown,talentbrew,N/A,2026-06-13T01:06:54Z,https://careers.l3harris.com/en/job/north-amityville/assembly-c/4832/95676386576,
L3Harris,"Lead, IPTL Software Engineer (Optical Space Systems) : Sign-on bonus ($30K max)",95378317952,"Wilmington, MA",United States of America,,onsite,Lead,unknown,unknown,unknown,talentbrew,N/A,2026-06-13T01:06:54Z,https://careers.l3harris.com/en/job/wilmington/lead-iptl-software-engineer-optical-space-systems-sign-on-bonus-30k-max/4832/95378317952,
L3Harris,"Specialist, Software Engineer",95608260736,"Palm Bay, Brevard, FL",United States of America,,onsite,Mid,unknown,unknown,unknown,talentbrew,N/A,2026-06-13T01:06:54Z,https://careers.l3harris.com/en/job/palm-bay/specialist-software-engineer/4832/95608260736,
L3Harris,"Specialist, Software Engineering",95658220176,"Palm Bay, Brevard, FL",United States of America,,onsite,Mid,unknown,unknown,unknown,talentbrew,N/A,2026-06-13T01:06:57Z,https://careers.l3harris.com/en/job/palm-bay/specialist-software-engineering/4832/95658220176,
L3Harris,"Principal, Program Management Excellence- Acoustic Systems",95322413536,Multiple Locations,United States of America,,onsite,Principal,unknown,unknown,unknown,talentbrew,N/A,2026-06-13T01:06:57Z,https://careers.l3harris.com/en/job/millersville/principal-program-management-excellence-acoustic-systems/4832/95322413536,
L3Harris,"Senior Specialist, Software Engineering",95658220160,"Palm Bay, Brevard, FL",United States of America,,onsite,Senior,unknown,unknown,unknown,talentbrew,N/A,2026-06-13T01:06:57Z,https://careers.l3harris.com/en/job/palm-bay/senior-specialist-software-engineering/4832/95658220160,
L3Harris,"Senior Specialist, Software Engineering",95658220144,"Palm Bay, Brevard, FL",United States of America,,onsite,Senior,unknown,unknown,unknown,talentbrew,N/A,2026-06-13T01:06:57Z,https://careers.l3harris.com/en/job/palm-bay/senior-specialist-software-engineering/4832/95658220144,
L3Harris,"Senior Manager, Software Engineer",95345882176,"Camden, NJ",United States of America,,onsite,Manager,unknown,unknown,unknown,talentbrew,N/A,2026-06-13T01:06:57Z,https://careers.l3harris.com/en/job/camden/senior-manager-software-engineer/4832/95345882176,
L3Harris,"Sr. Spec, Program Management",95304361152,"Clifton, NJ",United States of America,,onsite,Senior,unknown,unknown,unknown,talentbrew,N/A,2026-06-13T01:06:57Z,https://careers.l3harris.com/en/job/clifton/sr-spec-program-management/4832/95304361152,
L3Harris,"Senior Associate, Configuration Management",95298992976,"Waco, TX",United States of America,,onsite,Senior,unknown,unknown,unknown,talentbrew,N/A,2026-06-13T01:06:57Z,https://careers.l3harris.com/en/job/waco/senior-associate-configuration-management/4832/95298992976,
L3Harris,"Specialist, Software Engineering",95336249200,"Nashville, TN",United States of America,,onsite,Mid,unknown,unknown,unknown,talentbrew,N/A,2026-06-13T01:06:57Z,https://careers.l3harris.com/en/job/nashville/specialist-software-engineering/4832/95336249200,
L3Harris,"Specialist, Software Engineer (Cloud Web Development)",95420295504,"Patrick Air Force Base, FL",United States of America,,onsite,Mid,unknown,unknown,unknown,talentbrew,N/A,2026-06-13T01:06:57Z,https://careers.l3harris.com/en/job/patrick-air-force-base/specialist-software-engineer-cloud-web-development/4832/95420295504,
L3Harris,"Senior Specialist, Program Management",95340787856,"Canoga Park, CA",United States of America,,onsite,Senior,unknown,unknown,unknown,talentbrew,N/A,2026-06-13T01:06:57Z,https://careers.l3harris.com/en/job/canoga-park/senior-specialist-program-management/4832/95340787856,
L3Harris,"Specialist, Program Management",96216685488,"Greenville, TX",United States of America,,onsite,Mid,unknown,unknown,unknown,talentbrew,N/A,2026-06-13T01:06:57Z,https://careers.l3harris.com/en/job/greenville/specialist-program-management/4832/96216685488,
L3Harris,"Lead, Software Engineer - Tactical Data Link",95091824800,Multiple Locations,United States of America,,onsite,Lead,unknown,unknown,unknown,talentbrew,N/A,2026-06-13T01:06:57Z,https://careers.l3harris.com/en/job/san-diego/lead-software-engineer-tactical-data-link/4832/95091824800,
L3Harris,Integration Specialist,95728075024,"Montreal, Quebec",Canada,,onsite,Mid,unknown,unknown,unknown,talentbrew,N/A,2026-06-13T01:06:57Z,https://careers.l3harris.com/en/job/montreal/integration-specialist/4832/95728075024,
L3Harris,"Lead, Program Management",95441285024,"Mason, OH",United States of America,,onsite,Lead,unknown,unknown,unknown,talentbrew,N/A,2026-06-13T01:06:57Z,https://careers.l3harris.com/en/job/mason/lead-program-management/4832/95441285024,
L3Harris,"Specialist, Environmental, Health &amp; Safety Generalist",95066230720,"Mason, OH",United States of America,,onsite,Mid,unknown,unknown,unknown,talentbrew,N/A,2026-06-13T01:06:57Z,https://careers.l3harris.com/en/job/mason/specialist-environmental-health-and-safety-generalist/4832/95066230720,
L3Harris,Schedule Integrator,96348194656,Multiple Locations,United States of America,,onsite,Mid,unknown,unknown,unknown,talentbrew,N/A,2026-06-13T01:07:00Z,https://careers.l3harris.com/en/job/camden/schedule-integrator/4832/96348194656,
L3Harris,"Specialist, Program Management",95909534304,Multiple Locations,United States of America,,onsite,Mid,unknown,unknown,unknown,talentbrew,N/A,2026-06-13T01:07:00Z,https://careers.l3harris.com/en/job/huntsville/specialist-program-management/4832/95909534304,
L3Harris,Quality Inspector C - First Shift,96299144624,"Redmond, WA",United States of America,,onsite,Mid,unknown,unknown,unknown,talentbrew,N/A,2026-06-13T01:07:00Z,https://careers.l3harris.com/en/job/redmond/quality-inspector-c-first-shift/4832/96299144624,
L3Harris,Quality Technician B,96278022736,"Rochester, NY",United States of America,,onsite,Mid,unknown,unknown,unknown,talentbrew,N/A,2026-06-13T01:07:00Z,https://careers.l3harris.com/en/job/rochester/quality-technician-b/4832/96278022736,
L3Harris,Quality Control Inspector C,96278022688,"Rochester, NY",United States of America,,onsite,Mid,unknown,unknown,unknown,talentbrew,N/A,2026-06-13T01:07:00Z,https://careers.l3harris.com/en/job/rochester/quality-control-inspector-c/4832/96278022688,
L3Harris,Assembly A,96266414592,"Tempe, AZ",United States of America,,onsite,Mid,unknown,unknown,unknown,talentbrew,N/A,2026-06-13T01:07:00Z,https://careers.l3harris.com/en/job/tempe/assembly-a/4832/96266414592,
L3Harris,Quality Assurance Engineer,96278022992,"Yorba Linda, CA",United States of America,,onsite,Mid,unknown,unknown,unknown,talentbrew,N/A,2026-06-13T01:07:00Z,https://careers.l3harris.com/en/job/yorba-linda/quality-assurance-engineer/4832/96278022992,
L3Harris,"Principal, Supply Chain Program Management",96266414272,"Fort Wayne, IN",United States of America,,onsite,Principal,unknown,unknown,unknown,talentbrew,N/A,2026-06-13T01:07:00Z,https://careers.l3harris.com/en/job/fort-wayne/principal-supply-chain-program-management/4832/96266414272,
L3Harris,Quality Assurance Engineer,96278023120,"Yorba Linda, CA",United States of America,,onsite,Mid,unknown,unknown,unknown,talentbrew,N/A,2026-06-13T01:07:00Z,https://careers.l3harris.com/en/job/yorba-linda/quality-assurance-engineer/4832/96278023120,
L3Harris,Facility Technician B (Grounds)  - 1st Shift,96266413040,"Orange, VA",United States of America,,onsite,Mid,unknown,unknown,unknown,talentbrew,N/A,2026-06-13T01:07:00Z,https://careers.l3harris.com/en/job/orange/facility-technician-b-grounds-1st-shift/4832/96266413040,
L3Harris,Facility Technician C (Plumbing) - 2nd Shift,96255791088,"Orange, VA",United States of America,,onsite,Mid,unknown,unknown,unknown,talentbrew,N/A,2026-06-13T01:07:00Z,https://careers.l3harris.com/en/job/orange/facility-technician-c-plumbing-2nd-shift/4832/96255791088,
L3Harris,Facility Technician C (HVAC) - 2nd Shift,96255791056,"Orange, VA",United States of America,,onsite,Mid,unknown,unknown,unknown,talentbrew,N/A,2026-06-13T01:07:00Z,https://careers.l3harris.com/en/job/orange/facility-technician-c-hvac-2nd-shift/4832/96255791056,
L3Harris,Facility Technician B (Industrial Mechanic) - 1st Shift,96255791008,"Orange, VA",United States of America,,onsite,Mid,unknown,unknown,unknown,talentbrew,N/A,2026-06-13T01:07:00Z,https://careers.l3harris.com/en/job/orange/facility-technician-b-industrial-mechanic-1st-shift/4832/96255791008,
L3Harris,Manufacturing Technician B - 2nd Shift,96255790944,"Orange, VA",United States of America,,onsite,Mid,unknown,unknown,unknown,talentbrew,N/A,2026-06-13T01:07:00Z,https://careers.l3harris.com/en/job/orange/manufacturing-technician-b-2nd-shift/4832/96255790944,
L3Harris,"Sr. Supervisor, Engineering Services",96255790992,"Waco, TX",United States of America,,onsite,Senior,unknown,unknown,unknown,talentbrew,N/A,2026-06-13T01:07:00Z,https://careers.l3harris.com/en/job/waco/sr-supervisor-engineering-services/4832/96255790992,
L3Harris,"Senior Specialist, Mechanical Engineering(Sign-on bonus-$15k-$25k)",96255790864,"Waco, TX",United States of America,,onsite,Senior,unknown,unknown,unknown,talentbrew,N/A,2026-06-13T01:07:03Z,https://careers.l3harris.com/en/job/waco/senior-specialist-mechanical-engineering-sign-on-bonus-15k-25k/4832/96255790864,
L3Harris,"Lead, Mechanical Engineering(Sign-on bonus-$15k-$25k)",96234192064,"Waco, TX",United States of America,,onsite,Lead,unknown,unknown,unknown,talentbrew,N/A,2026-06-13T01:07:03Z,https://careers.l3harris.com/en/job/waco/lead-mechanical-engineering-sign-on-bonus-15k-25k/4832/96234192064,
L3Harris,"Associate Manager, Mechanical Engineering(Sign-on bonus-$15k-25k)",96234191968,"Waco, TX",United States of America,,onsite,Manager,unknown,unknown,unknown,talentbrew,N/A,2026-06-13T01:07:03Z,https://careers.l3harris.com/en/job/waco/associate-manager-mechanical-engineering-sign-on-bonus-15k-25k/4832/96234191968,
L3Harris,"Specialist, Mechanical Engineering",96234191952,"Waco, TX",United States of America,,onsite,Mid,unknown,unknown,unknown,talentbrew,N/A,2026-06-13T01:07:03Z,https://careers.l3harris.com/en/job/waco/specialist-mechanical-engineering/4832/96234191952,
L3Harris,"Lead, Contracts (Contracts Manager)",96234191904,"Rochester, NY",United States of America,,onsite,Lead,unknown,unknown,unknown,talentbrew,N/A,2026-06-13T01:07:03Z,https://careers.l3harris.com/en/job/rochester/lead-contracts-contracts-manager/4832/96234191904,
L3Harris,Financial Analyst (FP&amp;A),96234191872,"Montreal, Quebec",Canada,,onsite,Mid,unknown,unknown,unknown,talentbrew,N/A,2026-06-13T01:07:03Z,https://careers.l3harris.com/en/job/montreal/financial-analyst-fp-and-a/4832/96234191872,
L3Harris,"Senior Specialist, Information Security Systems Engineer",96255790672,"Palm Bay, Brevard, FL",United States of America,,onsite,Senior,unknown,unknown,unknown,talentbrew,N/A,2026-06-13T01:07:03Z,https://careers.l3harris.com/en/job/palm-bay/senior-specialist-information-security-systems-engineer/4832/96255790672,
L3Harris,Manufacturing Technician B - 2nd Shift,96222168256,"John C Stennis Space Center, MS",United States of America,,onsite,Mid,unknown,unknown,unknown,talentbrew,N/A,2026-06-13T01:07:03Z,https://careers.l3harris.com/en/job/john-c-stennis-space-center/manufacturing-technician-b-2nd-shift/4832/96222168256,
L3Harris,Propulsion Products Specialist,96266413824,"Canoga Park, CA",United States of America,,onsite,Mid,unknown,unknown,unknown,talentbrew,N/A,2026-06-13T01:07:03Z,https://careers.l3harris.com/en/job/canoga-park/propulsion-products-specialist/4832/96266413824,
L3Harris,Nashville - Career Fair,96216685520,"Nashville, TN",United States of America,,onsite,Mid,unknown,unknown,unknown,talentbrew,N/A,2026-06-13T01:07:03Z,https://careers.l3harris.com/en/job/nashville/nashville-career-fair/4832/96216685520,
L3Harris,"Lead, Info Security Sys Engineering",96255790640,"Greenville, TX",United States of America,,onsite,Lead,unknown,unknown,unknown,talentbrew,N/A,2026-06-13T01:07:03Z,https://careers.l3harris.com/en/job/greenville/lead-info-security-sys-engineering/4832/96255790640,
L3Harris,CNC Programmer/Machinist- 1st Shift,96212126464,"Carlstadt, NJ",United States of America,,onsite,Mid,unknown,unknown,unknown,talentbrew,N/A,2026-06-13T01:07:03Z,https://careers.l3harris.com/en/job/carlstadt/cnc-programmer-machinist-1st-shift/4832/96212126464,
L3Harris,Manual Machinist- 2nd Shift,96212126432,"Carlstadt, NJ",United States of America,,onsite,Mid,unknown,unknown,unknown,talentbrew,N/A,2026-06-13T01:07:03Z,https://careers.l3harris.com/en/job/carlstadt/manual-machinist-2nd-shift/4832/96212126432,
L3Harris,"Senior Specialist,  Automation Engineer",96222168128,"Orange, VA",United States of America,,onsite,Senior,unknown,unknown,unknown,talentbrew,N/A,2026-06-13T01:07:03Z,https://careers.l3harris.com/en/job/orange/senior-specialist-automation-engineer/4832/96222168128,
L3Harris,"Specialist, Electronic Warfare Systems Engineer",96212126480,"Salt Lake City, UT",United States of America,,onsite,Mid,unknown,unknown,unknown,talentbrew,N/A,2026-06-13T01:07:03Z,https://careers.l3harris.com/en/job/salt-lake-city/specialist-electronic-warfare-systems-engineer/4832/96212126480,
L3Harris,"Specialist, Quality Engineering",96234192032,"Waterdown, Ontario",Canada,,onsite,Mid,unknown,unknown,unknown,talentbrew,N/A,2026-06-13T01:07:06Z,https://careers.l3harris.com/en/job/waterdown/specialist-quality-engineering/4832/96234192032,
L3Harris,"Senior Associate, Network Planning Engineer (Melbourne, FL)",96266413744,"Melbourne, FL",United States of America,,onsite,Senior,unknown,unknown,unknown,talentbrew,N/A,2026-06-13T01:07:06Z,https://careers.l3harris.com/en/job/melbourne/senior-associate-network-planning-engineer-melbourne-fl/4832/96266413744,
L3Harris,Software Developer,96266413920,"Montreal, Quebec",Canada,,onsite,Mid,unknown,unknown,unknown,talentbrew,N/A,2026-06-13T01:07:06Z,https://careers.l3harris.com/en/job/montreal/software-developer/4832/96266413920,
L3Harris,"Group Leader, Documentation and Training",96255791040,"Montreal, Quebec",Canada,,onsite,Mid,unknown,unknown,unknown,talentbrew,N/A,2026-06-13T01:07:06Z,https://careers.l3harris.com/en/job/montreal/group-leader-documentation-and-training/4832/96255791040,
L3Harris,Preflight Mechanic,96202826464,"Mirabel, Quebec",Canada,,onsite,Mid,unknown,unknown,unknown,talentbrew,N/A,2026-06-13T01:07:06Z,https://careers.l3harris.com/en/job/mirabel/preflight-mechanic/4832/96202826464,
L3Harris,Avionics Technician,96202826480,"Mirabel, Quebec",Canada,,onsite,Mid,unknown,unknown,unknown,talentbrew,N/A,2026-06-13T01:07:06Z,https://careers.l3harris.com/en/job/mirabel/avionics-technician/4832/96202826480,
L3Harris,Senior Proposal Specialist,96190932304,"Ottawa, Ontario",Canada,,onsite,Senior,unknown,unknown,unknown,talentbrew,N/A,2026-06-13T01:07:06Z,https://careers.l3harris.com/en/job/ottawa/senior-proposal-specialist/4832/96190932304,
L3Harris,"Lead, Project Engineer",96222168208,"Salt Lake City, UT",United States of America,,onsite,Lead,unknown,unknown,unknown,talentbrew,N/A,2026-06-13T01:07:06Z,https://careers.l3harris.com/en/job/salt-lake-city/lead-project-engineer/4832/96222168208,
L3Harris,"Specialist, Project Engineering",96190932256,"Ottawa, Ontario",Canada,,onsite,Mid,unknown,unknown,unknown,talentbrew,N/A,2026-06-13T01:07:06Z,https://careers.l3harris.com/en/job/ottawa/specialist-project-engineering/4832/96190932256,
L3Harris,"Lead, Quality Engineer - NDT Level III RT/PT",96179150592,"Redmond, WA",United States of America,,onsite,Lead,unknown,unknown,unknown,talentbrew,N/A,2026-06-13T01:07:06Z,https://careers.l3harris.com/en/job/redmond/lead-quality-engineer-ndt-level-iii-rt-pt/4832/96179150592,
L3Harris,"Manager, Production Planning",96179150288,"Malabar, FL",United States of America,,onsite,Manager,unknown,unknown,unknown,talentbrew,N/A,2026-06-13T01:07:06Z,https://careers.l3harris.com/en/job/malabar/manager-production-planning/4832/96179150288,
L3Harris,Administration Support,96190931792,"Greenville, TX",United States of America,,onsite,Mid,unknown,unknown,unknown,talentbrew,N/A,2026-06-13T01:07:06Z,https://careers.l3harris.com/en/job/greenville/administration-support/4832/96190931792,
L3Harris,"Lead, System Integration Engineering (IPTL / LSE)",96173836144,"Ashburn, VA",United States of America,,onsite,Lead,unknown,unknown,unknown,talentbrew,N/A,2026-06-13T01:07:06Z,https://careers.l3harris.com/en/job/ashburn/lead-system-integration-engineering-iptl-lse/4832/96173836144,
L3Harris,"Senior Associate, Manufacturing Engineering",96278022768,"Camden, AR",United States of America,,onsite,Senior,unknown,unknown,unknown,talentbrew,N/A,2026-06-13T01:07:06Z,https://careers.l3harris.com/en/job/camden/senior-associate-manufacturing-engineering/4832/96278022768,
L3Harris,Continuous Improvement Lead,96169231312,"Mirabel, Quebec",Canada,,onsite,Mid,unknown,unknown,unknown,talentbrew,N/A,2026-06-13T01:07:06Z,https://careers.l3harris.com/en/job/mirabel/continuous-improvement-lead/4832/96169231312,
L3Harris,"Sr. Specialist, Manufacturing Engineer",96155111056,"Camden, AR",United States of America,,onsite,Senior,unknown,unknown,unknown,talentbrew,N/A,2026-06-13T01:07:09Z,https://careers.l3harris.com/en/job/camden/sr-specialist-manufacturing-engineer/4832/96155111056,
L3Harris,"Senior Specialist, Manufacturing Engineer",96155111040,"Camden, AR",United States of America,,onsite,Senior,unknown,unknown,unknown,talentbrew,N/A,2026-06-13T01:07:09Z,https://careers.l3harris.com/en/job/camden/senior-specialist-manufacturing-engineer/4832/96155111040,
L3Harris,"Sr. Specialist, Automation Engineer",96155111024,"Camden, AR",United States of America,,onsite,Senior,unknown,unknown,unknown,talentbrew,N/A,2026-06-13T01:07:09Z,https://careers.l3harris.com/en/job/camden/sr-specialist-automation-engineer/4832/96155111024,
L3Harris,"Senior Associate, Manufacturing Engineer",96155110992,"Camden, AR",United States of America,,onsite,Senior,unknown,unknown,unknown,talentbrew,N/A,2026-06-13T01:07:09Z,https://careers.l3harris.com/en/job/camden/senior-associate-manufacturing-engineer/4832/96155110992,
L3Harris,"Associate, Systems Engineer",96147787840,"Salt Lake City, UT",United States of America,,onsite,Junior,unknown,unknown,unknown,talentbrew,N/A,2026-06-13T01:07:09Z,https://careers.l3harris.com/en/job/salt-lake-city/associate-systems-engineer/4832/96147787840,
L3Harris,"Associate Manager, Integration and Test Engineering",96222167856,"Fort Wayne, IN",United States of America,,onsite,Manager,unknown,unknown,unknown,talentbrew,N/A,2026-06-13T01:07:09Z,https://careers.l3harris.com/en/job/fort-wayne/associate-manager-integration-and-test-engineering/4832/96222167856,
L3Harris,"Lead, Integration and Test Engineering",96065959984,"Fort Wayne, IN",United States of America,,onsite,Lead,unknown,unknown,unknown,talentbrew,N/A,2026-06-13T01:07:09Z,https://careers.l3harris.com/en/job/fort-wayne/lead-integration-and-test-engineering/4832/96065959984,
L3Harris,"Specialist, Design (PCB Design)",96065959968,"Rochester, NY",United States of America,,onsite,Mid,unknown,unknown,unknown,talentbrew,N/A,2026-06-13T01:07:09Z,https://careers.l3harris.com/en/job/rochester/specialist-design-pcb-design/4832/96065959968,
L3Harris,"Senior Manager, Systems Engineering (Space Vehicle Design Technical Manager)",96065959936,Multiple Locations,United States of America,,onsite,Manager,unknown,unknown,unknown,talentbrew,N/A,2026-06-13T01:07:09Z,https://careers.l3harris.com/en/job/palm-bay/senior-manager-systems-engineering-space-vehicle-design-technical-manager/4832/96065959936,
L3Harris,"Specialist, Configuration Management",96299144640,"Clifton, NJ",United States of America,,onsite,Mid,unknown,unknown,unknown,talentbrew,N/A,2026-06-13T01:07:09Z,https://careers.l3harris.com/en/job/clifton/specialist-configuration-management/4832/96299144640,
L3Harris,Principal Integrated Logistics/Product Support Manager,96058933936,Multiple Locations,United States of America,,onsite,Principal,unknown,unknown,unknown,talentbrew,N/A,2026-06-13T01:07:09Z,https://careers.l3harris.com/en/job/plano/principal-integrated-logistics-product-support-manager/4832/96058933936,
L3Harris,"Lead, Responsible Engineer Authority",96046118384,"Camden, AR",United States of America,,onsite,Lead,unknown,unknown,unknown,talentbrew,N/A,2026-06-13T01:07:09Z,https://careers.l3harris.com/en/job/camden/lead-responsible-engineer-authority/4832/96046118384,
L3Harris,"Specialist, Subcontracts",96190931456,"Nashville, TN",United States of America,,onsite,Mid,unknown,unknown,unknown,talentbrew,N/A,2026-06-13T01:07:09Z,https://careers.l3harris.com/en/job/nashville/specialist-subcontracts/4832/96190931456,
L3Harris,"Subcontracts, Senior Specialist",96190931264,"Nashville, TN",United States of America,,onsite,Senior,unknown,unknown,unknown,talentbrew,N/A,2026-06-13T01:07:09Z,https://careers.l3harris.com/en/job/nashville/subcontracts-senior-specialist/4832/96190931264,
L3Harris,"Specialist, Procurement",96190930976,"Nashville, TN",United States of America,,onsite,Mid,unknown,unknown,unknown,talentbrew,N/A,2026-06-13T01:07:09Z,https://careers.l3harris.com/en/job/nashville/specialist-procurement/4832/96190930976,
L3Harris,"Sr. Manager, Subcontracts",96190930912,"Nashville, TN",United States of America,,onsite,Manager,unknown,unknown,unknown,talentbrew,N/A,2026-06-13T01:07:12Z,https://careers.l3harris.com/en/job/nashville/sr-manager-subcontracts/4832/96190930912,
L3Harris,"Manager, Mechanical Engineering",96040458352,"Waterdown, Ontario",Canada,,onsite,Manager,unknown,unknown,unknown,talentbrew,N/A,2026-06-13T01:07:12Z,https://careers.l3harris.com/en/job/waterdown/manager-mechanical-engineering/4832/96040458352,
L3Harris,"Manager, Electrical Engineering",96179209248,"Salt Lake City, UT",United States of America,,onsite,Manager,unknown,unknown,unknown,talentbrew,N/A,2026-06-13T01:07:12Z,https://careers.l3harris.com/en/job/salt-lake-city/manager-electrical-engineering/4832/96179209248,
L3Harris,"Associate Manager, Production Planning",96278022928,"Mason, OH",United States of America,,onsite,Manager,unknown,unknown,unknown,talentbrew,N/A,2026-06-13T01:07:12Z,https://careers.l3harris.com/en/job/mason/associate-manager-production-planning/4832/96278022928,
L3Harris,"Senior Specialist, Mechanical Designer",96040458304,"Waterdown, Ontario",Canada,,onsite,Senior,unknown,unknown,unknown,talentbrew,N/A,2026-06-13T01:07:12Z,https://careers.l3harris.com/en/job/waterdown/senior-specialist-mechanical-designer/4832/96040458304,
L3Harris,"Specialist, Field Engineer (A&amp;P)",96173836016,"Fayetteville, NC",United States of America,,onsite,Mid,unknown,unknown,unknown,talentbrew,N/A,2026-06-13T01:07:12Z,https://careers.l3harris.com/en/job/fayetteville/specialist-field-engineer-a-and-p/4832/96173836016,
L3Harris,"Sr. Specialist, Electrical Engineer",96212126496,"Clifton, NJ",United States of America,,onsite,Senior,unknown,unknown,unknown,talentbrew,N/A,2026-06-13T01:07:12Z,https://careers.l3harris.com/en/job/clifton/sr-specialist-electrical-engineer/4832/96212126496,
L3Harris,"Sr. Specialist, Circuit Card Assembly Manufacturing Engineer- 1 1",96179209232,"Salt Lake City, UT",United States of America,,onsite,Senior,unknown,unknown,unknown,talentbrew,N/A,2026-06-13T01:07:12Z,https://careers.l3harris.com/en/job/salt-lake-city/sr-specialist-circuit-card-assembly-manufacturing-engineer-1-1/4832/96179209232,
L3Harris,"Specialist, Logistics",96266414000,"Malabar, FL",United States of America,,onsite,Mid,unknown,unknown,unknown,talentbrew,N/A,2026-06-13T01:07:12Z,https://careers.l3harris.com/en/job/malabar/specialist-logistics/4832/96266414000,
L3Harris,"Specialist, Project Management",96266413520,"Greenville, TX",United States of America,,onsite,Mid,unknown,unknown,unknown,talentbrew,N/A,2026-06-13T01:07:12Z,https://careers.l3harris.com/en/job/greenville/specialist-project-management/4832/96266413520,
L3Harris,"Manager, Systems Engineer",96169231328,"Londonderry, NH",United States of America,,onsite,Manager,unknown,unknown,unknown,talentbrew,N/A,2026-06-13T01:07:12Z,https://careers.l3harris.com/en/job/londonderry/manager-systems-engineer/4832/96169231328,
L3Harris,"Specialist, Information Security Systems Engineering 1",96040458256,"Salt Lake City, UT",United States of America,,onsite,Mid,unknown,unknown,unknown,talentbrew,N/A,2026-06-13T01:07:12Z,https://careers.l3harris.com/en/job/salt-lake-city/specialist-information-security-systems-engineering-1/4832/96040458256,
L3Harris,Associate Purchasing Manager,96216685424,"Huntsville, AL",United States of America,,onsite,Manager,unknown,unknown,unknown,talentbrew,N/A,2026-06-13T01:07:12Z,https://careers.l3harris.com/en/job/huntsville/associate-purchasing-manager/4832/96216685424,
L3Harris,Security Support B,96035579888,"Greenville, TX",United States of America,,onsite,Mid,unknown,unknown,unknown,talentbrew,N/A,2026-06-13T01:07:12Z,https://careers.l3harris.com/en/job/greenville/security-support-b/4832/96035579888,
L3Harris,"Manager, Production Planning (Malabar, FL)",96190931392,"Malabar, FL",United States of America,,onsite,Manager,unknown,unknown,unknown,talentbrew,N/A,2026-06-13T01:07:12Z,https://careers.l3harris.com/en/job/malabar/manager-production-planning-malabar-fl/4832/96190931392,
L3Harris,"Specialist, Cyber Intelligence - ISSO",96040458240,"Greenville, TX",United States of America,,onsite,Mid,unknown,unknown,unknown,talentbrew,N/A,2026-06-13T01:07:15Z,https://careers.l3harris.com/en/job/greenville/specialist-cyber-intelligence-isso/4832/96040458240,
L3Harris,"Senior Specialist, Manufacturing Engineer (Malabar, FL)",96190931328,"Malabar, FL",United States of America,,onsite,Senior,unknown,unknown,unknown,talentbrew,N/A,2026-06-13T01:07:15Z,https://careers.l3harris.com/en/job/malabar/senior-specialist-manufacturing-engineer-malabar-fl/4832/96190931328,
L3Harris,"Specialist, Manufacturing Engineer (Malabar, FL)",96190931168,"Malabar, FL",United States of America,,onsite,Mid,unknown,unknown,unknown,talentbrew,N/A,2026-06-13T01:07:15Z,https://careers.l3harris.com/en/job/malabar/specialist-manufacturing-engineer-malabar-fl/4832/96190931168,
L3Harris,Senior Specialist Systems Engineering,96000651568,"Yorba Linda, CA",United States of America,,onsite,Senior,unknown,unknown,unknown,talentbrew,N/A,2026-06-13T01:07:15Z,https://careers.l3harris.com/en/job/yorba-linda/senior-specialist-systems-engineering/4832/96000651568,
L3Harris,"Specialist, Design",96222168368,"Salt Lake City, UT",United States of America,,onsite,Mid,unknown,unknown,unknown,talentbrew,N/A,2026-06-13T01:07:15Z,https://careers.l3harris.com/en/job/salt-lake-city/specialist-design/4832/96222168368,
L3Harris,"Specialist, Engineering Services 1",96266413952,"Palm Bay, Brevard, FL",United States of America,,onsite,Mid,unknown,unknown,unknown,talentbrew,N/A,2026-06-13T01:07:15Z,https://careers.l3harris.com/en/job/palm-bay/specialist-engineering-services-1/4832/96266413952,
L3Harris,"Lead, Subcontracts",96266414448,Remote,United States of America,,remote,Lead,unknown,unknown,unknown,talentbrew,N/A,2026-06-13T01:07:15Z,https://careers.l3harris.com/en/job/united-states/lead-subcontracts/4832/96266414448,
L3Harris,"Senior Specialist, Manufacturing Engineer",95990114128,"Carlstadt, NJ",United States of America,,onsite,Senior,unknown,unknown,unknown,talentbrew,N/A,2026-06-13T01:07:15Z,https://careers.l3harris.com/en/job/carlstadt/senior-specialist-manufacturing-engineer/4832/95990114128,
L3Harris,"Specialist, Quality Engineer",96035579488,"San Diego, CA",United States of America,,onsite,Mid,unknown,unknown,unknown,talentbrew,N/A,2026-06-13T01:07:15Z,https://careers.l3harris.com/en/job/san-diego/specialist-quality-engineer/4832/96035579488,
L3Harris,"Senior Specialist, Mechanical Engineering",95990114112,"Mason, OH",United States of America,,onsite,Senior,unknown,unknown,unknown,talentbrew,N/A,2026-06-13T01:07:15Z,https://careers.l3harris.com/en/job/mason/senior-specialist-mechanical-engineering/4832/95990114112,
L3Harris,"Lead, Antenna Design Electrical Engineer",95990114032,"Rockwall, TX",United States of America,,onsite,Lead,unknown,unknown,unknown,talentbrew,N/A,2026-06-13T01:07:15Z,https://careers.l3harris.com/en/job/rockwall/lead-antenna-design-electrical-engineer/4832/95990114032,
L3Harris,Assembly (Support) C,96190932064,"San Diego, CA",United States of America,,onsite,Mid,unknown,unknown,unknown,talentbrew,N/A,2026-06-13T01:07:15Z,https://careers.l3harris.com/en/job/san-diego/assembly-support-c/4832/96190932064,
L3Harris,"Specialist, Subcontracts",96234192160,Remote,United States of America,,remote,Mid,unknown,unknown,unknown,talentbrew,N/A,2026-06-13T01:07:15Z,https://careers.l3harris.com/en/job/united-states/specialist-subcontracts/4832/96234192160,
L3Harris,"Senior Specialist, Project Engineering",96179150416,"West Palm Beach, FL",United States of America,,onsite,Senior,unknown,unknown,unknown,talentbrew,N/A,2026-06-13T01:07:15Z,https://careers.l3harris.com/en/job/west-palm-beach/senior-specialist-project-engineering/4832/96179150416,
L3Harris,"Senior Specialist, Project Engin",96179150352,"West Palm Beach, FL",United States of America,,onsite,Senior,unknown,unknown,unknown,talentbrew,N/A,2026-06-13T01:07:15Z,https://careers.l3harris.com/en/job/west-palm-beach/senior-specialist-project-engin/4832/96179150352,
L3Harris,"Lead,  Networking Systems Engineer",96035579808,"Salt Lake City, UT",United States of America,,onsite,Lead,unknown,unknown,unknown,talentbrew,N/A,2026-06-13T01:07:18Z,https://careers.l3harris.com/en/job/salt-lake-city/lead-networking-systems-engineer/4832/96035579808,
L3Harris,"Sr. Associate, PCB Design",95994967024,"Salt Lake City, UT",United States of America,,onsite,Senior,unknown,unknown,unknown,talentbrew,N/A,2026-06-13T01:07:18Z,https://careers.l3harris.com/en/job/salt-lake-city/sr-associate-pcb-design/4832/95994967024,
L3Harris,"Manager, Mechanical Engineering",96255790736,"Camden, AR",United States of America,,onsite,Manager,unknown,unknown,unknown,talentbrew,N/A,2026-06-13T01:07:18Z,https://careers.l3harris.com/en/job/camden/manager-mechanical-engineering/4832/96255790736,
L3Harris,"Senior Manager, Operations Management",95967620800,"Camden, AR",United States of America,,onsite,Manager,unknown,unknown,unknown,talentbrew,N/A,2026-06-13T01:07:18Z,https://careers.l3harris.com/en/job/camden/senior-manager-operations-management/4832/95967620800,
L3Harris,"Manager, Mechanical Engineering(Sign-on bonus-$15k-$25k)",95967620224,"Waco, TX",United States of America,,onsite,Manager,unknown,unknown,unknown,talentbrew,N/A,2026-06-13T01:07:18Z,https://careers.l3harris.com/en/job/waco/manager-mechanical-engineering-sign-on-bonus-15k-25k/4832/95967620224,
L3Harris,Quality Control Inspector B,95967620080,"Rochester, NY",United States of America,,onsite,Mid,unknown,unknown,unknown,talentbrew,N/A,2026-06-13T01:07:18Z,https://careers.l3harris.com/en/job/rochester/quality-control-inspector-b/4832/95967620080,
L3Harris,"Specialist, Engineering Services",95994967168,"Palm Bay, Brevard, FL",United States of America,,onsite,Mid,unknown,unknown,unknown,talentbrew,N/A,2026-06-13T01:07:18Z,https://careers.l3harris.com/en/job/palm-bay/specialist-engineering-services/4832/95994967168,
L3Harris,Assembly B-2nd Shift,95954640288,"Tempe, AZ",United States of America,,onsite,Mid,unknown,unknown,unknown,talentbrew,N/A,2026-06-13T01:07:18Z,https://careers.l3harris.com/en/job/tempe/assembly-b-2nd-shift/4832/95954640288,
L3Harris,Manufacturing Technician C,95954640176,"Londonderry, NH",United States of America,,onsite,Mid,unknown,unknown,unknown,talentbrew,N/A,2026-06-13T01:07:18Z,https://careers.l3harris.com/en/job/londonderry/manufacturing-technician-c/4832/95954640176,
L3Harris,"Specialist, Integration &amp; Test Engineer",95967620592,"Offutt Air Force Base, Sarpy, NE",United States of America,,onsite,Mid,unknown,unknown,unknown,talentbrew,N/A,2026-06-13T01:07:18Z,https://careers.l3harris.com/en/job/offutt-air-force-base/specialist-integration-and-test-engineer/4832/95967620592,
L3Harris,"Inspector B - Weekends, Nights",96169231280,"Camden, AR",United States of America,,onsite,Mid,unknown,unknown,unknown,talentbrew,N/A,2026-06-13T01:07:18Z,https://careers.l3harris.com/en/job/camden/inspector-b-weekends-nights/4832/96169231280,
L3Harris,"Specialist, Electrical Engineer",96025885344,"Canoga Park, CA",United States of America,,onsite,Mid,unknown,unknown,unknown,talentbrew,N/A,2026-06-13T01:07:18Z,https://careers.l3harris.com/en/job/canoga-park/specialist-electrical-engineer/4832/96025885344,
L3Harris,"Senior Specialist, Supply Chain Management (Supplier Development)",95954639952,"Huntsville, AL",United States of America,,onsite,Senior,unknown,unknown,unknown,talentbrew,N/A,2026-06-13T01:07:18Z,https://careers.l3harris.com/en/job/huntsville/senior-specialist-supply-chain-management-supplier-development/4832/95954639952,
L3Harris,"Senior Associate, Electrical Engineer",96222168048,"Rochester, NY",United States of America,,onsite,Senior,unknown,unknown,unknown,talentbrew,N/A,2026-06-13T01:07:18Z,https://careers.l3harris.com/en/job/rochester/senior-associate-electrical-engineer/4832/96222168048,
L3Harris,"Senior Specialist, Systems Engineer",95994967104,"Salt Lake City, UT",United States of America,,onsite,Senior,unknown,unknown,unknown,talentbrew,N/A,2026-06-13T01:07:18Z,https://careers.l3harris.com/en/job/salt-lake-city/senior-specialist-systems-engineer/4832/95994967104,
L3Harris,"Specialist, Software Engineering",96058934128,"Carlsbad, CA",United States of America,,onsite,Mid,unknown,unknown,unknown,talentbrew,N/A,2026-06-13T01:07:21Z,https://careers.l3harris.com/en/job/carlsbad/specialist-software-engineering/4832/96058934128,
L3Harris,Inventory Management Support C,96212126336,"Rochester, NY",United States of America,,onsite,Mid,unknown,unknown,unknown,talentbrew,N/A,2026-06-13T01:07:21Z,https://careers.l3harris.com/en/job/rochester/inventory-management-support-c/4832/96212126336,
L3Harris,"Senior Associate, Production Planning",96234192048,"Camden, AR",United States of America,,onsite,Senior,unknown,unknown,unknown,talentbrew,N/A,2026-06-13T01:07:21Z,https://careers.l3harris.com/en/job/camden/senior-associate-production-planning/4832/96234192048,
L3Harris,"Specialist, Project Engineer (Propulsion Controls, Electronics and Software)",96025885312,"Canoga Park, CA",United States of America,,onsite,Mid,unknown,unknown,unknown,talentbrew,N/A,2026-06-13T01:07:21Z,https://careers.l3harris.com/en/job/canoga-park/specialist-project-engineer-propulsion-controls-electronics-and-software/4832/96025885312,
L3Harris,"Associate Manager, Production Planning",95994967216,"Camden, AR",United States of America,,onsite,Manager,unknown,unknown,unknown,talentbrew,N/A,2026-06-13T01:07:21Z,https://careers.l3harris.com/en/job/camden/associate-manager-production-planning/4832/95994967216,
L3Harris,"Specialist, Field Engineering",95949010064,"Salt Lake City, UT",United States of America,,onsite,Mid,unknown,unknown,unknown,talentbrew,N/A,2026-06-13T01:07:21Z,https://careers.l3harris.com/en/job/salt-lake-city/specialist-field-engineering/4832/95949010064,
L3Harris,Specialist Quality Engineer - Nights,96212126320,"Camden, AR",United States of America,,onsite,Mid,unknown,unknown,unknown,talentbrew,N/A,2026-06-13T01:07:21Z,https://careers.l3harris.com/en/job/camden/specialist-quality-engineer-nights/4832/96212126320,
L3Harris,"Specialist, Field Engineering",95949010016,"Salt Lake City, UT",United States of America,,onsite,Mid,unknown,unknown,unknown,talentbrew,N/A,2026-06-13T01:07:21Z,https://careers.l3harris.com/en/job/salt-lake-city/specialist-field-engineering/4832/95949010016,
L3Harris,Field Technician D,95949009984,"Pope Field, Cumberland, NC",United States of America,,onsite,Mid,unknown,unknown,unknown,talentbrew,N/A,2026-06-13T01:07:21Z,https://careers.l3harris.com/en/job/pope-field/field-technician-d/4832/95949009984,
L3Harris,Specialist Quality Engineer - Weekend Shift,96212126304,"Camden, AR",United States of America,,onsite,Mid,unknown,unknown,unknown,talentbrew,N/A,2026-06-13T01:07:21Z,https://careers.l3harris.com/en/job/camden/specialist-quality-engineer-weekend-shift/4832/96212126304,
L3Harris,"Specialist Quality Engineer - Weekend Shift, Nights",96212126288,"Camden, AR",United States of America,,onsite,Mid,unknown,unknown,unknown,talentbrew,N/A,2026-06-13T01:07:21Z,https://careers.l3harris.com/en/job/camden/specialist-quality-engineer-weekend-shift-nights/4832/96212126288,
L3Harris,"Senior Associate, Mechanical Engineer",96169260192,"Rochester, NY",United States of America,,onsite,Senior,unknown,unknown,unknown,talentbrew,N/A,2026-06-13T01:07:21Z,https://careers.l3harris.com/en/job/rochester/senior-associate-mechanical-engineer/4832/96169260192,
L3Harris,Engineering Technician B,96040458384,"Rochester, NY",United States of America,,onsite,Mid,unknown,unknown,unknown,talentbrew,N/A,2026-06-13T01:07:21Z,https://careers.l3harris.com/en/job/rochester/engineering-technician-b/4832/96040458384,
L3Harris,"Senior Specialist, Mechanical Engineering",95949009872,"Cincinnati, OH",United States of America,,onsite,Senior,unknown,unknown,unknown,talentbrew,N/A,2026-06-13T01:07:21Z,https://careers.l3harris.com/en/job/cincinnati/senior-specialist-mechanical-engineering/4832/95949009872,
L3Harris,"Senior Manager, Software Engineering",96169231264,"Columbia, MD",United States of America,,onsite,Manager,unknown,unknown,unknown,talentbrew,N/A,2026-06-13T01:07:21Z,https://careers.l3harris.com/en/job/columbia/senior-manager-software-engineering/4832/96169231264,
L3Harris,Assembly B,95949009760,"Londonderry, NH",United States of America,,onsite,Mid,unknown,unknown,unknown,talentbrew,N/A,2026-06-13T01:07:24Z,https://careers.l3harris.com/en/job/londonderry/assembly-b/4832/95949009760,
L3Harris,"Senior Specialist, Systems Engineering (Statistician)",95990113920,"West Palm Beach, FL",United States of America,,onsite,Senior,unknown,unknown,unknown,talentbrew,N/A,2026-06-13T01:07:24Z,https://careers.l3harris.com/en/job/west-palm-beach/senior-specialist-systems-engineering-statistician/4832/95990113920,
L3Harris,"Scientist, Systems Engineering (Mission Architecture &amp; Advanced Concepts)",96179209424,Multiple Locations,United States of America,,onsite,Principal,unknown,unknown,unknown,talentbrew,N/A,2026-06-13T01:07:24Z,https://careers.l3harris.com/en/job/west-palm-beach/scientist-systems-engineering-mission-architecture-and-advanced-concepts/4832/96179209424,
L3Harris,"Associate Manager, Operations Management",95944162256,"West Palm Beach, FL",United States of America,,onsite,Manager,unknown,unknown,unknown,talentbrew,N/A,2026-06-13T01:07:24Z,https://careers.l3harris.com/en/job/west-palm-beach/associate-manager-operations-management/4832/95944162256,
L3Harris,"Senior Associate, Mechanical Engineering",96035633488,"San Diego, CA",United States of America,,onsite,Senior,unknown,unknown,unknown,talentbrew,N/A,2026-06-13T01:07:24Z,https://careers.l3harris.com/en/job/san-diego/senior-associate-mechanical-engineering/4832/96035633488,
L3Harris,"Senior Associate, Industrial Engineer",95974972416,"Camden, AR",United States of America,,onsite,Senior,unknown,unknown,unknown,talentbrew,N/A,2026-06-13T01:07:24Z,https://careers.l3harris.com/en/job/camden/senior-associate-industrial-engineer/4832/95974972416,
L3Harris,"Senior Associate, Manufacturing Engineering",96169231296,"Camden, AR",United States of America,,onsite,Senior,unknown,unknown,unknown,talentbrew,N/A,2026-06-13T01:07:24Z,https://careers.l3harris.com/en/job/camden/senior-associate-manufacturing-engineering/4832/96169231296,
L3Harris,"Specialist, Manufacturing Engineering",95974972432,"Camden, AR",United States of America,,onsite,Mid,unknown,unknown,unknown,talentbrew,N/A,2026-06-13T01:07:24Z,https://careers.l3harris.com/en/job/camden/specialist-manufacturing-engineering/4832/95974972432,
L3Harris,"Specialist, Manufacturing Engineering (Industrial Engineer)",96169260336,"Camden, AR",United States of America,,onsite,Mid,unknown,unknown,unknown,talentbrew,N/A,2026-06-13T01:07:24Z,https://careers.l3harris.com/en/job/camden/specialist-manufacturing-engineering-industrial-engineer/4832/96169260336,
L3Harris,"Senior Associate, Manufacturing Engineering (Industrial Engineer)",96169260400,"Camden, AR",United States of America,,onsite,Senior,unknown,unknown,unknown,talentbrew,N/A,2026-06-13T01:07:24Z,https://careers.l3harris.com/en/job/camden/senior-associate-manufacturing-engineering-industrial-engineer/4832/96169260400,
L3Harris,Sr. Manufacturing Engineer - CNC Programmer,95974972448,"Camden, AR",United States of America,,onsite,Senior,unknown,unknown,unknown,talentbrew,N/A,2026-06-13T01:07:24Z,https://careers.l3harris.com/en/job/camden/sr-manufacturing-engineer-cnc-programmer/4832/95974972448,
L3Harris,"Associate Manager, Quality Engineer",95944162736,"Washington D.C., DC",United States of America,,onsite,Manager,unknown,unknown,unknown,talentbrew,N/A,2026-06-13T01:07:24Z,https://careers.l3harris.com/en/job/washington-d-c/associate-manager-quality-engineer/4832/95944162736,
L3Harris,"Senior Specialist, Mechanical Engineer",96173836112,"Sterling, VA",United States of America,,onsite,Senior,unknown,unknown,unknown,talentbrew,N/A,2026-06-13T01:07:24Z,https://careers.l3harris.com/en/job/sterling/senior-specialist-mechanical-engineer/4832/96173836112,
L3Harris,Security Support C (Visitor Control),95944162816,"Palm Bay, Brevard, FL",United States of America,,onsite,Mid,unknown,unknown,unknown,talentbrew,N/A,2026-06-13T01:07:24Z,https://careers.l3harris.com/en/job/palm-bay/security-support-c-visitor-control/4832/95944162816,
L3Harris,Inventory Support,96255790960,"Halifax, Nova Scotia",United States of America,,onsite,Mid,unknown,unknown,unknown,talentbrew,N/A,2026-06-13T01:07:24Z,https://careers.l3harris.com/en/job/halifax/inventory-support/4832/96255790960,
L3Harris,Security Support D (Program Security Administrator),95944162896,"Palm Bay, Brevard, FL",United States of America,,onsite,Mid,unknown,unknown,unknown,talentbrew,N/A,2026-06-13T01:07:27Z,https://careers.l3harris.com/en/job/palm-bay/security-support-d-program-security-administrator/4832/95944162896,
L3Harris,"Specialist, Internal Audit",95954640256,"Melbourne, FL",United States of America,,onsite,Junior,unknown,unknown,unknown,talentbrew,N/A,2026-06-13T01:07:27Z,https://careers.l3harris.com/en/job/melbourne/specialist-internal-audit/4832/95954640256,
L3Harris,"Senior Specialist, Application Developer",95954640128,"Melbourne, FL",United States of America,,onsite,Senior,unknown,unknown,unknown,talentbrew,N/A,2026-06-13T01:07:27Z,https://careers.l3harris.com/en/job/melbourne/senior-specialist-application-developer/4832/95954640128,
L3Harris,"Specialist, Procurement",96169260352,"Rochester, NY",United States of America,,onsite,Mid,unknown,unknown,unknown,talentbrew,N/A,2026-06-13T01:07:27Z,https://careers.l3harris.com/en/job/rochester/specialist-procurement/4832/96169260352,
L3Harris,"Sr. Specialist, Mechanical Engineering (Design)",95921926400,"Plano, TX",United States of America,,onsite,Senior,unknown,unknown,unknown,talentbrew,N/A,2026-06-13T01:07:27Z,https://careers.l3harris.com/en/job/plano/sr-specialist-mechanical-engineering-design/4832/95921926400,
L3Harris,"Specialist, Mechanical Engineer (Design)",95921926176,"Plano, TX",United States of America,,onsite,Mid,unknown,unknown,unknown,talentbrew,N/A,2026-06-13T01:07:27Z,https://careers.l3harris.com/en/job/plano/specialist-mechanical-engineer-design/4832/95921926176,
L3Harris,Propellant Manufacturing Engineer,96179209184,"Camden, AR",United States of America,,onsite,Mid,unknown,unknown,unknown,talentbrew,N/A,2026-06-13T01:07:27Z,https://careers.l3harris.com/en/job/camden/propellant-manufacturing-engineer/4832/96179209184,
L3Harris,"Lead, Mechanical Engineering (Design)",95909534624,"Greenville, TX",United States of America,,onsite,Lead,unknown,unknown,unknown,talentbrew,N/A,2026-06-13T01:07:27Z,https://careers.l3harris.com/en/job/greenville/lead-mechanical-engineering-design/4832/95909534624,
L3Harris,Senior Manufacturing Systems Engineer,96255790912,"Montreal, Quebec",Canada,,onsite,Senior,unknown,unknown,unknown,talentbrew,N/A,2026-06-13T01:07:27Z,https://careers.l3harris.com/en/job/montreal/senior-manufacturing-systems-engineer/4832/96255790912,
L3Harris,Engineering Technician (NDT) 2nd Shift,95909534208,"Camden, AR",United States of America,,onsite,Mid,unknown,unknown,unknown,talentbrew,N/A,2026-06-13T01:07:27Z,https://careers.l3harris.com/en/job/camden/engineering-technician-ndt-2nd-shift/4832/95909534208,
L3Harris,"Finance Manager, Financial Planning &amp; Analysis (FP&amp;A)",96179209296,"Rochester, NY",United States of America,,onsite,Manager,unknown,unknown,unknown,talentbrew,N/A,2026-06-13T01:07:27Z,https://careers.l3harris.com/en/job/rochester/finance-manager-financial-planning-and-analysis-fp-and-a/4832/96179209296,
L3Harris,"Sr. Specialist, Mechanical Engineering (Design)",95909534576,"Greenville, TX",United States of America,,onsite,Senior,unknown,unknown,unknown,talentbrew,N/A,2026-06-13T01:07:27Z,https://careers.l3harris.com/en/job/greenville/sr-specialist-mechanical-engineering-design/4832/95909534576,
L3Harris,"Specialist, Mechanical Engineer (Aircraft Design)",95909533904,"Greenville, TX",United States of America,,onsite,Mid,unknown,unknown,unknown,talentbrew,N/A,2026-06-13T01:07:27Z,https://careers.l3harris.com/en/job/greenville/specialist-mechanical-engineer-aircraft-design/4832/95909533904,
L3Harris,Non-Destructive Testing Engineer B (NDT) Weekend Shift,95903726160,"Camden, AR",United States of America,,onsite,Mid,unknown,unknown,unknown,talentbrew,N/A,2026-06-13T01:07:27Z,https://careers.l3harris.com/en/job/camden/non-destructive-testing-engineer-b-ndt-weekend-shift/4832/95903726160,
L3Harris,"Specialist, Quality Engineering",96173836160,"Salt Lake City, UT",United States of America,,onsite,Mid,unknown,unknown,unknown,talentbrew,N/A,2026-06-13T01:07:27Z,https://careers.l3harris.com/en/job/salt-lake-city/specialist-quality-engineering/4832/96173836160,
L3Harris,"Sr. Associate, Industrial Security",96222168336,"Salt Lake City, UT",United States of America,,onsite,Senior,unknown,unknown,unknown,talentbrew,N/A,2026-06-13T01:07:30Z,https://careers.l3harris.com/en/job/salt-lake-city/sr-associate-industrial-security/4832/96222168336,
L3Harris,"Sr. Associate, Mechanical Engineering (Design)",95903726144,"Greenville, TX",United States of America,,onsite,Senior,unknown,unknown,unknown,talentbrew,N/A,2026-06-13T01:07:30Z,https://careers.l3harris.com/en/job/greenville/sr-associate-mechanical-engineering-design/4832/95903726144,
L3Harris,"Director, Operations Management",95909534448,"Camden, AR",United States of America,,onsite,Director,unknown,unknown,unknown,talentbrew,N/A,2026-06-13T01:07:30Z,https://careers.l3harris.com/en/job/camden/director-operations-management/4832/95909534448,
L3Harris,"Sr. Manager, Finance",95903725920,"Nashville, TN",United States of America,,onsite,Manager,unknown,unknown,unknown,talentbrew,N/A,2026-06-13T01:07:30Z,https://careers.l3harris.com/en/job/nashville/sr-manager-finance/4832/95903725920,
L3Harris,General Provisions  &amp; Terms &amp; Conditions 1,95903725744,Multiple Locations,United States of America,,onsite,Mid,unknown,unknown,unknown,talentbrew,N/A,2026-06-13T01:07:30Z,https://careers.l3harris.com/en/job/canoga-park/general-provisions-and-terms-and-conditions-1/4832/95903725744,
L3Harris,"Sr. Associate, Operations Engineering, Systems 1",95944163024,"Waterdown, Ontario",Canada,,onsite,Senior,unknown,unknown,unknown,talentbrew,N/A,2026-06-13T01:07:30Z,https://careers.l3harris.com/en/job/waterdown/sr-associate-operations-engineering-systems-1/4832/95944163024,
L3Harris,"Senior Associate, Project Engineering",96179150176,"Redmond, WA",United States of America,,onsite,Senior,unknown,unknown,unknown,talentbrew,N/A,2026-06-13T01:07:30Z,https://careers.l3harris.com/en/job/redmond/senior-associate-project-engineering/4832/96179150176,
L3Harris,"Director, Supply Chain",95898727584,"Waterdown, Ontario",Canada,,onsite,Director,unknown,unknown,unknown,talentbrew,N/A,2026-06-13T01:07:30Z,https://careers.l3harris.com/en/job/waterdown/director-supply-chain/4832/95898727584,
L3Harris,"Senior Specialist, Program Controls",96155110960,Multiple Locations,United States of America,,onsite,Senior,unknown,unknown,unknown,talentbrew,N/A,2026-06-13T01:07:30Z,https://careers.l3harris.com/en/job/huntsville/senior-specialist-program-controls/4832/96155110960,
L3Harris,FPA Assembly and Technician,95898756240,"Mason, OH",United States of America,,onsite,Mid,unknown,unknown,unknown,talentbrew,N/A,2026-06-13T01:07:30Z,https://careers.l3harris.com/en/job/mason/fpa-assembly-and-technician/4832/95898756240,
L3Harris,Senior Project Engineer,96035578720,"Redmond, WA",United States of America,,onsite,Senior,unknown,unknown,unknown,talentbrew,N/A,2026-06-13T01:07:30Z,https://careers.l3harris.com/en/job/redmond/senior-project-engineer/4832/96035578720,
L3Harris,"Lead, Project Engineer",95903725952,"Salt Lake City, UT",United States of America,,onsite,Lead,unknown,unknown,unknown,talentbrew,N/A,2026-06-13T01:07:30Z,https://careers.l3harris.com/en/job/salt-lake-city/lead-project-engineer/4832/95903725952,
L3Harris,Engineering Technician C,96035579424,"Salt Lake City, UT",United States of America,,onsite,Mid,unknown,unknown,unknown,talentbrew,N/A,2026-06-13T01:07:30Z,https://careers.l3harris.com/en/job/salt-lake-city/engineering-technician-c/4832/96035579424,
L3Harris,"Sr. Associate, Mechanical Engineering",95909534832,"Cincinnati, OH",United States of America,,onsite,Senior,unknown,unknown,unknown,talentbrew,N/A,2026-06-13T01:07:30Z,https://careers.l3harris.com/en/job/cincinnati/sr-associate-mechanical-engineering/4832/95909534832,
L3Harris,"Lead, Systems Test Engineering",95903725936,"Carlsbad, CA",United States of America,,onsite,Lead,unknown,unknown,unknown,talentbrew,N/A,2026-06-13T01:07:30Z,https://careers.l3harris.com/en/job/carlsbad/lead-systems-test-engineering/4832/95903725936,
L3Harris,"Senior Manager, Ballistics",95888981440,"Huntsville, AL",United States of America,,onsite,Manager,unknown,unknown,unknown,talentbrew,N/A,2026-06-13T01:07:33Z,https://careers.l3harris.com/en/job/huntsville/senior-manager-ballistics/4832/95888981440,
L3Harris,"Specialist, Supplier Quality Engineering",95903725888,"Huntsville, AL",United States of America,,onsite,Mid,unknown,unknown,unknown,talentbrew,N/A,2026-06-13T01:07:33Z,https://careers.l3harris.com/en/job/huntsville/specialist-supplier-quality-engineering/4832/95903725888,
L3Harris,Operations Project Engineering Specialist,95954640576,"Ottawa, Ontario",Canada,,onsite,Mid,unknown,unknown,unknown,talentbrew,N/A,2026-06-13T01:07:33Z,https://careers.l3harris.com/en/job/ottawa/operations-project-engineering-specialist/4832/95954640576,
L3Harris,"Specialist, Quality Engineer",95876325552,"John C Stennis Space Center, MS",United States of America,,onsite,Mid,unknown,unknown,unknown,talentbrew,N/A,2026-06-13T01:07:33Z,https://careers.l3harris.com/en/job/john-c-stennis-space-center/specialist-quality-engineer/4832/95876325552,
L3Harris,"Senior Specialist, Contracts",95876325152,"Carlstadt, NJ",United States of America,,onsite,Senior,unknown,unknown,unknown,talentbrew,N/A,2026-06-13T01:07:33Z,https://careers.l3harris.com/en/job/carlstadt/senior-specialist-contracts/4832/95876325152,
L3Harris,"Director, Industrial Security",95909534784,"Salt Lake City, UT",United States of America,,onsite,Director,unknown,unknown,unknown,talentbrew,N/A,2026-06-13T01:07:33Z,https://careers.l3harris.com/en/job/salt-lake-city/director-industrial-security/4832/95909534784,
L3Harris,"Senior Associate, Order Management",96222168448,"Rochester, NY",United States of America,,onsite,Senior,unknown,unknown,unknown,talentbrew,N/A,2026-06-13T01:07:33Z,https://careers.l3harris.com/en/job/rochester/senior-associate-order-management/4832/96222168448,
L3Harris,"Senior Specialist, Manufacturing Engineering",95876325632,"Salt Lake City, UT",United States of America,,onsite,Senior,unknown,unknown,unknown,talentbrew,N/A,2026-06-13T01:07:33Z,https://careers.l3harris.com/en/job/salt-lake-city/senior-specialist-manufacturing-engineering/4832/95876325632,
L3Harris,"Specialist, Program Finance",95852668512,"West Palm Beach, FL",United States of America,,onsite,Mid,unknown,unknown,unknown,talentbrew,N/A,2026-06-13T01:07:33Z,https://careers.l3harris.com/en/job/west-palm-beach/specialist-program-finance/4832/95852668512,
L3Harris,"Specialist, Network Plan Engineer",95876326000,"Dahlgren, VA",United States of America,,onsite,Mid,unknown,unknown,unknown,talentbrew,N/A,2026-06-13T01:07:33Z,https://careers.l3harris.com/en/job/dahlgren/specialist-network-plan-engineer/4832/95876326000,
L3Harris,Project Finance Analyst,95843063088,"Farnborough, Hampshire, England",United Kingdom,,onsite,Mid,unknown,unknown,unknown,talentbrew,N/A,2026-06-13T01:07:33Z,https://careers.l3harris.com/en/job/farnborough/project-finance-analyst/4832/95843063088,
L3Harris,"Specialist, Integration &amp; Test Engineer",95829881312,"Chantilly, VA",United States of America,,onsite,Mid,unknown,unknown,unknown,talentbrew,N/A,2026-06-13T01:07:33Z,https://careers.l3harris.com/en/job/chantilly/specialist-integration-and-test-engineer/4832/95829881312,
L3Harris,ILS Obsolescence Engineer,95909534752,"Montreal, Quebec",Canada,,onsite,Mid,unknown,unknown,unknown,talentbrew,N/A,2026-06-13T01:07:33Z,https://careers.l3harris.com/en/job/montreal/ils-obsolescence-engineer/4832/95909534752,
L3Harris,"Lead, Mechanical Engineering",95722206864,"Fort Wayne, IN",United States of America,,onsite,Lead,unknown,unknown,unknown,talentbrew,N/A,2026-06-13T01:07:33Z,https://careers.l3harris.com/en/job/fort-wayne/lead-mechanical-engineering/4832/95722206864,
L3Harris,"Specialist, Tooling Engineer",95693409360,"Redmond, WA",United States of America,,onsite,Mid,unknown,unknown,unknown,talentbrew,N/A,2026-06-13T01:07:33Z,https://careers.l3harris.com/en/job/redmond/specialist-tooling-engineer/4832/95693409360,
L3Harris,"Sr Associate, Finance",95693409328,"Rochester, NY",United States of America,,onsite,Senior,unknown,unknown,unknown,talentbrew,N/A,2026-06-13T01:07:36Z,https://careers.l3harris.com/en/job/rochester/sr-associate-finance/4832/95693409328,
L3Harris,"Senior Specialist, Systems/Electronics Design Engineer",95681848976,"Redmond, WA",United States of America,,onsite,Senior,unknown,unknown,unknown,talentbrew,N/A,2026-06-13T01:07:36Z,https://careers.l3harris.com/en/job/redmond/senior-specialist-systems-electronics-design-engineer/4832/95681848976,
L3Harris,"Specialist, Electrical Engineering (FOS)",95681848528,"Cincinnati, OH",United States of America,,onsite,Mid,unknown,unknown,unknown,talentbrew,N/A,2026-06-13T01:07:36Z,https://careers.l3harris.com/en/job/cincinnati/specialist-electrical-engineering-fos/4832/95681848528,
L3Harris,"Associate Manager, Materials and Process Engineering (Chemistry Lab)",95994967136,"Camden, AR",United States of America,,onsite,Manager,unknown,unknown,unknown,talentbrew,N/A,2026-06-13T01:07:36Z,https://careers.l3harris.com/en/job/camden/associate-manager-materials-and-process-engineering-chemistry-lab/4832/95994967136,
L3Harris,"Lead, Electrical Engineer",95681848576,"Palm Bay, Brevard, FL",United States of America,,onsite,Lead,unknown,unknown,unknown,talentbrew,N/A,2026-06-13T01:07:36Z,https://careers.l3harris.com/en/job/palm-bay/lead-electrical-engineer/4832/95681848576,
L3Harris,"Manager, Program Finance",95949010080,Multiple Locations,United States of America,,onsite,Manager,unknown,unknown,unknown,talentbrew,N/A,2026-06-13T01:07:36Z,https://careers.l3harris.com/en/job/melbourne/manager-program-finance/4832/95949010080,
L3Harris,"Senior Specialist, Data Governance",96169260240,"Melbourne, FL",United States of America,,onsite,Senior,unknown,unknown,unknown,talentbrew,N/A,2026-06-13T01:07:36Z,https://careers.l3harris.com/en/job/melbourne/senior-specialist-data-governance/4832/96169260240,
L3Harris,"Senior Associate, Cyber Intelligence",95681848480,"Palm Bay, Brevard, FL",United States of America,,onsite,Senior,unknown,unknown,unknown,talentbrew,N/A,2026-06-13T01:07:36Z,https://careers.l3harris.com/en/job/palm-bay/senior-associate-cyber-intelligence/4832/95681848480,
L3Harris,Proposal Specialist,95728075056,"Montreal, Quebec",Canada,,onsite,Mid,unknown,unknown,unknown,talentbrew,N/A,2026-06-13T01:07:36Z,https://careers.l3harris.com/en/job/montreal/proposal-specialist/4832/95728075056,
L3Harris,"Material Estimator, Specialist",95954640272,"San Diego, CA",United States of America,,onsite,Mid,unknown,unknown,unknown,talentbrew,N/A,2026-06-13T01:07:36Z,https://careers.l3harris.com/en/job/san-diego/material-estimator-specialist/4832/95954640272,
L3Harris,"Sr Specialist, Communications",95693409280,Remote,United States of America,,remote,Senior,unknown,unknown,unknown,talentbrew,N/A,2026-06-13T01:07:36Z,https://careers.l3harris.com/en/job/united-states/sr-specialist-communications/4832/95693409280,
L3Harris,"Specialist, Software Engineer",95863363008,"Ashburn, VA",United States of America,,onsite,Mid,unknown,unknown,unknown,talentbrew,N/A,2026-06-13T01:07:36Z,https://careers.l3harris.com/en/job/ashburn/specialist-software-engineer/4832/95863363008,
L3Harris,"Specialist, Electrical Engineer",95676386768,"Londonderry, NH",United States of America,,onsite,Mid,unknown,unknown,unknown,talentbrew,N/A,2026-06-13T01:07:36Z,https://careers.l3harris.com/en/job/londonderry/specialist-electrical-engineer/4832/95676386768,
L3Harris,"Associate, Production Planning",95693409152,"Waco, TX",United States of America,,onsite,Junior,unknown,unknown,unknown,talentbrew,N/A,2026-06-13T01:07:36Z,https://careers.l3harris.com/en/job/waco/associate-production-planning/4832/95693409152,
L3Harris,"Lead, Digital Design Engineer",95676386736,"Londonderry, NH",United States of America,,onsite,Lead,unknown,unknown,unknown,talentbrew,N/A,2026-06-13T01:07:36Z,https://careers.l3harris.com/en/job/londonderry/lead-digital-design-engineer/4832/95676386736,
L3Harris,"Sr. Assoc, Material Process Engineer",95671840320,"Greenville, TX",United States of America,,onsite,Senior,unknown,unknown,unknown,talentbrew,N/A,2026-06-13T01:07:39Z,https://careers.l3harris.com/en/job/greenville/sr-assoc-material-process-engineer/4832/95671840320,
L3Harris,"Senior Specialist, Mechanical Engineering (Thermal)",95671840288,"Fort Wayne, IN",United States of America,,onsite,Senior,unknown,unknown,unknown,talentbrew,N/A,2026-06-13T01:07:39Z,https://careers.l3harris.com/en/job/fort-wayne/senior-specialist-mechanical-engineering-thermal/4832/95671840288,
L3Harris,Manufacturing Technician B,96212126016,"Rochester, NY",United States of America,,onsite,Mid,unknown,unknown,unknown,talentbrew,N/A,2026-06-13T01:07:39Z,https://careers.l3harris.com/en/job/rochester/manufacturing-technician-b/4832/96212126016,
L3Harris,"Specialist, Procurement",95898756128,Multiple Locations,United States of America,,onsite,Mid,unknown,unknown,unknown,talentbrew,N/A,2026-06-13T01:07:39Z,https://careers.l3harris.com/en/job/mirabel/specialist-procurement/4832/95898756128,
L3Harris,Manufacturing Technician B,95863363040,"Rochester, NY",United States of America,,onsite,Mid,unknown,unknown,unknown,talentbrew,N/A,2026-06-13T01:07:39Z,https://careers.l3harris.com/en/job/rochester/manufacturing-technician-b/4832/95863363040,
L3Harris,Assembly Supervisor,96212126192,"Redmond, WA",United States of America,,onsite,Mid,unknown,unknown,unknown,talentbrew,N/A,2026-06-13T01:07:39Z,https://careers.l3harris.com/en/job/redmond/assembly-supervisor/4832/96212126192,
L3Harris,Manufacturing Technician B,95898727696,"Rochester, NY",United States of America,,onsite,Mid,unknown,unknown,unknown,talentbrew,N/A,2026-06-13T01:07:39Z,https://careers.l3harris.com/en/job/rochester/manufacturing-technician-b/4832/95898727696,
L3Harris,Trade Compliance Senior Specialist,95671840592,"Ottawa, Ontario",Canada,,onsite,Senior,unknown,unknown,unknown,talentbrew,N/A,2026-06-13T01:07:39Z,https://careers.l3harris.com/en/job/ottawa/trade-compliance-senior-specialist/4832/95671840592,
L3Harris,"Senior Associate, Government Compliance - Asset Management",95651242880,"Alpharetta, GA",United States of America,,onsite,Senior,unknown,unknown,unknown,talentbrew,N/A,2026-06-13T01:07:39Z,https://careers.l3harris.com/en/job/alpharetta/senior-associate-government-compliance-asset-management/4832/95651242880,
L3Harris,Maintenance Service,96234192176,"Mason, OH",United States of America,,onsite,Mid,unknown,unknown,unknown,talentbrew,N/A,2026-06-13T01:07:39Z,https://careers.l3harris.com/en/job/mason/maintenance-service/4832/96234192176,
L3Harris,"Associate, System Integration and Test Engineer",95909534544,"San Diego, CA",United States of America,,onsite,Junior,unknown,unknown,unknown,talentbrew,N/A,2026-06-13T01:07:39Z,https://careers.l3harris.com/en/job/san-diego/associate-system-integration-and-test-engineer/4832/95909534544,
L3Harris,Camden Leadership Rotation Program,95633912512,"Camden, AR",United States of America,,onsite,Mid,unknown,unknown,unknown,talentbrew,N/A,2026-06-13T01:07:39Z,https://careers.l3harris.com/en/job/camden/camden-leadership-rotation-program/4832/95633912512,
L3Harris,"Senior Associate, Procurement",96035579312,"Palm Bay, Brevard, FL",United States of America,,onsite,Senior,unknown,unknown,unknown,talentbrew,N/A,2026-06-13T01:07:39Z,https://careers.l3harris.com/en/job/palm-bay/senior-associate-procurement/4832/96035579312,
L3Harris,"Specialist, Integration / Test Engineering",96035577760,"Salt Lake City, UT",United States of America,,onsite,Mid,unknown,unknown,unknown,talentbrew,N/A,2026-06-13T01:07:39Z,https://careers.l3harris.com/en/job/salt-lake-city/specialist-integration-test-engineering/4832/96035577760,
L3Harris,Tactical Communication Equipment Installation Specialist,95944197520,"Rochester, NY",United States of America,,onsite,Mid,unknown,unknown,unknown,talentbrew,N/A,2026-06-13T01:07:39Z,https://careers.l3harris.com/en/job/rochester/tactical-communication-equipment-installation-specialist/4832/95944197520,
L3Harris,Administration C - TS/SCI with Poly,95629418016,"Palm Bay, Brevard, FL",United States of America,,onsite,Mid,unknown,unknown,unknown,talentbrew,N/A,2026-06-13T01:07:42Z,https://careers.l3harris.com/en/job/palm-bay/administration-c-ts-sci-with-poly/4832/95629418016,
L3Harris,"Senior Associate, Logistics Engineer",95651243408,"Carlsbad, CA",United States of America,,onsite,Senior,unknown,unknown,unknown,talentbrew,N/A,2026-06-13T01:07:42Z,https://careers.l3harris.com/en/job/carlsbad/senior-associate-logistics-engineer/4832/95651243408,
L3Harris,"Lead, Technical Support Engineer",95944162080,"Fort George G Meade, MD",United States of America,,onsite,Lead,unknown,unknown,unknown,talentbrew,N/A,2026-06-13T01:07:42Z,https://careers.l3harris.com/en/job/fort-george-g-meade/lead-technical-support-engineer/4832/95944162080,
L3Harris,"Sr. Associate, Systems Engineer",95633912480,"Salt Lake City, UT",United States of America,,onsite,Senior,unknown,unknown,unknown,talentbrew,N/A,2026-06-13T01:07:42Z,https://careers.l3harris.com/en/job/salt-lake-city/sr-associate-systems-engineer/4832/95633912480,
L3Harris,Senior Software Engineering Manager,95967620016,"Rochester, NY",United States of America,,onsite,Manager,unknown,unknown,unknown,talentbrew,N/A,2026-06-13T01:07:42Z,https://careers.l3harris.com/en/job/rochester/senior-software-engineering-manager/4832/95967620016,
L3Harris,"Senior Associate, Integration/Test Engineering",95608261024,"Redmond, WA",United States of America,,onsite,Senior,unknown,unknown,unknown,talentbrew,N/A,2026-06-13T01:07:42Z,https://careers.l3harris.com/en/job/redmond/senior-associate-integration-test-engineering/4832/95608261024,
L3Harris,Electronics Supplier Quality Engineer,95591418736,"Londonderry, NH",United States of America,,onsite,Mid,unknown,unknown,unknown,talentbrew,N/A,2026-06-13T01:07:42Z,https://careers.l3harris.com/en/job/londonderry/electronics-supplier-quality-engineer/4832/95591418736,
L3Harris,"Sr. Specialist, Project Engineer",95591418512,"Tempe, AZ",United States of America,,onsite,Senior,unknown,unknown,unknown,talentbrew,N/A,2026-06-13T01:07:42Z,https://careers.l3harris.com/en/job/tempe/sr-specialist-project-engineer/4832/95591418512,
L3Harris,Manufacturing Technician C,95591418464,"Rochester, NY",United States of America,,onsite,Mid,unknown,unknown,unknown,talentbrew,N/A,2026-06-13T01:07:42Z,https://careers.l3harris.com/en/job/rochester/manufacturing-technician-c/4832/95591418464,
L3Harris,Material Management Project Manager,95591418416,"Londonderry, NH",United States of America,,onsite,Manager,unknown,unknown,unknown,talentbrew,N/A,2026-06-13T01:07:42Z,https://careers.l3harris.com/en/job/londonderry/material-management-project-manager/4832/95591418416,
L3Harris,"Lead, Systems Engineer",95701079024,"Salt Lake City, UT",United States of America,,onsite,Lead,unknown,unknown,unknown,talentbrew,N/A,2026-06-13T01:07:42Z,https://careers.l3harris.com/en/job/salt-lake-city/lead-systems-engineer/4832/95701079024,
L3Harris,"Lead, Field Engineering",95863363088,"Cape Canaveral, FL",United States of America,,onsite,Lead,unknown,unknown,unknown,talentbrew,N/A,2026-06-13T01:07:42Z,https://careers.l3harris.com/en/job/cape-canaveral/lead-field-engineering/4832/95863363088,
L3Harris,"Senior Specialist, Information Security Systems Engineering",95629389568,"Chantilly, VA",United States of America,,onsite,Senior,unknown,unknown,unknown,talentbrew,N/A,2026-06-13T01:07:42Z,https://careers.l3harris.com/en/job/chantilly/senior-specialist-information-security-systems-engineering/4832/95629389568,
L3Harris,Access Engineer,95852668496,Multiple Locations,United States of America,,onsite,Mid,unknown,unknown,unknown,talentbrew,N/A,2026-06-13T01:07:42Z,https://careers.l3harris.com/en/job/bondi-junction/access-engineer/4832/95852668496,
L3Harris,Access Engineer,95852668480,"London, England",United Kingdom,,onsite,Mid,unknown,unknown,unknown,talentbrew,N/A,2026-06-13T01:07:42Z,https://careers.l3harris.com/en/job/london/access-engineer/4832/95852668480,
L3Harris,"Senior Specialist, Procurement",95898756208,"Mason, OH",United States of America,,onsite,Senior,unknown,unknown,unknown,talentbrew,N/A,2026-06-13T01:07:45Z,https://careers.l3harris.com/en/job/mason/senior-specialist-procurement/4832/95898756208,
L3Harris,"Specialist, Subcontracts",95898756192,"Mason, OH",United States of America,,onsite,Mid,unknown,unknown,unknown,talentbrew,N/A,2026-06-13T01:07:45Z,https://careers.l3harris.com/en/job/mason/specialist-subcontracts/4832/95898756192,
L3Harris,Senior IT Business Analyst - SAP HR,95586861392,"Mirabel, Quebec",Canada,,onsite,Senior,unknown,unknown,unknown,talentbrew,N/A,2026-06-13T01:07:45Z,https://careers.l3harris.com/en/job/mirabel/senior-it-business-analyst-sap-hr/4832/95586861392,
L3Harris,"Senior Specialist, Quality Engineer",95949009952,"Mason, OH",United States of America,,onsite,Senior,unknown,unknown,unknown,talentbrew,N/A,2026-06-13T01:07:45Z,https://careers.l3harris.com/en/job/mason/senior-specialist-quality-engineer/4832/95949009952,
L3Harris,"Senior Associate, Industrial Security",95615174208,"Rochester, NY",United States of America,,onsite,Senior,unknown,unknown,unknown,talentbrew,N/A,2026-06-13T01:07:45Z,https://careers.l3harris.com/en/job/rochester/senior-associate-industrial-security/4832/95615174208,
L3Harris,CH148 Aircraft Technician,95633912672,"Shearwater Airport, Nova Scotia",United States of America,,onsite,Mid,unknown,unknown,unknown,talentbrew,N/A,2026-06-13T01:07:45Z,https://careers.l3harris.com/en/job/shearwater-airport/ch148-aircraft-technician/4832/95633912672,
L3Harris,"Senior Specialist, Mechanical Engineering (Structural)",95461494784,"Fort Wayne, IN",United States of America,,onsite,Senior,unknown,unknown,unknown,talentbrew,N/A,2026-06-13T01:07:45Z,https://careers.l3harris.com/en/job/fort-wayne/senior-specialist-mechanical-engineering-structural/4832/95461494784,
L3Harris,"Senior Specialist, Electrical Engineering (FPGA Design Engineer)",95461494736,"Fort Wayne, IN",United States of America,,onsite,Senior,unknown,unknown,unknown,talentbrew,N/A,2026-06-13T01:07:45Z,https://careers.l3harris.com/en/job/fort-wayne/senior-specialist-electrical-engineering-fpga-design-engineer/4832/95461494736,
L3Harris,"Scientist, Systems Engineering (Chief Systems Engineer)",95441285152,"Fort Wayne, IN",United States of America,,onsite,Director,unknown,unknown,unknown,talentbrew,N/A,2026-06-13T01:07:45Z,https://careers.l3harris.com/en/job/fort-wayne/scientist-systems-engineering-chief-systems-engineer/4832/95441285152,
L3Harris,"Senior Specialist, Electrical Engineering",95441285344,"Fort Wayne, IN",United States of America,,onsite,Senior,unknown,unknown,unknown,talentbrew,N/A,2026-06-13T01:07:45Z,https://careers.l3harris.com/en/job/fort-wayne/senior-specialist-electrical-engineering/4832/95441285344,
L3Harris,"Lead, Systems Engineering (Detection Algorithm Development)",95441285264,"Fort Wayne, IN",United States of America,,onsite,Lead,unknown,unknown,unknown,talentbrew,N/A,2026-06-13T01:07:45Z,https://careers.l3harris.com/en/job/fort-wayne/lead-systems-engineering-detection-algorithm-development/4832/95441285264,
L3Harris,"Lead, Project Engineering",96169260272,"Rochester, NY",United States of America,,onsite,Lead,unknown,unknown,unknown,talentbrew,N/A,2026-06-13T01:07:45Z,https://careers.l3harris.com/en/job/rochester/lead-project-engineering/4832/96169260272,
L3Harris,"Manager, Software Engineering",95693409504,"Rochester, NY",United States of America,,onsite,Manager,unknown,unknown,unknown,talentbrew,N/A,2026-06-13T01:07:45Z,https://careers.l3harris.com/en/job/rochester/manager-software-engineering/4832/95693409504,
L3Harris,Support and Test Equipment Specialist,95629390192,"Shearwater Airport, Nova Scotia",United States of America,,onsite,Mid,unknown,unknown,unknown,talentbrew,N/A,2026-06-13T01:07:45Z,https://careers.l3harris.com/en/job/shearwater-airport/support-and-test-equipment-specialist/4832/95629390192,
L3Harris,"Senior Specialist, Network Plan Engineer",95681849120,"Palm Bay, Brevard, FL",United States of America,,onsite,Senior,unknown,unknown,unknown,talentbrew,N/A,2026-06-13T01:07:45Z,https://careers.l3harris.com/en/job/palm-bay/senior-specialist-network-plan-engineer/4832/95681849120,
L3Harris,"Specialist Engineer, System Analysis",95430068016,"West Palm Beach, FL",United States of America,,onsite,Mid,unknown,unknown,unknown,talentbrew,N/A,2026-06-13T01:07:48Z,https://careers.l3harris.com/en/job/west-palm-beach/specialist-engineer-system-analysis/4832/95430068016,
L3Harris,Facilities Technician D (Maintenance),95949010112,"Camden, AR",United States of America,,onsite,Mid,unknown,unknown,unknown,talentbrew,N/A,2026-06-13T01:07:48Z,https://careers.l3harris.com/en/job/camden/facilities-technician-d-maintenance/4832/95949010112,
L3Harris,"Senior Specialist, Project Engineering",95898727728,"Camden, AR",United States of America,,onsite,Senior,unknown,unknown,unknown,talentbrew,N/A,2026-06-13T01:07:48Z,https://careers.l3harris.com/en/job/camden/senior-specialist-project-engineering/4832/95898727728,
L3Harris,Quality Control inspector,95566308768,"Waterdown, Ontario",Canada,,onsite,Mid,unknown,unknown,unknown,talentbrew,N/A,2026-06-13T01:07:48Z,https://careers.l3harris.com/en/job/waterdown/quality-control-inspector/4832/95566308768,
L3Harris,"Intermediate Systems Engineer, Defence Communication Systems",95954640704,"Ottawa, Ontario",Canada,,onsite,Mid,unknown,unknown,unknown,talentbrew,N/A,2026-06-13T01:07:48Z,https://careers.l3harris.com/en/job/ottawa/intermediate-systems-engineer-defence-communication-systems/4832/95954640704,
L3Harris,"Senior Manager, Electrical Engineering",95629389872,"Rochester, NY",United States of America,,onsite,Manager,unknown,unknown,unknown,talentbrew,N/A,2026-06-13T01:07:48Z,https://careers.l3harris.com/en/job/rochester/senior-manager-electrical-engineering/4832/95629389872,
L3Harris,Production Support D-Stockroom,95944162576,"Rochester, NY",United States of America,,onsite,Mid,unknown,unknown,unknown,talentbrew,N/A,2026-06-13T01:07:48Z,https://careers.l3harris.com/en/job/rochester/production-support-d-stockroom/4832/95944162576,
L3Harris,"Specialist, Electrical Engineer",95639932672,"Rochester, NY",United States of America,,onsite,Mid,unknown,unknown,unknown,talentbrew,N/A,2026-06-13T01:07:48Z,https://careers.l3harris.com/en/job/rochester/specialist-electrical-engineer/4832/95639932672,
L3Harris,"Senior Associate, Quality Engineer (Cleanroom)",95591418640,"Londonderry, NH",United States of America,,onsite,Senior,unknown,unknown,unknown,talentbrew,N/A,2026-06-13T01:07:48Z,https://careers.l3harris.com/en/job/londonderry/senior-associate-quality-engineer-cleanroom/4832/95591418640,
L3Harris,Production Support D-Stockroom,95921926432,"Rochester, NY",United States of America,,onsite,Mid,unknown,unknown,unknown,talentbrew,N/A,2026-06-13T01:07:48Z,https://careers.l3harris.com/en/job/rochester/production-support-d-stockroom/4832/95921926432,
L3Harris,"Lead, Systems Engineer",95949010144,"Tulsa, OK",United States of America,,onsite,Lead,unknown,unknown,unknown,talentbrew,N/A,2026-06-13T01:07:48Z,https://careers.l3harris.com/en/job/tulsa/lead-systems-engineer/4832/95949010144,
L3Harris,Senior Supply Chain Counsel,95424880704,"Melbourne, FL",United States of America,,onsite,Senior,unknown,unknown,unknown,talentbrew,N/A,2026-06-13T01:07:48Z,https://careers.l3harris.com/en/job/melbourne/senior-supply-chain-counsel/4832/95424880704,
L3Harris,Manufacturing Technician C,95596666352,"Camden, AR",United States of America,,onsite,Mid,unknown,unknown,unknown,talentbrew,N/A,2026-06-13T01:07:48Z,https://careers.l3harris.com/en/job/camden/manufacturing-technician-c/4832/95596666352,
L3Harris,"Lead, Manufacturing Engineer",95883723968,"Camden, AR",United States of America,,onsite,Lead,unknown,unknown,unknown,talentbrew,N/A,2026-06-13T01:07:48Z,https://careers.l3harris.com/en/job/camden/lead-manufacturing-engineer/4832/95883723968,
L3Harris,Manufacturing Technician B,95852668336,"Rochester, NY",United States of America,,onsite,Mid,unknown,unknown,unknown,talentbrew,N/A,2026-06-13T01:07:48Z,https://careers.l3harris.com/en/job/rochester/manufacturing-technician-b/4832/95852668336,
L3Harris,"Principal, Business Development (UAE)",95406723744,"Abu Dhabi Emirate, AE",United States of America,,onsite,Principal,unknown,unknown,unknown,talentbrew,N/A,2026-06-13T01:07:51Z,https://careers.l3harris.com/en/job/abu-dhabi-emirate/principal-business-development-uae/4832/95406723744,
L3Harris,"Manufacturing Process Engineer, Cable Harness",95671840528,"Salt Lake City, UT",United States of America,,onsite,Mid,unknown,unknown,unknown,talentbrew,N/A,2026-06-13T01:07:51Z,https://careers.l3harris.com/en/job/salt-lake-city/manufacturing-process-engineer-cable-harness/4832/95671840528,
L3Harris,"Senior Specialist, Manufacturing Engineering",95883723952,"Camden, AR",United States of America,,onsite,Senior,unknown,unknown,unknown,talentbrew,N/A,2026-06-13T01:07:51Z,https://careers.l3harris.com/en/job/camden/senior-specialist-manufacturing-engineering/4832/95883723952,
L3Harris,"Specialist, Manufacturing Engineer",95651243168,"Camden, AR",United States of America,,onsite,Mid,unknown,unknown,unknown,talentbrew,N/A,2026-06-13T01:07:51Z,https://careers.l3harris.com/en/job/camden/specialist-manufacturing-engineer/4832/95651243168,
L3Harris,Electrical and Instrumentation Technician,95608261792,"Camden, AR",United States of America,,onsite,Mid,unknown,unknown,unknown,talentbrew,N/A,2026-06-13T01:07:51Z,https://careers.l3harris.com/en/job/camden/electrical-and-instrumentation-technician/4832/95608261792,
L3Harris,"Lead, Manufacturing Engineer",95651243328,"Camden, AR",United States of America,,onsite,Lead,unknown,unknown,unknown,talentbrew,N/A,2026-06-13T01:07:51Z,https://careers.l3harris.com/en/job/camden/lead-manufacturing-engineer/4832/95651243328,
L3Harris,Manufacturing Technician B,95633912768,"Salt Lake City, UT",United States of America,,onsite,Mid,unknown,unknown,unknown,talentbrew,N/A,2026-06-13T01:07:51Z,https://careers.l3harris.com/en/job/salt-lake-city/manufacturing-technician-b/4832/95633912768,
L3Harris,"Senior Specialist, Manufacturing Engineer",95608260848,"Camden, AR",United States of America,,onsite,Senior,unknown,unknown,unknown,talentbrew,N/A,2026-06-13T01:07:51Z,https://careers.l3harris.com/en/job/camden/senior-specialist-manufacturing-engineer/4832/95608260848,
L3Harris,"Sr. Associate, Procurement",95608261296,"Waco, TX",United States of America,,onsite,Senior,unknown,unknown,unknown,talentbrew,N/A,2026-06-13T01:07:51Z,https://careers.l3harris.com/en/job/waco/sr-associate-procurement/4832/95608261296,
L3Harris,"Senior Manager, Mechanical Engineering",95608261984,"Camden, AR",United States of America,,onsite,Manager,unknown,unknown,unknown,talentbrew,N/A,2026-06-13T01:07:51Z,https://careers.l3harris.com/en/job/camden/senior-manager-mechanical-engineering/4832/95608261984,
L3Harris,"Manager, Subcontracts",95608261088,"Greenville, TX",United States of America,,onsite,Manager,unknown,unknown,unknown,talentbrew,N/A,2026-06-13T01:07:51Z,https://careers.l3harris.com/en/job/greenville/manager-subcontracts/4832/95608261088,
L3Harris,"Associate, Manufacturing Engineering",95441284720,"Northampton, MA",United States of America,,onsite,Junior,unknown,unknown,unknown,talentbrew,N/A,2026-06-13T01:07:51Z,https://careers.l3harris.com/en/job/northampton/associate-manufacturing-engineering/4832/95441284720,
L3Harris,"Specialist, Technical Writer",95639932768,"Palm Bay, Brevard, FL",United States of America,,onsite,Mid,unknown,unknown,unknown,talentbrew,N/A,2026-06-13T01:07:51Z,https://careers.l3harris.com/en/job/palm-bay/specialist-technical-writer/4832/95639932768,
L3Harris,"Scientist, Electrical Engineer Digital Hardware Design",95441285136,"Salt Lake City, UT",United States of America,,onsite,Mid,unknown,unknown,unknown,talentbrew,N/A,2026-06-13T01:07:51Z,https://careers.l3harris.com/en/job/salt-lake-city/scientist-electrical-engineer-digital-hardware-design/4832/95441285136,
L3Harris,Manufacturing Technical Lead,95596665984,"Salt Lake City, UT",United States of America,,onsite,Mid,unknown,unknown,unknown,talentbrew,N/A,2026-06-13T01:07:51Z,https://careers.l3harris.com/en/job/salt-lake-city/manufacturing-technical-lead/4832/95596665984,
L3Harris,"Specialist, Subcontracts",95424880768,"Yorba Linda, CA",United States of America,,onsite,Mid,unknown,unknown,unknown,talentbrew,N/A,2026-06-13T01:07:54Z,https://careers.l3harris.com/en/job/yorba-linda/specialist-subcontracts/4832/95424880768,
L3Harris,"Senior Specialist, Technical Writer",95639932720,"Palm Bay, Brevard, FL",United States of America,,onsite,Senior,unknown,unknown,unknown,talentbrew,N/A,2026-06-13T01:07:54Z,https://careers.l3harris.com/en/job/palm-bay/senior-specialist-technical-writer/4832/95639932720,
L3Harris,"Lead, RF/Wireless Engineering 1",95388160656,"Salt Lake City, UT",United States of America,,onsite,Lead,unknown,unknown,unknown,talentbrew,N/A,2026-06-13T01:07:54Z,https://careers.l3harris.com/en/job/salt-lake-city/lead-rf-wireless-engineering-1/4832/95388160656,
L3Harris,"L3Harris Engineering Hiring Event - Greenville, Texas(6/16)",95383071888,Multiple Locations,United States of America,,onsite,Mid,unknown,unknown,unknown,talentbrew,N/A,2026-06-13T01:07:54Z,https://careers.l3harris.com/en/job/greenville/l3harris-engineering-hiring-event-greenville-texas-6-16/4832/95383071888,
L3Harris,"Specialist, RF/Wireless Engineering",95388160624,"Salt Lake City, UT",United States of America,,onsite,Mid,unknown,unknown,unknown,talentbrew,N/A,2026-06-13T01:07:54Z,https://careers.l3harris.com/en/job/salt-lake-city/specialist-rf-wireless-engineering/4832/95388160624,
L3Harris,"Sr Specialist, Field Engineer (KA-350 Mission Systems)",95383071840,"Riyadh Region, SA",United States of America,,onsite,Senior,unknown,unknown,unknown,talentbrew,N/A,2026-06-13T01:07:54Z,https://careers.l3harris.com/en/job/riyadh-region/sr-specialist-field-engineer-ka-350-mission-systems/4832/95383071840,
L3Harris,"Manager, Quality",95903725984,"Carlstadt, NJ",United States of America,,onsite,Manager,unknown,unknown,unknown,talentbrew,N/A,2026-06-13T01:07:54Z,https://careers.l3harris.com/en/job/carlstadt/manager-quality/4832/95903725984,
L3Harris,"Specialist, Software Engineering (Embedded)",95383071680,"Richardson, TX",United States of America,,onsite,Mid,unknown,unknown,unknown,talentbrew,N/A,2026-06-13T01:07:54Z,https://careers.l3harris.com/en/job/richardson/specialist-software-engineering-embedded/4832/95383071680,
L3Harris,"Lead, Systems Engineering",95378318144,"Yorba Linda, CA",United States of America,,onsite,Lead,unknown,unknown,unknown,talentbrew,N/A,2026-06-13T01:07:54Z,https://careers.l3harris.com/en/job/yorba-linda/lead-systems-engineering/4832/95378318144,
L3Harris,"Test Engineering, Electrical Designer/Engineer",95378318176,"Waterdown, Ontario",Canada,,onsite,Mid,unknown,unknown,unknown,talentbrew,N/A,2026-06-13T01:07:54Z,https://careers.l3harris.com/en/job/waterdown/test-engineering-electrical-designer-engineer/4832/95378318176,
L3Harris,"Lead, IT Business Analyst",95424880720,Multiple Locations,United States of America,,onsite,Lead,unknown,unknown,unknown,talentbrew,N/A,2026-06-13T01:07:54Z,https://careers.l3harris.com/en/job/melbourne/lead-it-business-analyst/4832/95424880720,
L3Harris,"Lead, Product Manager",95578318976,"Waterdown, Ontario",Canada,,onsite,Lead,unknown,unknown,unknown,talentbrew,N/A,2026-06-13T01:07:54Z,https://careers.l3harris.com/en/job/waterdown/lead-product-manager/4832/95578318976,
L3Harris,"Specialist, Application Developer",95876326080,Multiple Locations,United States of America,,onsite,Mid,unknown,unknown,unknown,talentbrew,N/A,2026-06-13T01:07:54Z,https://careers.l3harris.com/en/job/melbourne/specialist-application-developer/4832/95876326080,
L3Harris,"Sr. Specialist Systems Engineering, Integration &amp; Test Engineer (Production)",95378318000,"Yorba Linda, CA",United States of America,,onsite,Senior,unknown,unknown,unknown,talentbrew,N/A,2026-06-13T01:07:54Z,https://careers.l3harris.com/en/job/yorba-linda/sr-specialist-systems-engineering-integration-and-test-engineer-production/4832/95378318000,
L3Harris,"Lead, Manufacturing Engineer",95608262192,"Camden, AR",United States of America,,onsite,Lead,unknown,unknown,unknown,talentbrew,N/A,2026-06-13T01:07:54Z,https://careers.l3harris.com/en/job/camden/lead-manufacturing-engineer/4832/95608262192,
L3Harris,Flight Sciences Technical Program Lead,95388160800,Multiple Locations,United States of America,,onsite,Mid,unknown,unknown,unknown,talentbrew,N/A,2026-06-13T01:07:57Z,https://careers.l3harris.com/en/job/greenville/flight-sciences-technical-program-lead/4832/95388160800,
L3Harris,"Lead, IT Business Analyst",95357234896,"Melbourne, FL",United States of America,,onsite,Lead,unknown,unknown,unknown,talentbrew,N/A,2026-06-13T01:07:57Z,https://careers.l3harris.com/en/job/melbourne/lead-it-business-analyst/4832/95357234896,
L3Harris,"Configuration Management, Specialist",95383071712,"Nashville, TN",United States of America,,onsite,Mid,unknown,unknown,unknown,talentbrew,N/A,2026-06-13T01:07:57Z,https://careers.l3harris.com/en/job/nashville/configuration-management-specialist/4832/95383071712,
L3Harris,"Specialist, Finance",95430067968,"Salt Lake City, UT",United States of America,,onsite,Mid,unknown,unknown,unknown,talentbrew,N/A,2026-06-13T01:07:57Z,https://careers.l3harris.com/en/job/salt-lake-city/specialist-finance/4832/95430067968,
L3Harris,"Sr Specialist, Field Engineer (KA-350 Mission Systems)",95345882128,"Greenville, TX",United States of America,,onsite,Senior,unknown,unknown,unknown,talentbrew,N/A,2026-06-13T01:07:57Z,https://careers.l3harris.com/en/job/greenville/sr-specialist-field-engineer-ka-350-mission-systems/4832/95345882128,
L3Harris,"Sr. Scientist, Mechanical Engineer",95420295376,"Greenville, TX",United States of America,,onsite,Senior,unknown,unknown,unknown,talentbrew,N/A,2026-06-13T01:07:57Z,https://careers.l3harris.com/en/job/greenville/sr-scientist-mechanical-engineer/4832/95420295376,
L3Harris,"Associate Manager, Quality Engineer",95857662320,"Palm Bay, Brevard, FL",United States of America,,onsite,Manager,unknown,unknown,unknown,talentbrew,N/A,2026-06-13T01:07:57Z,https://careers.l3harris.com/en/job/palm-bay/associate-manager-quality-engineer/4832/95857662320,
L3Harris,"Scientist, Mechanical Engineer",95420295392,"Greenville, TX",United States of America,,onsite,Mid,unknown,unknown,unknown,talentbrew,N/A,2026-06-13T01:07:57Z,https://careers.l3harris.com/en/job/greenville/scientist-mechanical-engineer/4832/95420295392,
L3Harris,"Lead, Systems Administration",95596665760,"Palm Bay, Brevard, FL",United States of America,,onsite,Lead,unknown,unknown,unknown,talentbrew,N/A,2026-06-13T01:07:57Z,https://careers.l3harris.com/en/job/palm-bay/lead-systems-administration/4832/95596665760,
L3Harris,"Senior Manager, Quality Management",95424880752,"John C Stennis Space Center, MS",United States of America,,onsite,Manager,unknown,unknown,unknown,talentbrew,N/A,2026-06-13T01:07:57Z,https://careers.l3harris.com/en/job/john-c-stennis-space-center/senior-manager-quality-management/4832/95424880752,
L3Harris,"Senior Specialist, Mechanical Engineer",95671840368,"Palm Bay, Brevard, FL",United States of America,,onsite,Senior,unknown,unknown,unknown,talentbrew,N/A,2026-06-13T01:07:57Z,https://careers.l3harris.com/en/job/palm-bay/senior-specialist-mechanical-engineer/4832/95671840368,
L3Harris,"Lead, Mechanical Engineer",95863362944,"Palm Bay, Brevard, FL",United States of America,,onsite,Lead,unknown,unknown,unknown,talentbrew,N/A,2026-06-13T01:07:57Z,https://careers.l3harris.com/en/job/palm-bay/lead-mechanical-engineer/4832/95863362944,
L3Harris,"Senior Specialist, Finance 1",95629389920,Multiple Locations,United States of America,,onsite,Senior,unknown,unknown,unknown,talentbrew,N/A,2026-06-13T01:07:57Z,https://careers.l3harris.com/en/job/salt-lake-city/senior-specialist-finance-1/4832/95629389920,
L3Harris,"Senior Specialist, Cyber Intelligence (ISSO)",95671840256,"Colorado Springs, CO",United States of America,,onsite,Senior,unknown,unknown,unknown,talentbrew,N/A,2026-06-13T01:07:57Z,https://careers.l3harris.com/en/job/colorado-springs/senior-specialist-cyber-intelligence-isso/4832/95671840256,
L3Harris,"Sr. Specialist, Project Engineering",95586834208,"Clifton, NJ",United States of America,,onsite,Senior,unknown,unknown,unknown,talentbrew,N/A,2026-06-13T01:07:57Z,https://careers.l3harris.com/en/job/clifton/sr-specialist-project-engineering/4832/95586834208,
L3Harris,Manager; Electrical Engineering (FPGA),95336248864,"Rochester, NY",United States of America,,onsite,Manager,unknown,unknown,unknown,talentbrew,N/A,2026-06-13T01:08:00Z,https://careers.l3harris.com/en/job/rochester/manager-electrical-engineering-fpga/4832/95336248864,
L3Harris,"Specialist, Electrical Engineer",95357235088,"Plano, TX",United States of America,,onsite,Mid,unknown,unknown,unknown,talentbrew,N/A,2026-06-13T01:08:00Z,https://careers.l3harris.com/en/job/plano/specialist-electrical-engineer/4832/95357235088,
L3Harris,"Director, HR Business Partner",95336248592,"Londonderry, NH",United States of America,,onsite,Director,unknown,unknown,unknown,talentbrew,N/A,2026-06-13T01:08:00Z,https://careers.l3harris.com/en/job/londonderry/director-hr-business-partner/4832/95336248592,
L3Harris,"Manager, Facilities Engineering and Project Management",95701079040,Multiple Locations,United States of America,,onsite,Manager,unknown,unknown,unknown,talentbrew,N/A,2026-06-13T01:08:00Z,https://careers.l3harris.com/en/job/salt-lake-city/manager-facilities-engineering-and-project-management/4832/95701079040,
L3Harris,Process Safety Management/Engineer,95345881904,"Camden, AR",United States of America,,onsite,Mid,unknown,unknown,unknown,talentbrew,N/A,2026-06-13T01:08:00Z,https://careers.l3harris.com/en/job/camden/process-safety-management-engineer/4832/95345881904,
L3Harris,"Principal, Supply Chain Management",95298993088,Multiple Locations,United States of America,,onsite,Principal,unknown,unknown,unknown,talentbrew,N/A,2026-06-13T01:08:00Z,https://careers.l3harris.com/en/job/palm-bay/principal-supply-chain-management/4832/95298993088,
L3Harris,"Senior Associate, Program Finance",95629390016,"Melbourne, FL",United States of America,,onsite,Senior,unknown,unknown,unknown,talentbrew,N/A,2026-06-13T01:08:00Z,https://careers.l3harris.com/en/job/melbourne/senior-associate-program-finance/4832/95629390016,
L3Harris,Inspection B,95903725872,"Londonderry, NH",United States of America,,onsite,Mid,unknown,unknown,unknown,talentbrew,N/A,2026-06-13T01:08:00Z,https://careers.l3harris.com/en/job/londonderry/inspection-b/4832/95903725872,
L3Harris,"Senior Specialist, Program Finance",95430068160,"Palm Bay, Brevard, FL",United States of America,,onsite,Senior,unknown,unknown,unknown,talentbrew,N/A,2026-06-13T01:08:00Z,https://careers.l3harris.com/en/job/palm-bay/senior-specialist-program-finance/4832/95430068160,
L3Harris,Manufacturing Technician C,95420295312,"Rochester, NY",United States of America,,onsite,Mid,unknown,unknown,unknown,talentbrew,N/A,2026-06-13T01:08:00Z,https://careers.l3harris.com/en/job/rochester/manufacturing-technician-c/4832/95420295312,
L3Harris,"Specialist, Mechanical Engineer (Aero Tool Design)",95298992880,"Greenville, TX",United States of America,,onsite,Mid,unknown,unknown,unknown,talentbrew,N/A,2026-06-13T01:08:00Z,https://careers.l3harris.com/en/job/greenville/specialist-mechanical-engineer-aero-tool-design/4832/95298992880,
L3Harris,Manufacturing Technician B,95629417936,"Rochester, NY",United States of America,,onsite,Mid,unknown,unknown,unknown,talentbrew,N/A,2026-06-13T01:08:00Z,https://careers.l3harris.com/en/job/rochester/manufacturing-technician-b/4832/95629417936,
L3Harris,Hardware Leaning Project Engineer,95336249072,"Carlsbad, CA",United States of America,,onsite,Mid,unknown,unknown,unknown,talentbrew,N/A,2026-06-13T01:08:00Z,https://careers.l3harris.com/en/job/carlsbad/hardware-leaning-project-engineer/4832/95336249072,
L3Harris,"Lead, Mechanical Engineer- Composite Case Design",95294388480,"Huntsville, AL",United States of America,,onsite,Lead,unknown,unknown,unknown,talentbrew,N/A,2026-06-13T01:08:00Z,https://careers.l3harris.com/en/job/huntsville/lead-mechanical-engineer-composite-case-design/4832/95294388480,
L3Harris,Material Program Manager,95852668448,Multiple Locations,United States of America,,onsite,Manager,unknown,unknown,unknown,talentbrew,N/A,2026-06-13T01:08:00Z,https://careers.l3harris.com/en/job/camden/material-program-manager/4832/95852668448,
L3Harris,"Scientist, Mechanical Engineer- Composite Case Design",95294388032,"Huntsville, AL",United States of America,,onsite,Mid,unknown,unknown,unknown,talentbrew,N/A,2026-06-13T01:08:03Z,https://careers.l3harris.com/en/job/huntsville/scientist-mechanical-engineer-composite-case-design/4832/95294388032,
L3Harris,"Senior Manager, Supply Chain Management (Onsite - Fort Wayne, IN)",95294387888,Multiple Locations,United States of America,,onsite,Manager,unknown,unknown,unknown,talentbrew,N/A,2026-06-13T01:08:03Z,https://careers.l3harris.com/en/job/fort-wayne/senior-manager-supply-chain-management-onsite-fort-wayne-in/4832/95294387888,
L3Harris,"Senior Manager, Supply Chain Management",95294387664,Multiple Locations,United States of America,,onsite,Manager,unknown,unknown,unknown,talentbrew,N/A,2026-06-13T01:08:03Z,https://careers.l3harris.com/en/job/palm-bay/senior-manager-supply-chain-management/4832/95294387664,
L3Harris,Fabrication D (TIG Welder),95294387824,"Redmond, WA",United States of America,,onsite,Mid,unknown,unknown,unknown,talentbrew,N/A,2026-06-13T01:08:03Z,https://careers.l3harris.com/en/job/redmond/fabrication-d-tig-welder/4832/95294387824,
L3Harris,"Specialist, Field Engineer",95596666304,"Colorado Springs, CO",United States of America,,onsite,Mid,unknown,unknown,unknown,talentbrew,N/A,2026-06-13T01:08:03Z,https://careers.l3harris.com/en/job/colorado-springs/specialist-field-engineer/4832/95596666304,
L3Harris,Financial Analyst - Travelling Administrator,96040458272,"Mirabel, Quebec",Canada,,onsite,Mid,unknown,unknown,unknown,talentbrew,N/A,2026-06-13T01:08:03Z,https://careers.l3harris.com/en/job/mirabel/financial-analyst-travelling-administrator/4832/96040458272,
L3Harris,Manufacturing Technician C,95629417968,"Rochester, NY",United States of America,,onsite,Mid,unknown,unknown,unknown,talentbrew,N/A,2026-06-13T01:08:03Z,https://careers.l3harris.com/en/job/rochester/manufacturing-technician-c/4832/95629417968,
L3Harris,Analyst Program Finance (CC330),95388160464,"Mirabel, Quebec",Canada,,onsite,Mid,unknown,unknown,unknown,talentbrew,N/A,2026-06-13T01:08:03Z,https://careers.l3harris.com/en/job/mirabel/analyst-program-finance-cc330/4832/95388160464,
L3Harris,"Senior Specialist, Engineering Services",95294387200,"Rochester, NY",United States of America,,onsite,Senior,unknown,unknown,unknown,talentbrew,N/A,2026-06-13T01:08:03Z,https://careers.l3harris.com/en/job/rochester/senior-specialist-engineering-services/4832/95294387200,
L3Harris,Engineering Technician C,95388160304,"San Diego, CA",United States of America,,onsite,Mid,unknown,unknown,unknown,talentbrew,N/A,2026-06-13T01:08:03Z,https://careers.l3harris.com/en/job/san-diego/engineering-technician-c/4832/95388160304,
L3Harris,"Manager, Configuration/Data Management",95294387072,"Salt Lake City, UT",United States of America,,onsite,Manager,unknown,unknown,unknown,talentbrew,N/A,2026-06-13T01:08:03Z,https://careers.l3harris.com/en/job/salt-lake-city/manager-configuration-data-management/4832/95294387072,
L3Harris,"Lead, Network Engineer",95285993440,"Rochester, NY",United States of America,,onsite,Lead,unknown,unknown,unknown,talentbrew,N/A,2026-06-13T01:08:03Z,https://careers.l3harris.com/en/job/rochester/lead-network-engineer/4832/95285993440,
L3Harris,"Senior Specialist, System Safety",95285993392,"Waterdown, Ontario",Canada,,onsite,Senior,unknown,unknown,unknown,talentbrew,N/A,2026-06-13T01:08:03Z,https://careers.l3harris.com/en/job/waterdown/senior-specialist-system-safety/4832/95285993392,
L3Harris,"Lead, Subcontracts",95399678288,"Palm Bay, Brevard, FL",United States of America,,onsite,Lead,unknown,unknown,unknown,talentbrew,N/A,2026-06-13T01:08:03Z,https://careers.l3harris.com/en/job/palm-bay/lead-subcontracts/4832/95399678288,
L3Harris,"Specialist, Project Engineering",95315502784,"Colorado Springs, CO",United States of America,,onsite,Mid,unknown,unknown,unknown,talentbrew,N/A,2026-06-13T01:08:03Z,https://careers.l3harris.com/en/job/colorado-springs/specialist-project-engineering/4832/95315502784,
L3Harris,"Senior Supervisor, Operations Management",95336249232,"Salt Lake City, UT",United States of America,,onsite,Senior,unknown,unknown,unknown,talentbrew,N/A,2026-06-13T01:08:06Z,https://careers.l3harris.com/en/job/salt-lake-city/senior-supervisor-operations-management/4832/95336249232,
L3Harris,"Specialist, Procurement",95591418384,"Rochester, NY",United States of America,,onsite,Mid,unknown,unknown,unknown,talentbrew,N/A,2026-06-13T01:08:06Z,https://careers.l3harris.com/en/job/rochester/specialist-procurement/4832/95591418384,
L3Harris,"Sr. Specialist, Systems Test &amp; Integration Engineer",95596665936,"Salt Lake City, UT",United States of America,,onsite,Senior,unknown,unknown,unknown,talentbrew,N/A,2026-06-13T01:08:06Z,https://careers.l3harris.com/en/job/salt-lake-city/sr-specialist-systems-test-and-integration-engineer/4832/95596665936,
L3Harris,"Sr. Specialist, Electrical Engineer (FPGA Design)",95257955504,"Waterdown, Ontario",Canada,,onsite,Senior,unknown,unknown,unknown,talentbrew,N/A,2026-06-13T01:08:06Z,https://careers.l3harris.com/en/job/waterdown/sr-specialist-electrical-engineer-fpga-design/4832/95257955504,
L3Harris,"Lead, Electrical Engineering - Hardware - Tactical Data Links",95336248816,Multiple Locations,United States of America,,onsite,Lead,unknown,unknown,unknown,talentbrew,N/A,2026-06-13T01:08:06Z,https://careers.l3harris.com/en/job/carlsbad/lead-electrical-engineering-hardware-tactical-data-links/4832/95336248816,
L3Harris,"Senior Specialist, Electrical Engineer - Power Supply Design",95257955360,"San Diego, CA",United States of America,,onsite,Senior,unknown,unknown,unknown,talentbrew,N/A,2026-06-13T01:08:06Z,https://careers.l3harris.com/en/job/san-diego/senior-specialist-electrical-engineer-power-supply-design/4832/95257955360,
L3Harris,"Lead, Systems Engineer",95304360960,"Salt Lake City, UT",United States of America,,onsite,Lead,unknown,unknown,unknown,talentbrew,N/A,2026-06-13T01:08:06Z,https://careers.l3harris.com/en/job/salt-lake-city/lead-systems-engineer/4832/95304360960,
L3Harris,"Specialist, Information Security Systems Engineering",95399678624,"Salt Lake City, UT",United States of America,,onsite,Mid,unknown,unknown,unknown,talentbrew,N/A,2026-06-13T01:08:06Z,https://careers.l3harris.com/en/job/salt-lake-city/specialist-information-security-systems-engineering/4832/95399678624,
L3Harris,"Sr Specialist, Systems Engineer",95304360912,"Salt Lake City, UT",United States of America,,onsite,Senior,unknown,unknown,unknown,talentbrew,N/A,2026-06-13T01:08:06Z,https://careers.l3harris.com/en/job/salt-lake-city/sr-specialist-systems-engineer/4832/95304360912,
L3Harris,"Specialist, Systems Engineer",95294387008,"Salt Lake City, UT",United States of America,,onsite,Mid,unknown,unknown,unknown,talentbrew,N/A,2026-06-13T01:08:06Z,https://careers.l3harris.com/en/job/salt-lake-city/specialist-systems-engineer/4832/95294387008,
L3Harris,"Senior Specialist, Industrial Engineer",95345882256,"Camden, AR",United States of America,,onsite,Senior,unknown,unknown,unknown,talentbrew,N/A,2026-06-13T01:08:06Z,https://careers.l3harris.com/en/job/camden/senior-specialist-industrial-engineer/4832/95345882256,
L3Harris,"Senior Specialist, Mechanical Engineering",95785303408,"San Diego, CA",United States of America,,onsite,Senior,unknown,unknown,unknown,talentbrew,N/A,2026-06-13T01:08:06Z,https://careers.l3harris.com/en/job/san-diego/senior-specialist-mechanical-engineering/4832/95785303408,
L3Harris,"Specialist, Quality",95139414400,"Camden, AR",United States of America,,onsite,Mid,unknown,unknown,unknown,talentbrew,N/A,2026-06-13T01:08:06Z,https://careers.l3harris.com/en/job/camden/specialist-quality/4832/95139414400,
L3Harris,Air Weapons Systems Instructor,95108190576,"Port-Alfred-Bagotville, Quebec",Canada,,onsite,Mid,unknown,unknown,unknown,talentbrew,N/A,2026-06-13T01:08:06Z,https://careers.l3harris.com/en/job/port-alfred-bagotville/air-weapons-systems-instructor/4832/95108190576,
L3Harris,Life Cycle Material Manager (LCMM) Support,95898756112,"Enfield, Nova Scotia",United States of America,,onsite,Manager,unknown,unknown,unknown,talentbrew,N/A,2026-06-13T01:08:06Z,https://careers.l3harris.com/en/job/enfield/life-cycle-material-manager-lcmm-support/4832/95898756112,
L3Harris,"Senior Specialist, Automation Engineer",95096768384,"Camden, AR",United States of America,,onsite,Senior,unknown,unknown,unknown,talentbrew,N/A,2026-06-13T01:08:09Z,https://careers.l3harris.com/en/job/camden/senior-specialist-automation-engineer/4832/95096768384,
L3Harris,Assistant Facility Security Officer,95345881776,"Ashburn, VA",United States of America,,onsite,Mid,unknown,unknown,unknown,talentbrew,N/A,2026-06-13T01:08:09Z,https://careers.l3harris.com/en/job/ashburn/assistant-facility-security-officer/4832/95345881776,
L3Harris,Facilities Welder/Fabricator B,95639932240,"Camden, AR",United States of America,,onsite,Mid,unknown,unknown,unknown,talentbrew,N/A,2026-06-13T01:08:09Z,https://careers.l3harris.com/en/job/camden/facilities-welder-fabricator-b/4832/95639932240,
L3Harris,Senior Stress Engineer,95898756096,"Mirabel, Quebec",Canada,,onsite,Senior,unknown,unknown,unknown,talentbrew,N/A,2026-06-13T01:08:09Z,https://careers.l3harris.com/en/job/mirabel/senior-stress-engineer/4832/95898756096,
L3Harris,"Manager, Procurement",95545407568,"Mirabel, Quebec",Canada,,onsite,Manager,unknown,unknown,unknown,talentbrew,N/A,2026-06-13T01:08:09Z,https://careers.l3harris.com/en/job/mirabel/manager-procurement/4832/95545407568,
L3Harris,ILS Engineer,95087265344,Multiple Locations,United States of America,,onsite,Mid,unknown,unknown,unknown,talentbrew,N/A,2026-06-13T01:08:09Z,https://careers.l3harris.com/en/job/montreal/ils-engineer/4832/95087265344,
L3Harris,Head of Finance,95629389760,"Bristol, England",United Kingdom,,onsite,Director,unknown,unknown,unknown,talentbrew,N/A,2026-06-13T01:08:09Z,https://careers.l3harris.com/en/job/bristol/head-of-finance/4832/95629389760,
L3Harris,Quality Control Inspector Level C,95701079056,Multiple Locations,United States of America,,onsite,Mid,unknown,unknown,unknown,talentbrew,N/A,2026-06-13T01:08:09Z,https://careers.l3harris.com/en/job/san-diego/quality-control-inspector-level-c/4832/95701079056,
L3Harris,"Specialist, Mechanical Engineer",95066231200,"Huntsville, AL",United States of America,,onsite,Mid,unknown,unknown,unknown,talentbrew,N/A,2026-06-13T01:08:09Z,https://careers.l3harris.com/en/job/huntsville/specialist-mechanical-engineer/4832/95066231200,
L3Harris,"Principal Analyst, MRO",95087265312,Multiple Locations,United States of America,,onsite,Principal,unknown,unknown,unknown,talentbrew,N/A,2026-06-13T01:08:09Z,https://careers.l3harris.com/en/job/melbourne/principal-analyst-mro/4832/95087265312,
L3Harris,"Analyst, Quality Management",95294388080,Multiple Locations,United States of America,,onsite,Mid,unknown,unknown,unknown,talentbrew,N/A,2026-06-13T01:08:09Z,https://careers.l3harris.com/en/job/melbourne/analyst-quality-management/4832/95294388080,
L3Harris,"Sr Analyst, MES Solutions Architect",95294387968,Multiple Locations,United States of America,,onsite,Principal,unknown,unknown,unknown,talentbrew,N/A,2026-06-13T01:08:09Z,https://careers.l3harris.com/en/job/melbourne/sr-analyst-mes-solutions-architect/4832/95294387968,
L3Harris,"Specialist, Audit - Government Compliance",95087265488,"Melbourne, FL",United States of America,,onsite,Mid,unknown,unknown,unknown,talentbrew,N/A,2026-06-13T01:08:09Z,https://careers.l3harris.com/en/job/melbourne/specialist-audit-government-compliance/4832/95087265488,
L3Harris,"Senior Associate, Trade Compliance",95651242960,Multiple Locations,United States of America,,onsite,Senior,unknown,unknown,unknown,talentbrew,N/A,2026-06-13T01:08:09Z,https://careers.l3harris.com/en/job/melbourne/senior-associate-trade-compliance/4832/95651242960,
L3Harris,"Manager, Tax Reporting",95298993184,"Melbourne, FL",United States of America,,onsite,Manager,unknown,unknown,unknown,talentbrew,N/A,2026-06-13T01:08:09Z,https://careers.l3harris.com/en/job/melbourne/manager-tax-reporting/4832/95298993184,
L3Harris,"Senior Manager, Contracts - TS/SCI with poly",95066230544,"Palm Bay, Brevard, FL",United States of America,,onsite,Manager,unknown,unknown,unknown,talentbrew,N/A,2026-06-13T01:08:12Z,https://careers.l3harris.com/en/job/palm-bay/senior-manager-contracts-ts-sci-with-poly/4832/95066230544,
L3Harris,"Lead, Program Management",95066230464,"North Amityville, NY",United States of America,,onsite,Lead,unknown,unknown,unknown,talentbrew,N/A,2026-06-13T01:08:12Z,https://careers.l3harris.com/en/job/north-amityville/lead-program-management/4832/95066230464,
L3Harris,"Senior Principal, Global Trade Compliance Counsel",95671840240,Multiple Locations,United States of America,,onsite,Principal,unknown,unknown,unknown,talentbrew,N/A,2026-06-13T01:08:12Z,https://careers.l3harris.com/en/job/melbourne/senior-principal-global-trade-compliance-counsel/4832/95671840240,
L3Harris,"Sr. Associate, Continuous Improvement",95345881504,"Londonderry, NH",United States of America,,onsite,Senior,unknown,unknown,unknown,talentbrew,N/A,2026-06-13T01:08:12Z,https://careers.l3harris.com/en/job/londonderry/sr-associate-continuous-improvement/4832/95345881504,
L3Harris,"Specialist, Program Management",95315502672,"North Amityville, NY",United States of America,,onsite,Mid,unknown,unknown,unknown,talentbrew,N/A,2026-06-13T01:08:12Z,https://careers.l3harris.com/en/job/north-amityville/specialist-program-management/4832/95315502672,
L3Harris,"Specialist, Continuous Improvement",95345881472,"Londonderry, NH",United States of America,,onsite,Mid,unknown,unknown,unknown,talentbrew,N/A,2026-06-13T01:08:12Z,https://careers.l3harris.com/en/job/londonderry/specialist-continuous-improvement/4832/95345881472,
L3Harris,"Senior Specialist, Manufacturing Engineer",95050686432,"West Palm Beach, FL",United States of America,,onsite,Senior,unknown,unknown,unknown,talentbrew,N/A,2026-06-13T01:08:12Z,https://careers.l3harris.com/en/job/west-palm-beach/senior-specialist-manufacturing-engineer/4832/95050686432,
L3Harris,"Senior Associate, Electrical Engineering",95336248624,"Carlsbad, CA",United States of America,,onsite,Senior,unknown,unknown,unknown,talentbrew,N/A,2026-06-13T01:08:12Z,https://careers.l3harris.com/en/job/carlsbad/senior-associate-electrical-engineering/4832/95336248624,
L3Harris,"Specialist, Software Quality Engineering",95257955392,"Nashville, TN",United States of America,,onsite,Mid,unknown,unknown,unknown,talentbrew,N/A,2026-06-13T01:08:12Z,https://careers.l3harris.com/en/job/nashville/specialist-software-quality-engineering/4832/95257955392,
L3Harris,"Specialist, Software Engineering",95274444160,"Nashville, TN",United States of America,,onsite,Mid,unknown,unknown,unknown,talentbrew,N/A,2026-06-13T01:08:12Z,https://careers.l3harris.com/en/job/nashville/specialist-software-engineering/4832/95274444160,
L3Harris,"Sr. Specialist, Program Scheduler",95045857984,"Bristol, PA",United States of America,,onsite,Senior,unknown,unknown,unknown,talentbrew,N/A,2026-06-13T01:08:12Z,https://careers.l3harris.com/en/job/bristol/sr-specialist-program-scheduler/4832/95045857984,
L3Harris,Engineering Technician C,95253515616,"Tempe, AZ",United States of America,,onsite,Mid,unknown,unknown,unknown,talentbrew,N/A,2026-06-13T01:08:12Z,https://careers.l3harris.com/en/job/tempe/engineering-technician-c/4832/95253515616,
L3Harris,Technical Trainer,95345881552,"Nashville, TN",United States of America,,onsite,Mid,unknown,unknown,unknown,talentbrew,N/A,2026-06-13T01:08:12Z,https://careers.l3harris.com/en/job/nashville/technical-trainer/4832/95345881552,
L3Harris,"Principal, Legal Compliance (Ethics &amp; Compliance Officer)",95045857904,Multiple Locations,United States of America,,onsite,Principal,unknown,unknown,unknown,talentbrew,N/A,2026-06-13T01:08:12Z,https://careers.l3harris.com/en/job/melbourne/principal-legal-compliance-ethics-and-compliance-officer/4832/95045857904,
L3Harris,"Senior Principal Counsel, Governance &amp; Securities",95050686464,"Melbourne, FL",United States of America,,onsite,Principal,unknown,unknown,unknown,talentbrew,N/A,2026-06-13T01:08:12Z,https://careers.l3harris.com/en/job/melbourne/senior-principal-counsel-governance-and-securities/4832/95050686464,
L3Harris,"Senior Supervisor, Configuration Management",95055643136,"Palm Bay, Brevard, FL",United States of America,,onsite,Senior,unknown,unknown,unknown,talentbrew,N/A,2026-06-13T01:08:15Z,https://careers.l3harris.com/en/job/palm-bay/senior-supervisor-configuration-management/4832/95055643136,
L3Harris,Configuration Data/Document Control C,95055643120,"Palm Bay, Brevard, FL",United States of America,,onsite,Mid,unknown,unknown,unknown,talentbrew,N/A,2026-06-13T01:08:15Z,https://careers.l3harris.com/en/job/palm-bay/configuration-data-document-control-c/4832/95055643120,
L3Harris,"Associate, Security Operations",95340787840,"Salt Lake City, UT",United States of America,,onsite,Junior,unknown,unknown,unknown,talentbrew,N/A,2026-06-13T01:08:15Z,https://careers.l3harris.com/en/job/salt-lake-city/associate-security-operations/4832/95340787840,
L3Harris,Systems Engineer- Integration and Test for Army Military Vehicle Integration (Level 4),95096768288,"Salt Lake City, UT",United States of America,,onsite,Mid,unknown,unknown,unknown,talentbrew,N/A,2026-06-13T01:08:15Z,https://careers.l3harris.com/en/job/salt-lake-city/systems-engineer-integration-and-test-for-army-military-vehicle-integration-level-4/4832/95096768288,
L3Harris,"Sr. Associate, Systems Engineer",95096768256,"Salt Lake City, UT",United States of America,,onsite,Senior,unknown,unknown,unknown,talentbrew,N/A,2026-06-13T01:08:15Z,https://careers.l3harris.com/en/job/salt-lake-city/sr-associate-systems-engineer/4832/95096768256,
L3Harris,"Senior Associate, Cyber Intelligence",95345881696,"Canoga Park, CA",United States of America,,onsite,Senior,unknown,unknown,unknown,talentbrew,N/A,2026-06-13T01:08:15Z,https://careers.l3harris.com/en/job/canoga-park/senior-associate-cyber-intelligence/4832/95345881696,
L3Harris,"Specialist, Manufacturing Engineer- 2nd shift",95055643248,"Salt Lake City, UT",United States of America,,onsite,Mid,unknown,unknown,unknown,talentbrew,N/A,2026-06-13T01:08:15Z,https://careers.l3harris.com/en/job/salt-lake-city/specialist-manufacturing-engineer-2nd-shift/4832/95055643248,
L3Harris,"Specialist, Quality Engineering",95676386464,"North Amityville, NY",United States of America,,onsite,Mid,unknown,unknown,unknown,talentbrew,N/A,2026-06-13T01:08:15Z,https://careers.l3harris.com/en/job/north-amityville/specialist-quality-engineering/4832/95676386464,
L3Harris,Training Courseware Developer,95430067808,"Waterdown, Ontario",Canada,,onsite,Mid,unknown,unknown,unknown,talentbrew,N/A,2026-06-13T01:08:15Z,https://careers.l3harris.com/en/job/waterdown/training-courseware-developer/4832/95430067808,
L3Harris,"Sr Associate, Export Classification",95430067776,"Waterdown, Ontario",Canada,,onsite,Senior,unknown,unknown,unknown,talentbrew,N/A,2026-06-13T01:08:15Z,https://careers.l3harris.com/en/job/waterdown/sr-associate-export-classification/4832/95430067776,
L3Harris,"L3Harris Engineering and Technician Career Fair - Camden, AR",95096768208,"Camden, AR",United States of America,,onsite,Mid,unknown,unknown,unknown,talentbrew,N/A,2026-06-13T01:08:15Z,https://careers.l3harris.com/en/job/camden/l3harris-engineering-and-technician-career-fair-camden-ar/4832/95096768208,
L3Harris,"Principal, Product Management",95108189968,"Londonderry, NH",United States of America,,onsite,Principal,unknown,unknown,unknown,talentbrew,N/A,2026-06-13T01:08:15Z,https://careers.l3harris.com/en/job/londonderry/principal-product-management/4832/95108189968,
L3Harris,"Sr. Specialist, Program Finance",95294387504,"Bristol, PA",United States of America,,onsite,Senior,unknown,unknown,unknown,talentbrew,N/A,2026-06-13T01:08:15Z,https://careers.l3harris.com/en/job/bristol/sr-specialist-program-finance/4832/95294387504,
L3Harris,"Senior Specialist, Systems Engineer - EXPAT - Estonia 1",95087265376,Remote,United States of America,,remote,Senior,unknown,unknown,unknown,talentbrew,N/A,2026-06-13T01:08:15Z,https://careers.l3harris.com/en/job/czechia/senior-specialist-systems-engineer-expat-estonia-1/4832/95087265376,
L3Harris,"Lead, Systems Engineer",95050686304,"Salt Lake City, UT",United States of America,,onsite,Lead,unknown,unknown,unknown,talentbrew,N/A,2026-06-13T01:08:15Z,https://careers.l3harris.com/en/job/salt-lake-city/lead-systems-engineer/4832/95050686304,
L3Harris,"Specialist, Integration/Test Engineer",95045858192,"Londonderry, NH",United States of America,,onsite,Mid,unknown,unknown,unknown,talentbrew,N/A,2026-06-13T01:08:18Z,https://careers.l3harris.com/en/job/londonderry/specialist-integration-test-engineer/4832/95045858192,
L3Harris,Information Systems Security Manager (ISSM),95639932288,"Camden, AR",United States of America,,onsite,Manager,unknown,unknown,unknown,talentbrew,N/A,2026-06-13T01:08:18Z,https://careers.l3harris.com/en/job/camden/information-systems-security-manager-issm/4832/95639932288,
L3Harris,Manufacturing Tech B 1,95011355296,"Londonderry, NH",United States of America,,onsite,Mid,unknown,unknown,unknown,talentbrew,N/A,2026-06-13T01:08:18Z,https://careers.l3harris.com/en/job/londonderry/manufacturing-tech-b-1/4832/95011355296,
L3Harris,"Sr. Manager, Subcontracts",95345881648,"Yorba Linda, CA",United States of America,,onsite,Manager,unknown,unknown,unknown,talentbrew,N/A,2026-06-13T01:08:18Z,https://careers.l3harris.com/en/job/yorba-linda/sr-manager-subcontracts/4832/95345881648,
L3Harris,Platform Solutions Engineer - Enterprise Infrastructure,95954640032,Multiple Locations,United States of America,,onsite,Mid,unknown,unknown,unknown,talentbrew,N/A,2026-06-13T01:08:18Z,https://careers.l3harris.com/en/job/melbourne/platform-solutions-engineer-enterprise-infrastructure/4832/95954640032,
L3Harris,Manufacturing Technician C - 2nd Shift 1,94998761120,"Redmond, WA",United States of America,,onsite,Mid,unknown,unknown,unknown,talentbrew,N/A,2026-06-13T01:08:18Z,https://careers.l3harris.com/en/job/redmond/manufacturing-technician-c-2nd-shift-1/4832/94998761120,
L3Harris,Manufacturing Technician D - 1st Shift 1,94998761088,"Redmond, WA",United States of America,,onsite,Mid,unknown,unknown,unknown,talentbrew,N/A,2026-06-13T01:08:18Z,https://careers.l3harris.com/en/job/redmond/manufacturing-technician-d-1st-shift-1/4832/94998761088,
L3Harris,"Lead, Program Management 1",94987584112,"Yorba Linda, CA",United States of America,,onsite,Lead,unknown,unknown,unknown,talentbrew,N/A,2026-06-13T01:08:18Z,https://careers.l3harris.com/en/job/yorba-linda/lead-program-management-1/4832/94987584112,
L3Harris,"Senior Manager, Program Management",95378318256,"Herndon, VA",United States of America,,onsite,Manager,unknown,unknown,unknown,talentbrew,N/A,2026-06-13T01:08:18Z,https://careers.l3harris.com/en/job/herndon/senior-manager-program-management/4832/95378318256,
L3Harris,"Specialist, Manufacturing Engineering",94987583936,"Mason, OH",United States of America,,onsite,Mid,unknown,unknown,unknown,talentbrew,N/A,2026-06-13T01:08:18Z,https://careers.l3harris.com/en/job/mason/specialist-manufacturing-engineering/4832/94987583936,
L3Harris,"Senior Specialist, Systems Engineer",95863362976,"Palm Bay, Brevard, FL",United States of America,,onsite,Senior,unknown,unknown,unknown,talentbrew,N/A,2026-06-13T01:08:18Z,https://careers.l3harris.com/en/job/palm-bay/senior-specialist-systems-engineer/4832/95863362976,
L3Harris,"Sr. Associate, Electrical Engineer",95016238112,"Plano, TX",United States of America,,onsite,Senior,unknown,unknown,unknown,talentbrew,N/A,2026-06-13T01:08:18Z,https://careers.l3harris.com/en/job/plano/sr-associate-electrical-engineer/4832/95016238112,
L3Harris,"Lead, Business Intelligence Analyst - People Analytics",95006807728,Remote,United States of America,,remote,Lead,unknown,unknown,unknown,talentbrew,N/A,2026-06-13T01:08:18Z,https://careers.l3harris.com/en/job/united-states/lead-business-intelligence-analyst-people-analytics/4832/95006807728,
L3Harris,"Principal, Supply Chain Management",95006807792,Multiple Locations,United States of America,,onsite,Principal,unknown,unknown,unknown,talentbrew,N/A,2026-06-13T01:08:18Z,https://careers.l3harris.com/en/job/melbourne/principal-supply-chain-management/4832/95006807792,
L3Harris,"Senior Specialist, Supplier Quality Engineering 1",95050686560,"Salt Lake City, UT",United States of America,,onsite,Senior,unknown,unknown,unknown,talentbrew,N/A,2026-06-13T01:08:18Z,https://careers.l3harris.com/en/job/salt-lake-city/senior-specialist-supplier-quality-engineering-1/4832/95050686560,
L3Harris,Inspector - Level 2 Radiographic NDT / NDE,95011355280,"Canoga Park, CA",United States of America,,onsite,Mid,unknown,unknown,unknown,talentbrew,N/A,2026-06-13T01:08:21Z,https://careers.l3harris.com/en/job/canoga-park/inspector-level-2-radiographic-ndt-nde/4832/95011355280,
L3Harris,"Senior Associate, Integration and Test Engineering",96299136704,"Ottawa, Ontario",Canada,,onsite,Senior,unknown,unknown,unknown,talentbrew,N/A,2026-06-13T01:08:21Z,https://careers.l3harris.com/en/job/ottawa/senior-associate-integration-and-test-engineering/4832/96299136704,
L3Harris,"Specialist, Mechanical Engineering",94977118496,"Waterdown, Ontario",Canada,,onsite,Mid,unknown,unknown,unknown,talentbrew,N/A,2026-06-13T01:08:21Z,https://careers.l3harris.com/en/job/waterdown/specialist-mechanical-engineering/4832/94977118496,
L3Harris,"Senior Specialist, Program Scheduler",95087265456,Remote,United States of America,,remote,Senior,unknown,unknown,unknown,talentbrew,N/A,2026-06-13T01:08:21Z,https://careers.l3harris.com/en/job/united-states/senior-specialist-program-scheduler/4832/95087265456,
L3Harris,"Specialist, Semiconductor Process Engineer",94977118336,"Mason, OH",United States of America,,onsite,Mid,unknown,unknown,unknown,talentbrew,N/A,2026-06-13T01:08:21Z,https://careers.l3harris.com/en/job/mason/specialist-semiconductor-process-engineer/4832/94977118336,
L3Harris,"Senior Associate, Production Planning",95388160272,"Palm Bay, Brevard, FL",United States of America,,onsite,Senior,unknown,unknown,unknown,talentbrew,N/A,2026-06-13T01:08:21Z,https://careers.l3harris.com/en/job/palm-bay/senior-associate-production-planning/4832/95388160272,
L3Harris,"Associate, Configuration Management 1",94987583888,"Greenville, TX",United States of America,,onsite,Junior,unknown,unknown,unknown,talentbrew,N/A,2026-06-13T01:08:21Z,https://careers.l3harris.com/en/job/greenville/associate-configuration-management-1/4832/94987583888,
L3Harris,Strategic Sourcer,95990113872,"Huntsville, AL",United States of America,,onsite,Mid,unknown,unknown,unknown,talentbrew,N/A,2026-06-13T01:08:21Z,https://careers.l3harris.com/en/job/huntsville/strategic-sourcer/4832/95990113872,
L3Harris,Clean Room Technician - 2nd Shift,95383071696,"Carlstadt, NJ",United States of America,,onsite,Mid,unknown,unknown,unknown,talentbrew,N/A,2026-06-13T01:08:21Z,https://careers.l3harris.com/en/job/carlstadt/clean-room-technician-2nd-shift/4832/95383071696,
L3Harris,"Senior Associate, Mechanical Engineering",95336248976,"Ottawa, Ontario",Canada,,onsite,Senior,unknown,unknown,unknown,talentbrew,N/A,2026-06-13T01:08:21Z,https://careers.l3harris.com/en/job/ottawa/senior-associate-mechanical-engineering/4832/95336248976,
L3Harris,"Sr. Associate, Electrical Engineer",95051667328,"Greenville, TX",United States of America,,onsite,Senior,unknown,unknown,unknown,talentbrew,N/A,2026-06-13T01:08:21Z,https://careers.l3harris.com/en/job/greenville/sr-associate-electrical-engineer/4832/95051667328,
L3Harris,"Specialist, Cyber Infrastructure Systems Engineer",95424821424,"Colorado Springs, CO",United States of America,,onsite,Mid,unknown,unknown,unknown,talentbrew,N/A,2026-06-13T01:08:21Z,https://careers.l3harris.com/en/job/colorado-springs/specialist-cyber-infrastructure-systems-engineer/4832/95424821424,
L3Harris,"Technical Trainer, Sr. Associate",94987583520,"Waterdown, Ontario",Canada,,onsite,Senior,unknown,unknown,unknown,talentbrew,N/A,2026-06-13T01:08:21Z,https://careers.l3harris.com/en/job/waterdown/technical-trainer-sr-associate/4832/94987583520,
L3Harris,"Specialist, Manufacturing Engineer",94967636736,"Richardson, TX",United States of America,,onsite,Mid,unknown,unknown,unknown,talentbrew,N/A,2026-06-13T01:08:21Z,https://careers.l3harris.com/en/job/richardson/specialist-manufacturing-engineer/4832/94967636736,
L3Harris,"Senior Associate, Subcontracts",95340787824,Remote,United States of America,,remote,Senior,unknown,unknown,unknown,talentbrew,N/A,2026-06-13T01:08:21Z,https://careers.l3harris.com/en/job/united-states/senior-associate-subcontracts/4832/95340787824,
L3Harris,"Senior Specialist, Field Service Representative - Expat",95051686848,Remote,United States of America,,remote,Senior,unknown,unknown,unknown,talentbrew,N/A,2026-06-13T01:08:24Z,https://careers.l3harris.com/en/job/czechia/senior-specialist-field-service-representative-expat/4832/95051686848,
L3Harris,"Senior Specialist, Manufacturing Engineer - 2nd Shift",94967669392,"Redmond, WA",United States of America,,onsite,Senior,unknown,unknown,unknown,talentbrew,N/A,2026-06-13T01:08:24Z,https://careers.l3harris.com/en/job/redmond/senior-specialist-manufacturing-engineer-2nd-shift/4832/94967669392,
L3Harris,"Senior Specialist, Mass Properties Engineer",94872860448,"Waco, TX",United States of America,,onsite,Senior,unknown,unknown,unknown,talentbrew,N/A,2026-06-13T01:08:24Z,https://careers.l3harris.com/en/job/waco/senior-specialist-mass-properties-engineer/4832/94872860448,
L3Harris,Facilities Technician B (Electrician),95676386800,"Camden, AR",United States of America,,onsite,Mid,unknown,unknown,unknown,talentbrew,N/A,2026-06-13T01:08:24Z,https://careers.l3harris.com/en/job/camden/facilities-technician-b-electrician/4832/95676386800,
L3Harris,"Specialist, Integration and Test Engineer",95050686368,"Colorado Springs, CO",United States of America,,onsite,Mid,unknown,unknown,unknown,talentbrew,N/A,2026-06-13T01:08:24Z,https://careers.l3harris.com/en/job/colorado-springs/specialist-integration-and-test-engineer/4832/95050686368,
L3Harris,"Senior Specialist, HR Business Partner",94862511488,"Redmond, WA",United States of America,,onsite,Senior,unknown,unknown,unknown,talentbrew,N/A,2026-06-13T01:08:24Z,https://careers.l3harris.com/en/job/redmond/senior-specialist-hr-business-partner/4832/94862511488,
L3Harris,"Specialist, Electrical Engineer 1",95006807776,"Palm Bay, Brevard, FL",United States of America,,onsite,Mid,unknown,unknown,unknown,talentbrew,N/A,2026-06-13T01:08:24Z,https://careers.l3harris.com/en/job/palm-bay/specialist-electrical-engineer-1/4832/95006807776,
L3Harris,"Specialist, Facilities Engineer",94972299536,"John C Stennis Space Center, MS",United States of America,,onsite,Mid,unknown,unknown,unknown,talentbrew,N/A,2026-06-13T01:08:24Z,https://careers.l3harris.com/en/job/john-c-stennis-space-center/specialist-facilities-engineer/4832/94972299536,
L3Harris,"Scientist, Systems Engineering",94857511248,Multiple Locations,United States of America,,onsite,Mid,unknown,unknown,unknown,talentbrew,N/A,2026-06-13T01:08:24Z,https://careers.l3harris.com/en/job/plano/scientist-systems-engineering/4832/94857511248,
L3Harris,"Lead, Subcontracts",94853080320,"Fort Wayne, IN",United States of America,,onsite,Lead,unknown,unknown,unknown,talentbrew,N/A,2026-06-13T01:08:24Z,https://careers.l3harris.com/en/job/fort-wayne/lead-subcontracts/4832/94853080320,
L3Harris,"Sr. Specialist, Application Development - Engineering Operations Tools &amp; Application Development",94872860288,"Greenville, TX",United States of America,,onsite,Senior,unknown,unknown,unknown,talentbrew,N/A,2026-06-13T01:08:24Z,https://careers.l3harris.com/en/job/greenville/sr-specialist-application-development-engineering-operations-tools-and-application-development/4832/94872860288,
L3Harris,"Manager, Electrical Engineering",94977118368,"Cincinnati, OH",United States of America,,onsite,Manager,unknown,unknown,unknown,talentbrew,N/A,2026-06-13T01:08:24Z,https://careers.l3harris.com/en/job/cincinnati/manager-electrical-engineering/4832/94977118368,
L3Harris,"Associate Manager, Electrical Engineering",94977118384,"Cincinnati, OH",United States of America,,onsite,Manager,unknown,unknown,unknown,talentbrew,N/A,2026-06-13T01:08:24Z,https://careers.l3harris.com/en/job/cincinnati/associate-manager-electrical-engineering/4832/94977118384,
L3Harris,"Senior Specialist, SCMM Compliance &amp; Supplier Diversity",95066230784,Multiple Locations,United States of America,,onsite,Senior,unknown,unknown,unknown,talentbrew,N/A,2026-06-13T01:08:24Z,https://careers.l3harris.com/en/job/huntsville/senior-specialist-scmm-compliance-and-supplier-diversity/4832/95066230784,
L3Harris,"Specialist, Systems Engineer - Reliability, Availability, Maintainability and Safety Engineer",94813960544,"Salt Lake City, UT",United States of America,,onsite,Mid,unknown,unknown,unknown,talentbrew,N/A,2026-06-13T01:08:24Z,https://careers.l3harris.com/en/job/salt-lake-city/specialist-systems-engineer-reliability-availability-maintainability-and-safety-engineer/4832/94813960544,
L3Harris,"Electronic Warfare Specialist, Systems Engineer",94823507056,"Clifton, NJ",United States of America,,onsite,Mid,unknown,unknown,unknown,talentbrew,N/A,2026-06-13T01:08:27Z,https://careers.l3harris.com/en/job/clifton/electronic-warfare-specialist-systems-engineer/4832/94823507056,
L3Harris,"Senior Specialist, Manufacturing Electrical Engineer",95257955424,"Ashburn, VA",United States of America,,onsite,Senior,unknown,unknown,unknown,talentbrew,N/A,2026-06-13T01:08:27Z,https://careers.l3harris.com/en/job/ashburn/senior-specialist-manufacturing-electrical-engineer/4832/95257955424,
L3Harris,"Senior Associate, Manufacturing Electrical Engineering",95257955408,"Ashburn, VA",United States of America,,onsite,Senior,unknown,unknown,unknown,talentbrew,N/A,2026-06-13T01:08:27Z,https://careers.l3harris.com/en/job/ashburn/senior-associate-manufacturing-electrical-engineering/4832/95257955408,
L3Harris,"Test Engineering, Mechanical Tooling Designer/Engineer",94853080256,"Waterdown, Ontario",Canada,,onsite,Mid,unknown,unknown,unknown,talentbrew,N/A,2026-06-13T01:08:27Z,https://careers.l3harris.com/en/job/waterdown/test-engineering-mechanical-tooling-designer-engineer/4832/94853080256,
L3Harris,"Lead, Integration and Test Engineer",95257955536,"Huntsville, AL",United States of America,,onsite,Lead,unknown,unknown,unknown,talentbrew,N/A,2026-06-13T01:08:27Z,https://careers.l3harris.com/en/job/huntsville/lead-integration-and-test-engineer/4832/95257955536,
L3Harris,"Engineering Technician B (Lockbourne, OH)",95016238128,"Lockbourne, OH",United States of America,,onsite,Mid,unknown,unknown,unknown,talentbrew,N/A,2026-06-13T01:08:27Z,https://careers.l3harris.com/en/job/lockbourne/engineering-technician-b-lockbourne-oh/4832/95016238128,
L3Harris,"Specialist, Provisioning (IM)",95016238240,"Cape Canaveral, FL",United States of America,,onsite,Mid,unknown,unknown,unknown,talentbrew,N/A,2026-06-13T01:08:27Z,https://careers.l3harris.com/en/job/cape-canaveral/specialist-provisioning-im/4832/95016238240,
L3Harris,Sr Program Chief Engineer/Director - GPS / A-PNT,94784117776,"Yorba Linda, CA",United States of America,,onsite,Director,unknown,unknown,unknown,talentbrew,N/A,2026-06-13T01:08:27Z,https://careers.l3harris.com/en/job/yorba-linda/sr-program-chief-engineer-director-gps-a-pnt/4832/94784117776,
L3Harris,"Senior Specialist, Program Management",94779302496,"Arlington, Arlington County, VA",United States of America,,onsite,Senior,unknown,unknown,unknown,talentbrew,N/A,2026-06-13T01:08:27Z,https://careers.l3harris.com/en/job/arlington/senior-specialist-program-management/4832/94779302496,
L3Harris,Machinist,95304361184,"Orange, VA",United States of America,,onsite,Mid,unknown,unknown,unknown,talentbrew,N/A,2026-06-13T01:08:27Z,https://careers.l3harris.com/en/job/orange/machinist/4832/95304361184,
L3Harris,"Senior Specialist, Control Account Manager (CAM)/Material Estimator",94977118464,"Bristol, PA",United States of America,,onsite,Manager,unknown,unknown,unknown,talentbrew,N/A,2026-06-13T01:08:27Z,https://careers.l3harris.com/en/job/bristol/senior-specialist-control-account-manager-cam-material-estimator/4832/94977118464,
L3Harris,"Lead, Project Engineer",94840491744,"San Diego, CA",United States of America,,onsite,Lead,unknown,unknown,unknown,talentbrew,N/A,2026-06-13T01:08:27Z,https://careers.l3harris.com/en/job/san-diego/lead-project-engineer/4832/94840491744,
L3Harris,Non Destructive Testing Film X-ray Level 2 Technician - 2nd Shift,94779302320,"Carlstadt, NJ",United States of America,,onsite,Mid,unknown,unknown,unknown,talentbrew,N/A,2026-06-13T01:08:27Z,https://careers.l3harris.com/en/job/carlstadt/non-destructive-testing-film-x-ray-level-2-technician-2nd-shift/4832/94779302320,
L3Harris,Non Destructive Testing RT / PT Level 2 Technician - 1st Shift,94779302288,"Carlstadt, NJ",United States of America,,onsite,Mid,unknown,unknown,unknown,talentbrew,N/A,2026-06-13T01:08:27Z,https://careers.l3harris.com/en/job/carlstadt/non-destructive-testing-rt-pt-level-2-technician-1st-shift/4832/94779302288,
L3Harris,"Senior Specialist, Contracts",95345882016,"Salt Lake City, UT",United States of America,,onsite,Senior,unknown,unknown,unknown,talentbrew,N/A,2026-06-13T01:08:27Z,https://careers.l3harris.com/en/job/salt-lake-city/senior-specialist-contracts/4832/95345882016,
L3Harris,"Senior Associate, Manufacturing Engineer",94774984528,"Camden, AR",United States of America,,onsite,Senior,unknown,unknown,unknown,talentbrew,N/A,2026-06-13T01:08:30Z,https://careers.l3harris.com/en/job/camden/senior-associate-manufacturing-engineer/4832/94774984528,
L3Harris,"Lead, Manufacturing Engineering",94774984560,"Camden, AR",United States of America,,onsite,Lead,unknown,unknown,unknown,talentbrew,N/A,2026-06-13T01:08:30Z,https://careers.l3harris.com/en/job/camden/lead-manufacturing-engineering/4832/94774984560,
L3Harris,"Senior Associate, Manufacturing Engineer",94823507104,"Rochester, NY",United States of America,,onsite,Senior,unknown,unknown,unknown,talentbrew,N/A,2026-06-13T01:08:30Z,https://careers.l3harris.com/en/job/rochester/senior-associate-manufacturing-engineer/4832/94823507104,
L3Harris,Manufacturing Technician B,94756269248,"Ashburn, VA",United States of America,,onsite,Mid,unknown,unknown,unknown,talentbrew,N/A,2026-06-13T01:08:30Z,https://careers.l3harris.com/en/job/ashburn/manufacturing-technician-b/4832/94756269248,
L3Harris,Manufacturing Technician A,94756269296,"Ashburn, VA",United States of America,,onsite,Mid,unknown,unknown,unknown,talentbrew,N/A,2026-06-13T01:08:30Z,https://careers.l3harris.com/en/job/ashburn/manufacturing-technician-a/4832/94756269296,
L3Harris,"Associate, Procurement",94756268864,"Salt Lake City, UT",United States of America,,onsite,Junior,unknown,unknown,unknown,talentbrew,N/A,2026-06-13T01:08:30Z,https://careers.l3harris.com/en/job/salt-lake-city/associate-procurement/4832/94756268864,
L3Harris,"Manager, Field Engineering",94756268752,"Carlsbad, CA",United States of America,,onsite,Manager,unknown,unknown,unknown,talentbrew,N/A,2026-06-13T01:08:30Z,https://careers.l3harris.com/en/job/carlsbad/manager-field-engineering/4832/94756268752,
L3Harris,"Specialist,  Electrical Engineering Power Supply Design",94756269024,"Salt Lake City, UT",United States of America,,onsite,Mid,unknown,unknown,unknown,talentbrew,N/A,2026-06-13T01:08:30Z,https://careers.l3harris.com/en/job/salt-lake-city/specialist-electrical-engineering-power-supply-design/4832/94756269024,
L3Harris,Senior Systems Administrator,94740485360,"Yorba Linda, CA",United States of America,,onsite,Senior,unknown,unknown,unknown,talentbrew,N/A,2026-06-13T01:08:30Z,https://careers.l3harris.com/en/job/yorba-linda/senior-systems-administrator/4832/94740485360,
L3Harris,"Senior Associate, IT Help Desk",94735958992,"Herndon, VA",United States of America,,onsite,Senior,unknown,unknown,unknown,talentbrew,N/A,2026-06-13T01:08:30Z,https://careers.l3harris.com/en/job/herndon/senior-associate-it-help-desk/4832/94735958992,
L3Harris,"Principal, Supply Chain Program Management",94774984400,"Palm Bay, Brevard, FL",United States of America,,onsite,Principal,unknown,unknown,unknown,talentbrew,N/A,2026-06-13T01:08:30Z,https://careers.l3harris.com/en/job/palm-bay/principal-supply-chain-program-management/4832/94774984400,
L3Harris,Electro-Mechanical (AFTERNOONS)B,96299148880,"Waterdown, Ontario",Canada,,onsite,Mid,unknown,unknown,unknown,talentbrew,N/A,2026-06-13T01:08:30Z,https://careers.l3harris.com/en/job/waterdown/electro-mechanical-afternoons-b/4832/96299148880,
L3Harris,Engineering Technician C,94740485152,"Rochester, NY",United States of America,,onsite,Mid,unknown,unknown,unknown,talentbrew,N/A,2026-06-13T01:08:30Z,https://careers.l3harris.com/en/job/rochester/engineering-technician-c/4832/94740485152,
L3Harris,"Solution Architect, ERP Administration &amp; Scheduling",94818412992,Multiple Locations,United States of America,,onsite,Principal,unknown,unknown,unknown,talentbrew,N/A,2026-06-13T01:08:30Z,https://careers.l3harris.com/en/job/melbourne/solution-architect-erp-administration-and-scheduling/4832/94818412992,
L3Harris,"Senior Specialist, IT Business Analysis",95066230864,Multiple Locations,United States of America,,onsite,Senior,unknown,unknown,unknown,talentbrew,N/A,2026-06-13T01:08:30Z,https://careers.l3harris.com/en/job/canoga-park/senior-specialist-it-business-analysis/4832/95066230864,
L3Harris,"Specialist, Electrical Engineering - FPGA/ ASIC Hardware Engineer",94735958800,"Cincinnati, OH",United States of America,,onsite,Mid,unknown,unknown,unknown,talentbrew,N/A,2026-06-13T01:08:33Z,https://careers.l3harris.com/en/job/cincinnati/specialist-electrical-engineering-fpga-asic-hardware-engineer/4832/94735958800,
L3Harris,"Lead, Electrical Engineer - Firmware (Field-Programmable Gate Array)",94728088544,"San Diego, CA",United States of America,,onsite,Lead,unknown,unknown,unknown,talentbrew,N/A,2026-06-13T01:08:33Z,https://careers.l3harris.com/en/job/san-diego/lead-electrical-engineer-firmware-field-programmable-gate-array/4832/94728088544,
L3Harris,"Principal, Supply Chain Program Management",94756268976,"Malabar, FL",United States of America,,onsite,Principal,unknown,unknown,unknown,talentbrew,N/A,2026-06-13T01:08:33Z,https://careers.l3harris.com/en/job/malabar/principal-supply-chain-program-management/4832/94756268976,
L3Harris,Chief Systems Engineer,94705807040,"Clifton, NJ",United States of America,,onsite,Director,unknown,unknown,unknown,talentbrew,N/A,2026-06-13T01:08:33Z,https://careers.l3harris.com/en/job/clifton/chief-systems-engineer/4832/94705807040,
L3Harris,"Senior Specialist, Subcontracts",94756269200,"Huntsville, AL",United States of America,,onsite,Senior,unknown,unknown,unknown,talentbrew,N/A,2026-06-13T01:08:33Z,https://careers.l3harris.com/en/job/huntsville/senior-specialist-subcontracts/4832/94756269200,
L3Harris,"Specialist, IT Security (Identity &amp; Directory Services Administrator)",94735958736,"Melbourne, FL",United States of America,,onsite,Director,unknown,unknown,unknown,talentbrew,N/A,2026-06-13T01:08:33Z,https://careers.l3harris.com/en/job/melbourne/specialist-it-security-identity-and-directory-services-administrator/4832/94735958736,
L3Harris,"Senior Manager, Quality Management - Deputy Director",94700996384,"Camden, AR",United States of America,,onsite,Director,unknown,unknown,unknown,talentbrew,N/A,2026-06-13T01:08:33Z,https://careers.l3harris.com/en/job/camden/senior-manager-quality-management-deputy-director/4832/94700996384,
L3Harris,"Senior Supervisor, Manufacturing Engineering",95006808000,"Rochester, NY",United States of America,,onsite,Senior,unknown,unknown,unknown,talentbrew,N/A,2026-06-13T01:08:33Z,https://careers.l3harris.com/en/job/rochester/senior-supervisor-manufacturing-engineering/4832/95006808000,
L3Harris,"Senior Specialist, Electrical Engineering, FPGA Engineer (FOS)",94696706752,"Cincinnati, OH",United States of America,,onsite,Senior,unknown,unknown,unknown,talentbrew,N/A,2026-06-13T01:08:33Z,https://careers.l3harris.com/en/job/cincinnati/senior-specialist-electrical-engineering-fpga-engineer-fos/4832/94696706752,
L3Harris,"Senior Associate, Quality Engineer",94779302416,"Camden, AR",United States of America,,onsite,Senior,unknown,unknown,unknown,talentbrew,N/A,2026-06-13T01:08:33Z,https://careers.l3harris.com/en/job/camden/senior-associate-quality-engineer/4832/94779302416,
L3Harris,"Lead, Electrical Engineer",94696706736,"Cincinnati, OH",United States of America,,onsite,Lead,unknown,unknown,unknown,talentbrew,N/A,2026-06-13T01:08:33Z,https://careers.l3harris.com/en/job/cincinnati/lead-electrical-engineer/4832/94696706736,
L3Harris,"Specialist, Systems Engineering",94967636464,"Rochester, NY",United States of America,,onsite,Mid,unknown,unknown,unknown,talentbrew,N/A,2026-06-13T01:08:33Z,https://careers.l3harris.com/en/job/rochester/specialist-systems-engineering/4832/94967636464,
L3Harris,Senior Buyer,94696734384,"Mirabel, Quebec",Canada,,onsite,Senior,unknown,unknown,unknown,talentbrew,N/A,2026-06-13T01:08:33Z,https://careers.l3harris.com/en/job/mirabel/senior-buyer/4832/94696734384,
L3Harris,"Senior Manager, IT Project Management",95016238288,Multiple Locations,United States of America,,onsite,Manager,unknown,unknown,unknown,talentbrew,N/A,2026-06-13T01:08:33Z,https://careers.l3harris.com/en/job/mirabel/senior-manager-it-project-management/4832/95016238288,
L3Harris,"Principal, Industrial Engineer",94662808336,Multiple Locations,United States of America,,onsite,Principal,unknown,unknown,unknown,talentbrew,N/A,2026-06-13T01:08:33Z,https://careers.l3harris.com/en/job/huntsville/principal-industrial-engineer/4832/94662808336,
L3Harris,Inspection B,94717098480,"Camden, AR",United States of America,,onsite,Mid,unknown,unknown,unknown,talentbrew,N/A,2026-06-13T01:08:36Z,https://careers.l3harris.com/en/job/camden/inspection-b/4832/94717098480,
L3Harris,"Lead, Quality Engineering",94596156416,"Ashburn, VA",United States of America,,onsite,Lead,unknown,unknown,unknown,talentbrew,N/A,2026-06-13T01:08:36Z,https://careers.l3harris.com/en/job/ashburn/lead-quality-engineering/4832/94596156416,
L3Harris,"Lead, Systems Engineering (Software Systems)",94577360080,Multiple Locations,United States of America,,onsite,Lead,unknown,unknown,unknown,talentbrew,N/A,2026-06-13T01:08:36Z,https://careers.l3harris.com/en/job/palm-bay/lead-systems-engineering-software-systems/4832/94577360080,
L3Harris,Continuous Improvement Engineer,94967636624,"Camden, AR",United States of America,,onsite,Mid,unknown,unknown,unknown,talentbrew,N/A,2026-06-13T01:08:36Z,https://careers.l3harris.com/en/job/camden/continuous-improvement-engineer/4832/94967636624,
L3Harris,Quality Technician D,94813960528,"John C Stennis Space Center, MS",United States of America,,onsite,Mid,unknown,unknown,unknown,talentbrew,N/A,2026-06-13T01:08:36Z,https://careers.l3harris.com/en/job/john-c-stennis-space-center/quality-technician-d/4832/94813960528,
L3Harris,"Specialist, Systems Engineering",95285993344,"Waterdown, Ontario",Canada,,onsite,Mid,unknown,unknown,unknown,talentbrew,N/A,2026-06-13T01:08:36Z,https://careers.l3harris.com/en/job/waterdown/specialist-systems-engineering/4832/95285993344,
L3Harris,Field Technician D,94735958880,"Melbourne, FL",United States of America,,onsite,Mid,unknown,unknown,unknown,talentbrew,N/A,2026-06-13T01:08:36Z,https://careers.l3harris.com/en/job/melbourne/field-technician-d/4832/94735958880,
L3Harris,Contracts Manager (People Manager) 1,94735958960,"Salt Lake City, UT",United States of America,,onsite,Manager,unknown,unknown,unknown,talentbrew,N/A,2026-06-13T01:08:36Z,https://careers.l3harris.com/en/job/salt-lake-city/contracts-manager-people-manager-1/4832/94735958960,
L3Harris,"Lead, Electrical Engineer (Printed Circuit Board Design) 1",94567506800,"San Diego, CA",United States of America,,onsite,Lead,unknown,unknown,unknown,talentbrew,N/A,2026-06-13T01:08:36Z,https://careers.l3harris.com/en/job/san-diego/lead-electrical-engineer-printed-circuit-board-design-1/4832/94567506800,
L3Harris,"Lead, Electrical Engineering",94567506544,"Hilton Head Island, SC",United States of America,,onsite,Lead,unknown,unknown,unknown,talentbrew,N/A,2026-06-13T01:08:36Z,https://careers.l3harris.com/en/job/hilton-head-island/lead-electrical-engineering/4832/94567506544,
L3Harris,Machinist C,94744767376,"North Amityville, NY",United States of America,,onsite,Mid,unknown,unknown,unknown,talentbrew,N/A,2026-06-13T01:08:36Z,https://careers.l3harris.com/en/job/north-amityville/machinist-c/4832/94744767376,
L3Harris,Manager of Operations Management,94583941056,"Londonderry, NH",United States of America,,onsite,Manager,unknown,unknown,unknown,talentbrew,N/A,2026-06-13T01:08:36Z,https://careers.l3harris.com/en/job/londonderry/manager-of-operations-management/4832/94583941056,
L3Harris,Sr. Manager of Operations,94583941040,"Londonderry, NH",United States of America,,onsite,Manager,unknown,unknown,unknown,talentbrew,N/A,2026-06-13T01:08:36Z,https://careers.l3harris.com/en/job/londonderry/sr-manager-of-operations/4832/94583941040,
L3Harris,"Senior Specialist, Systems Engineering",94562746176,"Yorba Linda, CA",United States of America,,onsite,Senior,unknown,unknown,unknown,talentbrew,N/A,2026-06-13T01:08:36Z,https://careers.l3harris.com/en/job/yorba-linda/senior-specialist-systems-engineering/4832/94562746176,
L3Harris,"Lead, Supply Chain Management",94779302592,"Canoga Park, CA",United States of America,,onsite,Lead,unknown,unknown,unknown,talentbrew,N/A,2026-06-13T01:08:36Z,https://careers.l3harris.com/en/job/canoga-park/lead-supply-chain-management/4832/94779302592,
L3Harris,Sr. Manager of Operations (New Product Introduction),94583941024,"Londonderry, NH",United States of America,,onsite,Manager,unknown,unknown,unknown,talentbrew,N/A,2026-06-13T01:08:39Z,https://careers.l3harris.com/en/job/londonderry/sr-manager-of-operations-new-product-introduction/4832/94583941024,
L3Harris,Facility Technician C (Carpenter) - 1st Shift,95304361056,"Orange, VA",United States of America,,onsite,Mid,unknown,unknown,unknown,talentbrew,N/A,2026-06-13T01:08:39Z,https://careers.l3harris.com/en/job/orange/facility-technician-c-carpenter-1st-shift/4832/95304361056,
L3Harris,Facility Technician C (Electrician) - 1st Shift,94948310400,"Orange, VA",United States of America,,onsite,Mid,unknown,unknown,unknown,talentbrew,N/A,2026-06-13T01:08:39Z,https://careers.l3harris.com/en/job/orange/facility-technician-c-electrician-1st-shift/4832/94948310400,
L3Harris,Manufacturing Technician,94756196928,"Camden, AR",United States of America,,onsite,Mid,unknown,unknown,unknown,talentbrew,N/A,2026-06-13T01:08:39Z,https://careers.l3harris.com/en/job/camden/manufacturing-technician/4832/94756196928,
L3Harris,Engineering Technician,94546297360,"Palm Bay, Brevard, FL",United States of America,,onsite,Mid,unknown,unknown,unknown,talentbrew,N/A,2026-06-13T01:08:39Z,https://careers.l3harris.com/en/job/palm-bay/engineering-technician/4832/94546297360,
L3Harris,"Senior Associate, Program Data Management",94546297328,"Palm Bay, Brevard, FL",United States of America,,onsite,Senior,unknown,unknown,unknown,talentbrew,N/A,2026-06-13T01:08:39Z,https://careers.l3harris.com/en/job/palm-bay/senior-associate-program-data-management/4832/94546297328,
L3Harris,"Senior Specialist, Program Finance",94540226928,"Palm Bay, Brevard, FL",United States of America,,onsite,Senior,unknown,unknown,unknown,talentbrew,N/A,2026-06-13T01:08:39Z,https://careers.l3harris.com/en/job/palm-bay/senior-specialist-program-finance/4832/94540226928,
L3Harris,"Senior Specialist, Technical Writer",94540226880,"Palm Bay, Brevard, FL",United States of America,,onsite,Senior,unknown,unknown,unknown,talentbrew,N/A,2026-06-13T01:08:39Z,https://careers.l3harris.com/en/job/palm-bay/senior-specialist-technical-writer/4832/94540226880,
L3Harris,"Lead, Info Security Systems Engineer",94540226656,"Clifton, NJ",United States of America,,onsite,Lead,unknown,unknown,unknown,talentbrew,N/A,2026-06-13T01:08:39Z,https://careers.l3harris.com/en/job/clifton/lead-info-security-systems-engineer/4832/94540226656,
L3Harris,"Sr. Spec, Structural Engineer (Stress Engineer)",94558471968,Multiple Locations,United States of America,,onsite,Senior,unknown,unknown,unknown,talentbrew,N/A,2026-06-13T01:08:39Z,https://careers.l3harris.com/en/job/plano/sr-spec-structural-engineer-stress-engineer/4832/94558471968,
L3Harris,"Lead, Software Engineering",94530013536,"Mason, OH",United States of America,,onsite,Lead,unknown,unknown,unknown,talentbrew,N/A,2026-06-13T01:08:39Z,https://careers.l3harris.com/en/job/mason/lead-software-engineering/4832/94530013536,
L3Harris,"Senior Specialist, Manufacturing Engineer",94567506320,"Palm Bay, Brevard, FL",United States of America,,onsite,Senior,unknown,unknown,unknown,talentbrew,N/A,2026-06-13T01:08:39Z,https://careers.l3harris.com/en/job/palm-bay/senior-specialist-manufacturing-engineer/4832/94567506320,
L3Harris,"Specialist, Mechanical Designer",94705806880,"Palm Bay, Brevard, FL",United States of America,,onsite,Mid,unknown,unknown,unknown,talentbrew,N/A,2026-06-13T01:08:39Z,https://careers.l3harris.com/en/job/palm-bay/specialist-mechanical-designer/4832/94705806880,
L3Harris,Site Lead - Cold Lake,94530013456,"Cold Lake, Alberta",United States of America,,onsite,Lead,unknown,unknown,unknown,talentbrew,N/A,2026-06-13T01:08:39Z,https://careers.l3harris.com/en/job/cold-lake/site-lead-cold-lake/4832/94530013456,
L3Harris,"Specialist, Program Management",94530013408,"Bristol, PA",United States of America,,onsite,Mid,unknown,unknown,unknown,talentbrew,N/A,2026-06-13T01:08:39Z,https://careers.l3harris.com/en/job/bristol/specialist-program-management/4832/94530013408,
L3Harris,"Senior Specialist, Industrial Engineering",94567506928,"Salt Lake City, UT",United States of America,,onsite,Senior,unknown,unknown,unknown,talentbrew,N/A,2026-06-13T01:08:42Z,https://careers.l3harris.com/en/job/salt-lake-city/senior-specialist-industrial-engineering/4832/94567506928,
L3Harris,"Sr. Specialist, PCB Designer",94562746288,"Salt Lake City, UT",United States of America,,onsite,Senior,unknown,unknown,unknown,talentbrew,N/A,2026-06-13T01:08:42Z,https://careers.l3harris.com/en/job/salt-lake-city/sr-specialist-pcb-designer/4832/94562746288,
L3Harris,"Senior Specialist, System Analysis",94567507104,"West Palm Beach, FL",United States of America,,onsite,Senior,unknown,unknown,unknown,talentbrew,N/A,2026-06-13T01:08:42Z,https://careers.l3harris.com/en/job/west-palm-beach/senior-specialist-system-analysis/4832/94567507104,
L3Harris,"Lead, Systems Project Engineer",94530013040,"Carlsbad, CA",United States of America,,onsite,Lead,unknown,unknown,unknown,talentbrew,N/A,2026-06-13T01:08:42Z,https://careers.l3harris.com/en/job/carlsbad/lead-systems-project-engineer/4832/94530013040,
L3Harris,"Lead, Instrumentation &amp; Controls Engineer",94525223328,"West Palm Beach, FL",United States of America,,onsite,Lead,unknown,unknown,unknown,talentbrew,N/A,2026-06-13T01:08:42Z,https://careers.l3harris.com/en/job/west-palm-beach/lead-instrumentation-and-controls-engineer/4832/94525223328,
L3Harris,Manufacturing Technician - Thin film Optical Coating (Afternoon Shift),94530013328,"Toronto, Ontario",Canada,,onsite,Mid,unknown,unknown,unknown,talentbrew,N/A,2026-06-13T01:08:42Z,https://careers.l3harris.com/en/job/toronto/manufacturing-technician-thin-film-optical-coating-afternoon-shift/4832/94530013328,
L3Harris,Coating Technician (WEEKEND SHIFT),94700996592,"Toronto, Ontario",Canada,,onsite,Mid,unknown,unknown,unknown,talentbrew,N/A,2026-06-13T01:08:42Z,https://careers.l3harris.com/en/job/toronto/coating-technician-weekend-shift/4832/94700996592,
L3Harris,"Sr. Specialist, Electrical Designer",94520863648,"Waterdown, Ontario",Canada,,onsite,Senior,unknown,unknown,unknown,talentbrew,N/A,2026-06-13T01:08:42Z,https://careers.l3harris.com/en/job/waterdown/sr-specialist-electrical-designer/4832/94520863648,
L3Harris,"Sr. Specialist, Electrical Designer",94520863504,"Waterdown, Ontario",Canada,,onsite,Senior,unknown,unknown,unknown,talentbrew,N/A,2026-06-13T01:08:42Z,https://careers.l3harris.com/en/job/waterdown/sr-specialist-electrical-designer/4832/94520863504,
L3Harris,"Principal, Business Development - Western Europe",94520863568,Remote,United States of America,,remote,Principal,unknown,unknown,unknown,talentbrew,N/A,2026-06-13T01:08:42Z,https://careers.l3harris.com/en/job/netherlands/principal-business-development-western-europe/4832/94520863568,
L3Harris,"Principal, Business Development - Western Europe",94520863552,Italy,United States of America,,onsite,Principal,unknown,unknown,unknown,talentbrew,N/A,2026-06-13T01:08:42Z,https://careers.l3harris.com/en/job/italy/principal-business-development-western-europe/4832/94520863552,
L3Harris,"Principal, Business Development - Western Europe",94520863536,Germany,United States of America,,onsite,Principal,unknown,unknown,unknown,talentbrew,N/A,2026-06-13T01:08:42Z,https://careers.l3harris.com/en/job/germany/principal-business-development-western-europe/4832/94520863536,
L3Harris,"Specialist, Aerospace Engineer (Structural Dynamics)",94520863488,"Greenville, TX",United States of America,,onsite,Mid,unknown,unknown,unknown,talentbrew,N/A,2026-06-13T01:08:42Z,https://careers.l3harris.com/en/job/greenville/specialist-aerospace-engineer-structural-dynamics/4832/94520863488,
L3Harris,"Principal, Business Development - Western Europe",94520863520,France,United States of America,,onsite,Principal,unknown,unknown,unknown,talentbrew,N/A,2026-06-13T01:08:42Z,https://careers.l3harris.com/en/job/france/principal-business-development-western-europe/4832/94520863520,
L3Harris,"Principal, Business Development - Western Europe",94520863472,"England, GB",United Kingdom,,onsite,Principal,unknown,unknown,unknown,talentbrew,N/A,2026-06-13T01:08:42Z,https://careers.l3harris.com/en/job/england/principal-business-development-western-europe/4832/94520863472,
L3Harris,"Specialist, Electrical Engineer",94779302176,"Rochester, NY",United States of America,,onsite,Mid,unknown,unknown,unknown,talentbrew,N/A,2026-06-13T01:08:45Z,https://careers.l3harris.com/en/job/rochester/specialist-electrical-engineer/4832/94779302176,
L3Harris,"Senior Specialist, Mechanical Engineering (Optics)",94502490928,"Fort Wayne, IN",United States of America,,onsite,Senior,unknown,unknown,unknown,talentbrew,N/A,2026-06-13T01:08:45Z,https://careers.l3harris.com/en/job/fort-wayne/senior-specialist-mechanical-engineering-optics/4832/94502490928,
L3Harris,"Senior Specialist, Electrical Engineering",94577359920,"Fort Wayne, IN",United States of America,,onsite,Senior,unknown,unknown,unknown,talentbrew,N/A,2026-06-13T01:08:45Z,https://careers.l3harris.com/en/job/fort-wayne/senior-specialist-electrical-engineering/4832/94577359920,
L3Harris,"Specialist, Electro-Optical Designer",94705806576,"Waterdown, Ontario",Canada,,onsite,Mid,unknown,unknown,unknown,talentbrew,N/A,2026-06-13T01:08:45Z,https://careers.l3harris.com/en/job/waterdown/specialist-electro-optical-designer/4832/94705806576,
L3Harris,"Senior Associate, Facilities",94567506576,"Canoga Park, CA",United States of America,,onsite,Senior,unknown,unknown,unknown,talentbrew,N/A,2026-06-13T01:08:45Z,https://careers.l3harris.com/en/job/canoga-park/senior-associate-facilities/4832/94567506576,
L3Harris,Program Finance Specialist,94487351760,"Palm Bay, Brevard, FL",United States of America,,onsite,Mid,unknown,unknown,unknown,talentbrew,N/A,2026-06-13T01:08:45Z,https://careers.l3harris.com/en/job/palm-bay/program-finance-specialist/4832/94487351760,
L3Harris,"Senior Specialist, IT Security",94502490016,"Greenville, TX",United States of America,,onsite,Senior,unknown,unknown,unknown,talentbrew,N/A,2026-06-13T01:08:45Z,https://careers.l3harris.com/en/job/greenville/senior-specialist-it-security/4832/94502490016,
L3Harris,"Specialist, Software Engineer",94756268912,"Rochester, NY",United States of America,,onsite,Mid,unknown,unknown,unknown,talentbrew,N/A,2026-06-13T01:08:45Z,https://careers.l3harris.com/en/job/rochester/specialist-software-engineer/4832/94756268912,
L3Harris,"Senior Associate, Industrial Security (CPSO)",94502490368,"Chantilly, VA",United States of America,,onsite,Senior,unknown,unknown,unknown,talentbrew,N/A,2026-06-13T01:08:45Z,https://careers.l3harris.com/en/job/chantilly/senior-associate-industrial-security-cpso/4832/94502490368,
L3Harris,"Associate Manager, Operations Management",94567506384,"Canadian Forces Base Trenton, Ontario",Canada,,onsite,Manager,unknown,unknown,unknown,talentbrew,N/A,2026-06-13T01:08:45Z,https://careers.l3harris.com/en/job/canadian-forces-base-trenton/associate-manager-operations-management/4832/94567506384,
L3Harris,"Sr. Specialist, Network Engineer",94558472368,"Lynchburg, VA",United States of America,,onsite,Senior,unknown,unknown,unknown,talentbrew,N/A,2026-06-13T01:08:45Z,https://careers.l3harris.com/en/job/lynchburg/sr-specialist-network-engineer/4832/94558472368,
L3Harris,"Specialist, Continuous Improvement",94520895184,"Palm Bay, Brevard, FL",United States of America,,onsite,Mid,unknown,unknown,unknown,talentbrew,N/A,2026-06-13T01:08:45Z,https://careers.l3harris.com/en/job/palm-bay/specialist-continuous-improvement/4832/94520895184,
L3Harris,"Specialist, Software Quality Engineering",94449734208,"Nashville, TN",United States of America,,onsite,Mid,unknown,unknown,unknown,talentbrew,N/A,2026-06-13T01:08:45Z,https://careers.l3harris.com/en/job/nashville/specialist-software-quality-engineering/4832/94449734208,
L3Harris,"Lead, Program Finance",94520895216,"Londonderry, NH",United States of America,,onsite,Lead,unknown,unknown,unknown,talentbrew,N/A,2026-06-13T01:08:45Z,https://careers.l3harris.com/en/job/londonderry/lead-program-finance/4832/94520895216,
L3Harris,"Specialist, Systems Safety Engineer 1",94449734176,"Nashville, TN",United States of America,,onsite,Mid,unknown,unknown,unknown,talentbrew,N/A,2026-06-13T01:08:45Z,https://careers.l3harris.com/en/job/nashville/specialist-systems-safety-engineer-1/4832/94449734176,
L3Harris,"Senior Associate, Manufacturing Engineer",94774984496,"Camden, AR",United States of America,,onsite,Senior,unknown,unknown,unknown,talentbrew,N/A,2026-06-13T01:08:48Z,https://careers.l3harris.com/en/job/camden/senior-associate-manufacturing-engineer/4832/94774984496,
L3Harris,"Manager, Cyber Intelligence",94449734128,"Greenville, TX",United States of America,,onsite,Manager,unknown,unknown,unknown,talentbrew,N/A,2026-06-13T01:08:48Z,https://careers.l3harris.com/en/job/greenville/manager-cyber-intelligence/4832/94449734128,
L3Harris,"Engineering Technician D (Lockbourne, OH)",94567507024,"Lockbourne, OH",United States of America,,onsite,Mid,unknown,unknown,unknown,talentbrew,N/A,2026-06-13T01:08:48Z,https://careers.l3harris.com/en/job/lockbourne/engineering-technician-d-lockbourne-oh/4832/94567507024,
L3Harris,"Senior Supervisor, Field Engineer (Ronkonkoma, NY)",94487351680,"Lake Ronkonkoma, NY",United States of America,,onsite,Senior,unknown,unknown,unknown,talentbrew,N/A,2026-06-13T01:08:48Z,https://careers.l3harris.com/en/job/lake-ronkonkoma/senior-supervisor-field-engineer-ronkonkoma-ny/4832/94487351680,
L3Harris,"Senior Specialist, Quality Engineer",94449734000,"Camden, AR",United States of America,,onsite,Senior,unknown,unknown,unknown,talentbrew,N/A,2026-06-13T01:08:48Z,https://careers.l3harris.com/en/job/camden/senior-specialist-quality-engineer/4832/94449734000,
L3Harris,"Field Technician D (Westbury, NY)",94540226240,"Westbury, Nassau, NY",United States of America,,onsite,Mid,unknown,unknown,unknown,talentbrew,N/A,2026-06-13T01:08:48Z,https://careers.l3harris.com/en/job/westbury/field-technician-d-westbury-ny/4832/94540226240,
L3Harris,Specialist Quality Engineer,94445592912,"Camden, AR",United States of America,,onsite,Mid,unknown,unknown,unknown,talentbrew,N/A,2026-06-13T01:08:48Z,https://careers.l3harris.com/en/job/camden/specialist-quality-engineer/4832/94445592912,
L3Harris,"Lead, Quality Engineer",94445592864,"Camden, AR",United States of America,,onsite,Lead,unknown,unknown,unknown,talentbrew,N/A,2026-06-13T01:08:48Z,https://careers.l3harris.com/en/job/camden/lead-quality-engineer/4832/94445592864,
L3Harris,"Sr Supervisor, Operations Management",94454496112,"Redmond, WA",United States of America,,onsite,Senior,unknown,unknown,unknown,talentbrew,N/A,2026-06-13T01:08:48Z,https://careers.l3harris.com/en/job/redmond/sr-supervisor-operations-management/4832/94454496112,
L3Harris,UK Customer Engagement and Support Lead,94445592816,"London, England",United Kingdom,,onsite,Mid,unknown,unknown,unknown,talentbrew,N/A,2026-06-13T01:08:48Z,https://careers.l3harris.com/en/job/london/uk-customer-engagement-and-support-lead/4832/94445592816,
L3Harris,"Sr. Specialist, SATCOM Systems Engineer 1",94464634944,"Salt Lake City, UT",United States of America,,onsite,Senior,unknown,unknown,unknown,talentbrew,N/A,2026-06-13T01:08:48Z,https://careers.l3harris.com/en/job/salt-lake-city/sr-specialist-satcom-systems-engineer-1/4832/94464634944,
L3Harris,"Senior Specialist, Systems Engineering",94445622608,"Bristol, PA",United States of America,,onsite,Senior,unknown,unknown,unknown,talentbrew,N/A,2026-06-13T01:08:48Z,https://careers.l3harris.com/en/job/bristol/senior-specialist-systems-engineering/4832/94445622608,
L3Harris,Quality Inspector Level C,94525223248,Multiple Locations,United States of America,,onsite,Mid,unknown,unknown,unknown,talentbrew,N/A,2026-06-13T01:08:48Z,https://careers.l3harris.com/en/job/san-diego/quality-inspector-level-c/4832/94525223248,
L3Harris,"Senior Manager, Quality Assurance 1",94353236096,Multiple Locations,United States of America,,onsite,Manager,unknown,unknown,unknown,talentbrew,N/A,2026-06-13T01:08:48Z,https://careers.l3harris.com/en/job/ashburn/senior-manager-quality-assurance-1/4832/94353236096,
L3Harris,"Senior Specialist, Subcontracts",94520863600,"Canoga Park, CA",United States of America,,onsite,Senior,unknown,unknown,unknown,talentbrew,N/A,2026-06-13T01:08:48Z,https://careers.l3harris.com/en/job/canoga-park/senior-specialist-subcontracts/4832/94520863600,
L3Harris,"Senior Associate, Quality Engineer",94342331936,"Camden, AR",United States of America,,onsite,Senior,unknown,unknown,unknown,talentbrew,N/A,2026-06-13T01:08:51Z,https://careers.l3harris.com/en/job/camden/senior-associate-quality-engineer/4832/94342331936,
L3Harris,"Sr. Specialist, Electrical Engineer - FPGA",94562746080,"Palm Bay, Brevard, FL",United States of America,,onsite,Senior,unknown,unknown,unknown,talentbrew,N/A,2026-06-13T01:08:51Z,https://careers.l3harris.com/en/job/palm-bay/sr-specialist-electrical-engineer-fpga/4832/94562746080,
L3Harris,"Sr. Associate, Application Desktop - Engineering Operations Tools &amp; Application Development",94872860224,"Greenville, TX",United States of America,,onsite,Senior,unknown,unknown,unknown,talentbrew,N/A,2026-06-13T01:08:51Z,https://careers.l3harris.com/en/job/greenville/sr-associate-application-desktop-engineering-operations-tools-and-application-development/4832/94872860224,
L3Harris,"Specialist, Systems Engineering - Algorithm Development",94337477520,"Greenville, TX",United States of America,,onsite,Mid,unknown,unknown,unknown,talentbrew,N/A,2026-06-13T01:08:51Z,https://careers.l3harris.com/en/job/greenville/specialist-systems-engineering-algorithm-development/4832/94337477520,
L3Harris,"Specialist, GNC Engineer",95045853264,"Richardson, TX",United States of America,,onsite,Mid,unknown,unknown,unknown,talentbrew,N/A,2026-06-13T01:08:51Z,https://careers.l3harris.com/en/job/richardson/specialist-gnc-engineer/4832/95045853264,
L3Harris,"Senior Specialist, Subcontracts",94700996672,"Huntsville, AL",United States of America,,onsite,Senior,unknown,unknown,unknown,talentbrew,N/A,2026-06-13T01:08:51Z,https://careers.l3harris.com/en/job/huntsville/senior-specialist-subcontracts/4832/94700996672,
L3Harris,"Manager, Manufacturing Engineering",94525223232,"Camden, AR",United States of America,,onsite,Manager,unknown,unknown,unknown,talentbrew,N/A,2026-06-13T01:08:51Z,https://careers.l3harris.com/en/job/camden/manager-manufacturing-engineering/4832/94525223232,
L3Harris,"Specialist, Manufacturing Engineering",94525223216,"Camden, AR",United States of America,,onsite,Mid,unknown,unknown,unknown,talentbrew,N/A,2026-06-13T01:08:51Z,https://careers.l3harris.com/en/job/camden/specialist-manufacturing-engineering/4832/94525223216,
L3Harris,"Specialist, Finance",95671840208,"Melbourne, FL",United States of America,,onsite,Mid,unknown,unknown,unknown,talentbrew,N/A,2026-06-13T01:08:51Z,https://careers.l3harris.com/en/job/melbourne/specialist-finance/4832/95671840208,
L3Harris,"Director, HR Business Partner",94333158304,"Melbourne, FL",United States of America,,onsite,Director,unknown,unknown,unknown,talentbrew,N/A,2026-06-13T01:08:51Z,https://careers.l3harris.com/en/job/melbourne/director-hr-business-partner/4832/94333158304,
L3Harris,"Senior Specialist, Optical Engineering - Up to 20k Sign-On Bonus",94337477536,"Wilmington, MA",United States of America,,onsite,Senior,unknown,unknown,unknown,talentbrew,N/A,2026-06-13T01:08:51Z,https://careers.l3harris.com/en/job/wilmington/senior-specialist-optical-engineering-up-to-20k-sign-on-bonus/4832/94337477536,
L3Harris,"Associate, Procurement",94337477280,"Palm Bay, Brevard, FL",United States of America,,onsite,Junior,unknown,unknown,unknown,talentbrew,N/A,2026-06-13T01:08:51Z,https://careers.l3harris.com/en/job/palm-bay/associate-procurement/4832/94337477280,
L3Harris,Software Configuration Management Specialist,94427220336,"Salt Lake City, UT",United States of America,,onsite,Mid,unknown,unknown,unknown,talentbrew,N/A,2026-06-13T01:08:51Z,https://careers.l3harris.com/en/job/salt-lake-city/software-configuration-management-specialist/4832/94427220336,
L3Harris,"Sr. Associate, Configuration Management",94342332128,"Greenville, TX",United States of America,,onsite,Senior,unknown,unknown,unknown,talentbrew,N/A,2026-06-13T01:08:51Z,https://careers.l3harris.com/en/job/greenville/sr-associate-configuration-management/4832/94342332128,
L3Harris,Assembly C - 2nd shift,94302962048,"Londonderry, NH",United States of America,,onsite,Mid,unknown,unknown,unknown,talentbrew,N/A,2026-06-13T01:08:51Z,https://careers.l3harris.com/en/job/londonderry/assembly-c-2nd-shift/4832/94302962048,
L3Harris,Operations Project Manager,94449733984,"Londonderry, NH",United States of America,,onsite,Manager,unknown,unknown,unknown,talentbrew,N/A,2026-06-13T01:08:54Z,https://careers.l3harris.com/en/job/londonderry/operations-project-manager/4832/94449733984,
L3Harris,Manufacturing Technician D - 2nd Shift 1,94302961984,"Rochester, NY",United States of America,,onsite,Mid,unknown,unknown,unknown,talentbrew,N/A,2026-06-13T01:08:54Z,https://careers.l3harris.com/en/job/rochester/manufacturing-technician-d-2nd-shift-1/4832/94302961984,
L3Harris,"Senior Specialist, Program Managmement",94862511312,"Clifton, NJ",United States of America,,onsite,Senior,unknown,unknown,unknown,talentbrew,N/A,2026-06-13T01:08:54Z,https://careers.l3harris.com/en/job/clifton/senior-specialist-program-managmement/4832/94862511312,
L3Harris,"Lead, Chief Systems Engineer",94562746160,"Colorado Springs, CO",United States of America,,onsite,Director,unknown,unknown,unknown,talentbrew,N/A,2026-06-13T01:08:54Z,https://careers.l3harris.com/en/job/colorado-springs/lead-chief-systems-engineer/4832/94562746160,
L3Harris,"Sr Associate, Program Finance",94449733968,Multiple Locations,United States of America,,onsite,Senior,unknown,unknown,unknown,talentbrew,N/A,2026-06-13T01:08:54Z,https://careers.l3harris.com/en/job/lynchburg/sr-associate-program-finance/4832/94449733968,
L3Harris,Manufacturing Technician C - 2nd Shift,94298067648,"Redmond, WA",United States of America,,onsite,Mid,unknown,unknown,unknown,talentbrew,N/A,2026-06-13T01:08:54Z,https://careers.l3harris.com/en/job/redmond/manufacturing-technician-c-2nd-shift/4832/94298067648,
L3Harris,Manufacturing Technician C - 1st Shift,94298067616,"Redmond, WA",United States of America,,onsite,Mid,unknown,unknown,unknown,talentbrew,N/A,2026-06-13T01:08:54Z,https://careers.l3harris.com/en/job/redmond/manufacturing-technician-c-1st-shift/4832/94298067616,
L3Harris,Manufacturing Technician B - 2nd Shift,94298067552,"Redmond, WA",United States of America,,onsite,Mid,unknown,unknown,unknown,talentbrew,N/A,2026-06-13T01:08:54Z,https://careers.l3harris.com/en/job/redmond/manufacturing-technician-b-2nd-shift/4832/94298067552,
L3Harris,Manufacturing Technician B - 1st Shift,94293537968,"Redmond, WA",United States of America,,onsite,Mid,unknown,unknown,unknown,talentbrew,N/A,2026-06-13T01:08:54Z,https://careers.l3harris.com/en/job/redmond/manufacturing-technician-b-1st-shift/4832/94293537968,
L3Harris,"Senior Associate, Engineering Services",94353236224,"Colorado Springs, CO",United States of America,,onsite,Senior,unknown,unknown,unknown,talentbrew,N/A,2026-06-13T01:08:54Z,https://careers.l3harris.com/en/job/colorado-springs/senior-associate-engineering-services/4832/94353236224,
L3Harris,"Sr. Specialist, Procurement",94464679712,"Lynchburg, VA",United States of America,,onsite,Senior,unknown,unknown,unknown,talentbrew,N/A,2026-06-13T01:08:54Z,https://careers.l3harris.com/en/job/lynchburg/sr-specialist-procurement/4832/94464679712,
L3Harris,"Senior Specialist, Supply Chain Management",94525223280,Multiple Locations,United States of America,,onsite,Senior,unknown,unknown,unknown,talentbrew,N/A,2026-06-13T01:08:54Z,https://careers.l3harris.com/en/job/huntsville/senior-specialist-supply-chain-management/4832/94525223280,
L3Harris,"Lead, Mechanical Engineer (Tooling Engineering)",94313815600,"Camden, AR",United States of America,,onsite,Lead,unknown,unknown,unknown,talentbrew,N/A,2026-06-13T01:08:54Z,https://careers.l3harris.com/en/job/camden/lead-mechanical-engineer-tooling-engineering/4832/94313815600,
L3Harris,"Associate Manager, Security Research Engineer",94705807168,Remote,United States of America,,remote,Manager,unknown,unknown,unknown,talentbrew,N/A,2026-06-13T01:08:54Z,https://careers.l3harris.com/en/job/united-states/associate-manager-security-research-engineer/4832/94705807168,
L3Harris,"Senior Specialist, Security Research Engineer",94546297408,Remote,United States of America,,remote,Senior,unknown,unknown,unknown,talentbrew,N/A,2026-06-13T01:08:54Z,https://careers.l3harris.com/en/job/united-states/senior-specialist-security-research-engineer/4832/94546297408,
L3Harris,"Senior Specialist, Network Plan Engineer",94342331856,"Colorado Springs, CO",United States of America,,onsite,Senior,unknown,unknown,unknown,talentbrew,N/A,2026-06-13T01:08:57Z,https://careers.l3harris.com/en/job/colorado-springs/senior-specialist-network-plan-engineer/4832/94342331856,
L3Harris,"Specialist, Field Engineer",94273352960,"Colorado Springs, CO",United States of America,,onsite,Mid,unknown,unknown,unknown,talentbrew,N/A,2026-06-13T01:08:57Z,https://careers.l3harris.com/en/job/colorado-springs/specialist-field-engineer/4832/94273352960,
L3Harris,"Mechanical Designer, Sr. Specialist 1",94263196064,"Waterdown, Ontario",Canada,,onsite,Senior,unknown,unknown,unknown,talentbrew,N/A,2026-06-13T01:08:57Z,https://careers.l3harris.com/en/job/waterdown/mechanical-designer-sr-specialist-1/4832/94263196064,
L3Harris,"Senior Associate, Facilities Engineer",94273352896,"Redmond, WA",United States of America,,onsite,Senior,unknown,unknown,unknown,talentbrew,N/A,2026-06-13T01:08:57Z,https://careers.l3harris.com/en/job/redmond/senior-associate-facilities-engineer/4832/94273352896,
L3Harris,"Senior Specialist, Material Management",94263195888,"Palm Bay, Brevard, FL",United States of America,,onsite,Senior,unknown,unknown,unknown,talentbrew,N/A,2026-06-13T01:08:57Z,https://careers.l3harris.com/en/job/palm-bay/senior-specialist-material-management/4832/94263195888,
L3Harris,"Scientist, Systems Engineer (C4ISR Systems - ACE - Advanced Concept Engineer)",94263195936,"Abu Dhabi Emirate, AE",United States of America,,onsite,Senior,unknown,unknown,unknown,talentbrew,N/A,2026-06-13T01:08:57Z,https://careers.l3harris.com/en/job/abu-dhabi-emirate/scientist-systems-engineer-c4isr-systems-ace-advanced-concept-engineer/4832/94263195936,
L3Harris,"Manager, Tooling Engineering",94273352752,"Redmond, WA",United States of America,,onsite,Manager,unknown,unknown,unknown,talentbrew,N/A,2026-06-13T01:08:57Z,https://careers.l3harris.com/en/job/redmond/manager-tooling-engineering/4832/94273352752,
L3Harris,"Senior Specialist, Electrical Engineer - FPGA",94263195840,"Rochester, NY",United States of America,,onsite,Senior,unknown,unknown,unknown,talentbrew,N/A,2026-06-13T01:08:57Z,https://careers.l3harris.com/en/job/rochester/senior-specialist-electrical-engineer-fpga/4832/94263195840,
L3Harris,"Sr. Manager, Trade Compliance",94302962064,"Waterdown, Ontario",Canada,,onsite,Manager,unknown,unknown,unknown,talentbrew,N/A,2026-06-13T01:08:57Z,https://careers.l3harris.com/en/job/waterdown/sr-manager-trade-compliance/4832/94302962064,
L3Harris,"Principal, Proposal Management",94302962080,"Waterdown, Ontario",Canada,,onsite,Principal,unknown,unknown,unknown,talentbrew,N/A,2026-06-13T01:08:57Z,https://careers.l3harris.com/en/job/waterdown/principal-proposal-management/4832/94302962080,
L3Harris,"Sr. Associate, Production Planning (Production Scheduler)",94313815760,"Huntsville, AL",United States of America,,onsite,Senior,unknown,unknown,unknown,talentbrew,N/A,2026-06-13T01:08:57Z,https://careers.l3harris.com/en/job/huntsville/sr-associate-production-planning-production-scheduler/4832/94313815760,
L3Harris,"Specialist, Software Engineering",94298067824,"Salt Lake City, UT",United States of America,,onsite,Mid,unknown,unknown,unknown,talentbrew,N/A,2026-06-13T01:08:57Z,https://careers.l3harris.com/en/job/salt-lake-city/specialist-software-engineering/4832/94298067824,
L3Harris,"Senior Specialist, Software Engineer (Clifton, NJ)",94558497504,"Clifton, NJ",United States of America,,onsite,Senior,unknown,unknown,unknown,talentbrew,N/A,2026-06-13T01:08:57Z,https://careers.l3harris.com/en/job/clifton/senior-specialist-software-engineer-clifton-nj/4832/94558497504,
L3Harris,Demand Planner,94273353200,"Camden, NJ",United States of America,,onsite,Mid,unknown,unknown,unknown,talentbrew,N/A,2026-06-13T01:08:57Z,https://careers.l3harris.com/en/job/camden/demand-planner/4832/94273353200,
L3Harris,"Senior Specialist, Program Management (FOS)",94254231312,"Cincinnati, OH",United States of America,,onsite,Senior,unknown,unknown,unknown,talentbrew,N/A,2026-06-13T01:08:57Z,https://careers.l3harris.com/en/job/cincinnati/senior-specialist-program-management-fos/4832/94254231312,
L3Harris,"Senior Specialist, Manufacturing Engineer (Compression Molding)",94235825504,"Huntsville, AL",United States of America,,onsite,Senior,unknown,unknown,unknown,talentbrew,N/A,2026-06-13T01:09:00Z,https://careers.l3harris.com/en/job/huntsville/senior-specialist-manufacturing-engineer-compression-molding/4832/94235825504,
L3Harris,"Principal, Manufacturing Engineer",94337477312,"Camden, AR",United States of America,,onsite,Principal,unknown,unknown,unknown,talentbrew,N/A,2026-06-13T01:09:00Z,https://careers.l3harris.com/en/job/camden/principal-manufacturing-engineer/4832/94337477312,
L3Harris,Systems Administrator,94558472304,Multiple Locations,United States of America,,onsite,Mid,unknown,unknown,unknown,talentbrew,N/A,2026-06-13T01:09:00Z,https://careers.l3harris.com/en/job/mirabel/systems-administrator/4832/94558472304,
L3Harris,"2nd Shift Specialist, Manufacturing Engineer  (10% Shift Differential)",94740485216,"Wilmington, MA",United States of America,,onsite,Mid,unknown,unknown,unknown,talentbrew,N/A,2026-06-13T01:09:00Z,https://careers.l3harris.com/en/job/wilmington/2nd-shift-specialist-manufacturing-engineer-10-shift-differential/4832/94740485216,
L3Harris,"Lead, Security Research Engineer",94225642608,"Melbourne, FL",United States of America,,onsite,Lead,unknown,unknown,unknown,talentbrew,N/A,2026-06-13T01:09:00Z,https://careers.l3harris.com/en/job/melbourne/lead-security-research-engineer/4832/94225642608,
L3Harris,"Lead, Program Management",94225642560,"Clifton, NJ",United States of America,,onsite,Lead,unknown,unknown,unknown,talentbrew,N/A,2026-06-13T01:09:00Z,https://careers.l3harris.com/en/job/clifton/lead-program-management/4832/94225642560,
L3Harris,2nd Shift Operations Program Manager (10% Pay Differential),94740485184,"Wilmington, MA",United States of America,,onsite,Manager,unknown,unknown,unknown,talentbrew,N/A,2026-06-13T01:09:00Z,https://careers.l3harris.com/en/job/wilmington/2nd-shift-operations-program-manager-10-pay-differential/4832/94740485184,
L3Harris,"Senior Specialist, Finance",94342331728,"Melbourne, FL",United States of America,,onsite,Senior,unknown,unknown,unknown,talentbrew,N/A,2026-06-13T01:09:00Z,https://careers.l3harris.com/en/job/melbourne/senior-specialist-finance/4832/94342331728,
L3Harris,"Senior Supervisor, Aircraft Maintenance and Operations",94273352816,"Canadian Forces Base Trenton, Ontario",Canada,,onsite,Senior,unknown,unknown,unknown,talentbrew,N/A,2026-06-13T01:09:00Z,https://careers.l3harris.com/en/job/canadian-forces-base-trenton/senior-supervisor-aircraft-maintenance-and-operations/4832/94273352816,
L3Harris,"CNC Optics and Diamond Turning Technician (Afternoon Shift, Level B)",94794598768,"Toronto, Ontario",Canada,,onsite,Mid,unknown,unknown,unknown,talentbrew,N/A,2026-06-13T01:09:00Z,https://careers.l3harris.com/en/job/toronto/cnc-optics-and-diamond-turning-technician-afternoon-shift-level-b/4832/94794598768,
L3Harris,"Senior Associate, Mechanical Engineering",94220916864,"Waco, TX",United States of America,,onsite,Senior,unknown,unknown,unknown,talentbrew,N/A,2026-06-13T01:09:00Z,https://careers.l3harris.com/en/job/waco/senior-associate-mechanical-engineering/4832/94220916864,
L3Harris,"Lead, Power Supply Electrical Engineer",94220916768,Multiple Locations,United States of America,,onsite,Lead,unknown,unknown,unknown,talentbrew,N/A,2026-06-13T01:09:00Z,https://careers.l3harris.com/en/job/salt-lake-city/lead-power-supply-electrical-engineer/4832/94220916768,
L3Harris,"Lead, Product Manager",94562746208,"Rochester, NY",United States of America,,onsite,Lead,unknown,unknown,unknown,talentbrew,N/A,2026-06-13T01:09:00Z,https://careers.l3harris.com/en/job/rochester/lead-product-manager/4832/94562746208,
L3Harris,"Senior Specialist, Power Supply Design Engineer",94342332272,"Rochester, NY",United States of America,,onsite,Senior,unknown,unknown,unknown,talentbrew,N/A,2026-06-13T01:09:00Z,https://careers.l3harris.com/en/job/rochester/senior-specialist-power-supply-design-engineer/4832/94342332272,
L3Harris,Mechanical Assembly Technician - Afternoon Shift,94333188016,"Toronto, Ontario",Canada,,onsite,Mid,unknown,unknown,unknown,talentbrew,N/A,2026-06-13T01:09:00Z,https://careers.l3harris.com/en/job/toronto/mechanical-assembly-technician-afternoon-shift/4832/94333188016,
L3Harris,Systems Engineer (Bids),94728088528,"Brighton, England",United Kingdom,,onsite,Mid,unknown,unknown,unknown,talentbrew,N/A,2026-06-13T01:09:03Z,https://careers.l3harris.com/en/job/brighton/systems-engineer-bids/4832/94728088528,
L3Harris,"Manager, Quality Management; Receiving Inspection Manager",94225642672,"Salt Lake City, UT",United States of America,,onsite,Manager,unknown,unknown,unknown,talentbrew,N/A,2026-06-13T01:09:03Z,https://careers.l3harris.com/en/job/salt-lake-city/manager-quality-management-receiving-inspection-manager/4832/94225642672,
L3Harris,Electronic Assembler,94198454128,"State College, PA",United States of America,,onsite,Mid,unknown,unknown,unknown,talentbrew,N/A,2026-06-13T01:09:03Z,https://careers.l3harris.com/en/job/state-college/electronic-assembler/4832/94198454128,
L3Harris,"Sr. Specialist, Systems Engineer (Avionics)",94216766288,"Greenville, TX",United States of America,,onsite,Senior,unknown,unknown,unknown,talentbrew,N/A,2026-06-13T01:09:03Z,https://careers.l3harris.com/en/job/greenville/sr-specialist-systems-engineer-avionics/4832/94216766288,
L3Harris,Electronics Assembler B,94198453968,"State College, PA",United States of America,,onsite,Mid,unknown,unknown,unknown,talentbrew,N/A,2026-06-13T01:09:03Z,https://careers.l3harris.com/en/job/state-college/electronics-assembler-b/4832/94198453968,
L3Harris,"Specialist, Mechanical Engineer",94298067792,"North Amityville, NY",United States of America,,onsite,Mid,unknown,unknown,unknown,talentbrew,N/A,2026-06-13T01:09:03Z,https://careers.l3harris.com/en/job/north-amityville/specialist-mechanical-engineer/4832/94298067792,
L3Harris,"Lead, Composite Manufacturing Engineer",94188210928,"Huntsville, AL",United States of America,,onsite,Lead,unknown,unknown,unknown,talentbrew,N/A,2026-06-13T01:09:03Z,https://careers.l3harris.com/en/job/huntsville/lead-composite-manufacturing-engineer/4832/94188210928,
L3Harris,"Specialist, Design (PCB Layout)",94188210800,"Rochester, NY",United States of America,,onsite,Mid,unknown,unknown,unknown,talentbrew,N/A,2026-06-13T01:09:03Z,https://careers.l3harris.com/en/job/rochester/specialist-design-pcb-layout/4832/94188210800,
L3Harris,"Senior Specialist, Electrical Engineer (RF Design)",94183109840,"Rochester, NY",United States of America,,onsite,Senior,unknown,unknown,unknown,talentbrew,N/A,2026-06-13T01:09:03Z,https://careers.l3harris.com/en/job/rochester/senior-specialist-electrical-engineer-rf-design/4832/94183109840,
L3Harris,"Lead, HR Business Partner (Employee &amp; Labor Relations)",94183109792,Multiple Locations,United States of America,,onsite,Lead,unknown,unknown,unknown,talentbrew,N/A,2026-06-13T01:09:03Z,https://careers.l3harris.com/en/job/melbourne/lead-hr-business-partner-employee-and-labor-relations/4832/94183109792,
L3Harris,"Sr. Associate, Software Engineering",94333158640,"Richardson, TX",United States of America,,onsite,Senior,unknown,unknown,unknown,talentbrew,N/A,2026-06-13T01:09:03Z,https://careers.l3harris.com/en/job/richardson/sr-associate-software-engineering/4832/94333158640,
L3Harris,Inspection C,94220916800,"Camden, AR",United States of America,,onsite,Mid,unknown,unknown,unknown,talentbrew,N/A,2026-06-13T01:09:03Z,https://careers.l3harris.com/en/job/camden/inspection-c/4832/94220916800,
L3Harris,"Specialist, Software Engineering",94333158592,"Richardson, TX",United States of America,,onsite,Mid,unknown,unknown,unknown,talentbrew,N/A,2026-06-13T01:09:03Z,https://careers.l3harris.com/en/job/richardson/specialist-software-engineering/4832/94333158592,
L3Harris,"Lead, Crypto-Communications Security Systems Engineer",94183109472,"San Diego, CA",United States of America,,onsite,Lead,unknown,unknown,unknown,talentbrew,N/A,2026-06-13T01:09:03Z,https://careers.l3harris.com/en/job/san-diego/lead-crypto-communications-security-systems-engineer/4832/94183109472,
L3Harris,"Sr. Manager, Program Finance",94483201536,"Londonderry, NH",United States of America,,onsite,Manager,unknown,unknown,unknown,talentbrew,N/A,2026-06-13T01:09:03Z,https://careers.l3harris.com/en/job/londonderry/sr-manager-program-finance/4832/94483201536,
L3Harris,"Sr. Specialist, Software Engineering (Embedded)",94333158512,"Richardson, TX",United States of America,,onsite,Senior,unknown,unknown,unknown,talentbrew,N/A,2026-06-13T01:09:06Z,https://careers.l3harris.com/en/job/richardson/sr-specialist-software-engineering-embedded/4832/94333158512,
L3Harris,Assembly B- 2nd Shift (Cleanroom),95091824832,"Londonderry, NH",United States of America,,onsite,Mid,unknown,unknown,unknown,talentbrew,N/A,2026-06-13T01:09:06Z,https://careers.l3harris.com/en/job/londonderry/assembly-b-2nd-shift-cleanroom/4832/95091824832,
L3Harris,"Sr Spec, IT Business Analysis (Service Delivery Leader, PMX)",94293537856,"Melbourne, FL",United States of America,,onsite,Senior,unknown,unknown,unknown,talentbrew,N/A,2026-06-13T01:09:06Z,https://careers.l3harris.com/en/job/melbourne/sr-spec-it-business-analysis-service-delivery-leader-pmx/4832/94293537856,
L3Harris,"Manager, Supply Chain Management",94342332160,"Carlstadt, NJ",United States of America,,onsite,Manager,unknown,unknown,unknown,talentbrew,N/A,2026-06-13T01:09:06Z,https://careers.l3harris.com/en/job/carlstadt/manager-supply-chain-management/4832/94342332160,
L3Harris,"Lead, Project Engineering",94052603344,"Fort Wayne, IN",United States of America,,onsite,Lead,unknown,unknown,unknown,talentbrew,N/A,2026-06-13T01:09:06Z,https://careers.l3harris.com/en/job/fort-wayne/lead-project-engineering/4832/94052603344,
L3Harris,"Lead, Software Engineering (Embedded)",94273353136,"Richardson, TX",United States of America,,onsite,Lead,unknown,unknown,unknown,talentbrew,N/A,2026-06-13T01:09:06Z,https://careers.l3harris.com/en/job/richardson/lead-software-engineering-embedded/4832/94273353136,
L3Harris,"Specialist, System Engineering - RF",94502489584,"Plano, TX",United States of America,,onsite,Mid,unknown,unknown,unknown,talentbrew,N/A,2026-06-13T01:09:06Z,https://careers.l3harris.com/en/job/plano/specialist-system-engineering-rf/4832/94502489584,
L3Harris,"Senior Specialist, Contracts",94337477552,Multiple Locations,United States of America,,onsite,Senior,unknown,unknown,unknown,talentbrew,N/A,2026-06-13T01:09:06Z,https://careers.l3harris.com/en/job/nashville/senior-specialist-contracts/4832/94337477552,
L3Harris,"Specialist, System Engineering - RF",94492151888,"Plano, TX",United States of America,,onsite,Mid,unknown,unknown,unknown,talentbrew,N/A,2026-06-13T01:09:06Z,https://careers.l3harris.com/en/job/plano/specialist-system-engineering-rf/4832/94492151888,
L3Harris,Generalist Technician- 2nd Shift,94036931616,"Carlstadt, NJ",United States of America,,onsite,Mid,unknown,unknown,unknown,talentbrew,N/A,2026-06-13T01:09:06Z,https://careers.l3harris.com/en/job/carlstadt/generalist-technician-2nd-shift/4832/94036931616,
L3Harris,"Senior Specialist, Tax",94036931536,"Melbourne, FL",United States of America,,onsite,Senior,unknown,unknown,unknown,talentbrew,N/A,2026-06-13T01:09:06Z,https://careers.l3harris.com/en/job/melbourne/senior-specialist-tax/4832/94036931536,
L3Harris,"Engineering Technician-C, (Mechanical Technician)",94273353072,"Plano, TX",United States of America,,onsite,Mid,unknown,unknown,unknown,talentbrew,N/A,2026-06-13T01:09:06Z,https://careers.l3harris.com/en/job/plano/engineering-technician-c-mechanical-technician/4832/94273353072,
L3Harris,"Senior Specialist, Project Management",94036931328,"Camden, AR",United States of America,,onsite,Senior,unknown,unknown,unknown,talentbrew,N/A,2026-06-13T01:09:06Z,https://careers.l3harris.com/en/job/camden/senior-specialist-project-management/4832/94036931328,
L3Harris,"Specialist, Field Engineer (A&amp;P)",94032331984,"Fayetteville, NC",United States of America,,onsite,Mid,unknown,unknown,unknown,talentbrew,N/A,2026-06-13T01:09:06Z,https://careers.l3harris.com/en/job/fayetteville/specialist-field-engineer-a-and-p/4832/94032331984,
L3Harris,"Lead, Electrical Engineer",94032331968,Multiple Locations,United States of America,,onsite,Lead,unknown,unknown,unknown,talentbrew,N/A,2026-06-13T01:09:06Z,https://careers.l3harris.com/en/job/wichita/lead-electrical-engineer/4832/94032331968,
L3Harris,"Specialist, Mechanical Engineering",94273353104,"Plano, TX",United States of America,,onsite,Mid,unknown,unknown,unknown,talentbrew,N/A,2026-06-13T01:09:09Z,https://careers.l3harris.com/en/job/plano/specialist-mechanical-engineering/4832/94273353104,
L3Harris,"Engineering Technician B (Lockbourne, OH)",94337477712,"Lockbourne, OH",United States of America,,onsite,Mid,unknown,unknown,unknown,talentbrew,N/A,2026-06-13T01:09:09Z,https://careers.l3harris.com/en/job/lockbourne/engineering-technician-b-lockbourne-oh/4832/94337477712,
L3Harris,Manufacturing Technician C,94293537840,"Salt Lake City, UT",United States of America,,onsite,Mid,unknown,unknown,unknown,talentbrew,N/A,2026-06-13T01:09:09Z,https://careers.l3harris.com/en/job/salt-lake-city/manufacturing-technician-c/4832/94293537840,
L3Harris,"iOS Team Lead, Security Research Engineer",94171375712,"London, England",United Kingdom,,onsite,Lead,unknown,unknown,unknown,talentbrew,N/A,2026-06-13T01:09:09Z,https://careers.l3harris.com/en/job/london/ios-team-lead-security-research-engineer/4832/94171375712,
L3Harris,"iOS Team Lead, Security Research Engineer",94171375776,Multiple Locations,United States of America,,onsite,Lead,unknown,unknown,unknown,talentbrew,N/A,2026-06-13T01:09:09Z,https://careers.l3harris.com/en/job/australia/ios-team-lead-security-research-engineer/4832/94171375776,
L3Harris,Senior Security Software Research Engineer 1,94171375888,Multiple Locations,United States of America,,onsite,Senior,unknown,unknown,unknown,talentbrew,N/A,2026-06-13T01:09:09Z,https://careers.l3harris.com/en/job/australia/senior-security-software-research-engineer-1/4832/94171375888,
L3Harris,Senior Security Software Research Engineer,94171375824,"London, England",United Kingdom,,onsite,Senior,unknown,unknown,unknown,talentbrew,N/A,2026-06-13T01:09:09Z,https://careers.l3harris.com/en/job/london/senior-security-software-research-engineer/4832/94171375824,
L3Harris,Senior Project Engineer,94320286496,Remote,United States of America,,remote,Senior,unknown,unknown,unknown,talentbrew,N/A,2026-06-13T01:09:09Z,https://careers.l3harris.com/en/job/netherlands/senior-project-engineer/4832/94320286496,
L3Harris,"Senior Specialist, Software Engineering (SV Optical Communications Terminal Software Adaptor)",94235858752,"Palm Bay, Brevard, FL",United States of America,,onsite,Senior,unknown,unknown,unknown,talentbrew,N/A,2026-06-13T01:09:09Z,https://careers.l3harris.com/en/job/palm-bay/senior-specialist-software-engineering-sv-optical-communications-terminal-software-adaptor/4832/94235858752,
L3Harris,"Senior Specialist, Systems Engineer - EXPAT - Estonia",94464679872,"Tallinn, Harju",United States of America,,onsite,Senior,unknown,unknown,unknown,talentbrew,N/A,2026-06-13T01:09:09Z,https://careers.l3harris.com/en/job/tallinn/senior-specialist-systems-engineer-expat-estonia/4832/94464679872,
L3Harris,"Senior Associate, Industrial Security (CSSO)",94235858800,"Wilmington, MA",United States of America,,onsite,Senior,unknown,unknown,unknown,talentbrew,N/A,2026-06-13T01:09:09Z,https://careers.l3harris.com/en/job/wilmington/senior-associate-industrial-security-csso/4832/94235858800,
L3Harris,Security Support D (Program Security Administrator),94320286416,"Palm Bay, Brevard, FL",United States of America,,onsite,Mid,unknown,unknown,unknown,talentbrew,N/A,2026-06-13T01:09:09Z,https://careers.l3harris.com/en/job/palm-bay/security-support-d-program-security-administrator/4832/94320286416,
L3Harris,"Specialist, Quality Engineer",94047654224,"Salt Lake City, UT",United States of America,,onsite,Mid,unknown,unknown,unknown,talentbrew,N/A,2026-06-13T01:09:09Z,https://careers.l3harris.com/en/job/salt-lake-city/specialist-quality-engineer/4832/94047654224,
L3Harris,"Manager, Component Engineering",94263196080,"Salt Lake City, UT",United States of America,,onsite,Manager,unknown,unknown,unknown,talentbrew,N/A,2026-06-13T01:09:09Z,https://careers.l3harris.com/en/job/salt-lake-city/manager-component-engineering/4832/94263196080,
L3Harris,Senior Procurement Compliance Specialist,94216766064,Multiple Locations,United States of America,,onsite,Senior,unknown,unknown,unknown,talentbrew,N/A,2026-06-13T01:09:09Z,https://careers.l3harris.com/en/job/huntsville/senior-procurement-compliance-specialist/4832/94216766064,
L3Harris,"Sr. Associate, Manufacturing Engineer",94225642512,"Londonderry, NH",United States of America,,onsite,Senior,unknown,unknown,unknown,talentbrew,N/A,2026-06-13T01:09:12Z,https://careers.l3harris.com/en/job/londonderry/sr-associate-manufacturing-engineer/4832/94225642512,
L3Harris,"Lead, Systems Engineer",94281018816,"Palm Bay, Brevard, FL",United States of America,,onsite,Lead,unknown,unknown,unknown,talentbrew,N/A,2026-06-13T01:09:12Z,https://careers.l3harris.com/en/job/palm-bay/lead-systems-engineer/4832/94281018816,
L3Harris,"Senior Specialist, Systems Engineer",94281018800,"Palm Bay, Brevard, FL",United States of America,,onsite,Senior,unknown,unknown,unknown,talentbrew,N/A,2026-06-13T01:09:12Z,https://careers.l3harris.com/en/job/palm-bay/senior-specialist-systems-engineer/4832/94281018800,
L3Harris,"Sr. Specialist, System Integration/Test Engineering 1",94492152112,"Richardson, TX",United States of America,,onsite,Senior,unknown,unknown,unknown,talentbrew,N/A,2026-06-13T01:09:12Z,https://careers.l3harris.com/en/job/richardson/sr-specialist-system-integration-test-engineering-1/4832/94492152112,
L3Harris,"Senior Associate, Contracts",95639932192,"Huntsville, AL",United States of America,,onsite,Senior,unknown,unknown,unknown,talentbrew,N/A,2026-06-13T01:09:12Z,https://careers.l3harris.com/en/job/huntsville/senior-associate-contracts/4832/95639932192,
L3Harris,CNC Optical Technician (Afternoon Shift),94857511296,"Toronto, Ontario",Canada,,onsite,Mid,unknown,unknown,unknown,talentbrew,N/A,2026-06-13T01:09:12Z,https://careers.l3harris.com/en/job/toronto/cnc-optical-technician-afternoon-shift/4832/94857511296,
L3Harris,"Trade Exports Specialist, U.S. Licensing (L3)",94216766192,"Waterdown, Ontario",Canada,,onsite,Mid,unknown,unknown,unknown,talentbrew,N/A,2026-06-13T01:09:12Z,https://careers.l3harris.com/en/job/waterdown/trade-exports-specialist-u-s-licensing-l3/4832/94216766192,
L3Harris,"Sr. Specialist, Business Intelligence Analyst",94216766176,"Waterdown, Ontario",Canada,,onsite,Senior,unknown,unknown,unknown,talentbrew,N/A,2026-06-13T01:09:12Z,https://careers.l3harris.com/en/job/waterdown/sr-specialist-business-intelligence-analyst/4832/94216766176,
L3Harris,Field Service Representative 1,95087265360,"Halifax, Nova Scotia",United States of America,,onsite,Mid,unknown,unknown,unknown,talentbrew,N/A,2026-06-13T01:09:12Z,https://careers.l3harris.com/en/job/halifax/field-service-representative-1/4832/95087265360,
L3Harris,System Lead - Agents/C2,94342332240,"Ottawa, Ontario",Canada,,onsite,Lead,unknown,unknown,unknown,talentbrew,N/A,2026-06-13T01:09:12Z,https://careers.l3harris.com/en/job/ottawa/system-lead-agents-c2/4832/94342332240,
L3Harris,"Lead, EMI/EMC Engineer",93990019152,"Salt Lake City, UT",United States of America,,onsite,Lead,unknown,unknown,unknown,talentbrew,N/A,2026-06-13T01:09:12Z,https://careers.l3harris.com/en/job/salt-lake-city/lead-emi-emc-engineer/4832/93990019152,
L3Harris,"Sr Specialist, System Integration/Test Engineering",94492152048,"Richardson, TX",United States of America,,onsite,Senior,unknown,unknown,unknown,talentbrew,N/A,2026-06-13T01:09:12Z,https://careers.l3harris.com/en/job/richardson/sr-specialist-system-integration-test-engineering/4832/94492152048,
L3Harris,"Specialist, EMI/EMC Engineer",93990019120,"Salt Lake City, UT",United States of America,,onsite,Mid,unknown,unknown,unknown,talentbrew,N/A,2026-06-13T01:09:12Z,https://careers.l3harris.com/en/job/salt-lake-city/specialist-emi-emc-engineer/4832/93990019120,
L3Harris,Engineering Technician C - 2nd shift,93956386640,"Londonderry, NH",United States of America,,onsite,Mid,unknown,unknown,unknown,talentbrew,N/A,2026-06-13T01:09:12Z,https://careers.l3harris.com/en/job/londonderry/engineering-technician-c-2nd-shift/4832/93956386640,
L3Harris,"Lead, Schedule Integrator",94188211008,"Ashburn, VA",United States of America,,onsite,Lead,unknown,unknown,unknown,talentbrew,N/A,2026-06-13T01:09:12Z,https://careers.l3harris.com/en/job/ashburn/lead-schedule-integrator/4832/94188211008,
L3Harris,System Lead - Access,94520863456,"Ottawa, Ontario",Canada,,onsite,Lead,unknown,unknown,unknown,talentbrew,N/A,2026-06-13T01:09:15Z,https://careers.l3harris.com/en/job/ottawa/system-lead-access/4832/94520863456,
L3Harris,"Lead, Labor Relations",93952259040,Multiple Locations,United States of America,,onsite,Lead,unknown,unknown,unknown,talentbrew,N/A,2026-06-13T01:09:15Z,https://careers.l3harris.com/en/job/melbourne/lead-labor-relations/4832/93952259040,
L3Harris,"Senior Specialist, Engineering Services / Configuration Management",93933948544,"Rochester, NY",United States of America,,onsite,Senior,unknown,unknown,unknown,talentbrew,N/A,2026-06-13T01:09:15Z,https://careers.l3harris.com/en/job/rochester/senior-specialist-engineering-services-configuration-management/4832/93933948544,
L3Harris,"Specialist, Tool Design Engineer",93952259088,"Camden, AR",United States of America,,onsite,Mid,unknown,unknown,unknown,talentbrew,N/A,2026-06-13T01:09:15Z,https://careers.l3harris.com/en/job/camden/specialist-tool-design-engineer/4832/93952259088,
L3Harris,"Specialist, Electrical Engineer",93990019200,"Salt Lake City, UT",United States of America,,onsite,Mid,unknown,unknown,unknown,talentbrew,N/A,2026-06-13T01:09:15Z,https://careers.l3harris.com/en/job/salt-lake-city/specialist-electrical-engineer/4832/93990019200,
L3Harris,"Specialist, Environmental, Health &amp; Safety Generalist",94198454528,Multiple Locations,United States of America,,onsite,Mid,unknown,unknown,unknown,talentbrew,N/A,2026-06-13T01:09:15Z,https://careers.l3harris.com/en/job/plano/specialist-environmental-health-and-safety-generalist/4832/94198454528,
L3Harris,"Specialist, Test Engineer",93971471808,"West Palm Beach, FL",United States of America,,onsite,Mid,unknown,unknown,unknown,talentbrew,N/A,2026-06-13T01:09:15Z,https://careers.l3harris.com/en/job/west-palm-beach/specialist-test-engineer/4832/93971471808,
L3Harris,UAS Test Field Technician-D,94302961968,"Ashburn, VA",United States of America,,onsite,Mid,unknown,unknown,unknown,talentbrew,N/A,2026-06-13T01:09:15Z,https://careers.l3harris.com/en/job/ashburn/uas-test-field-technician-d/4832/94302961968,
L3Harris,Manager Software Engineering,93918862272,"Nashville, TN",United States of America,,onsite,Manager,unknown,unknown,unknown,talentbrew,N/A,2026-06-13T01:09:15Z,https://careers.l3harris.com/en/job/nashville/manager-software-engineering/4832/93918862272,
L3Harris,"Sr. Associate, Structural Engineer (Stress)",93918862400,"Greenville, TX",United States of America,,onsite,Senior,unknown,unknown,unknown,talentbrew,N/A,2026-06-13T01:09:15Z,https://careers.l3harris.com/en/job/greenville/sr-associate-structural-engineer-stress/4832/93918862400,
L3Harris,MRO Production Planner C,93961059936,"Salt Lake City, UT",United States of America,,onsite,Mid,unknown,unknown,unknown,talentbrew,N/A,2026-06-13T01:09:15Z,https://careers.l3harris.com/en/job/salt-lake-city/mro-production-planner-c/4832/93961059936,
L3Harris,"Manufacturing Process Engineer, Cable Harness",93961059888,"Salt Lake City, UT",United States of America,,onsite,Mid,unknown,unknown,unknown,talentbrew,N/A,2026-06-13T01:09:15Z,https://careers.l3harris.com/en/job/salt-lake-city/manufacturing-process-engineer-cable-harness/4832/93961059888,
L3Harris,"TEMPEST, Electrical Engineer",93923526560,"Salt Lake City, UT",United States of America,,onsite,Mid,unknown,unknown,unknown,talentbrew,N/A,2026-06-13T01:09:15Z,https://careers.l3harris.com/en/job/salt-lake-city/tempest-electrical-engineer/4832/93923526560,
L3Harris,Product Line Systems Engineer,93923526208,"Salt Lake City, UT",United States of America,,onsite,Mid,unknown,unknown,unknown,talentbrew,N/A,2026-06-13T01:09:15Z,https://careers.l3harris.com/en/job/salt-lake-city/product-line-systems-engineer/4832/93923526208,
L3Harris,Business Development Director (UAE) - WESCAM,93914796048,"Abu Dhabi Emirate, AE",United States of America,,onsite,Director,unknown,unknown,unknown,talentbrew,N/A,2026-06-13T01:09:15Z,https://careers.l3harris.com/en/job/abu-dhabi-emirate/business-development-director-uae-wescam/4832/93914796048,
L3Harris,"Senior Associate, Quality Engineer",93914796240,"Camden, AR",United States of America,,onsite,Senior,unknown,unknown,unknown,talentbrew,N/A,2026-06-13T01:09:18Z,https://careers.l3harris.com/en/job/camden/senior-associate-quality-engineer/4832/93914796240,
L3Harris,"Specialist, Quality Engineer",93914796208,"Camden, AR",United States of America,,onsite,Mid,unknown,unknown,unknown,talentbrew,N/A,2026-06-13T01:09:18Z,https://careers.l3harris.com/en/job/camden/specialist-quality-engineer/4832/93914796208,
L3Harris,"Senior Associate, Mechanical Engineering",93918862304,"Palm Bay, Brevard, FL",United States of America,,onsite,Senior,unknown,unknown,unknown,talentbrew,N/A,2026-06-13T01:09:18Z,https://careers.l3harris.com/en/job/palm-bay/senior-associate-mechanical-engineering/4832/93918862304,
L3Harris,"Manager, Field-Programmable Gate Array Engineer",93782747264,"Bristol, PA",United States of America,,onsite,Manager,unknown,unknown,unknown,talentbrew,N/A,2026-06-13T01:09:18Z,https://careers.l3harris.com/en/job/bristol/manager-field-programmable-gate-array-engineer/4832/93782747264,
L3Harris,"Associate, Image Science Engineer",93770241296,"Tulsa, OK",United States of America,,onsite,Junior,unknown,unknown,unknown,talentbrew,N/A,2026-06-13T01:09:18Z,https://careers.l3harris.com/en/job/tulsa/associate-image-science-engineer/4832/93770241296,
L3Harris,"Senior Specialist, Quality Engineering",93956386512,"Camden, AR",United States of America,,onsite,Senior,unknown,unknown,unknown,talentbrew,N/A,2026-06-13T01:09:18Z,https://careers.l3harris.com/en/job/camden/senior-specialist-quality-engineering/4832/93956386512,
L3Harris,"Senior Specialist, Program Management",93914796016,"Rochester, NY",United States of America,,onsite,Senior,unknown,unknown,unknown,talentbrew,N/A,2026-06-13T01:09:18Z,https://careers.l3harris.com/en/job/rochester/senior-specialist-program-management/4832/93914796016,
L3Harris,"Senior Associate, Electrical Engineer",94047654448,"Ashburn, VA",United States of America,,onsite,Senior,unknown,unknown,unknown,talentbrew,N/A,2026-06-13T01:09:18Z,https://careers.l3harris.com/en/job/ashburn/senior-associate-electrical-engineer/4832/94047654448,
L3Harris,"Specialist, Electrical Engineer",94047654512,"Ashburn, VA",United States of America,,onsite,Mid,unknown,unknown,unknown,talentbrew,N/A,2026-06-13T01:09:18Z,https://careers.l3harris.com/en/job/ashburn/specialist-electrical-engineer/4832/94047654512,
L3Harris,Lead Account Manager - C4I/C5ISR Systems (UAE),94779302384,"Abu Dhabi Emirate, AE",United States of America,,onsite,Lead,unknown,unknown,unknown,talentbrew,N/A,2026-06-13T01:09:18Z,https://careers.l3harris.com/en/job/abu-dhabi-emirate/lead-account-manager-c4i-c5isr-systems-uae/4832/94779302384,
L3Harris,Network Assurance Manager&#xA0;(Eastern Service Area),93956386784,Remote,United States of America,,remote,Manager,unknown,unknown,unknown,talentbrew,N/A,2026-06-13T01:09:18Z,https://careers.l3harris.com/en/job/united-states/network-assurance-manager-eastern-service-area/4832/93956386784,
L3Harris,Operations Project Manager,93971472048,"Londonderry, NH",United States of America,,onsite,Manager,unknown,unknown,unknown,talentbrew,N/A,2026-06-13T01:09:18Z,https://careers.l3harris.com/en/job/londonderry/operations-project-manager/4832/93971472048,
L3Harris,"Senior Associate, Program Management",93760849104,"Carlstadt, NJ",United States of America,,onsite,Senior,unknown,unknown,unknown,talentbrew,N/A,2026-06-13T01:09:18Z,https://careers.l3harris.com/en/job/carlstadt/senior-associate-program-management/4832/93760849104,
L3Harris,"Senior Specialist, Quality Engineer",94009489296,"Carlstadt, NJ",United States of America,,onsite,Senior,unknown,unknown,unknown,talentbrew,N/A,2026-06-13T01:09:18Z,https://careers.l3harris.com/en/job/carlstadt/senior-specialist-quality-engineer/4832/94009489296,
L3Harris,"Sr. Associate, Quality Engineer",93914796176,"Camden, AR",United States of America,,onsite,Senior,unknown,unknown,unknown,talentbrew,N/A,2026-06-13T01:09:18Z,https://careers.l3harris.com/en/job/camden/sr-associate-quality-engineer/4832/93914796176,
L3Harris,"Specialist, Hardware Configuration Management",93726657200,"Ashburn, VA",United States of America,,onsite,Mid,unknown,unknown,unknown,talentbrew,N/A,2026-06-13T01:09:21Z,https://careers.l3harris.com/en/job/ashburn/specialist-hardware-configuration-management/4832/93726657200,
L3Harris,Manufacturing Technician C,93726657184,"Londonderry, NH",United States of America,,onsite,Mid,unknown,unknown,unknown,talentbrew,N/A,2026-06-13T01:09:21Z,https://careers.l3harris.com/en/job/londonderry/manufacturing-technician-c/4832/93726657184,
L3Harris,"Senior Specialist, Hardware Configuration Management",93726657168,"Ashburn, VA",United States of America,,onsite,Senior,unknown,unknown,unknown,talentbrew,N/A,2026-06-13T01:09:21Z,https://careers.l3harris.com/en/job/ashburn/senior-specialist-hardware-configuration-management/4832/93726657168,
L3Harris,Administration D - Engineering Administrative Assistant,93801106992,"Palm Bay, Brevard, FL",United States of America,,onsite,Mid,unknown,unknown,unknown,talentbrew,N/A,2026-06-13T01:09:21Z,https://careers.l3harris.com/en/job/palm-bay/administration-d-engineering-administrative-assistant/4832/93801106992,
L3Harris,Assembler C,93722631584,"Londonderry, NH",United States of America,,onsite,Mid,unknown,unknown,unknown,talentbrew,N/A,2026-06-13T01:09:21Z,https://careers.l3harris.com/en/job/londonderry/assembler-c/4832/93722631584,
L3Harris,"Senior Specialist, Systems Engineering",93914796032,"Rochester, NY",United States of America,,onsite,Senior,unknown,unknown,unknown,talentbrew,N/A,2026-06-13T01:09:21Z,https://careers.l3harris.com/en/job/rochester/senior-specialist-systems-engineering/4832/93914796032,
L3Harris,Engineering Project Manager,93714998688,Multiple Locations,United States of America,,onsite,Manager,unknown,unknown,unknown,talentbrew,N/A,2026-06-13T01:09:21Z,https://careers.l3harris.com/en/job/tewkesbury/engineering-project-manager/4832/93714998688,
L3Harris,"Specialist, Contracts",93876539376,"Salt Lake City, UT",United States of America,,onsite,Mid,unknown,unknown,unknown,talentbrew,N/A,2026-06-13T01:09:21Z,https://careers.l3harris.com/en/job/salt-lake-city/specialist-contracts/4832/93876539376,
L3Harris,"Specialist, Systems Engineer",93703665904,"Salt Lake City, UT",United States of America,,onsite,Mid,unknown,unknown,unknown,talentbrew,N/A,2026-06-13T01:09:21Z,https://careers.l3harris.com/en/job/salt-lake-city/specialist-systems-engineer/4832/93703665904,
L3Harris,"Principal, Network and Telecom",93805267008,Multiple Locations,United States of America,,onsite,Principal,unknown,unknown,unknown,talentbrew,N/A,2026-06-13T01:09:21Z,https://careers.l3harris.com/en/job/canoga-park/principal-network-and-telecom/4832/93805267008,
L3Harris,"Senior Associate, Facilities",94258456784,"Camden, AR",United States of America,,onsite,Senior,unknown,unknown,unknown,talentbrew,N/A,2026-06-13T01:09:21Z,https://careers.l3harris.com/en/job/camden/senior-associate-facilities/4832/94258456784,
L3Harris,"Senior Specialist, Electrical Engineering",93742140576,"San Diego, CA",United States of America,,onsite,Senior,unknown,unknown,unknown,talentbrew,N/A,2026-06-13T01:09:21Z,https://careers.l3harris.com/en/job/san-diego/senior-specialist-electrical-engineering/4832/93742140576,
L3Harris,Engineering Equipment Technician D,93692588816,"Londonderry, NH",United States of America,,onsite,Mid,unknown,unknown,unknown,talentbrew,N/A,2026-06-13T01:09:21Z,https://careers.l3harris.com/en/job/londonderry/engineering-equipment-technician-d/4832/93692588816,
L3Harris,"Lead, Program Management",93703665360,"Rochester, NY",United States of America,,onsite,Lead,unknown,unknown,unknown,talentbrew,N/A,2026-06-13T01:09:21Z,https://careers.l3harris.com/en/job/rochester/lead-program-management/4832/93703665360,
L3Harris,"Senior Associate, Business Intel Analyst",93770321648,"Camden, AR",United States of America,,onsite,Senior,unknown,unknown,unknown,talentbrew,N/A,2026-06-13T01:09:21Z,https://careers.l3harris.com/en/job/camden/senior-associate-business-intel-analyst/4832/93770321648,
L3Harris,Manufacturing Assembler C,93801106528,"San Diego, CA",United States of America,,onsite,Mid,unknown,unknown,unknown,talentbrew,N/A,2026-06-13T01:09:24Z,https://careers.l3harris.com/en/job/san-diego/manufacturing-assembler-c/4832/93801106528,
L3Harris,"Lead, IT Architecture (SAP Solution Architect)",94862511520,"Melbourne, FL",United States of America,,onsite,Principal,unknown,unknown,unknown,talentbrew,N/A,2026-06-13T01:09:24Z,https://careers.l3harris.com/en/job/melbourne/lead-it-architecture-sap-solution-architect/4832/94862511520,
L3Harris,"Sr. Specialist, IT Business Analysis (SAP Sales &amp; Distribution)",93914796288,"Melbourne, FL",United States of America,,onsite,Senior,unknown,unknown,unknown,talentbrew,N/A,2026-06-13T01:09:24Z,https://careers.l3harris.com/en/job/melbourne/sr-specialist-it-business-analysis-sap-sales-and-distribution/4832/93914796288,
L3Harris,"Specialist, Technical Trainer/ Mission Operations Trainer",93692589632,"Palm Bay, Brevard, FL",United States of America,,onsite,Mid,unknown,unknown,unknown,talentbrew,N/A,2026-06-13T01:09:24Z,https://careers.l3harris.com/en/job/palm-bay/specialist-technical-trainer-mission-operations-trainer/4832/93692589632,
L3Harris,Engineering Technician B,93801106576,"Salt Lake City, UT",United States of America,,onsite,Mid,unknown,unknown,unknown,talentbrew,N/A,2026-06-13T01:09:24Z,https://careers.l3harris.com/en/job/salt-lake-city/engineering-technician-b/4832/93801106576,
L3Harris,"Supervisor, Operations Management",93731658192,"Camden, AR",United States of America,,onsite,Mid,unknown,unknown,unknown,talentbrew,N/A,2026-06-13T01:09:24Z,https://careers.l3harris.com/en/job/camden/supervisor-operations-management/4832/93731658192,
L3Harris,"Senior Specialist, Manufacturing Engineer",93914796272,"Camden, AR",United States of America,,onsite,Senior,unknown,unknown,unknown,talentbrew,N/A,2026-06-13T01:09:24Z,https://careers.l3harris.com/en/job/camden/senior-specialist-manufacturing-engineer/4832/93914796272,
L3Harris,Inspection B,93683325712,"Camden, AR",United States of America,,onsite,Mid,unknown,unknown,unknown,talentbrew,N/A,2026-06-13T01:09:24Z,https://careers.l3harris.com/en/job/camden/inspection-b/4832/93683325712,
L3Harris,"Field Technician D (Ronkonkoma, NY)",93683325632,"Lake Ronkonkoma, NY",United States of America,,onsite,Mid,unknown,unknown,unknown,talentbrew,N/A,2026-06-13T01:09:24Z,https://careers.l3harris.com/en/job/lake-ronkonkoma/field-technician-d-ronkonkoma-ny/4832/93683325632,
L3Harris,"Manager, Program Scheduling",93801135408,Remote,United States of America,,remote,Manager,unknown,unknown,unknown,talentbrew,N/A,2026-06-13T01:09:24Z,https://careers.l3harris.com/en/job/united-states/manager-program-scheduling/4832/93801135408,
L3Harris,Inspection B,94028235600,"Camden, AR",United States of America,,onsite,Mid,unknown,unknown,unknown,talentbrew,N/A,2026-06-13T01:09:24Z,https://careers.l3harris.com/en/job/camden/inspection-b/4832/94028235600,
L3Harris,"Senior Supervisor, Operations Management",93575867376,"Camden, AR",United States of America,,onsite,Senior,unknown,unknown,unknown,talentbrew,N/A,2026-06-13T01:09:24Z,https://careers.l3harris.com/en/job/camden/senior-supervisor-operations-management/4832/93575867376,
L3Harris,"Manager, System Lead - Agent/C2",94225642432,Remote,United States of America,,remote,Lead,unknown,unknown,unknown,talentbrew,N/A,2026-06-13T01:09:24Z,https://careers.l3harris.com/en/job/united-states/manager-system-lead-agent-c2/4832/94225642432,
L3Harris,"Sr. Specialist, Systems Engineering",93516108592,"Yorba Linda, CA",United States of America,,onsite,Senior,unknown,unknown,unknown,talentbrew,N/A,2026-06-13T01:09:24Z,https://careers.l3harris.com/en/job/yorba-linda/sr-specialist-systems-engineering/4832/93516108592,
L3Harris,Facilities&#xA0;Technician C,93805266784,"Redmond, WA",United States of America,,onsite,Mid,unknown,unknown,unknown,talentbrew,N/A,2026-06-13T01:09:24Z,https://careers.l3harris.com/en/job/redmond/facilities-technician-c/4832/93805266784,
L3Harris,"Senior Specialist, Systems Administration",93505389136,"Fort Wayne, IN",United States of America,,onsite,Senior,unknown,unknown,unknown,talentbrew,N/A,2026-06-13T01:09:27Z,https://careers.l3harris.com/en/job/fort-wayne/senior-specialist-systems-administration/4832/93505389136,
L3Harris,"Specialist, Program Finance",93876539440,"Fort Wayne, IN",United States of America,,onsite,Mid,unknown,unknown,unknown,talentbrew,N/A,2026-06-13T01:09:27Z,https://careers.l3harris.com/en/job/fort-wayne/specialist-program-finance/4832/93876539440,
L3Harris,"Senior Specialist, Program Manager",93722654992,"Redmond, WA",United States of America,,onsite,Manager,unknown,unknown,unknown,talentbrew,N/A,2026-06-13T01:09:27Z,https://careers.l3harris.com/en/job/redmond/senior-specialist-program-manager/4832/93722654992,
L3Harris,Quality Assurance Inspector NDT - RT/PT B 1,93500275952,"West Palm Beach, FL",United States of America,,onsite,Mid,unknown,unknown,unknown,talentbrew,N/A,2026-06-13T01:09:27Z,https://careers.l3harris.com/en/job/west-palm-beach/quality-assurance-inspector-ndt-rt-pt-b-1/4832/93500275952,
L3Harris,"Lead, Manufacturing Engineer",93664915840,"Camden, AR",United States of America,,onsite,Lead,unknown,unknown,unknown,talentbrew,N/A,2026-06-13T01:09:27Z,https://careers.l3harris.com/en/job/camden/lead-manufacturing-engineer/4832/93664915840,
L3Harris,Finance Business Partner,93722631696,"Bristol, England",United Kingdom,,onsite,Mid,unknown,unknown,unknown,talentbrew,N/A,2026-06-13T01:09:27Z,https://careers.l3harris.com/en/job/bristol/finance-business-partner/4832/93722631696,
L3Harris,"Sr. Specialist, Project Management",93683325664,"Greenville, TX",United States of America,,onsite,Senior,unknown,unknown,unknown,talentbrew,N/A,2026-06-13T01:09:27Z,https://careers.l3harris.com/en/job/greenville/sr-specialist-project-management/4832/93683325664,
L3Harris,"Specialist, Contracts",93505389264,"Palm Bay, Brevard, FL",United States of America,,onsite,Mid,unknown,unknown,unknown,talentbrew,N/A,2026-06-13T01:09:27Z,https://careers.l3harris.com/en/job/palm-bay/specialist-contracts/4832/93505389264,
L3Harris,"Senior Manager, Engineering Management",93496271808,"Bristol, PA",United States of America,,onsite,Manager,unknown,unknown,unknown,talentbrew,N/A,2026-06-13T01:09:27Z,https://careers.l3harris.com/en/job/bristol/senior-manager-engineering-management/4832/93496271808,
L3Harris,"Specialist, Systems Engineer",93496271792,"Palm Bay, Brevard, FL",United States of America,,onsite,Mid,unknown,unknown,unknown,talentbrew,N/A,2026-06-13T01:09:27Z,https://careers.l3harris.com/en/job/palm-bay/specialist-systems-engineer/4832/93496271792,
L3Harris,"Specialist, Software Engineering",93664916224,"Nashville, TN",United States of America,,onsite,Mid,unknown,unknown,unknown,talentbrew,N/A,2026-06-13T01:09:27Z,https://careers.l3harris.com/en/job/nashville/specialist-software-engineering/4832/93664916224,
L3Harris,"Senior Specialist, Software Engineering",93664916176,"Nashville, TN",United States of America,,onsite,Senior,unknown,unknown,unknown,talentbrew,N/A,2026-06-13T01:09:27Z,https://careers.l3harris.com/en/job/nashville/senior-specialist-software-engineering/4832/93664916176,
L3Harris,"Specialist, Supply Chain Management",94273352992,"Rochester, NY",United States of America,,onsite,Mid,unknown,unknown,unknown,talentbrew,N/A,2026-06-13T01:09:27Z,https://careers.l3harris.com/en/job/rochester/specialist-supply-chain-management/4832/94273352992,
L3Harris,Contingent-Specialist Software Engineering,93467612384,"Nashville, TN",United States of America,,onsite,Mid,unknown,unknown,unknown,talentbrew,N/A,2026-06-13T01:09:27Z,https://careers.l3harris.com/en/job/nashville/contingent-specialist-software-engineering/4832/93467612384,
L3Harris,"Sr. Specialist, Program Scheduler",93467612912,"Londonderry, NH",United States of America,,onsite,Senior,unknown,unknown,unknown,talentbrew,N/A,2026-06-13T01:09:27Z,https://careers.l3harris.com/en/job/londonderry/sr-specialist-program-scheduler/4832/93467612912,
L3Harris,"Sr. Specialist, Global Trade",93687664032,Remote,United States of America,,remote,Senior,unknown,unknown,unknown,talentbrew,N/A,2026-06-13T01:09:30Z,https://careers.l3harris.com/en/job/united-states/sr-specialist-global-trade/4832/93687664032,
L3Harris,Lead Subcontract Administrator,93809864032,"Mirabel, Quebec",Canada,,onsite,Lead,unknown,unknown,unknown,talentbrew,N/A,2026-06-13T01:09:30Z,https://careers.l3harris.com/en/job/mirabel/lead-subcontract-administrator/4832/93809864032,
L3Harris,Systems Engineer (ILS),93990019216,"Brighton, England",United Kingdom,,onsite,Mid,unknown,unknown,unknown,talentbrew,N/A,2026-06-13T01:09:30Z,https://careers.l3harris.com/en/job/brighton/systems-engineer-ils/4832/93990019216,
L3Harris,System Lead - Access,93649721472,Remote,United States of America,,remote,Lead,unknown,unknown,unknown,talentbrew,N/A,2026-06-13T01:09:30Z,https://careers.l3harris.com/en/job/united-states/system-lead-access/4832/93649721472,
L3Harris,System Lead - Agent/C2,93488736448,Multiple Locations,United States of America,,onsite,Lead,unknown,unknown,unknown,talentbrew,N/A,2026-06-13T01:09:30Z,https://careers.l3harris.com/en/job/bondi-junction/system-lead-agent-c2/4832/93488736448,
L3Harris,System Lead - Access,93488736400,Multiple Locations,United States of America,,onsite,Lead,unknown,unknown,unknown,talentbrew,N/A,2026-06-13T01:09:30Z,https://careers.l3harris.com/en/job/bondi-junction/system-lead-access/4832/93488736400,
L3Harris,System Lead - Access,93458599680,"London, England",United Kingdom,,onsite,Lead,unknown,unknown,unknown,talentbrew,N/A,2026-06-13T01:09:30Z,https://careers.l3harris.com/en/job/london/system-lead-access/4832/93458599680,
L3Harris,System Lead - Agent/C2,93458599648,"London, England",United Kingdom,,onsite,Lead,unknown,unknown,unknown,talentbrew,N/A,2026-06-13T01:09:30Z,https://careers.l3harris.com/en/job/london/system-lead-agent-c2/4832/93458599648,
L3Harris,"Senior Specialist, Mechanical Engineer",93458626800,"Palm Bay, Brevard, FL",United States of America,,onsite,Senior,unknown,unknown,unknown,talentbrew,N/A,2026-06-13T01:09:30Z,https://careers.l3harris.com/en/job/palm-bay/senior-specialist-mechanical-engineer/4832/93458626800,
L3Harris,"Specialist, Manufacturing Engineering",93505370832,"Camden, AR",United States of America,,onsite,Mid,unknown,unknown,unknown,talentbrew,N/A,2026-06-13T01:09:30Z,https://careers.l3harris.com/en/job/camden/specialist-manufacturing-engineering/4832/93505370832,
L3Harris,"Senior Associate, Procurement",93809864176,"Greenville, TX",United States of America,,onsite,Senior,unknown,unknown,unknown,talentbrew,N/A,2026-06-13T01:09:30Z,https://careers.l3harris.com/en/job/greenville/senior-associate-procurement/4832/93809864176,
L3Harris,RF Engineering Technician D,93467612432,"San Diego, CA",United States of America,,onsite,Mid,unknown,unknown,unknown,talentbrew,N/A,2026-06-13T01:09:30Z,https://careers.l3harris.com/en/job/san-diego/rf-engineering-technician-d/4832/93467612432,
L3Harris,Supplier Management Specialist 1,93645703376,"Lynchburg, VA",United States of America,,onsite,Mid,unknown,unknown,unknown,talentbrew,N/A,2026-06-13T01:09:30Z,https://careers.l3harris.com/en/job/lynchburg/supplier-management-specialist-1/4832/93645703376,
L3Harris,"Associate Manager, Semiconductor Process Equipment",93401531360,"Mason, OH",United States of America,,onsite,Manager,unknown,unknown,unknown,talentbrew,N/A,2026-06-13T01:09:30Z,https://careers.l3harris.com/en/job/mason/associate-manager-semiconductor-process-equipment/4832/93401531360,
L3Harris,"Senior Associate, Manufacturing Engineering",93496271648,"Redmond, WA",United States of America,,onsite,Senior,unknown,unknown,unknown,talentbrew,N/A,2026-06-13T01:09:30Z,https://careers.l3harris.com/en/job/redmond/senior-associate-manufacturing-engineering/4832/93496271648,
L3Harris,"Director, Business Development, Sales and Strategy",93458626704,Remote,United States of America,,remote,Director,unknown,unknown,unknown,talentbrew,N/A,2026-06-13T01:09:33Z,https://careers.l3harris.com/en/job/united-states/director-business-development-sales-and-strategy/4832/93458626704,
L3Harris,"Senior Specialist, Mechanical Engineer, CAE",93390578464,"Waterdown, Ontario",Canada,,onsite,Senior,unknown,unknown,unknown,talentbrew,N/A,2026-06-13T01:09:33Z,https://careers.l3harris.com/en/job/waterdown/senior-specialist-mechanical-engineer-cae/4832/93390578464,
L3Harris,Machinist C,93687664144,"Londonderry, NH",United States of America,,onsite,Mid,unknown,unknown,unknown,talentbrew,N/A,2026-06-13T01:09:33Z,https://careers.l3harris.com/en/job/londonderry/machinist-c/4832/93687664144,
L3Harris,"Specialist, System Administration",93381530032,"Chantilly, VA",United States of America,,onsite,Mid,unknown,unknown,unknown,talentbrew,N/A,2026-06-13T01:09:33Z,https://careers.l3harris.com/en/job/chantilly/specialist-system-administration/4832/93381530032,
L3Harris,"Specialist, Project Engineering",93458599760,"Waterdown, Ontario",Canada,,onsite,Mid,unknown,unknown,unknown,talentbrew,N/A,2026-06-13T01:09:33Z,https://careers.l3harris.com/en/job/waterdown/specialist-project-engineering/4832/93458599760,
L3Harris,"Sr. Specialist, Project Engineering",93516108720,"Waterdown, Ontario",Canada,,onsite,Senior,unknown,unknown,unknown,talentbrew,N/A,2026-06-13T01:09:33Z,https://careers.l3harris.com/en/job/waterdown/sr-specialist-project-engineering/4832/93516108720,
L3Harris,"Sr. Associate, Field Engineer",93381554304,"North Fort Lewis, WA",United States of America,,onsite,Senior,unknown,unknown,unknown,talentbrew,N/A,2026-06-13T01:09:33Z,https://careers.l3harris.com/en/job/north-fort-lewis/sr-associate-field-engineer/4832/93381554304,
L3Harris,"Sr. Specialist, Contracts (Contracts Manager)",93516108656,"Rochester, NY",United States of America,,onsite,Manager,unknown,unknown,unknown,talentbrew,N/A,2026-06-13T01:09:33Z,https://careers.l3harris.com/en/job/rochester/sr-specialist-contracts-contracts-manager/4832/93516108656,
L3Harris,"Senior Specialist, Tactical Product Analyst",93687663872,"Rochester, NY",United States of America,,onsite,Senior,unknown,unknown,unknown,talentbrew,N/A,2026-06-13T01:09:33Z,https://careers.l3harris.com/en/job/rochester/senior-specialist-tactical-product-analyst/4832/93687663872,
L3Harris,"Senior Specialist, Software Engineering",93251136368,"Salt Lake City, UT",United States of America,,onsite,Senior,unknown,unknown,unknown,talentbrew,N/A,2026-06-13T01:09:33Z,https://careers.l3harris.com/en/job/salt-lake-city/senior-specialist-software-engineering/4832/93251136368,
L3Harris,"Senior Specialist, Electronic Warfare Systems Engineer",93419459408,"Salt Lake City, UT",United States of America,,onsite,Senior,unknown,unknown,unknown,talentbrew,N/A,2026-06-13T01:09:33Z,https://careers.l3harris.com/en/job/salt-lake-city/senior-specialist-electronic-warfare-systems-engineer/4832/93419459408,
L3Harris,"Associate, Industrial Engineer",93279110864,"Camden, AR",United States of America,,onsite,Junior,unknown,unknown,unknown,talentbrew,N/A,2026-06-13T01:09:33Z,https://careers.l3harris.com/en/job/camden/associate-industrial-engineer/4832/93279110864,
L3Harris,"Specialist, Electronics Supplier Quality Engineering",93251136048,"Waterdown, Ontario",Canada,,onsite,Mid,unknown,unknown,unknown,talentbrew,N/A,2026-06-13T01:09:33Z,https://careers.l3harris.com/en/job/waterdown/specialist-electronics-supplier-quality-engineering/4832/93251136048,
L3Harris,"Principal, Capture Management",93654617632,"Salt Lake City, UT",United States of America,,onsite,Principal,unknown,unknown,unknown,talentbrew,N/A,2026-06-13T01:09:33Z,https://careers.l3harris.com/en/job/salt-lake-city/principal-capture-management/4832/93654617632,
L3Harris,Aircraft Maintenance Engineer - Avionics,93200629280,"Ottawa, Ontario",Canada,,onsite,Mid,unknown,unknown,unknown,talentbrew,N/A,2026-06-13T01:09:33Z,https://careers.l3harris.com/en/job/ottawa/aircraft-maintenance-engineer-avionics/4832/93200629280,
L3Harris,"Senior Specialist, Program Scheduler",93200628832,Multiple Locations,United States of America,,onsite,Senior,unknown,unknown,unknown,talentbrew,N/A,2026-06-13T01:09:36Z,https://careers.l3harris.com/en/job/salt-lake-city/senior-specialist-program-scheduler/4832/93200628832,
L3Harris,"Specialist, Technical Training (Maintenance Trainer)",93200628736,"Rochester, NY",United States of America,,onsite,Mid,unknown,unknown,unknown,talentbrew,N/A,2026-06-13T01:09:36Z,https://careers.l3harris.com/en/job/rochester/specialist-technical-training-maintenance-trainer/4832/93200628736,
L3Harris,Junior Electrical Engineer,93385567552,"Brighton, England",United Kingdom,,onsite,Junior,unknown,unknown,unknown,talentbrew,N/A,2026-06-13T01:09:36Z,https://careers.l3harris.com/en/job/brighton/junior-electrical-engineer/4832/93385567552,
L3Harris,Security Systems Engineer,93462643184,"Rochester, NY",United States of America,,onsite,Mid,unknown,unknown,unknown,talentbrew,N/A,2026-06-13T01:09:36Z,https://careers.l3harris.com/en/job/rochester/security-systems-engineer/4832/93462643184,
L3Harris,"Senior Specialist, Systems Integration Engineering",93467612720,"Ashburn, VA",United States of America,,onsite,Senior,unknown,unknown,unknown,talentbrew,N/A,2026-06-13T01:09:36Z,https://careers.l3harris.com/en/job/ashburn/senior-specialist-systems-integration-engineering/4832/93467612720,
L3Harris,"Specialist, Contracts",93195789760,"Salt Lake City, UT",United States of America,,onsite,Mid,unknown,unknown,unknown,talentbrew,N/A,2026-06-13T01:09:36Z,https://careers.l3harris.com/en/job/salt-lake-city/specialist-contracts/4832/93195789760,
L3Harris,"Manager, IT Business Analysis",93279111120,Multiple Locations,United States of America,,onsite,Manager,unknown,unknown,unknown,talentbrew,N/A,2026-06-13T01:09:36Z,https://careers.l3harris.com/en/job/melbourne/manager-it-business-analysis/4832/93279111120,
L3Harris,Manufacturing Technician D,93956386768,"Salt Lake City, UT",United States of America,,onsite,Mid,unknown,unknown,unknown,talentbrew,N/A,2026-06-13T01:09:36Z,https://careers.l3harris.com/en/job/salt-lake-city/manufacturing-technician-d/4832/93956386768,
L3Harris,"Sr. Specialist, Electrical Engineer (Digital Design)",93760849056,"Rochester, NY",United States of America,,onsite,Senior,unknown,unknown,unknown,talentbrew,N/A,2026-06-13T01:09:36Z,https://careers.l3harris.com/en/job/rochester/sr-specialist-electrical-engineer-digital-design/4832/93760849056,
L3Harris,Network Engineer,93229899168,"Salt Lake City, UT",United States of America,,onsite,Mid,unknown,unknown,unknown,talentbrew,N/A,2026-06-13T01:09:36Z,https://careers.l3harris.com/en/job/salt-lake-city/network-engineer/4832/93229899168,
L3Harris,"Senior Specialist, Mechanical Engineer (Mechanisms)",93195789648,"Carlsbad, CA",United States of America,,onsite,Senior,unknown,unknown,unknown,talentbrew,N/A,2026-06-13T01:09:36Z,https://careers.l3harris.com/en/job/carlsbad/senior-specialist-mechanical-engineer-mechanisms/4832/93195789648,
L3Harris,"Lead, Program Finance",93385567616,"Melbourne, FL",United States of America,,onsite,Lead,unknown,unknown,unknown,talentbrew,N/A,2026-06-13T01:09:36Z,https://careers.l3harris.com/en/job/melbourne/lead-program-finance/4832/93385567616,
L3Harris,"Sr. Specialist, Digital Hardware Design Engineer",93152072256,"Salt Lake City, UT",United States of America,,onsite,Senior,unknown,unknown,unknown,talentbrew,N/A,2026-06-13T01:09:36Z,https://careers.l3harris.com/en/job/salt-lake-city/sr-specialist-digital-hardware-design-engineer/4832/93152072256,
L3Harris,"Lead, IT Architecture &#xA0;(Azure Solutions Architect)",93654617760,Multiple Locations,United States of America,,onsite,Principal,unknown,unknown,unknown,talentbrew,N/A,2026-06-13T01:09:36Z,https://careers.l3harris.com/en/job/rockwall/lead-it-architecture-azure-solutions-architect/4832/93654617760,
L3Harris,"Specialist, Configuration Management",93112576672,"Cincinnati, OH",United States of America,,onsite,Mid,unknown,unknown,unknown,talentbrew,N/A,2026-06-13T01:09:36Z,https://careers.l3harris.com/en/job/cincinnati/specialist-configuration-management/4832/93112576672,
L3Harris,"Director, Contracts",93385567568,Multiple Locations,United States of America,,onsite,Director,unknown,unknown,unknown,talentbrew,N/A,2026-06-13T01:09:39Z,https://careers.l3harris.com/en/job/rockwall/director-contracts/4832/93385567568,
L3Harris,Manufacturing Technician B,93152094704,"Rochester, NY",United States of America,,onsite,Mid,unknown,unknown,unknown,talentbrew,N/A,2026-06-13T01:09:39Z,https://careers.l3harris.com/en/job/rochester/manufacturing-technician-b/4832/93152094704,
L3Harris,"Specialist, Logistics Engineer",92924727184,"Sterling, VA",United States of America,,onsite,Mid,unknown,unknown,unknown,talentbrew,N/A,2026-06-13T01:09:39Z,https://careers.l3harris.com/en/job/sterling/specialist-logistics-engineer/4832/92924727184,
L3Harris,Tactical Radios Field Service Representative,92920104448,Multiple Locations,United States of America,,onsite,Mid,unknown,unknown,unknown,talentbrew,N/A,2026-06-13T01:09:39Z,https://careers.l3harris.com/en/job/stafford/tactical-radios-field-service-representative/4832/92920104448,
L3Harris,"Manager, Proposal Operations",93274096224,"Salt Lake City, UT",United States of America,,onsite,Manager,unknown,unknown,unknown,talentbrew,N/A,2026-06-13T01:09:39Z,https://careers.l3harris.com/en/job/salt-lake-city/manager-proposal-operations/4832/93274096224,
L3Harris,Aircraft Maintenance Engineer (AME) - M2 (Casual),93251136240,"Canadian Forces Base Trenton, Ontario",Canada,,onsite,Mid,unknown,unknown,unknown,talentbrew,N/A,2026-06-13T01:09:39Z,https://careers.l3harris.com/en/job/canadian-forces-base-trenton/aircraft-maintenance-engineer-ame-m2-casual/4832/93251136240,
L3Harris,Principal Azure Solutions Architect Expert,93683325696,Multiple Locations,United States of America,,onsite,Principal,unknown,unknown,unknown,talentbrew,N/A,2026-06-13T01:09:39Z,https://careers.l3harris.com/en/job/melbourne/principal-azure-solutions-architect-expert/4832/93683325696,
L3Harris,Administration C - Administrative Assistant,93156903168,"Melbourne, FL",United States of America,,onsite,Mid,unknown,unknown,unknown,talentbrew,N/A,2026-06-13T01:09:39Z,https://careers.l3harris.com/en/job/melbourne/administration-c-administrative-assistant/4832/93156903168,
L3Harris,Aircraft Certif. Authority (M2),94298067872,"Canadian Forces Base Trenton, Ontario",Canada,,onsite,Mid,unknown,unknown,unknown,talentbrew,N/A,2026-06-13T01:09:39Z,https://careers.l3harris.com/en/job/canadian-forces-base-trenton/aircraft-certif-authority-m2/4832/94298067872,
L3Harris,Aircraft Maintenance Engineer - Avionics (E) (Casual),93251136192,"Canadian Forces Base Trenton, Ontario",Canada,,onsite,Mid,unknown,unknown,unknown,talentbrew,N/A,2026-06-13T01:09:39Z,https://careers.l3harris.com/en/job/canadian-forces-base-trenton/aircraft-maintenance-engineer-avionics-e-casual/4832/93251136192,
L3Harris,"Lead, Responsible Engineering Authority HSV",93423475696,"Huntsville, AL",United States of America,,onsite,Lead,unknown,unknown,unknown,talentbrew,N/A,2026-06-13T01:09:39Z,https://careers.l3harris.com/en/job/huntsville/lead-responsible-engineering-authority-hsv/4832/93423475696,
L3Harris,Engineering IMIT Business Solutions Analyst,93112551648,Multiple Locations,United States of America,,onsite,Mid,unknown,unknown,unknown,talentbrew,N/A,2026-06-13T01:09:39Z,https://careers.l3harris.com/en/job/mirabel/engineering-imit-business-solutions-analyst/4832/93112551648,
L3Harris,Software Developer,94065922784,Multiple Locations,United States of America,,onsite,Mid,unknown,unknown,unknown,talentbrew,N/A,2026-06-13T01:09:39Z,https://careers.l3harris.com/en/job/mirabel/software-developer/4832/94065922784,
L3Harris,"Sr. Specialist, Production Planning",93200629312,"Huntsville, AL",United States of America,,onsite,Senior,unknown,unknown,unknown,talentbrew,N/A,2026-06-13T01:09:39Z,https://careers.l3harris.com/en/job/huntsville/sr-specialist-production-planning/4832/93200629312,
L3Harris,"Sr. Specialist, Tool Design Engineer",92847335280,"Camden, AR",United States of America,,onsite,Senior,unknown,unknown,unknown,talentbrew,N/A,2026-06-13T01:09:39Z,https://careers.l3harris.com/en/job/camden/sr-specialist-tool-design-engineer/4832/92847335280,
L3Harris,"Scientist, Project Engineering (Melbourne, FL)",92842773424,"Melbourne, FL",United States of America,,onsite,Mid,unknown,unknown,unknown,talentbrew,N/A,2026-06-13T01:09:42Z,https://careers.l3harris.com/en/job/melbourne/scientist-project-engineering-melbourne-fl/4832/92842773424,
L3Harris,"Associate, Manufacturing Engineering (Electrical)",92729074224,"Norfolk, VA",United States of America,,onsite,Junior,unknown,unknown,unknown,talentbrew,N/A,2026-06-13T01:09:42Z,https://careers.l3harris.com/en/job/norfolk/associate-manufacturing-engineering-electrical/4832/92729074224,
L3Harris,"Senior Associate, Manufacturing Engineer",92847335312,"Camden, AR",United States of America,,onsite,Senior,unknown,unknown,unknown,talentbrew,N/A,2026-06-13T01:09:42Z,https://careers.l3harris.com/en/job/camden/senior-associate-manufacturing-engineer/4832/92847335312,
L3Harris,Senior Program Manager - German Market,93538953904,"Montreal, Quebec",Canada,,onsite,Manager,unknown,unknown,unknown,talentbrew,N/A,2026-06-13T01:09:42Z,https://careers.l3harris.com/en/job/montreal/senior-program-manager-german-market/4832/93538953904,
L3Harris,"Scientist, Electrical Engineer",92575078576,"Yorba Linda, CA",United States of America,,onsite,Mid,unknown,unknown,unknown,talentbrew,N/A,2026-06-13T01:09:42Z,https://careers.l3harris.com/en/job/yorba-linda/scientist-electrical-engineer/4832/92575078576,
L3Harris,"Lead, Chief Engineer - GPS / A-PNT",92647985712,"Yorba Linda, CA",United States of America,,onsite,Director,unknown,unknown,unknown,talentbrew,N/A,2026-06-13T01:09:42Z,https://careers.l3harris.com/en/job/yorba-linda/lead-chief-engineer-gps-a-pnt/4832/92647985712,
L3Harris,"Senior Specialist, IT Systems &amp; Infrastructure Engineer",92652461520,"Washington D.C., DC",United States of America,,onsite,Senior,unknown,unknown,unknown,talentbrew,N/A,2026-06-13T01:09:42Z,https://careers.l3harris.com/en/job/washington-d-c/senior-specialist-it-systems-and-infrastructure-engineer/4832/92652461520,
L3Harris,Space Propulsion Test Mechanic C- 1st Shift,92315569728,"West Palm Beach, FL",United States of America,,onsite,Mid,unknown,unknown,unknown,talentbrew,N/A,2026-06-13T01:09:42Z,https://careers.l3harris.com/en/job/west-palm-beach/space-propulsion-test-mechanic-c-1st-shift/4832/92315569728,
L3Harris,"Contracts Lead (Melbourne, FL)",92368541408,"Melbourne, FL",United States of America,,onsite,Lead,unknown,unknown,unknown,talentbrew,N/A,2026-06-13T01:09:42Z,https://careers.l3harris.com/en/job/melbourne/contracts-lead-melbourne-fl/4832/92368541408,
L3Harris,Integrated Business Planner,92862933680,"Montreal, Quebec",Canada,,onsite,Mid,unknown,unknown,unknown,talentbrew,N/A,2026-06-13T01:09:42Z,https://careers.l3harris.com/en/job/montreal/integrated-business-planner/4832/92862933680,
L3Harris,Software Integration &amp; Test Lead,92881375088,"Montreal, Quebec",Canada,,onsite,Mid,unknown,unknown,unknown,talentbrew,N/A,2026-06-13T01:09:42Z,https://careers.l3harris.com/en/job/montreal/software-integration-and-test-lead/4832/92881375088,
L3Harris,"Specialist, Subcontracts",92217790704,"Palm Bay, Brevard, FL",United States of America,,onsite,Mid,unknown,unknown,unknown,talentbrew,N/A,2026-06-13T01:09:42Z,https://careers.l3harris.com/en/job/palm-bay/specialist-subcontracts/4832/92217790704,
L3Harris,Machinist,93269697952,"Port-Alfred-Bagotville, Quebec",Canada,,onsite,Mid,unknown,unknown,unknown,talentbrew,N/A,2026-06-13T01:09:42Z,https://careers.l3harris.com/en/job/port-alfred-bagotville/machinist/4832/93269697952,
L3Harris,"Director, International Business Development",91871511392,"Arlington, Arlington County, VA",United States of America,,onsite,Director,unknown,unknown,unknown,talentbrew,N/A,2026-06-13T01:09:42Z,https://careers.l3harris.com/en/job/arlington/director-international-business-development/4832/91871511392,
L3Harris,Proposals specialist,91909075120,"Montreal, Quebec",Canada,,onsite,Mid,unknown,unknown,unknown,talentbrew,N/A,2026-06-13T01:09:42Z,https://careers.l3harris.com/en/job/montreal/proposals-specialist/4832/91909075120,
L3Harris,CF188 Life Support Equipment and Systems Technician,91584085488,"Port-Alfred-Bagotville, Quebec",Canada,,onsite,Mid,unknown,unknown,unknown,talentbrew,N/A,2026-06-13T01:09:45Z,https://careers.l3harris.com/en/job/port-alfred-bagotville/cf188-life-support-equipment-and-systems-technician/4832/91584085488,
L3Harris,"Associate, Electrical Engineer (Greenville, TX) 1",91592827296,"Greenville, TX",United States of America,,onsite,Junior,unknown,unknown,unknown,talentbrew,N/A,2026-06-13T01:09:45Z,https://careers.l3harris.com/en/job/greenville/associate-electrical-engineer-greenville-tx-1/4832/91592827296,
L3Harris,"Associate, Mechanical Engineer (Greenville, TX)",91643747168,"Greenville, TX",United States of America,,onsite,Junior,unknown,unknown,unknown,talentbrew,N/A,2026-06-13T01:09:45Z,https://careers.l3harris.com/en/job/greenville/associate-mechanical-engineer-greenville-tx/4832/91643747168,
L3Harris,"Associate, Stress Engineering",91548931328,"Greenville, TX",United States of America,,onsite,Junior,unknown,unknown,unknown,talentbrew,N/A,2026-06-13T01:09:45Z,https://careers.l3harris.com/en/job/greenville/associate-stress-engineering/4832/91548931328,
L3Harris,Manufacturing Technician - C,91371496064,"Loveland, CO",United States of America,,onsite,Mid,unknown,unknown,unknown,talentbrew,N/A,2026-06-13T01:09:45Z,https://careers.l3harris.com/en/job/loveland/manufacturing-technician-c/4832/91371496064,
L3Harris,"Director, Operations Management",91566967664,"Greenville, TX",United States of America,,onsite,Director,unknown,unknown,unknown,talentbrew,N/A,2026-06-13T01:09:45Z,https://careers.l3harris.com/en/job/greenville/director-operations-management/4832/91566967664,
L3Harris,"Lead, Systems Engineer",91820722784,"The Hague, South Holland",United States of America,,onsite,Lead,unknown,unknown,unknown,talentbrew,N/A,2026-06-13T01:09:45Z,https://careers.l3harris.com/en/job/the-hague/lead-systems-engineer/4832/91820722784,
L3Harris,"Director, Corporate Development",91127146544,Multiple Locations,United States of America,,onsite,Director,unknown,unknown,unknown,talentbrew,N/A,2026-06-13T01:09:45Z,https://careers.l3harris.com/en/job/melbourne/director-corporate-development/4832/91127146544,
L3Harris,SharePoint Programmer Analyst (Temporary 18 months),91171293776,Multiple Locations,United States of America,,onsite,Mid,unknown,unknown,unknown,talentbrew,N/A,2026-06-13T01:09:45Z,https://careers.l3harris.com/en/job/montreal/sharepoint-programmer-analyst-temporary-18-months/4832/91171293776,
L3Harris,Sr. Specialist Manufacturing Engineer,94525223312,"Huntsville, AL",United States of America,,onsite,Senior,unknown,unknown,unknown,talentbrew,N/A,2026-06-13T01:09:45Z,https://careers.l3harris.com/en/job/huntsville/sr-specialist-manufacturing-engineer/4832/94525223312,
L3Harris,Component Integration Engineering Specialist,91095235456,"Montreal, Quebec",Canada,,onsite,Mid,unknown,unknown,unknown,talentbrew,N/A,2026-06-13T01:09:45Z,https://careers.l3harris.com/en/job/montreal/component-integration-engineering-specialist/4832/91095235456,
L3Harris,Aircraft Maintenance Technician S,90653078720,"Cold Lake, Alberta",United States of America,,onsite,Mid,unknown,unknown,unknown,talentbrew,N/A,2026-06-13T01:09:45Z,https://careers.l3harris.com/en/job/cold-lake/aircraft-maintenance-technician-s/4832/90653078720,
L3Harris,"Sr Assoc, Procurement",88587584336,"Canoga Park, CA",United States of America,,onsite,Senior,unknown,unknown,unknown,talentbrew,N/A,2026-06-13T01:09:45Z,https://careers.l3harris.com/en/job/canoga-park/sr-assoc-procurement/4832/88587584336,
L3Harris,"Sr Associate, Quality Engineer (Rochester, NY)",88385884240,"Rochester, NY",United States of America,,onsite,Senior,unknown,unknown,unknown,talentbrew,N/A,2026-06-13T01:09:45Z,https://careers.l3harris.com/en/job/rochester/sr-associate-quality-engineer-rochester-ny/4832/88385884240,
L3Harris,"Assoc, Quality Engrg (Camden, AR)",87465985472,"Camden, AR",United States of America,,onsite,Mid,unknown,unknown,unknown,talentbrew,N/A,2026-06-13T01:09:45Z,https://careers.l3harris.com/en/job/camden/assoc-quality-engrg-camden-ar/4832/87465985472,
L3Harris,Senior LabVIEW Software Engineer,85743346416,"Londonderry, NH",United States of America,,onsite,Senior,unknown,unknown,unknown,talentbrew,N/A,2026-06-13T01:09:48Z,https://careers.l3harris.com/en/job/londonderry/senior-labview-software-engineer/4832/85743346416,
L3Harris,"Associate, Electrical Engineer (Salt Lake City, UT)",84998824768,"Salt Lake City, UT",United States of America,,onsite,Junior,unknown,unknown,unknown,talentbrew,N/A,2026-06-13T01:09:48Z,https://careers.l3harris.com/en/job/salt-lake-city/associate-electrical-engineer-salt-lake-city-ut/4832/84998824768,
L3Harris,"Associate, Systems Engineer (Carlsbad, CA)",84998825104,"Carlsbad, CA",United States of America,,onsite,Junior,unknown,unknown,unknown,talentbrew,N/A,2026-06-13T01:09:48Z,https://careers.l3harris.com/en/job/carlsbad/associate-systems-engineer-carlsbad-ca/4832/84998825104,
L3Harris,"Associate, Procurement",84922605808,"Rochester, NY",United States of America,,onsite,Junior,unknown,unknown,unknown,talentbrew,N/A,2026-06-13T01:09:48Z,https://careers.l3harris.com/en/job/rochester/associate-procurement/4832/84922605808,
L3Harris,Senior Mechanical Thermal/Structural Analysis Engineer,81496559504,"Orlando, FL",United States of America,,onsite,Senior,unknown,unknown,unknown,talentbrew,N/A,2026-06-13T01:09:48Z,https://careers.l3harris.com/en/job/orlando/senior-mechanical-thermal-structural-analysis-engineer/4832/81496559504,
L3Harris,Senior Project Scheduler,96343362112,"Montreal, Quebec",Canada,,onsite,Senior,unknown,unknown,unknown,talentbrew,N/A,2026-06-13T01:09:48Z,https://careers.l3harris.com/en/job/montreal/senior-project-scheduler/4832/96343362112,
L3Harris,"Sr. Manager, Systems Engineering",96343362064,"Salt Lake City, UT",United States of America,,onsite,Manager,unknown,unknown,unknown,talentbrew,N/A,2026-06-13T01:09:48Z,https://careers.l3harris.com/en/job/salt-lake-city/sr-manager-systems-engineering/4832/96343362064,
L3Harris,"Lead, Systems Engineer- Control Systems Analysis",96343362000,Multiple Locations,United States of America,,onsite,Lead,unknown,unknown,unknown,talentbrew,N/A,2026-06-13T01:09:48Z,https://careers.l3harris.com/en/job/sacramento/lead-systems-engineer-control-systems-analysis/4832/96343362000,
L3Harris,"Specialist, Systems Engineer Control Analyst",96343361968,"Huntsville, AL",United States of America,,onsite,Mid,unknown,unknown,unknown,talentbrew,N/A,2026-06-13T01:09:48Z,https://careers.l3harris.com/en/job/huntsville/specialist-systems-engineer-control-analyst/4832/96343361968,
L3Harris,"Manager, Continuous Improvement",96216685376,"Huntsville, AL",United States of America,,onsite,Manager,unknown,unknown,unknown,talentbrew,N/A,2026-06-13T01:09:48Z,https://careers.l3harris.com/en/job/huntsville/manager-continuous-improvement/4832/96216685376,
L3Harris,"Associate, Procurement",96255791072,Remote,United States of America,,remote,Junior,unknown,unknown,unknown,talentbrew,N/A,2026-06-13T01:09:48Z,https://careers.l3harris.com/en/job/united-states/associate-procurement/4832/96255791072,
L3Harris,IT Systems &amp; Infrastructure Engineer - Security,96197906304,"London, England",United Kingdom,,onsite,Mid,unknown,unknown,unknown,talentbrew,N/A,2026-06-13T01:09:48Z,https://careers.l3harris.com/en/job/london/it-systems-and-infrastructure-engineer-security/4832/96197906304,
L3Harris,"Specialist, Systems Engineering - Cybersecurity 1",96190932352,"Yorba Linda, CA",United States of America,,onsite,Mid,unknown,unknown,unknown,talentbrew,N/A,2026-06-13T01:09:48Z,https://careers.l3harris.com/en/job/yorba-linda/specialist-systems-engineering-cybersecurity-1/4832/96190932352,
L3Harris,"Sr. Specialist, Supply Chain Management",96190931712,"Redmond, WA",United States of America,,onsite,Senior,unknown,unknown,unknown,talentbrew,N/A,2026-06-13T01:09:48Z,https://careers.l3harris.com/en/job/redmond/sr-specialist-supply-chain-management/4832/96190931712,
L3Harris,Mechanical Design Specialist,96190931856,"Yorba Linda, CA",United States of America,,onsite,Mid,unknown,unknown,unknown,talentbrew,N/A,2026-06-13T01:09:48Z,https://careers.l3harris.com/en/job/yorba-linda/mechanical-design-specialist/4832/96190931856,
L3Harris,Talent Acquisition Specialist,96246210624,"Brisbane, Queensland",United States of America,,onsite,Mid,unknown,unknown,unknown,talentbrew,N/A,2026-06-13T01:09:51Z,https://careers.l3harris.com/en/job/brisbane/talent-acquisition-specialist/4832/96246210624,
L3Harris,"Senior Associate, Software Engineering (AWS Cloud) 1",96065959952,"Palm Bay, Brevard, FL",United States of America,,onsite,Senior,unknown,unknown,unknown,talentbrew,N/A,2026-06-13T01:09:51Z,https://careers.l3harris.com/en/job/palm-bay/senior-associate-software-engineering-aws-cloud-1/4832/96065959952,
L3Harris,Lead Systems Engineer,96173835952,"Yorba Linda, CA",United States of America,,onsite,Lead,unknown,unknown,unknown,talentbrew,N/A,2026-06-13T01:09:51Z,https://careers.l3harris.com/en/job/yorba-linda/lead-systems-engineer/4832/96173835952,
L3Harris,"Sr Specialist, Subcontracts",96234192144,Remote,United States of America,,remote,Senior,unknown,unknown,unknown,talentbrew,N/A,2026-06-13T01:09:51Z,https://careers.l3harris.com/en/job/united-states/sr-specialist-subcontracts/4832/96234192144,
L3Harris,"Specialist, Contracts (San Diego)",96179209360,"San Diego, CA",United States of America,,onsite,Mid,unknown,unknown,unknown,talentbrew,N/A,2026-06-13T01:09:51Z,https://careers.l3harris.com/en/job/san-diego/specialist-contracts-san-diego/4832/96179209360,
L3Harris,"Senior Specialist, Systems Engineer Product Support Engineer-Logistics",95944162496,"Huntsville, AL",United States of America,,onsite,Senior,unknown,unknown,unknown,talentbrew,N/A,2026-06-13T01:09:51Z,https://careers.l3harris.com/en/job/huntsville/senior-specialist-systems-engineer-product-support-engineer-logistics/4832/95944162496,
L3Harris,"Sr Specialist, Category Management-Freight &amp; Logistics",96212126080,Remote,United States of America,,remote,Senior,unknown,unknown,unknown,talentbrew,N/A,2026-06-13T01:09:51Z,https://careers.l3harris.com/en/job/united-states/sr-specialist-category-management-freight-and-logistics/4832/96212126080,
L3Harris,"Senior Specialist, Industrial Security (CPSO)",96058934352,"Palm Bay, Brevard, FL",United States of America,,onsite,Senior,unknown,unknown,unknown,talentbrew,N/A,2026-06-13T01:09:51Z,https://careers.l3harris.com/en/job/palm-bay/senior-specialist-industrial-security-cpso/4832/96058934352,
L3Harris,"Senior Manager, CHQ Government Compliance",95954640224,Remote,United States of America,,remote,Manager,unknown,unknown,unknown,talentbrew,N/A,2026-06-13T01:09:51Z,https://careers.l3harris.com/en/job/united-states/senior-manager-chq-government-compliance/4832/95954640224,
L3Harris,Electro-Mechanical Technician B (Afternoons),96212126256,"Waterdown, Ontario",Canada,,onsite,Mid,unknown,unknown,unknown,talentbrew,N/A,2026-06-13T01:09:51Z,https://careers.l3harris.com/en/job/waterdown/electro-mechanical-technician-b-afternoons/4832/96212126256,
L3Harris,"Specialist, Project Engineer",95898727712,"Huntsville, AL",United States of America,,onsite,Mid,unknown,unknown,unknown,talentbrew,N/A,2026-06-13T01:09:51Z,https://careers.l3harris.com/en/job/huntsville/specialist-project-engineer/4832/95898727712,
L3Harris,"Senior Specialist, Aerospace Engineer (Thermal Analysis)",96290054608,Multiple Locations,United States of America,,onsite,Senior,unknown,unknown,unknown,talentbrew,N/A,2026-06-13T01:09:51Z,https://careers.l3harris.com/en/job/sacramento/senior-specialist-aerospace-engineer-thermal-analysis/4832/96290054608,
L3Harris,"Spec, Sys Administration",95929284240,"New Delhi, National Capital Territory of Delhi",United States of America,,onsite,Mid,unknown,unknown,unknown,talentbrew,N/A,2026-06-13T01:09:51Z,https://careers.l3harris.com/en/job/national-capital-territory-of-delhi/spec-sys-administration/4832/95929284240,
L3Harris,Electrical or Electro-mechanical Engineering Technologist,95954640608,"Ottawa, Ontario",Canada,,onsite,Mid,unknown,unknown,unknown,talentbrew,N/A,2026-06-13T01:09:51Z,https://careers.l3harris.com/en/job/ottawa/electrical-or-electro-mechanical-engineering-technologist/4832/95954640608,
L3Harris,Field Service Representative,95974972464,Germany,United States of America,,onsite,Mid,unknown,unknown,unknown,talentbrew,N/A,2026-06-13T01:09:51Z,https://careers.l3harris.com/en/job/germany/field-service-representative/4832/95974972464,
L3Harris,Head of Business Unit,95888981488,"Tewkesbury, England",United Kingdom,,onsite,Director,unknown,unknown,unknown,talentbrew,N/A,2026-06-13T01:09:54Z,https://careers.l3harris.com/en/job/tewkesbury/head-of-business-unit/4832/95888981488,
L3Harris,"Sr Specialist, Human Resources Business Partner",95954640080,"Melbourne, FL",United States of America,,onsite,Senior,unknown,unknown,unknown,talentbrew,N/A,2026-06-13T01:09:54Z,https://careers.l3harris.com/en/job/melbourne/sr-specialist-human-resources-business-partner/4832/95954640080,
L3Harris,Service Operations Coordinator 1,95852668528,"Waterdown, Ontario",Canada,,onsite,Mid,unknown,unknown,unknown,talentbrew,N/A,2026-06-13T01:09:54Z,https://careers.l3harris.com/en/job/waterdown/service-operations-coordinator-1/4832/95852668528,
L3Harris,"Senior Associate, Production Planning",95629390144,"Huntsville, AL",United States of America,,onsite,Senior,unknown,unknown,unknown,talentbrew,N/A,2026-06-13T01:09:54Z,https://careers.l3harris.com/en/job/huntsville/senior-associate-production-planning/4832/95629390144,
L3Harris,"Lead, Electrical Engineering (FOS)",95430068192,"Cincinnati, OH",United States of America,,onsite,Lead,unknown,unknown,unknown,talentbrew,N/A,2026-06-13T01:09:54Z,https://careers.l3harris.com/en/job/cincinnati/lead-electrical-engineering-fos/4832/95430068192,
L3Harris,Operations Proposal Manager,95639932368,"Huntsville, AL",United States of America,,onsite,Manager,unknown,unknown,unknown,talentbrew,N/A,2026-06-13T01:09:54Z,https://careers.l3harris.com/en/job/huntsville/operations-proposal-manager/4832/95639932368,
L3Harris,Electro-Mechanical Assembler (Afternoons),95608261456,"Waterdown, Ontario",Canada,,onsite,Mid,unknown,unknown,unknown,talentbrew,N/A,2026-06-13T01:09:54Z,https://careers.l3harris.com/en/job/waterdown/electro-mechanical-assembler-afternoons/4832/95608261456,
L3Harris,Automotive Mechanic,95990114064,"Camden, AR",United States of America,,onsite,Mid,unknown,unknown,unknown,talentbrew,N/A,2026-06-13T01:09:54Z,https://careers.l3harris.com/en/job/camden/automotive-mechanic/4832/95990114064,
L3Harris,Maintenance Mechanic,96255790848,"Camden, AR",United States of America,,onsite,Mid,unknown,unknown,unknown,talentbrew,N/A,2026-06-13T01:09:54Z,https://careers.l3harris.com/en/job/camden/maintenance-mechanic/4832/96255790848,
L3Harris,"Senior Specialist, Systems Engineering",95420295472,"Washington Navy Yard, DC",United States of America,,onsite,Senior,unknown,unknown,unknown,talentbrew,N/A,2026-06-13T01:09:54Z,https://careers.l3harris.com/en/job/washington-navy-yard/senior-specialist-systems-engineering/4832/95420295472,
L3Harris,"Senior Associate, Mechanical Engineer",95378318192,"Huntsville, AL",United States of America,,onsite,Senior,unknown,unknown,unknown,talentbrew,N/A,2026-06-13T01:09:54Z,https://careers.l3harris.com/en/job/huntsville/senior-associate-mechanical-engineer/4832/95378318192,
L3Harris,"Lead, Structural Engineering 1",95629389696,Multiple Locations,United States of America,,onsite,Lead,unknown,unknown,unknown,talentbrew,N/A,2026-06-13T01:09:54Z,https://careers.l3harris.com/en/job/huntsville/lead-structural-engineering-1/4832/95629389696,
L3Harris,"Specialist, IT Project Manager",95357234928,Multiple Locations,United States of America,,onsite,Manager,unknown,unknown,unknown,talentbrew,N/A,2026-06-13T01:09:54Z,https://careers.l3harris.com/en/job/melbourne/specialist-it-project-manager/4832/95357234928,
L3Harris,"Senior Manager, IT Project Management",95345881856,"Waterdown, Ontario",Canada,,onsite,Manager,unknown,unknown,unknown,talentbrew,N/A,2026-06-13T01:09:54Z,https://careers.l3harris.com/en/job/waterdown/senior-manager-it-project-management/4832/95345881856,
L3Harris,"Specialist, Quality Engineer",95424880656,"Huntsville, AL",United States of America,,onsite,Mid,unknown,unknown,unknown,talentbrew,N/A,2026-06-13T01:09:54Z,https://careers.l3harris.com/en/job/huntsville/specialist-quality-engineer/4832/95424880656,
L3Harris,"Senior Specialist, Mechanical Engineer",95322413552,"Huntsville, AL",United States of America,,onsite,Senior,unknown,unknown,unknown,talentbrew,N/A,2026-06-13T01:09:57Z,https://careers.l3harris.com/en/job/huntsville/senior-specialist-mechanical-engineer/4832/95322413552,
L3Harris,"Senior Specialist, Manufacturing Engineering (Product Integrator)",95586834144,"Huntsville, AL",United States of America,,onsite,Senior,unknown,unknown,unknown,talentbrew,N/A,2026-06-13T01:09:57Z,https://careers.l3harris.com/en/job/huntsville/senior-specialist-manufacturing-engineering-product-integrator/4832/95586834144,
L3Harris,Engineering Technician B,95315502480,"Orange, VA",United States of America,,onsite,Mid,unknown,unknown,unknown,talentbrew,N/A,2026-06-13T01:09:57Z,https://careers.l3harris.com/en/job/orange/engineering-technician-b/4832/95315502480,
L3Harris,"Principal, Supply Chain Management",95298993024,Multiple Locations,United States of America,,onsite,Principal,unknown,unknown,unknown,talentbrew,N/A,2026-06-13T01:09:57Z,https://careers.l3harris.com/en/job/palm-bay/principal-supply-chain-management/4832/95298993024,
L3Harris,"Senior Manager, Finance",95430067680,"Montreal, Quebec",Canada,,onsite,Manager,unknown,unknown,unknown,talentbrew,N/A,2026-06-13T01:09:57Z,https://careers.l3harris.com/en/job/montreal/senior-manager-finance/4832/95430067680,
L3Harris,"Principal, Subcontracts (Supply Chain Advisor)",95441285216,Multiple Locations,United States of America,,onsite,Principal,unknown,unknown,unknown,talentbrew,N/A,2026-06-13T01:09:57Z,https://careers.l3harris.com/en/job/palm-bay/principal-subcontracts-supply-chain-advisor/4832/95441285216,
L3Harris,Executive Administration,95315502496,"Arlington, Arlington County, VA",United States of America,,onsite,Mid,unknown,unknown,unknown,talentbrew,N/A,2026-06-13T01:09:57Z,https://careers.l3harris.com/en/job/arlington/executive-administration/4832/95315502496,
L3Harris,HR Business Partner,95274444320,"Colorado Springs, CO",United States of America,,onsite,Mid,unknown,unknown,unknown,talentbrew,N/A,2026-06-13T01:09:57Z,https://careers.l3harris.com/en/job/colorado-springs/hr-business-partner/4832/95274444320,
L3Harris,Program Finance Manager,95050686272,"Palm Bay, Brevard, FL",United States of America,,onsite,Manager,unknown,unknown,unknown,talentbrew,N/A,2026-06-13T01:09:57Z,https://careers.l3harris.com/en/job/palm-bay/program-finance-manager/4832/95050686272,
L3Harris,Manufacturing Technician,95091824688,"Brighton, England",United Kingdom,,onsite,Mid,unknown,unknown,unknown,talentbrew,N/A,2026-06-13T01:09:57Z,https://careers.l3harris.com/en/job/brighton/manufacturing-technician/4832/95091824688,
L3Harris,"Senior Specialist, Electrical Engineer (RF Design)",95016238208,"Rochester, NY",United States of America,,onsite,Senior,unknown,unknown,unknown,talentbrew,N/A,2026-06-13T01:09:57Z,https://careers.l3harris.com/en/job/rochester/senior-specialist-electrical-engineer-rf-design/4832/95016238208,
L3Harris,"Principal, IT Project Management",95045857360,"Melbourne, FL",United States of America,,onsite,Principal,unknown,unknown,unknown,talentbrew,N/A,2026-06-13T01:09:57Z,https://careers.l3harris.com/en/job/melbourne/principal-it-project-management/4832/95045857360,
L3Harris,"Manager, Mechanical Engineer",94977118320,"Cincinnati, OH",United States of America,,onsite,Manager,unknown,unknown,unknown,talentbrew,N/A,2026-06-13T01:09:57Z,https://careers.l3harris.com/en/job/cincinnati/manager-mechanical-engineer/4832/94977118320,
L3Harris,"Specialist, Lease Accounting",95050686400,Remote,United States of America,,remote,Mid,unknown,unknown,unknown,talentbrew,N/A,2026-06-13T01:09:57Z,https://careers.l3harris.com/en/job/united-states/specialist-lease-accounting/4832/95050686400,
L3Harris,"Sr. Specialist, Supplier Quality Engineer",95016238032,Remote,United States of America,,remote,Senior,unknown,unknown,unknown,talentbrew,N/A,2026-06-13T01:09:57Z,https://careers.l3harris.com/en/job/united-states/sr-specialist-supplier-quality-engineer/4832/95016238032,
L3Harris,"Specialist, Supplier Quality Engineer",95016238048,Remote,United States of America,,remote,Mid,unknown,unknown,unknown,talentbrew,N/A,2026-06-13T01:10:00Z,https://careers.l3harris.com/en/job/united-states/specialist-supplier-quality-engineer/4832/95016238048,
L3Harris,Materials &amp; Logistics Handler,95045910352,"Tewkesbury, England",United Kingdom,,onsite,Mid,unknown,unknown,unknown,talentbrew,N/A,2026-06-13T01:10:00Z,https://careers.l3harris.com/en/job/tewkesbury/materials-and-logistics-handler/4832/95045910352,
L3Harris,Project Scheduler/Planner,95037986720,Multiple Locations,United States of America,,onsite,Mid,unknown,unknown,unknown,talentbrew,N/A,2026-06-13T01:10:00Z,https://careers.l3harris.com/en/job/tewkesbury/project-scheduler-planner/4832/95037986720,
L3Harris,"Senior Specialist, Price/Cost Analyst",95336249136,"Canoga Park, CA",United States of America,,onsite,Senior,unknown,unknown,unknown,talentbrew,N/A,2026-06-13T01:10:00Z,https://careers.l3harris.com/en/job/canoga-park/senior-specialist-price-cost-analyst/4832/95336249136,
L3Harris,"Specialist, Field Engineering RADAR",95011355456,"Cape Canaveral, FL",United States of America,,onsite,Mid,unknown,unknown,unknown,talentbrew,N/A,2026-06-13T01:10:00Z,https://careers.l3harris.com/en/job/cape-canaveral/specialist-field-engineering-radar/4832/95011355456,
L3Harris,"Director, Supply Chain Mgmt",94977118480,"Clifton, NJ",United States of America,,onsite,Director,unknown,unknown,unknown,talentbrew,N/A,2026-06-13T01:10:00Z,https://careers.l3harris.com/en/job/clifton/director-supply-chain-mgmt/4832/94977118480,
L3Harris,"Specialist, Mechanical Engineer- Composite Case Design",94993994640,"Huntsville, AL",United States of America,,onsite,Mid,unknown,unknown,unknown,talentbrew,N/A,2026-06-13T01:10:00Z,https://careers.l3harris.com/en/job/huntsville/specialist-mechanical-engineer-composite-case-design/4832/94993994640,
L3Harris,"Senior Specialist, Aerospace Engineer (Thermal Analysis)",94834111504,"Huntsville, AL",United States of America,,onsite,Senior,unknown,unknown,unknown,talentbrew,N/A,2026-06-13T01:10:00Z,https://careers.l3harris.com/en/job/huntsville/senior-specialist-aerospace-engineer-thermal-analysis/4832/94834111504,
L3Harris,"Principal, Additive Manufacturing Engineer",94998761024,"Huntsville, AL",United States of America,,onsite,Principal,unknown,unknown,unknown,talentbrew,N/A,2026-06-13T01:10:00Z,https://careers.l3harris.com/en/job/huntsville/principal-additive-manufacturing-engineer/4832/94998761024,
L3Harris,Metrology Tool Maker C (CMM/Laser Tracker),94740485168,"Rochester, NY",United States of America,,onsite,Mid,unknown,unknown,unknown,talentbrew,N/A,2026-06-13T01:10:00Z,https://careers.l3harris.com/en/job/rochester/metrology-tool-maker-c-cmm-laser-tracker/4832/94740485168,
L3Harris,"Lead, Structural Engineering",94723558656,"Huntsville, AL",United States of America,,onsite,Lead,unknown,unknown,unknown,talentbrew,N/A,2026-06-13T01:10:00Z,https://careers.l3harris.com/en/job/huntsville/lead-structural-engineering/4832/94723558656,
L3Harris,"Sr. Specialist, Product Manager",94794598064,"Huntsville, AL",United States of America,,onsite,Manager,unknown,unknown,unknown,talentbrew,N/A,2026-06-13T01:10:00Z,https://careers.l3harris.com/en/job/huntsville/sr-specialist-product-manager/4832/94794598064,
L3Harris,Supply Chain Senior Specialist,94596156432,Multiple Locations,United States of America,,onsite,Senior,unknown,unknown,unknown,talentbrew,N/A,2026-06-13T01:10:00Z,https://careers.l3harris.com/en/job/montreal/supply-chain-senior-specialist/4832/94596156432,
L3Harris,"Specialist, Reliability and Systems Safety Engineer",94540225888,"Huntsville, AL",United States of America,,onsite,Mid,unknown,unknown,unknown,talentbrew,N/A,2026-06-13T01:10:00Z,https://careers.l3harris.com/en/job/huntsville/specialist-reliability-and-systems-safety-engineer/4832/94540225888,
L3Harris,Facility Operations Associate Manager,94779302576,"Camden, AR",United States of America,,onsite,Manager,unknown,unknown,unknown,talentbrew,N/A,2026-06-13T01:10:00Z,https://careers.l3harris.com/en/job/camden/facility-operations-associate-manager/4832/94779302576,
L3Harris,Truck Driver,94445592896,"Camden, AR",United States of America,,onsite,Mid,unknown,unknown,unknown,talentbrew,N/A,2026-06-13T01:10:03Z,https://careers.l3harris.com/en/job/camden/truck-driver/4832/94445592896,
L3Harris,"Senior Specialist, Industrial Systems Engineer",94492151232,"Huntsville, AL",United States of America,,onsite,Senior,unknown,unknown,unknown,talentbrew,N/A,2026-06-13T01:10:03Z,https://careers.l3harris.com/en/job/huntsville/senior-specialist-industrial-systems-engineer/4832/94492151232,
L3Harris,"Billings, Senior Associate",94483201520,"Waterdown, Ontario",Canada,,onsite,Senior,unknown,unknown,unknown,talentbrew,N/A,2026-06-13T01:10:03Z,https://careers.l3harris.com/en/job/waterdown/billings-senior-associate/4832/94483201520,
L3Harris,Calibration and Metrology Quality Engineer,94853045360,"Huntsville, AL",United States of America,,onsite,Mid,unknown,unknown,unknown,talentbrew,N/A,2026-06-13T01:10:03Z,https://careers.l3harris.com/en/job/huntsville/calibration-and-metrology-quality-engineer/4832/94853045360,
L3Harris,"Senior Specialist, Electrical Engineer",94258456960,"Rochester, NY",United States of America,,onsite,Senior,unknown,unknown,unknown,talentbrew,N/A,2026-06-13T01:10:03Z,https://careers.l3harris.com/en/job/rochester/senior-specialist-electrical-engineer/4832/94258456960,
L3Harris,"Specialist, Mechanical Engineer Design Flexseal Nozzle",94254230928,"Huntsville, AL",United States of America,,onsite,Mid,unknown,unknown,unknown,talentbrew,N/A,2026-06-13T01:10:03Z,https://careers.l3harris.com/en/job/huntsville/specialist-mechanical-engineer-design-flexseal-nozzle/4832/94254230928,
L3Harris,"Senior Manager, Material Management",94337477472,"Huntsville, AL",United States of America,,onsite,Manager,unknown,unknown,unknown,talentbrew,N/A,2026-06-13T01:10:03Z,https://careers.l3harris.com/en/job/huntsville/senior-manager-material-management/4832/94337477472,
L3Harris,"Specialist, Program Scheduler",93971472208,"Yorba Linda, CA",United States of America,,onsite,Mid,unknown,unknown,unknown,talentbrew,N/A,2026-06-13T01:10:03Z,https://careers.l3harris.com/en/job/yorba-linda/specialist-program-scheduler/4832/93971472208,
L3Harris,"Director, Network &amp; Unified Communications",93923526960,"Melbourne, FL",United States of America,,onsite,Director,unknown,unknown,unknown,talentbrew,N/A,2026-06-13T01:10:03Z,https://careers.l3harris.com/en/job/melbourne/director-network-and-unified-communications/4832/93923526960,
L3Harris,Coating Specialist,93809863824,"Toronto, Ontario",Canada,,onsite,Mid,unknown,unknown,unknown,talentbrew,N/A,2026-06-13T01:10:03Z,https://careers.l3harris.com/en/job/toronto/coating-specialist/4832/93809863824,
L3Harris,Senior Applications Engineer (Field Service),94052586064,"Tallinn, Harju",United States of America,,onsite,Senior,unknown,unknown,unknown,talentbrew,N/A,2026-06-13T01:10:03Z,https://careers.l3harris.com/en/job/tallinn/senior-applications-engineer-field-service/4832/94052586064,
L3Harris,"Director, Manufacturing Engineering- Capacity Expansion",93770241024,"Huntsville, AL",United States of America,,onsite,Director,unknown,unknown,unknown,talentbrew,N/A,2026-06-13T01:10:03Z,https://careers.l3harris.com/en/job/huntsville/director-manufacturing-engineering-capacity-expansion/4832/93770241024,
L3Harris,"Specialist, Composites Manufacturing Engineer",93782746736,"Huntsville, AL",United States of America,,onsite,Mid,unknown,unknown,unknown,talentbrew,N/A,2026-06-13T01:10:03Z,https://careers.l3harris.com/en/job/huntsville/specialist-composites-manufacturing-engineer/4832/93782746736,
L3Harris,Configuration Engineer,93714998624,"Brighton, England",United Kingdom,,onsite,Mid,unknown,unknown,unknown,talentbrew,N/A,2026-06-13T01:10:03Z,https://careers.l3harris.com/en/job/brighton/configuration-engineer/4832/93714998624,
L3Harris,"Senior Specialist, Electrical Engineering",93722631632,"San Diego, CA",United States of America,,onsite,Senior,unknown,unknown,unknown,talentbrew,N/A,2026-06-13T01:10:03Z,https://careers.l3harris.com/en/job/san-diego/senior-specialist-electrical-engineering/4832/93722631632,
L3Harris,Electro-Mechanical Technician,93687664112,"Waterdown, Ontario",Canada,,onsite,Mid,unknown,unknown,unknown,talentbrew,N/A,2026-06-13T01:10:07Z,https://careers.l3harris.com/en/job/waterdown/electro-mechanical-technician/4832/93687664112,
L3Harris,Tool Maker C,93683325584,"Salt Lake City, UT",United States of America,,onsite,Mid,unknown,unknown,unknown,talentbrew,N/A,2026-06-13T01:10:07Z,https://careers.l3harris.com/en/job/salt-lake-city/tool-maker-c/4832/93683325584,
L3Harris,"Specialist, Project Engineering",93914796112,"Huntsville, AL",United States of America,,onsite,Mid,unknown,unknown,unknown,talentbrew,N/A,2026-06-13T01:10:07Z,https://careers.l3harris.com/en/job/huntsville/specialist-project-engineering/4832/93914796112,
L3Harris,"Specialist, Quality Engineer",93527129696,"Huntsville, AL",United States of America,,onsite,Mid,unknown,unknown,unknown,talentbrew,N/A,2026-06-13T01:10:07Z,https://careers.l3harris.com/en/job/huntsville/specialist-quality-engineer/4832/93527129696,
L3Harris,"Lead, Environmental, Health &amp; Safety",93496271776,"Mirabel, Quebec",Canada,,onsite,Lead,unknown,unknown,unknown,talentbrew,N/A,2026-06-13T01:10:07Z,https://careers.l3harris.com/en/job/mirabel/lead-environmental-health-and-safety/4832/93496271776,
L3Harris,Specialist Program Scheduler,93971472288,"Yorba Linda, CA",United States of America,,onsite,Mid,unknown,unknown,unknown,talentbrew,N/A,2026-06-13T01:10:07Z,https://careers.l3harris.com/en/job/yorba-linda/specialist-program-scheduler/4832/93971472288,
L3Harris,Assembly Technician,93222323584,"Farnborough, Hampshire, England",United Kingdom,,onsite,Mid,unknown,unknown,unknown,talentbrew,N/A,2026-06-13T01:10:07Z,https://careers.l3harris.com/en/job/farnborough/assembly-technician/4832/93222323584,
L3Harris,"Director, Quality Engineering &amp; AI Integration",93239586368,Multiple Locations,United States of America,,onsite,Director,unknown,unknown,unknown,talentbrew,N/A,2026-06-13T01:10:07Z,https://careers.l3harris.com/en/job/huntsville/director-quality-engineering-and-ai-integration/4832/93239586368,
L3Harris,Mechanical Pre-Flight Technician AVN) - CF188 1,93020392528,"Port-Alfred-Bagotville, Quebec",Canada,,onsite,Mid,unknown,unknown,unknown,talentbrew,N/A,2026-06-13T01:10:07Z,https://careers.l3harris.com/en/job/port-alfred-bagotville/mechanical-pre-flight-technician-avn-cf188-1/4832/93020392528,
L3Harris,"Senior Manager, Automation Engineering",93139645872,"Huntsville, AL",United States of America,,onsite,Manager,unknown,unknown,unknown,talentbrew,N/A,2026-06-13T01:10:07Z,https://careers.l3harris.com/en/job/huntsville/senior-manager-automation-engineering/4832/93139645872,
L3Harris,Subcontract Management Lead,93200628704,"Mirabel, Quebec",Canada,,onsite,Mid,unknown,unknown,unknown,talentbrew,N/A,2026-06-13T01:10:07Z,https://careers.l3harris.com/en/job/mirabel/subcontract-management-lead/4832/93200628704,
L3Harris,Inspector B,92707399168,"Orange, VA",United States of America,,onsite,Mid,unknown,unknown,unknown,talentbrew,N/A,2026-06-13T01:10:07Z,https://careers.l3harris.com/en/job/orange/inspector-b/4832/92707399168,
L3Harris,Subcontracts Senior Specialist,93467612336,"Montreal, Quebec",Canada,,onsite,Senior,unknown,unknown,unknown,talentbrew,N/A,2026-06-13T01:10:07Z,https://careers.l3harris.com/en/job/montreal/subcontracts-senior-specialist/4832/93467612336,
L3Harris,Subcontracts Lead,93105015328,"Bristol, England",United Kingdom,,onsite,Mid,unknown,unknown,unknown,talentbrew,N/A,2026-06-13T01:10:07Z,https://careers.l3harris.com/en/job/bristol/subcontracts-lead/4832/93105015328,
L3Harris,Senior Specialist Systems Engineering,92426485872,"Yorba Linda, CA",United States of America,,onsite,Senior,unknown,unknown,unknown,talentbrew,N/A,2026-06-13T01:10:07Z,https://careers.l3harris.com/en/job/yorba-linda/senior-specialist-systems-engineering/4832/92426485872,
L3Harris,"Senior Specialist, Program Management",96334338800,"Norfolk, VA",United States of America,,onsite,Senior,unknown,unknown,unknown,talentbrew,N/A,2026-06-13T01:10:09Z,https://careers.l3harris.com/en/job/norfolk/senior-specialist-program-management/4832/96334338800,
L3Harris,"Lead, Manufacturing Engineer- Composites",96334338784,"Huntsville, AL",United States of America,,onsite,Lead,unknown,unknown,unknown,talentbrew,N/A,2026-06-13T01:10:09Z,https://careers.l3harris.com/en/job/huntsville/lead-manufacturing-engineer-composites/4832/96334338784,
L3Harris,"Specialist, Software Engineering- Real-time Embedded &amp; Client/Server",94794598704,"Yorba Linda, CA",United States of America,,onsite,Mid,unknown,unknown,unknown,talentbrew,N/A,2026-06-13T01:10:09Z,https://careers.l3harris.com/en/job/yorba-linda/specialist-software-engineering-real-time-embedded-and-client-server/4832/94794598704,
L3Harris,"Supervisor, Talent Acquisition Operations",96304034448,"Melbourne, FL",United States of America,,onsite,Mid,unknown,unknown,unknown,talentbrew,N/A,2026-06-13T01:10:09Z,https://careers.l3harris.com/en/job/melbourne/supervisor-talent-acquisition-operations/4832/96304034448,
L3Harris,"Senior Specialist, Program Management",93269668480,"Yorba Linda, CA",United States of America,,onsite,Senior,unknown,unknown,unknown,talentbrew,N/A,2026-06-13T01:10:09Z,https://careers.l3harris.com/en/job/yorba-linda/senior-specialist-program-management/4832/93269668480,
L3Harris,Electronics Technician,95693409664,"Ashburn, VA",United States of America,,onsite,Mid,unknown,unknown,unknown,talentbrew,N/A,2026-06-13T01:10:09Z,https://careers.l3harris.com/en/job/ashburn/electronics-technician/4832/95693409664,
L3Harris,Engineering Technician,95639932336,"Camden, AR",United States of America,,onsite,Mid,unknown,unknown,unknown,talentbrew,N/A,2026-06-13T01:10:09Z,https://careers.l3harris.com/en/job/camden/engineering-technician/4832/95639932336,
L3Harris,Engineering Technician,95274444288,"Camden, AR",United States of America,,onsite,Mid,unknown,unknown,unknown,talentbrew,N/A,2026-06-13T01:10:09Z,https://careers.l3harris.com/en/job/camden/engineering-technician/4832/95274444288,
L3Harris,"Specialist, Cyber Software Engineer",95016238384,"Greenville, TX",United States of America,,onsite,Mid,unknown,unknown,unknown,talentbrew,N/A,2026-06-13T01:10:09Z,https://careers.l3harris.com/en/job/greenville/specialist-cyber-software-engineer/4832/95016238384,
L3Harris,Project Manager,94775012480,"Brighton, England",United Kingdom,,onsite,Manager,unknown,unknown,unknown,talentbrew,N/A,2026-06-13T01:10:09Z,https://careers.l3harris.com/en/job/brighton/project-manager/4832/94775012480,
L3Harris,Program Coordinator,94801151440,"Brisbane, Queensland",United States of America,,onsite,Mid,unknown,unknown,unknown,talentbrew,N/A,2026-06-13T01:10:09Z,https://careers.l3harris.com/en/job/brisbane/program-coordinator/4832/94801151440,
L3Harris,Program Manager SEA5000,94464679920,Multiple Locations,United States of America,,onsite,Manager,unknown,unknown,unknown,talentbrew,N/A,2026-06-13T01:10:09Z,https://careers.l3harris.com/en/job/adelaide/program-manager-sea5000/4832/94464679920,
L3Harris,Snr Management Accountant,95531614368,"Fremantle, Western Australia",United States of America,,onsite,Mid,unknown,unknown,unknown,talentbrew,N/A,2026-06-13T01:10:09Z,https://careers.l3harris.com/en/job/fremantle/snr-management-accountant/4832/95531614368,
L3Harris,Project Scheduler,95115112384,"Fremantle, Western Australia",United States of America,,onsite,Mid,unknown,unknown,unknown,talentbrew,N/A,2026-06-13T01:10:09Z,https://careers.l3harris.com/en/job/fremantle/project-scheduler/4832/95115112384,
L3Harris,"Associate, Manufacturing Engineer (Camden, AR)",95011355136,"Camden, AR",United States of America,,onsite,Junior,unknown,unknown,unknown,talentbrew,N/A,2026-06-13T01:10:09Z,https://careers.l3harris.com/en/job/camden/associate-manufacturing-engineer-camden-ar/4832/95011355136,
L3Harris,"Specialist, Manufacturing Engineer",95944162672,"Clifton, NJ",United States of America,,onsite,Mid,unknown,unknown,unknown,talentbrew,N/A,2026-06-13T01:10:12Z,https://careers.l3harris.com/en/job/clifton/specialist-manufacturing-engineer/4832/95944162672,
L3Harris,Technical Manager - Software Engineering,93999212256,"Rochester, NY",United States of America,,onsite,Manager,unknown,unknown,unknown,talentbrew,N/A,2026-06-13T01:10:12Z,https://careers.l3harris.com/en/job/rochester/technical-manager-software-engineering/4832/93999212256,
L3Harris,Value Added Production Supervisor,95336249104,"Salt Lake City, UT",United States of America,,onsite,Mid,unknown,unknown,unknown,talentbrew,N/A,2026-06-13T01:10:12Z,https://careers.l3harris.com/en/job/salt-lake-city/value-added-production-supervisor/4832/95336249104,
L3Harris,Manufacturing Test Technician C,94794598464,"Anaheim, CA",United States of America,,onsite,Mid,unknown,unknown,unknown,talentbrew,N/A,2026-06-13T01:10:12Z,https://careers.l3harris.com/en/job/anaheim/manufacturing-test-technician-c/4832/94794598464,
L3Harris,Specialist Software Engineer,94717098080,"Northampton, MA",United States of America,,onsite,Mid,unknown,unknown,unknown,talentbrew,N/A,2026-06-13T01:10:12Z,https://careers.l3harris.com/en/job/northampton/specialist-software-engineer/4832/94717098080,
L3Harris,Specialist Manufacturing Engineer,94258456944,"Northampton, MA",United States of America,,onsite,Mid,unknown,unknown,unknown,talentbrew,N/A,2026-06-13T01:10:12Z,https://careers.l3harris.com/en/job/northampton/specialist-manufacturing-engineer/4832/94258456944,
L3Harris,Sr. Specialist Software Engineer,93239586784,"Northampton, MA",United States of America,,onsite,Senior,unknown,unknown,unknown,talentbrew,N/A,2026-06-13T01:10:12Z,https://careers.l3harris.com/en/job/northampton/sr-specialist-software-engineer/4832/93239586784,
L3Harris,Specialist Software Engineer,93162325168,"Anaheim, CA",United States of America,,onsite,Mid,unknown,unknown,unknown,talentbrew,N/A,2026-06-13T01:10:12Z,https://careers.l3harris.com/en/job/anaheim/specialist-software-engineer/4832/93162325168,
L3Harris,"Lead, Software Engineer",94987583728,"Herndon, VA",United States of America,,onsite,Lead,unknown,unknown,unknown,talentbrew,N/A,2026-06-13T01:10:12Z,https://careers.l3harris.com/en/job/herndon/lead-software-engineer/4832/94987583728,
L3Harris,Lead Systems Engineer,93918862432,"Millersville, MD",United States of America,,onsite,Lead,unknown,unknown,unknown,talentbrew,N/A,2026-06-13T01:10:12Z,https://careers.l3harris.com/en/job/millersville/lead-systems-engineer/4832/93918862432,
L3Harris,"Senior Specialist, Program Management",93478005392,"Greenville, TX",United States of America,,onsite,Senior,unknown,unknown,unknown,talentbrew,N/A,2026-06-13T01:10:12Z,https://careers.l3harris.com/en/job/greenville/senior-specialist-program-management/4832/93478005392,
L3Harris,"Associate, Software Engineer",92362389440,"Anaheim, CA",United States of America,,onsite,Junior,unknown,unknown,unknown,talentbrew,N/A,2026-06-13T01:10:12Z,https://careers.l3harris.com/en/job/anaheim/associate-software-engineer/4832/92362389440,
L3Harris,HR Business Partner Intern (Fall 2026),96179207760,"Palm Bay, Brevard, FL",United States of America,,onsite,Junior,unknown,unknown,unknown,talentbrew,N/A,2026-06-13T01:10:12Z,https://careers.l3harris.com/en/job/palm-bay/hr-business-partner-intern-fall-2026/4832/96179207760,
L3Harris,"Associate Manager, Manufacturing Engineering",92089814784,"Hanover, MD",United States of America,,onsite,Manager,unknown,unknown,unknown,talentbrew,N/A,2026-06-13T01:10:12Z,https://careers.l3harris.com/en/job/hanover/associate-manager-manufacturing-engineering/4832/92089814784,
L3Harris,"Specialist, Manufacturing Engineer",95045856976,"Camden, NJ",United States of America,,onsite,Mid,unknown,unknown,unknown,talentbrew,N/A,2026-06-13T01:10:12Z,https://careers.l3harris.com/en/job/camden/specialist-manufacturing-engineer/4832/95045856976,
L3Harris,Senior Software Engineer SMES,93765020096,"Camden, NJ",United States of America,,onsite,Senior,unknown,unknown,unknown,talentbrew,N/A,2026-06-13T01:10:15Z,https://careers.l3harris.com/en/job/camden/senior-software-engineer-smes/4832/93765020096,
L3Harris,Senior Rust Software Developer - SMES,91080226992,"Camden, NJ",United States of America,,onsite,Senior,unknown,unknown,unknown,talentbrew,N/A,2026-06-13T01:10:15Z,https://careers.l3harris.com/en/job/camden/senior-rust-software-developer-smes/4832/91080226992,
L3Harris,Software Engineer (MES),94449734160,"Camden, NJ",United States of America,,onsite,Mid,unknown,unknown,unknown,talentbrew,N/A,2026-06-13T01:10:15Z,https://careers.l3harris.com/en/job/camden/software-engineer-mes/4832/94449734160,
L3Harris,"Senior Specialist, Manufacturing Engineer",94313815888,"Camden, NJ",United States of America,,onsite,Senior,unknown,unknown,unknown,talentbrew,N/A,2026-06-13T01:10:15Z,https://careers.l3harris.com/en/job/camden/senior-specialist-manufacturing-engineer/4832/94313815888,
L3Harris,2nd Shift Precision Optical &amp; Electro&#x2011;Mechanical Technician (10% Shift Differential),94254231104,"Wilmington, MA",United States of America,,onsite,Mid,unknown,unknown,unknown,talentbrew,N/A,2026-06-13T01:10:15Z,https://careers.l3harris.com/en/job/wilmington/2nd-shift-precision-optical-and-electro-mechanical-technician-10-shift-differential/4832/94254231104,
L3Harris,Senior Embedded Software Engineer - SMES Level,93933949232,"Camden, NJ",United States of America,,onsite,Senior,unknown,unknown,unknown,talentbrew,N/A,2026-06-13T01:10:15Z,https://careers.l3harris.com/en/job/camden/senior-embedded-software-engineer-smes-level/4832/93933949232,
L3Harris,Lead Member Engineering Staff - CAM - LMES Level,93933949168,"Camden, NJ",United States of America,,onsite,Principal,unknown,unknown,unknown,talentbrew,N/A,2026-06-13T01:10:15Z,https://careers.l3harris.com/en/job/camden/lead-member-engineering-staff-cam-lmes-level/4832/93933949168,
L3Harris,"Associate Manager, Software Engineer",93478005424,"Camden, NJ",United States of America,,onsite,Manager,unknown,unknown,unknown,talentbrew,N/A,2026-06-13T01:10:15Z,https://careers.l3harris.com/en/job/camden/associate-manager-software-engineer/4832/93478005424,
L3Harris,"Lead, Accounting",94337477584,Multiple Locations,United States of America,,onsite,Lead,unknown,unknown,unknown,talentbrew,N/A,2026-06-13T01:10:15Z,https://careers.l3harris.com/en/job/plano/lead-accounting/4832/94337477584,
L3Harris,"Specialist, Cloud Software Engineer",95578319040,"Melbourne, FL",United States of America,,onsite,Mid,unknown,unknown,unknown,talentbrew,N/A,2026-06-13T01:10:15Z,https://careers.l3harris.com/en/job/melbourne/specialist-cloud-software-engineer/4832/95578319040,
L3Harris,Senior Cloud Software Architect,95011355328,"Melbourne, FL",United States of America,,onsite,Principal,unknown,unknown,unknown,talentbrew,N/A,2026-06-13T01:10:15Z,https://careers.l3harris.com/en/job/melbourne/senior-cloud-software-architect/4832/95011355328,
L3Harris,"Senior Associate, Cloud Software Engineering",94845118144,"Melbourne, FL",United States of America,,onsite,Senior,unknown,unknown,unknown,talentbrew,N/A,2026-06-13T01:10:15Z,https://careers.l3harris.com/en/job/melbourne/senior-associate-cloud-software-engineering/4832/94845118144,
L3Harris,"Senior Associate, DevSecOps Cloud Software Engineer",94779302400,"Melbourne, FL",United States of America,,onsite,Senior,unknown,unknown,unknown,talentbrew,N/A,2026-06-13T01:10:15Z,https://careers.l3harris.com/en/job/melbourne/senior-associate-devsecops-cloud-software-engineer/4832/94779302400,
L3Harris,"Specialist, DevSecOps Cloud Software Engineer",94774984512,"Melbourne, FL",United States of America,,onsite,Mid,unknown,unknown,unknown,talentbrew,N/A,2026-06-13T01:10:15Z,https://careers.l3harris.com/en/job/melbourne/specialist-devsecops-cloud-software-engineer/4832/94774984512,
L3Harris,"Lead, Program Management",94540225712,"Palm Bay, Brevard, FL",United States of America,,onsite,Lead,unknown,unknown,unknown,talentbrew,N/A,2026-06-13T01:10:15Z,https://careers.l3harris.com/en/job/palm-bay/lead-program-management/4832/94540225712,
L3Harris,"Lead, Program Management",95294387136,"Salt Lake City, UT",United States of America,,onsite,Lead,unknown,unknown,unknown,talentbrew,N/A,2026-06-13T01:10:18Z,https://careers.l3harris.com/en/job/salt-lake-city/lead-program-management/4832/95294387136,
L3Harris,"Specialist, Cloud Software Engineer",93654617968,"Melbourne, FL",United States of America,,onsite,Mid,unknown,unknown,unknown,talentbrew,N/A,2026-06-13T01:10:18Z,https://careers.l3harris.com/en/job/melbourne/specialist-cloud-software-engineer/4832/93654617968,
L3Harris,Artificial Intelligence Specialist,96013348128,Multiple Locations,United States of America,,onsite,Mid,unknown,unknown,unknown,talentbrew,N/A,2026-06-13T01:10:18Z,https://careers.l3harris.com/en/job/palm-bay/artificial-intelligence-specialist/4832/96013348128,
L3Harris,"Senior Associate, Accounting",95876325936,Multiple Locations,United States of America,,onsite,Senior,unknown,unknown,unknown,talentbrew,N/A,2026-06-13T01:10:18Z,https://careers.l3harris.com/en/job/palm-bay/senior-associate-accounting/4832/95876325936,
L3Harris,Engineering Technician B,95863362896,"Rochester, NY",United States of America,,onsite,Mid,unknown,unknown,unknown,talentbrew,N/A,2026-06-13T01:10:18Z,https://careers.l3harris.com/en/job/rochester/engineering-technician-b/4832/95863362896,
L3Harris,Lead Program Manager,95096768528,"Fort Wayne, IN",United States of America,,onsite,Lead,unknown,unknown,unknown,talentbrew,N/A,2026-06-13T01:10:18Z,https://careers.l3harris.com/en/job/fort-wayne/lead-program-manager/4832/95096768528,
L3Harris,Engineering Technician C,94977118448,"Rochester, NY",United States of America,,onsite,Mid,unknown,unknown,unknown,talentbrew,N/A,2026-06-13T01:10:18Z,https://careers.l3harris.com/en/job/rochester/engineering-technician-c/4832/94977118448,
L3Harris,Engineering Technician B,94977118432,"Rochester, NY",United States of America,,onsite,Mid,unknown,unknown,unknown,talentbrew,N/A,2026-06-13T01:10:18Z,https://careers.l3harris.com/en/job/rochester/engineering-technician-b/4832/94977118432,
L3Harris,Deputy Program Manager,94972299696,"Rochester, NY",United States of America,,onsite,Manager,unknown,unknown,unknown,talentbrew,N/A,2026-06-13T01:10:18Z,https://careers.l3harris.com/en/job/rochester/deputy-program-manager/4832/94972299696,
L3Harris,Principal Program Manager,94862511344,"Chantilly, VA",United States of America,,onsite,Principal,unknown,unknown,unknown,talentbrew,N/A,2026-06-13T01:10:18Z,https://careers.l3harris.com/en/job/chantilly/principal-program-manager/4832/94862511344,
L3Harris,Optics Process Engineer,94857511200,"Rochester, NY",United States of America,,onsite,Mid,unknown,unknown,unknown,talentbrew,N/A,2026-06-13T01:10:18Z,https://careers.l3harris.com/en/job/rochester/optics-process-engineer/4832/94857511200,
L3Harris,Manufacturing Engineer (AI&amp;T / Structures / Electrical),94784117888,"Rochester, NY",United States of America,,onsite,Mid,unknown,unknown,unknown,talentbrew,N/A,2026-06-13T01:10:18Z,https://careers.l3harris.com/en/job/rochester/manufacturing-engineer-ai-and-t-structures-electrical/4832/94784117888,
L3Harris,Principal Program Manager,94342331808,Multiple Locations,United States of America,,onsite,Principal,unknown,unknown,unknown,talentbrew,N/A,2026-06-13T01:10:18Z,https://careers.l3harris.com/en/job/fort-wayne/principal-program-manager/4832/94342331808,
L3Harris,"Principal, Program Manager",94337477680,"Rochester, NY",United States of America,,onsite,Principal,unknown,unknown,unknown,talentbrew,N/A,2026-06-13T01:10:18Z,https://careers.l3harris.com/en/job/rochester/principal-program-manager/4832/94337477680,
L3Harris,Lead Program Manager,91059029872,"Wilmington, MA",United States of America,,onsite,Lead,unknown,unknown,unknown,talentbrew,N/A,2026-06-13T01:10:18Z,https://careers.l3harris.com/en/job/wilmington/lead-program-manager/4832/91059029872,
L3Harris,"Specialist, Manufacturing Engineering",94977118272,"Greenville, TX",United States of America,,onsite,Mid,unknown,unknown,unknown,talentbrew,N/A,2026-06-13T01:10:21Z,https://careers.l3harris.com/en/job/greenville/specialist-manufacturing-engineering/4832/94977118272,
L3Harris,"Senior Specialist, Program Management",94188210880,"Greenville, TX",United States of America,,onsite,Senior,unknown,unknown,unknown,talentbrew,N/A,2026-06-13T01:10:21Z,https://careers.l3harris.com/en/job/greenville/senior-specialist-program-management/4832/94188210880,
L3Harris,"Senior Specialist, Software Engineering",93956386720,"Waco, TX",United States of America,,onsite,Senior,unknown,unknown,unknown,talentbrew,N/A,2026-06-13T01:10:21Z,https://careers.l3harris.com/en/job/waco/senior-specialist-software-engineering/4832/93956386720,
L3Harris,"Lead, Embedded Software Test Engineer (Optical Space Systems) : Sign-on bonus ($30K max)",95050686704,"Wilmington, MA",United States of America,,onsite,Lead,unknown,unknown,unknown,talentbrew,N/A,2026-06-13T01:10:21Z,https://careers.l3harris.com/en/job/wilmington/lead-embedded-software-test-engineer-optical-space-systems-sign-on-bonus-30k-max/4832/95050686704,
L3Harris,"Lead, Embedded Software Engineer (Optical Space Systems) : Sign-on bonus ($30K max)",95050686672,"Wilmington, MA",United States of America,,onsite,Lead,unknown,unknown,unknown,talentbrew,N/A,2026-06-13T01:10:21Z,https://careers.l3harris.com/en/job/wilmington/lead-embedded-software-engineer-optical-space-systems-sign-on-bonus-30k-max/4832/95050686672,
L3Harris,"Specialist, Embedded Software Engineer (Optical Payload Integration) : Sign-on bonus ($15K max)",95006807904,"Wilmington, MA",United States of America,,onsite,Mid,unknown,unknown,unknown,talentbrew,N/A,2026-06-13T01:10:21Z,https://careers.l3harris.com/en/job/wilmington/specialist-embedded-software-engineer-optical-payload-integration-sign-on-bonus-15k-max/4832/95006807904,
L3Harris,"Lead, Software Engineer - DevOps Architect - TS/SCI with Poly",94464658112,"Palm Bay, Brevard, FL",United States of America,,onsite,Principal,unknown,unknown,unknown,talentbrew,N/A,2026-06-13T01:10:21Z,https://careers.l3harris.com/en/job/palm-bay/lead-software-engineer-devops-architect-ts-sci-with-poly/4832/94464658112,
L3Harris,"Lead, Software Engineer - Full Stack Developer - TS/SCI with Poly",94464658096,"Palm Bay, Brevard, FL",United States of America,,onsite,Lead,unknown,unknown,unknown,talentbrew,N/A,2026-06-13T01:10:21Z,https://careers.l3harris.com/en/job/palm-bay/lead-software-engineer-full-stack-developer-ts-sci-with-poly/4832/94464658096,
L3Harris,"Senior Specialist, Program Management",96290054624,"Norfolk, VA",United States of America,,onsite,Senior,unknown,unknown,unknown,talentbrew,N/A,2026-06-13T01:10:21Z,https://careers.l3harris.com/en/job/norfolk/senior-specialist-program-management/4832/96290054624,
L3Harris,"Manager, Program Management",96266414496,"Norfolk, VA",United States of America,,onsite,Manager,unknown,unknown,unknown,talentbrew,N/A,2026-06-13T01:10:21Z,https://careers.l3harris.com/en/job/norfolk/manager-program-management/4832/96266414496,
L3Harris,Production Support D (PSSD),96255790896,"Norfolk, VA",United States of America,,onsite,Mid,unknown,unknown,unknown,talentbrew,N/A,2026-06-13T01:10:21Z,https://careers.l3harris.com/en/job/norfolk/production-support-d-pssd/4832/96255790896,
L3Harris,Lead Program Management,95045911856,"Camden, NJ",United States of America,,onsite,Lead,unknown,unknown,unknown,talentbrew,N/A,2026-06-13T01:10:21Z,https://careers.l3harris.com/en/job/camden/lead-program-management/4832/95045911856,
L3Harris,"Senior Specialist, Program Management",92380323376,"Northampton, MA",United States of America,,onsite,Senior,unknown,unknown,unknown,talentbrew,N/A,2026-06-13T01:10:21Z,https://careers.l3harris.com/en/job/northampton/senior-specialist-program-management/4832/92380323376,
L3Harris,"Senior Manager, Program Manager- Submarine Imaging Systems",95944162448,"Northampton, MA",United States of America,,onsite,Manager,unknown,unknown,unknown,talentbrew,N/A,2026-06-13T01:10:21Z,https://careers.l3harris.com/en/job/northampton/senior-manager-program-manager-submarine-imaging-systems/4832/95944162448,
L3Harris,"Sr. Manager, Program Management",95274444256,Multiple Locations,United States of America,,onsite,Manager,unknown,unknown,unknown,talentbrew,N/A,2026-06-13T01:10:21Z,https://careers.l3harris.com/en/job/millersville/sr-manager-program-management/4832/95274444256,
L3Harris,"Principal, Program Management Excellence-  Engineering",94987583760,Multiple Locations,United States of America,,onsite,Principal,unknown,unknown,unknown,talentbrew,N/A,2026-06-13T01:10:24Z,https://careers.l3harris.com/en/job/palm-bay/principal-program-management-excellence-engineering/4832/94987583760,
L3Harris,"Lead, Program Management",94967636528,"Northampton, MA",United States of America,,onsite,Lead,unknown,unknown,unknown,talentbrew,N/A,2026-06-13T01:10:24Z,https://careers.l3harris.com/en/job/northampton/lead-program-management/4832/94967636528,
L3Harris,"Lead, Program Management",94967636416,"Anaheim, CA",United States of America,,onsite,Lead,unknown,unknown,unknown,talentbrew,N/A,2026-06-13T01:10:24Z,https://careers.l3harris.com/en/job/anaheim/lead-program-management/4832/94967636416,
L3Harris,"Director, Program Management",92962739664,Multiple Locations,United States of America,,onsite,Director,unknown,unknown,unknown,talentbrew,N/A,2026-06-13T01:10:24Z,https://careers.l3harris.com/en/job/camden/director-program-management/4832/92962739664,
L3Harris,"Sr. Specialist, Process Manufacturing Engineer",95949010208,"Canoga Park, CA",United States of America,,onsite,Senior,unknown,unknown,unknown,talentbrew,N/A,2026-06-13T01:10:24Z,https://careers.l3harris.com/en/job/canoga-park/sr-specialist-process-manufacturing-engineer/4832/95949010208,
L3Harris,"Senior Specialist, Manufacturing Engineer",94696706672,"Malabar, FL",United States of America,,onsite,Senior,unknown,unknown,unknown,talentbrew,N/A,2026-06-13T01:10:24Z,https://careers.l3harris.com/en/job/malabar/senior-specialist-manufacturing-engineer/4832/94696706672,
L3Harris,"Lead, Manufacturing Engineer",94235844896,"Canoga Park, CA",United States of America,,onsite,Lead,unknown,unknown,unknown,talentbrew,N/A,2026-06-13T01:10:24Z,https://careers.l3harris.com/en/job/canoga-park/lead-manufacturing-engineer/4832/94235844896,
L3Harris,"Specialist, Software Engineering",93191370832,"Rochester, NY",United States of America,,onsite,Mid,unknown,unknown,unknown,talentbrew,N/A,2026-06-13T01:10:24Z,https://careers.l3harris.com/en/job/rochester/specialist-software-engineering/4832/93191370832,
L3Harris,Manufacturing Technician A,95608261856,"Cincinnati, OH",United States of America,,onsite,Mid,unknown,unknown,unknown,talentbrew,N/A,2026-06-13T01:10:24Z,https://careers.l3harris.com/en/job/cincinnati/manufacturing-technician-a/4832/95608261856,
L3Harris,"Specialist, Manufacturing Engineer",95096768352,"Cincinnati, OH",United States of America,,onsite,Mid,unknown,unknown,unknown,talentbrew,N/A,2026-06-13T01:10:24Z,https://careers.l3harris.com/en/job/cincinnati/specialist-manufacturing-engineer/4832/95096768352,
L3Harris,"Specialist, Program Scheduler",94977118256,"Cincinnati, OH",United States of America,,onsite,Mid,unknown,unknown,unknown,talentbrew,N/A,2026-06-13T01:10:24Z,https://careers.l3harris.com/en/job/cincinnati/specialist-program-scheduler/4832/94977118256,
L3Harris,"Specialist, Manufacturing Welding Engineer",92852454656,"Canoga Park, CA",United States of America,,onsite,Mid,unknown,unknown,unknown,talentbrew,N/A,2026-06-13T01:10:24Z,https://careers.l3harris.com/en/job/canoga-park/specialist-manufacturing-welding-engineer/4832/92852454656,
L3Harris,"Principal, Program Manager - Strategic Infrastructure",95091824656,Multiple Locations,United States of America,,onsite,Principal,unknown,unknown,unknown,talentbrew,N/A,2026-06-13T01:10:24Z,https://careers.l3harris.com/en/job/huntsville/principal-program-manager-strategic-infrastructure/4832/95091824656,
L3Harris,"Senior Specialist, Program Management",95033392016,Multiple Locations,United States of America,,onsite,Senior,unknown,unknown,unknown,talentbrew,N/A,2026-06-13T01:10:24Z,https://careers.l3harris.com/en/job/camden/senior-specialist-program-management/4832/95033392016,
L3Harris,"Senior Specialist, Program Management",95033392000,"Camden, AR",United States of America,,onsite,Senior,unknown,unknown,unknown,talentbrew,N/A,2026-06-13T01:10:24Z,https://careers.l3harris.com/en/job/camden/senior-specialist-program-management/4832/95033392000,
L3Harris,"Sr. Manager, Program Management 1",94872860176,"Huntsville, AL",United States of America,,onsite,Manager,unknown,unknown,unknown,talentbrew,N/A,2026-06-13T01:10:27Z,https://careers.l3harris.com/en/job/huntsville/sr-manager-program-management-1/4832/94872860176,
L3Harris,"Principal, Program Manager - Capacity Expansion",94696706688,"Camden, AR",United States of America,,onsite,Principal,unknown,unknown,unknown,talentbrew,N/A,2026-06-13T01:10:27Z,https://careers.l3harris.com/en/job/camden/principal-program-manager-capacity-expansion/4832/94696706688,
L3Harris,"Specialist, Manufacturing Engineer",93765020128,"Cincinnati, OH",United States of America,,onsite,Mid,unknown,unknown,unknown,talentbrew,N/A,2026-06-13T01:10:27Z,https://careers.l3harris.com/en/job/cincinnati/specialist-manufacturing-engineer/4832/93765020128,
L3Harris,CNC (Computer Numerical Control) Programmer,96255790832,"Daytona Beach, FL",United States of America,,onsite,Mid,unknown,unknown,unknown,talentbrew,N/A,2026-06-13T01:10:27Z,https://careers.l3harris.com/en/job/daytona-beach/cnc-computer-numerical-control-programmer/4832/96255790832,
L3Harris,"Senior Associate, Manufacturing Engineer 1",95898756256,"Orange, VA",United States of America,,onsite,Senior,unknown,unknown,unknown,talentbrew,N/A,2026-06-13T01:10:27Z,https://careers.l3harris.com/en/job/orange/senior-associate-manufacturing-engineer-1/4832/95898756256,
L3Harris,"Senior Specialist, Manufacturing Engineer",95898756176,"Orange, VA",United States of America,,onsite,Senior,unknown,unknown,unknown,talentbrew,N/A,2026-06-13T01:10:27Z,https://careers.l3harris.com/en/job/orange/senior-specialist-manufacturing-engineer/4832/95898756176,
L3Harris,Tool Design Engineer,94735958768,"Orange, VA",United States of America,,onsite,Mid,unknown,unknown,unknown,talentbrew,N/A,2026-06-13T01:10:27Z,https://careers.l3harris.com/en/job/orange/tool-design-engineer/4832/94735958768,
L3Harris,"Director, Business Development",94254231184,"Palm Bay, Brevard, FL",United States of America,,onsite,Director,unknown,unknown,unknown,talentbrew,N/A,2026-06-13T01:10:27Z,https://careers.l3harris.com/en/job/palm-bay/director-business-development/4832/94254231184,
L3Harris,"Senior Specialist, Systems Engineering (Optical)",96322459552,"Palm Bay, Brevard, FL",United States of America,,onsite,Senior,unknown,unknown,unknown,talentbrew,N/A,2026-06-13T01:10:27Z,https://careers.l3harris.com/en/job/palm-bay/senior-specialist-systems-engineering-optical/4832/96322459552,
L3Harris,"Specialist, Material Management",96322459504,"Rochester, NY",United States of America,,onsite,Mid,unknown,unknown,unknown,talentbrew,N/A,2026-06-13T01:10:27Z,https://careers.l3harris.com/en/job/rochester/specialist-material-management/4832/96322459504,
L3Harris,Engineering Technician B,96322459456,"Rochester, NY",United States of America,,onsite,Mid,unknown,unknown,unknown,talentbrew,N/A,2026-06-13T01:10:27Z,https://careers.l3harris.com/en/job/rochester/engineering-technician-b/4832/96322459456,
L3Harris,System Administrator (Clearance Needed),96322459408,"Colorado Springs, CO",United States of America,,onsite,Mid,unknown,unknown,unknown,talentbrew,N/A,2026-06-13T01:10:27Z,https://careers.l3harris.com/en/job/colorado-springs/system-administrator-clearance-needed/4832/96322459408,
L3Harris,"Lead, Mechanical Engineering (Mass Properties)",96322459360,"Greenville, TX",United States of America,,onsite,Lead,unknown,unknown,unknown,talentbrew,N/A,2026-06-13T01:10:27Z,https://careers.l3harris.com/en/job/greenville/lead-mechanical-engineering-mass-properties/4832/96322459360,
L3Harris,"Sr. Specialist, Product Line Systems Engineer",96322459312,"Salt Lake City, UT",United States of America,,onsite,Senior,unknown,unknown,unknown,talentbrew,N/A,2026-06-13T01:10:27Z,https://careers.l3harris.com/en/job/salt-lake-city/sr-specialist-product-line-systems-engineer/4832/96322459312,
L3Harris,"Senior, System Administrator (TS/SCI Needed)",96322459248,"Colorado Springs, CO",United States of America,,onsite,Senior,unknown,unknown,unknown,talentbrew,N/A,2026-06-13T01:10:27Z,https://careers.l3harris.com/en/job/colorado-springs/senior-system-administrator-ts-sci-needed/4832/96322459248,
L3Harris,Systems Administrator (Secret Clearance),96322459184,"Colorado Springs, CO",United States of America,,onsite,Mid,unknown,unknown,unknown,talentbrew,N/A,2026-06-13T01:10:30Z,https://careers.l3harris.com/en/job/colorado-springs/systems-administrator-secret-clearance/4832/96322459184,
L3Harris,Manufacturing Technician C,96322459104,"Salt Lake City, UT",United States of America,,onsite,Mid,unknown,unknown,unknown,talentbrew,N/A,2026-06-13T01:10:30Z,https://careers.l3harris.com/en/job/salt-lake-city/manufacturing-technician-c/4832/96322459104,
L3Harris,"Senior Manager, Contracts",96322459040,Multiple Locations,United States of America,,onsite,Manager,unknown,unknown,unknown,talentbrew,N/A,2026-06-13T01:10:30Z,https://careers.l3harris.com/en/job/northampton/senior-manager-contracts/4832/96322459040,
L3Harris,Senior Associate Integration &amp; Test Engineer,96322458928,"Palm Bay, Brevard, FL",United States of America,,onsite,Senior,unknown,unknown,unknown,talentbrew,N/A,2026-06-13T01:10:30Z,https://careers.l3harris.com/en/job/palm-bay/senior-associate-integration-and-test-engineer/4832/96322458928,
L3Harris,"Specialist, Software Engineer 3 1",96322458864,"Greenville, TX",United States of America,,onsite,Mid,unknown,unknown,unknown,talentbrew,N/A,2026-06-13T01:10:30Z,https://careers.l3harris.com/en/job/greenville/specialist-software-engineer-3-1/4832/96322458864,
L3Harris,Job Internal Title:&#x9;Specialist Integration &amp; Test Engineer,96322458816,"Palm Bay, Brevard, FL",United States of America,,onsite,Junior,unknown,unknown,unknown,talentbrew,N/A,2026-06-13T01:10:30Z,https://careers.l3harris.com/en/job/palm-bay/job-internal-title-specialist-integration-and-test-engineer/4832/96322458816,
L3Harris,Manufacturing Technician Support C,96310305088,"Hanover, MD",United States of America,,onsite,Mid,unknown,unknown,unknown,talentbrew,N/A,2026-06-13T01:10:30Z,https://careers.l3harris.com/en/job/hanover/manufacturing-technician-support-c/4832/96310305088,
L3Harris,"Specialist, Procurement",96310304480,Remote,United States of America,,remote,Mid,unknown,unknown,unknown,talentbrew,N/A,2026-06-13T01:10:30Z,https://careers.l3harris.com/en/job/united-states/specialist-procurement/4832/96310304480,
L3Harris,"Senior Manager, Industrial Security",96310305536,Multiple Locations,United States of America,,onsite,Manager,unknown,unknown,unknown,talentbrew,N/A,2026-06-13T01:10:30Z,https://careers.l3harris.com/en/job/colorado-springs/senior-manager-industrial-security/4832/96310305536,
L3Harris,"Specialist, Information System Security Officer",96310305488,"Waco, TX",United States of America,,onsite,Mid,unknown,unknown,unknown,talentbrew,N/A,2026-06-13T01:10:30Z,https://careers.l3harris.com/en/job/waco/specialist-information-system-security-officer/4832/96310305488,
L3Harris,Quality Inspector,94198453712,"Colorado Springs, CO",United States of America,,onsite,Mid,unknown,unknown,unknown,talentbrew,N/A,2026-06-13T01:10:30Z,https://careers.l3harris.com/en/job/colorado-springs/quality-inspector/4832/94198453712,
L3Harris,"Specialist, Project Management",96310305456,"Waco, TX",United States of America,,onsite,Mid,unknown,unknown,unknown,talentbrew,N/A,2026-06-13T01:10:30Z,https://careers.l3harris.com/en/job/waco/specialist-project-management/4832/96310305456,
L3Harris,"Senior Specialist, Quality Engineering (Malabar, FL)",96310305440,"Malabar, FL",United States of America,,onsite,Senior,unknown,unknown,unknown,talentbrew,N/A,2026-06-13T01:10:30Z,https://careers.l3harris.com/en/job/malabar/senior-specialist-quality-engineering-malabar-fl/4832/96310305440,
L3Harris,"Senior Specialist, Quality Engineering (Malabar, FL)",96310305392,"Malabar, FL",United States of America,,onsite,Senior,unknown,unknown,unknown,talentbrew,N/A,2026-06-13T01:10:30Z,https://careers.l3harris.com/en/job/malabar/senior-specialist-quality-engineering-malabar-fl/4832/96310305392,
L3Harris,"Specialist, Quality Engineering (Malabar, FL)",96310305376,"Malabar, FL",United States of America,,onsite,Mid,unknown,unknown,unknown,talentbrew,N/A,2026-06-13T01:10:30Z,https://careers.l3harris.com/en/job/malabar/specialist-quality-engineering-malabar-fl/4832/96310305376,
L3Harris,"Senior Associate, Quality Engineering (Malabar, FL)",96310305344,"Malabar, FL",United States of America,,onsite,Senior,unknown,unknown,unknown,talentbrew,N/A,2026-06-13T01:10:33Z,https://careers.l3harris.com/en/job/malabar/senior-associate-quality-engineering-malabar-fl/4832/96310305344,
L3Harris,Inventory Management Support B,96310305328,"Redmond, WA",United States of America,,onsite,Mid,unknown,unknown,unknown,talentbrew,N/A,2026-06-13T01:10:33Z,https://careers.l3harris.com/en/job/redmond/inventory-management-support-b/4832/96310305328,
L3Harris,"FTI Operations Service Specialist (Melbourne, FL)",96310305296,"Melbourne, FL",United States of America,,onsite,Mid,unknown,unknown,unknown,talentbrew,N/A,2026-06-13T01:10:33Z,https://careers.l3harris.com/en/job/melbourne/fti-operations-service-specialist-melbourne-fl/4832/96310305296,
L3Harris,"Senior Associate, Network Planning Engineer (Melbourne, FL)",96310305264,"Melbourne, FL",United States of America,,onsite,Senior,unknown,unknown,unknown,talentbrew,N/A,2026-06-13T01:10:33Z,https://careers.l3harris.com/en/job/melbourne/senior-associate-network-planning-engineer-melbourne-fl/4832/96310305264,
L3Harris,Manufacturing Technician D,96310305200,"Hanover, MD",United States of America,,onsite,Mid,unknown,unknown,unknown,talentbrew,N/A,2026-06-13T01:10:33Z,https://careers.l3harris.com/en/job/hanover/manufacturing-technician-d/4832/96310305200,
L3Harris,"Lead, Systems Engineering - GPS",96035632880,"Yorba Linda, CA",United States of America,,onsite,Lead,unknown,unknown,unknown,talentbrew,N/A,2026-06-13T01:10:33Z,https://careers.l3harris.com/en/job/yorba-linda/lead-systems-engineering-gps/4832/96035632880,
L3Harris,"Specialist, Systems Engineer - RAMS Engineer",95420295424,"Yorba Linda, CA",United States of America,,onsite,Mid,unknown,unknown,unknown,talentbrew,N/A,2026-06-13T01:10:33Z,https://careers.l3harris.com/en/job/yorba-linda/specialist-systems-engineer-rams-engineer/4832/95420295424,
L3Harris,Manufacturing Technician Support C,96310305040,"Hanover, MD",United States of America,,onsite,Mid,unknown,unknown,unknown,talentbrew,N/A,2026-06-13T01:10:33Z,https://careers.l3harris.com/en/job/hanover/manufacturing-technician-support-c/4832/96310305040,
L3Harris,Senior Specialist Systems Engineering - Avionics,96310304992,"Greenville, TX",United States of America,,onsite,Senior,unknown,unknown,unknown,talentbrew,N/A,2026-06-13T01:10:33Z,https://careers.l3harris.com/en/job/greenville/senior-specialist-systems-engineering-avionics/4832/96310304992,
L3Harris,"Sr. Specialist, Human Resources Business Partner",96310304944,"Rockwall, TX",United States of America,,onsite,Senior,unknown,unknown,unknown,talentbrew,N/A,2026-06-13T01:10:33Z,https://careers.l3harris.com/en/job/rockwall/sr-specialist-human-resources-business-partner/4832/96310304944,
L3Harris,Assembly B,96310304912,"Rochester, NY",United States of America,,onsite,Mid,unknown,unknown,unknown,talentbrew,N/A,2026-06-13T01:10:33Z,https://careers.l3harris.com/en/job/rochester/assembly-b/4832/96310304912,
L3Harris,Facility Technician C (Electrician) - 2nd Shift,96310304816,"Orange, VA",United States of America,,onsite,Mid,unknown,unknown,unknown,talentbrew,N/A,2026-06-13T01:10:33Z,https://careers.l3harris.com/en/job/orange/facility-technician-c-electrician-2nd-shift/4832/96310304816,
L3Harris,Rocket Motor Quality Engineer,96310304768,"Orange, VA",United States of America,,onsite,Mid,unknown,unknown,unknown,talentbrew,N/A,2026-06-13T01:10:33Z,https://careers.l3harris.com/en/job/orange/rocket-motor-quality-engineer/4832/96310304768,
L3Harris,CNC Optical Technician,94987583312,"Toronto, Ontario",Canada,,onsite,Mid,unknown,unknown,unknown,talentbrew,N/A,2026-06-13T01:10:33Z,https://careers.l3harris.com/en/job/toronto/cnc-optical-technician/4832/94987583312,
L3Harris,Senior Investor Relations Analyst,96310304656,Multiple Locations,United States of America,,onsite,Senior,unknown,unknown,unknown,talentbrew,N/A,2026-06-13T01:10:33Z,https://careers.l3harris.com/en/job/huntsville/senior-investor-relations-analyst/4832/96310304656,
L3Harris,"Senior Specialist, Supply Chain Management (Contract Compliance",96310304560,Multiple Locations,United States of America,,onsite,Senior,unknown,unknown,unknown,talentbrew,N/A,2026-06-13T01:10:36Z,https://careers.l3harris.com/en/job/yorba-linda/senior-specialist-supply-chain-management-contract-compliance/4832/96310304560,
L3Harris,"Senior Specialist, Procurement Contract Compliance",96310304448,"Huntsville, AL",United States of America,,onsite,Senior,unknown,unknown,unknown,talentbrew,N/A,2026-06-13T01:10:36Z,https://careers.l3harris.com/en/job/huntsville/senior-specialist-procurement-contract-compliance/4832/96310304448,
L3Harris,Engineering Aide,96310304208,"Orlando, FL",United States of America,,onsite,Mid,unknown,unknown,unknown,talentbrew,N/A,2026-06-13T01:10:36Z,https://careers.l3harris.com/en/job/orlando/engineering-aide/4832/96310304208,
L3Harris,"Supervisor, Manufacturing",96310304160,"Waterdown, Ontario",Canada,,onsite,Mid,unknown,unknown,unknown,talentbrew,N/A,2026-06-13T01:10:36Z,https://careers.l3harris.com/en/job/waterdown/supervisor-manufacturing/4832/96310304160,
L3Harris,"Director, Specialty Engineering",96310304128,"Greenville, TX",United States of America,,onsite,Director,unknown,unknown,unknown,talentbrew,N/A,2026-06-13T01:10:36Z,https://careers.l3harris.com/en/job/greenville/director-specialty-engineering/4832/96310304128,
L3Harris,Engineering Technician B,96310304096,"Salt Lake City, UT",United States of America,,onsite,Mid,unknown,unknown,unknown,talentbrew,N/A,2026-06-13T01:10:36Z,https://careers.l3harris.com/en/job/salt-lake-city/engineering-technician-b/4832/96310304096,
L3Harris,"Associate, Field Engineering (Melbourne, FL)",94028262832,"Melbourne, FL",United States of America,,onsite,Junior,unknown,unknown,unknown,talentbrew,N/A,2026-06-13T01:10:36Z,https://careers.l3harris.com/en/job/melbourne/associate-field-engineering-melbourne-fl/4832/94028262832,
L3Harris,"Scientist, Electrical Engineer-Hardware/RF/GPS/PNT",94784117712,"Yorba Linda, CA",United States of America,,onsite,Mid,unknown,unknown,unknown,talentbrew,N/A,2026-06-13T01:10:36Z,https://careers.l3harris.com/en/job/yorba-linda/scientist-electrical-engineer-hardware-rf-gps-pnt/4832/94784117712,
L3Harris,"Specialist, Mechanical Engineering (Electromechanical Engineer)",96304034544,"Salt Lake City, UT",United States of America,,onsite,Mid,unknown,unknown,unknown,talentbrew,N/A,2026-06-13T01:10:36Z,https://careers.l3harris.com/en/job/salt-lake-city/specialist-mechanical-engineering-electromechanical-engineer/4832/96304034544,
L3Harris,"Sr. Associate, Supplier Quality Engineer",96304034528,"Londonderry, NH",United States of America,,onsite,Senior,unknown,unknown,unknown,talentbrew,N/A,2026-06-13T01:10:36Z,https://careers.l3harris.com/en/job/londonderry/sr-associate-supplier-quality-engineer/4832/96304034528,
L3Harris,"Senior Specialist, Electrical Engineering (Trolling)",96304034512,"Orlando, FL",United States of America,,onsite,Senior,unknown,unknown,unknown,talentbrew,N/A,2026-06-13T01:10:36Z,https://careers.l3harris.com/en/job/orlando/senior-specialist-electrical-engineering-trolling/4832/96304034512,
L3Harris,Administration D,96304034496,"Salt Lake City, UT",United States of America,,onsite,Mid,unknown,unknown,unknown,talentbrew,N/A,2026-06-13T01:10:36Z,https://careers.l3harris.com/en/job/salt-lake-city/administration-d/4832/96304034496,
L3Harris,"Senior Specialist, Project Management",96304034432,"Camden, NJ",United States of America,,onsite,Senior,unknown,unknown,unknown,talentbrew,N/A,2026-06-13T01:10:36Z,https://careers.l3harris.com/en/job/camden/senior-specialist-project-management/4832/96304034432,
L3Harris,"Sr. Associate, Quality Engineer",96304034384,"Canoga Park, CA",United States of America,,onsite,Senior,unknown,unknown,unknown,talentbrew,N/A,2026-06-13T01:10:36Z,https://careers.l3harris.com/en/job/canoga-park/sr-associate-quality-engineer/4832/96304034384,
L3Harris,"Electrical Engineer, Lead",96304034336,"Yorba Linda, CA",United States of America,,onsite,Mid,unknown,unknown,unknown,talentbrew,N/A,2026-06-13T01:10:36Z,https://careers.l3harris.com/en/job/yorba-linda/electrical-engineer-lead/4832/96304034336,
L3Harris,Manufacturing Technician C,96304034320,"Malabar, FL",United States of America,,onsite,Mid,unknown,unknown,unknown,talentbrew,N/A,2026-06-13T01:10:39Z,https://careers.l3harris.com/en/job/malabar/manufacturing-technician-c/4832/96304034320,
L3Harris,"Senior Specialist, Radio Frequency Design Engineer",96304034288,"Plano, TX",United States of America,,onsite,Senior,unknown,unknown,unknown,talentbrew,N/A,2026-06-13T01:10:39Z,https://careers.l3harris.com/en/job/plano/senior-specialist-radio-frequency-design-engineer/4832/96304034288,
L3Harris,"Senior Specialist, Systems Engineering",93458599616,"Rochester, NY",United States of America,,onsite,Senior,unknown,unknown,unknown,talentbrew,N/A,2026-06-13T01:10:39Z,https://careers.l3harris.com/en/job/rochester/senior-specialist-systems-engineering/4832/93458599616,
L3Harris,"Senior Specialist, Systems Engineering",96299162512,"Palm Bay, Brevard, FL",United States of America,,onsite,Senior,unknown,unknown,unknown,talentbrew,N/A,2026-06-13T01:10:39Z,https://careers.l3harris.com/en/job/palm-bay/senior-specialist-systems-engineering/4832/96299162512,
L3Harris,Engineering Technician (NDT) 1,96299162336,"Camden, AR",United States of America,,onsite,Mid,unknown,unknown,unknown,talentbrew,N/A,2026-06-13T01:10:39Z,https://careers.l3harris.com/en/job/camden/engineering-technician-ndt-1/4832/96299162336,
L3Harris,Supplier Quality Engineer,96299162480,"Bristol, England",United Kingdom,,onsite,Mid,unknown,unknown,unknown,talentbrew,N/A,2026-06-13T01:10:39Z,https://careers.l3harris.com/en/job/bristol/supplier-quality-engineer/4832/96299162480,
L3Harris,Senior PCB Layout Engineer,96299162464,Multiple Locations,United States of America,,onsite,Senior,unknown,unknown,unknown,talentbrew,N/A,2026-06-13T01:10:39Z,https://careers.l3harris.com/en/job/fleet/senior-pcb-layout-engineer/4832/96299162464,
L3Harris,"Specialist, Electrical Engineer",96299162448,"Palm Bay, Brevard, FL",United States of America,,onsite,Mid,unknown,unknown,unknown,talentbrew,N/A,2026-06-13T01:10:39Z,https://careers.l3harris.com/en/job/palm-bay/specialist-electrical-engineer/4832/96299162448,
L3Harris,Test Technician,96299162400,"Northampton, MA",United States of America,,onsite,Mid,unknown,unknown,unknown,talentbrew,N/A,2026-06-13T01:10:39Z,https://careers.l3harris.com/en/job/northampton/test-technician/4832/96299162400,
L3Harris,Electro- Optical Technician,96299162368,"Waterdown, Ontario",Canada,,onsite,Mid,unknown,unknown,unknown,talentbrew,N/A,2026-06-13T01:10:39Z,https://careers.l3harris.com/en/job/waterdown/electro-optical-technician/4832/96299162368,
L3Harris,Inventory Management Support C,96299162304,"Carlsbad, CA",United States of America,,onsite,Mid,unknown,unknown,unknown,talentbrew,N/A,2026-06-13T01:10:39Z,https://careers.l3harris.com/en/job/carlsbad/inventory-management-support-c/4832/96299162304,
L3Harris,"Senior Associate, Quality Engineering 1",96299162288,"Rochester, NY",United States of America,,onsite,Senior,unknown,unknown,unknown,talentbrew,N/A,2026-06-13T01:10:39Z,https://careers.l3harris.com/en/job/rochester/senior-associate-quality-engineering-1/4832/96299162288,
L3Harris,"Senior Associate, Quality Engineering",96299162272,"Rochester, NY",United States of America,,onsite,Senior,unknown,unknown,unknown,talentbrew,N/A,2026-06-13T01:10:39Z,https://careers.l3harris.com/en/job/rochester/senior-associate-quality-engineering/4832/96299162272,
L3Harris,"Sr. Manager, General Ledger Accounting",95430067728,Multiple Locations,United States of America,,onsite,Manager,unknown,unknown,unknown,talentbrew,N/A,2026-06-13T01:10:39Z,https://careers.l3harris.com/en/job/canoga-park/sr-manager-general-ledger-accounting/4832/95430067728,
L3Harris,"Lead, Supply Chain",96299162224,"Redmond, WA",United States of America,,onsite,Lead,unknown,unknown,unknown,talentbrew,N/A,2026-06-13T01:10:39Z,https://careers.l3harris.com/en/job/redmond/lead-supply-chain/4832/96299162224,
L3Harris,"Specialist, Mechanical Engineering",96299162208,"Clifton, NJ",United States of America,,onsite,Mid,unknown,unknown,unknown,talentbrew,N/A,2026-06-13T01:10:42Z,https://careers.l3harris.com/en/job/clifton/specialist-mechanical-engineering/4832/96299162208,
L3Harris,(DoD SkillBridge) Inventory Management Support C-Demo Pool,85246789232,"Rochester, NY",United States of America,,onsite,Mid,unknown,unknown,unknown,talentbrew,N/A,2026-06-13T01:10:42Z,https://careers.l3harris.com/en/job/rochester/dod-skillbridge-inventory-management-support-c-demo-pool/4832/85246789232,
L3Harris,IPC Technical Trainer,94774984432,"Salt Lake City, UT",United States of America,,onsite,Mid,unknown,unknown,unknown,talentbrew,N/A,2026-06-13T01:10:42Z,https://careers.l3harris.com/en/job/salt-lake-city/ipc-technical-trainer/4832/94774984432,
L3Harris,"Senior Specialist, Subcontracts",94823507088,"Clifton, NJ",United States of America,,onsite,Senior,unknown,unknown,unknown,talentbrew,N/A,2026-06-13T01:10:42Z,https://careers.l3harris.com/en/job/clifton/senior-specialist-subcontracts/4832/94823507088,
L3Harris,manufacturing Technician C,96299160416,"Salt Lake City, UT",United States of America,,onsite,Mid,unknown,unknown,unknown,talentbrew,N/A,2026-06-13T01:10:42Z,https://careers.l3harris.com/en/job/salt-lake-city/manufacturing-technician-c/4832/96299160416,
L3Harris,"Principal, Supply Chain Management",95026650816,"Los Angeles, CA",United States of America,,onsite,Principal,unknown,unknown,unknown,talentbrew,N/A,2026-06-13T01:10:42Z,https://careers.l3harris.com/en/job/los-angeles/principal-supply-chain-management/4832/95026650816,
L3Harris,"Lead, IT Systems Administration",95357234992,"Camden, NJ",United States of America,,onsite,Lead,unknown,unknown,unknown,talentbrew,N/A,2026-06-13T01:10:42Z,https://careers.l3harris.com/en/job/camden/lead-it-systems-administration/4832/95357234992,
L3Harris,IT Systems Administration,95357234960,"Camden, NJ",United States of America,,onsite,Mid,unknown,unknown,unknown,talentbrew,N/A,2026-06-13T01:10:42Z,https://careers.l3harris.com/en/job/camden/it-systems-administration/4832/95357234960,
L3Harris,"Senior Associate, Industrial Engineer",95050686608,"Camden, AR",United States of America,,onsite,Senior,unknown,unknown,unknown,talentbrew,N/A,2026-06-13T01:10:42Z,https://careers.l3harris.com/en/job/camden/senior-associate-industrial-engineer/4832/95050686608,
L3Harris,"Associate, Industrial Engineer",95087265296,"Camden, AR",United States of America,,onsite,Junior,unknown,unknown,unknown,talentbrew,N/A,2026-06-13T01:10:42Z,https://careers.l3harris.com/en/job/camden/associate-industrial-engineer/4832/95087265296,
L3Harris,"Lead, Ceramics Process Engineer",95315502240,"Wilmington, MA",United States of America,,onsite,Lead,unknown,unknown,unknown,talentbrew,N/A,2026-06-13T01:10:42Z,https://careers.l3harris.com/en/job/wilmington/lead-ceramics-process-engineer/4832/95315502240,
L3Harris,"Senior Specialist, Systems Administration",95037986768,"Melbourne, FL",United States of America,,onsite,Senior,unknown,unknown,unknown,talentbrew,N/A,2026-06-13T01:10:42Z,https://careers.l3harris.com/en/job/melbourne/senior-specialist-systems-administration/4832/95037986768,
L3Harris,Buyer/Procurement Specialist - Government &amp; Commercial Programs,95037986752,"Rochester, NY",United States of America,,onsite,Mid,unknown,unknown,unknown,talentbrew,N/A,2026-06-13T01:10:42Z,https://careers.l3harris.com/en/job/rochester/buyer-procurement-specialist-government-and-commercial-programs/4832/95037986752,
L3Harris,Operations Program Manager,95006808032,"Wilmington, MA",United States of America,,onsite,Manager,unknown,unknown,unknown,talentbrew,N/A,2026-06-13T01:10:42Z,https://careers.l3harris.com/en/job/wilmington/operations-program-manager/4832/95006808032,
L3Harris,"Specialist, Material Management",94853045248,"Colorado Springs, CO",United States of America,,onsite,Mid,unknown,unknown,unknown,talentbrew,N/A,2026-06-13T01:10:42Z,https://careers.l3harris.com/en/job/colorado-springs/specialist-material-management/4832/94853045248,
L3Harris,"Associate Manager, Logistics",93440306368,"Tucson, AZ",United States of America,,onsite,Manager,unknown,unknown,unknown,talentbrew,N/A,2026-06-13T01:10:45Z,https://careers.l3harris.com/en/job/tucson/associate-manager-logistics/4832/93440306368,
L3Harris,"Lead, Procurement",95424821648,"Melbourne, FL",United States of America,,onsite,Lead,unknown,unknown,unknown,talentbrew,N/A,2026-06-13T01:10:45Z,https://careers.l3harris.com/en/job/melbourne/lead-procurement/4832/95424821648,
L3Harris,"Specialist, Trade Compliance",94530013120,Multiple Locations,United States of America,,onsite,Mid,unknown,unknown,unknown,talentbrew,N/A,2026-06-13T01:10:45Z,https://careers.l3harris.com/en/job/rochester/specialist-trade-compliance/4832/94530013120,
L3Harris,"Specialist, Program Finance",96299156592,"Bristol, PA",United States of America,,onsite,Mid,unknown,unknown,unknown,talentbrew,N/A,2026-06-13T01:10:45Z,https://careers.l3harris.com/en/job/bristol/specialist-program-finance/4832/96299156592,
L3Harris,"Senior Specialist, Electrical Engineer",96299155728,"Waco, TX",United States of America,,onsite,Senior,unknown,unknown,unknown,talentbrew,N/A,2026-06-13T01:10:45Z,https://careers.l3harris.com/en/job/waco/senior-specialist-electrical-engineer/4832/96299155728,
L3Harris,"Specialist, Integration and Test Engineer",96222168000,"Waco, TX",United States of America,,onsite,Mid,unknown,unknown,unknown,talentbrew,N/A,2026-06-13T01:10:45Z,https://careers.l3harris.com/en/job/waco/specialist-integration-and-test-engineer/4832/96222168000,
L3Harris,"Senior Specialist, Program Scheduler (EVMS)",96212126544,"Waco, TX",United States of America,,onsite,Senior,unknown,unknown,unknown,talentbrew,N/A,2026-06-13T01:10:45Z,https://careers.l3harris.com/en/job/waco/senior-specialist-program-scheduler-evms/4832/96212126544,
L3Harris,"Lead, Electrical Engineer",95994967008,"Waco, TX",United States of America,,onsite,Lead,unknown,unknown,unknown,talentbrew,N/A,2026-06-13T01:10:45Z,https://careers.l3harris.com/en/job/waco/lead-electrical-engineer/4832/95994967008,
L3Harris,"Senior Specialist, Government Compliance - Asset Management - TS/SCI w/ Poly",94036931568,"Sterling, VA",United States of America,,onsite,Senior,unknown,unknown,unknown,talentbrew,N/A,2026-06-13T01:10:45Z,https://careers.l3harris.com/en/job/sterling/senior-specialist-government-compliance-asset-management-ts-sci-w-poly/4832/94036931568,
L3Harris,"Senior Associate, Hardware Configuration Manager",93914796064,"Palm Bay, Brevard, FL",United States of America,,onsite,Manager,unknown,unknown,unknown,talentbrew,N/A,2026-06-13T01:10:45Z,https://careers.l3harris.com/en/job/palm-bay/senior-associate-hardware-configuration-manager/4832/93914796064,
L3Harris,"Sr Associate, Material Management",95304360880,"Anaheim, CA",United States of America,,onsite,Senior,unknown,unknown,unknown,talentbrew,N/A,2026-06-13T01:10:45Z,https://careers.l3harris.com/en/job/anaheim/sr-associate-material-management/4832/95304360880,
L3Harris,"Specialist, Material Planner",95263602592,"Northampton, MA",United States of America,,onsite,Mid,unknown,unknown,unknown,talentbrew,N/A,2026-06-13T01:10:45Z,https://careers.l3harris.com/en/job/northampton/specialist-material-planner/4832/95263602592,
L3Harris,Material Planning Specialist,95263602368,"Camden, NJ",United States of America,,onsite,Mid,unknown,unknown,unknown,talentbrew,N/A,2026-06-13T01:10:45Z,https://careers.l3harris.com/en/job/camden/material-planning-specialist/4832/95263602368,
L3Harris,Principal Subcontracts,95087265440,Multiple Locations,United States of America,,onsite,Principal,unknown,unknown,unknown,talentbrew,N/A,2026-06-13T01:10:45Z,https://careers.l3harris.com/en/job/palm-bay/principal-subcontracts/4832/95087265440,
L3Harris,Inventory Management Support,94179008000,"Anaheim, CA",United States of America,,onsite,Mid,unknown,unknown,unknown,talentbrew,N/A,2026-06-13T01:10:45Z,https://careers.l3harris.com/en/job/anaheim/inventory-management-support/4832/94179008000,
L3Harris,"Specialist, Subcontracts",94028235472,Multiple Locations,United States of America,,onsite,Mid,unknown,unknown,unknown,talentbrew,N/A,2026-06-13T01:10:48Z,https://careers.l3harris.com/en/job/melbourne/specialist-subcontracts/4832/94028235472,
L3Harris,"Senior Associate, Electrical Engineer",96299152944,"Palm Bay, Brevard, FL",United States of America,,onsite,Senior,unknown,unknown,unknown,talentbrew,N/A,2026-06-13T01:10:48Z,https://careers.l3harris.com/en/job/palm-bay/senior-associate-electrical-engineer/4832/96299152944,
L3Harris,"Lead, Material Management",95430067936,Multiple Locations,United States of America,,onsite,Lead,unknown,unknown,unknown,talentbrew,N/A,2026-06-13T01:10:48Z,https://careers.l3harris.com/en/job/malabar/lead-material-management/4832/95430067936,
L3Harris,"Senior Specialist, Material Management",95383071664,"Alpharetta, GA",United States of America,,onsite,Senior,unknown,unknown,unknown,talentbrew,N/A,2026-06-13T01:10:48Z,https://careers.l3harris.com/en/job/alpharetta/senior-specialist-material-management/4832/95383071664,
L3Harris,"Lead, Subcontracts",95336248544,"Malabar, FL",United States of America,,onsite,Lead,unknown,unknown,unknown,talentbrew,N/A,2026-06-13T01:10:48Z,https://careers.l3harris.com/en/job/malabar/lead-subcontracts/4832/95336248544,
L3Harris,"Lead, Linux Systems Administrator",94464653920,"West Palm Beach, FL",United States of America,,onsite,Lead,unknown,unknown,unknown,talentbrew,N/A,2026-06-13T01:10:48Z,https://careers.l3harris.com/en/job/west-palm-beach/lead-linux-systems-administrator/4832/94464653920,
L3Harris,"Associate, Mechanical Engineering",96278023152,"Palm Bay, Brevard, FL",United States of America,,onsite,Junior,unknown,unknown,unknown,talentbrew,N/A,2026-06-13T01:10:48Z,https://careers.l3harris.com/en/job/palm-bay/associate-mechanical-engineering/4832/96278023152,
L3Harris,"QMS Internal Auditor /Specialist, Quality",96278022848,"Cincinnati, OH",United States of America,,onsite,Junior,unknown,unknown,unknown,talentbrew,N/A,2026-06-13T01:10:48Z,https://careers.l3harris.com/en/job/cincinnati/qms-internal-auditor-specialist-quality/4832/96278022848,
L3Harris,Semiconductor Engineering Technician,96278022816,"Mason, OH",United States of America,,onsite,Mid,unknown,unknown,unknown,talentbrew,N/A,2026-06-13T01:10:48Z,https://careers.l3harris.com/en/job/mason/semiconductor-engineering-technician/4832/96278022816,
L3Harris,Account Manager,94433392128,Multiple Locations,United States of America,,onsite,Manager,unknown,unknown,unknown,talentbrew,N/A,2026-06-13T01:10:48Z,https://careers.l3harris.com/en/job/brisbane/account-manager/4832/94433392128,
L3Harris,Composite Technician C - 1st Shift,96212126512,"Huntsville, AL",United States of America,,onsite,Mid,unknown,unknown,unknown,talentbrew,N/A,2026-06-13T01:10:48Z,https://careers.l3harris.com/en/job/huntsville/composite-technician-c-1st-shift/4832/96212126512,
L3Harris,Senior Specialist Environmental Health and Safety,95108190224,"Millersville, MD",United States of America,,onsite,Senior,unknown,unknown,unknown,talentbrew,N/A,2026-06-13T01:10:48Z,https://careers.l3harris.com/en/job/millersville/senior-specialist-environmental-health-and-safety/4832/95108190224,
L3Harris,Electronics Engineering Technician Level D,95954640512,"Yorba Linda, CA",United States of America,,onsite,Mid,unknown,unknown,unknown,talentbrew,N/A,2026-06-13T01:10:48Z,https://careers.l3harris.com/en/job/yorba-linda/electronics-engineering-technician-level-d/4832/95954640512,
L3Harris,Composite Technician B,95898727648,"Huntsville, AL",United States of America,,onsite,Mid,unknown,unknown,unknown,talentbrew,N/A,2026-06-13T01:10:48Z,https://careers.l3harris.com/en/job/huntsville/composite-technician-b/4832/95898727648,
L3Harris,Machinist C - 2nd Shift,95693409824,"Huntsville, AL",United States of America,,onsite,Mid,unknown,unknown,unknown,talentbrew,N/A,2026-06-13T01:10:48Z,https://careers.l3harris.com/en/job/huntsville/machinist-c-2nd-shift/4832/95693409824,
L3Harris,Machinist B - 2nd Shift,95693409712,"Huntsville, AL",United States of America,,onsite,Mid,unknown,unknown,unknown,talentbrew,N/A,2026-06-13T01:10:52Z,https://careers.l3harris.com/en/job/huntsville/machinist-b-2nd-shift/4832/95693409712,
L3Harris,Material Support - Inspection,95639932416,"Mason, OH",United States of America,,onsite,Mid,unknown,unknown,unknown,talentbrew,N/A,2026-06-13T01:10:52Z,https://careers.l3harris.com/en/job/mason/material-support-inspection/4832/95639932416,
L3Harris,Engineering Technician B,95424880832,"Orange, VA",United States of America,,onsite,Mid,unknown,unknown,unknown,talentbrew,N/A,2026-06-13T01:10:52Z,https://careers.l3harris.com/en/job/orange/engineering-technician-b/4832/95424880832,
L3Harris,Engineering Technician A,95424880800,"Orange, VA",United States of America,,onsite,Mid,unknown,unknown,unknown,talentbrew,N/A,2026-06-13T01:10:52Z,https://careers.l3harris.com/en/job/orange/engineering-technician-a/4832/95424880800,
L3Harris,Inspector B,95274444272,"Orange, VA",United States of America,,onsite,Mid,unknown,unknown,unknown,talentbrew,N/A,2026-06-13T01:10:52Z,https://careers.l3harris.com/en/job/orange/inspector-b/4832/95274444272,
L3Harris,Inspector C,95274444224,"North Amityville, NY",United States of America,,onsite,Mid,unknown,unknown,unknown,talentbrew,N/A,2026-06-13T01:10:52Z,https://careers.l3harris.com/en/job/north-amityville/inspector-c/4832/95274444224,
L3Harris,Test Technician C,94853080288,"Ashburn, VA",United States of America,,onsite,Mid,unknown,unknown,unknown,talentbrew,N/A,2026-06-13T01:10:52Z,https://careers.l3harris.com/en/job/ashburn/test-technician-c/4832/94853080288,
L3Harris,Machinist C (Shift 3),94834111664,"Huntsville, AL",United States of America,,onsite,Mid,unknown,unknown,unknown,talentbrew,N/A,2026-06-13T01:10:52Z,https://careers.l3harris.com/en/job/huntsville/machinist-c-shift-3/4832/94834111664,
L3Harris,Machinist B (Weekend A),94834111632,"Huntsville, AL",United States of America,,onsite,Mid,unknown,unknown,unknown,talentbrew,N/A,2026-06-13T01:10:52Z,https://careers.l3harris.com/en/job/huntsville/machinist-b-weekend-a/4832/94834111632,
L3Harris,Machinist A (Shift 3),94834111568,"Huntsville, AL",United States of America,,onsite,Mid,unknown,unknown,unknown,talentbrew,N/A,2026-06-13T01:10:52Z,https://careers.l3harris.com/en/job/huntsville/machinist-a-shift-3/4832/94834111568,
L3Harris,Machinist A (Weekend A),94823507168,"Huntsville, AL",United States of America,,onsite,Mid,unknown,unknown,unknown,talentbrew,N/A,2026-06-13T01:10:52Z,https://careers.l3harris.com/en/job/huntsville/machinist-a-weekend-a/4832/94823507168,
L3Harris,Tool Maker/ CNC Machinist,94794598288,"Ashburn, VA",United States of America,,onsite,Mid,unknown,unknown,unknown,talentbrew,N/A,2026-06-13T01:10:52Z,https://careers.l3harris.com/en/job/ashburn/tool-maker-cnc-machinist/4832/94794598288,
L3Harris,Composite Technician C,94784117632,"Huntsville, AL",United States of America,,onsite,Mid,unknown,unknown,unknown,talentbrew,N/A,2026-06-13T01:10:52Z,https://careers.l3harris.com/en/job/huntsville/composite-technician-c/4832/94784117632,
L3Harris,"Associate, Production Planning",96266414528,"Huntsville, AL",United States of America,,onsite,Junior,unknown,unknown,unknown,talentbrew,N/A,2026-06-13T01:10:52Z,https://careers.l3harris.com/en/job/huntsville/associate-production-planning/4832/96266414528,
L3Harris,"Senior Associate, Procurement",96266414400,"Palm Bay, Brevard, FL",United States of America,,onsite,Senior,unknown,unknown,unknown,talentbrew,N/A,2026-06-13T01:10:52Z,https://careers.l3harris.com/en/job/palm-bay/senior-associate-procurement/4832/96266414400,
L3Harris,"Lead, Systems Engineer",96266414176,"Canoga Park, CA",United States of America,,onsite,Lead,unknown,unknown,unknown,talentbrew,N/A,2026-06-13T01:10:54Z,https://careers.l3harris.com/en/job/canoga-park/lead-systems-engineer/4832/96266414176,
L3Harris,"Lead, Program Finance",96266414080,"Anaheim, CA",United States of America,,onsite,Lead,unknown,unknown,unknown,talentbrew,N/A,2026-06-13T01:10:54Z,https://careers.l3harris.com/en/job/anaheim/lead-program-finance/4832/96266414080,
L3Harris,"Senior Associate, Procurement - AP Support",95651242912,"Palm Bay, Brevard, FL",United States of America,,onsite,Senior,unknown,unknown,unknown,talentbrew,N/A,2026-06-13T01:10:54Z,https://careers.l3harris.com/en/job/palm-bay/senior-associate-procurement-ap-support/4832/95651242912,
L3Harris,Aircraft Maintenance D - Aviation Life Support Technician (ALSS),96234192080,"Point Mugu, Naval Air Warfare Center, CA",United States of America,,onsite,Mid,unknown,unknown,unknown,talentbrew,N/A,2026-06-13T01:10:54Z,https://careers.l3harris.com/en/job/point-mugu-naval-air-warfare-center/aircraft-maintenance-d-aviation-life-support-technician-alss/4832/96234192080,
L3Harris,"Sr Specialist, Systems Engineer - Space Systems (2nd Shift) : Sign-on bonus ($20K max)",96266413632,"Wilmington, MA",United States of America,,onsite,Senior,unknown,unknown,unknown,talentbrew,N/A,2026-06-13T01:10:54Z,https://careers.l3harris.com/en/job/wilmington/sr-specialist-systems-engineer-space-systems-2nd-shift-sign-on-bonus-20k-max/4832/96266413632,
L3Harris,"Principal,  Mechanical Design Engineer",96266413376,"Orlando, FL",United States of America,,onsite,Principal,unknown,unknown,unknown,talentbrew,N/A,2026-06-13T01:10:54Z,https://careers.l3harris.com/en/job/orlando/principal-mechanical-design-engineer/4832/96266413376,
L3Harris,"Senior Specialist, Finanace",96266413248,"Rochester, NY",United States of America,,onsite,Senior,unknown,unknown,unknown,talentbrew,N/A,2026-06-13T01:10:54Z,https://careers.l3harris.com/en/job/rochester/senior-specialist-finanace/4832/96266413248,
L3Harris,"Lead, Systems Engineering",96266413200,"Plano, TX",United States of America,,onsite,Lead,unknown,unknown,unknown,talentbrew,N/A,2026-06-13T01:10:54Z,https://careers.l3harris.com/en/job/plano/lead-systems-engineering/4832/96266413200,
L3Harris,"Lead, Quality Engineer - Continuous Improvement",94235843680,"Camden, AR",United States of America,,onsite,Lead,unknown,unknown,unknown,talentbrew,N/A,2026-06-13T01:10:54Z,https://careers.l3harris.com/en/job/camden/lead-quality-engineer-continuous-improvement/4832/94235843680,
L3Harris,Assembly B,94525223296,"Cincinnati, OH",United States of America,,onsite,Mid,unknown,unknown,unknown,talentbrew,N/A,2026-06-13T01:10:54Z,https://careers.l3harris.com/en/job/cincinnati/assembly-b/4832/94525223296,
L3Harris,"Specialist, Integration and Test Engineering",94853080352,"Malabar, FL",United States of America,,onsite,Mid,unknown,unknown,unknown,talentbrew,N/A,2026-06-13T01:10:54Z,https://careers.l3harris.com/en/job/malabar/specialist-integration-and-test-engineering/4832/94853080352,
L3Harris,"Lead, Project Engineer",96255791120,"Greenville, TX",United States of America,,onsite,Lead,unknown,unknown,unknown,talentbrew,N/A,2026-06-13T01:10:54Z,https://careers.l3harris.com/en/job/greenville/lead-project-engineer/4832/96255791120,
L3Harris,"Specialist, Mechanical Engineering",96255791104,"Palm Bay, Brevard, FL",United States of America,,onsite,Mid,unknown,unknown,unknown,talentbrew,N/A,2026-06-13T01:10:54Z,https://careers.l3harris.com/en/job/palm-bay/specialist-mechanical-engineering/4832/96255791104,
L3Harris,"Senior Specialist, Supply Chain Management",96255791024,"Orlando, FL",United States of America,,onsite,Senior,unknown,unknown,unknown,talentbrew,N/A,2026-06-13T01:10:54Z,https://careers.l3harris.com/en/job/orlando/senior-specialist-supply-chain-management/4832/96255791024,
L3Harris,"Lead, Electro-Optical (EO) Systems Engineer : Sign-on bonus ($30K max)",96255790928,"Wilmington, MA",United States of America,,onsite,Lead,unknown,unknown,unknown,talentbrew,N/A,2026-06-13T01:10:54Z,https://careers.l3harris.com/en/job/wilmington/lead-electro-optical-eo-systems-engineer-sign-on-bonus-30k-max/4832/96255790928,
L3Harris,"Manager, Project Management - Site Lead",96255790784,"Fort Walton Beach, FL",United States of America,,onsite,Manager,unknown,unknown,unknown,talentbrew,N/A,2026-06-13T01:10:57Z,https://careers.l3harris.com/en/job/fort-walton-beach/manager-project-management-site-lead/4832/96255790784,
L3Harris,"Senior Manager, Systems Engineering - Networks",96255790704,"Greenville, TX",United States of America,,onsite,Manager,unknown,unknown,unknown,talentbrew,N/A,2026-06-13T01:10:57Z,https://careers.l3harris.com/en/job/greenville/senior-manager-systems-engineering-networks/4832/96255790704,
L3Harris,"Specialist, Quality Engineering",96255790592,"Bristol, PA",United States of America,,onsite,Mid,unknown,unknown,unknown,talentbrew,N/A,2026-06-13T01:10:57Z,https://careers.l3harris.com/en/job/bristol/specialist-quality-engineering/4832/96255790592,
L3Harris,Reserve Guard (Part Time) 1 1,94967669408,"Camden, NJ",United States of America,,onsite,Mid,unknown,unknown,unknown,talentbrew,N/A,2026-06-13T01:10:57Z,https://careers.l3harris.com/en/job/camden/reserve-guard-part-time-1-1/4832/94967669408,
L3Harris,"Senior Manager, Systems Engineering",96179150480,"Waco, TX",United States of America,,onsite,Manager,unknown,unknown,unknown,talentbrew,N/A,2026-06-13T01:10:57Z,https://careers.l3harris.com/en/job/waco/senior-manager-systems-engineering/4832/96179150480,
L3Harris,"Senior Specialist, Supply Chain Management",96173836000,"Huntsville, AL",United States of America,,onsite,Senior,unknown,unknown,unknown,talentbrew,N/A,2026-06-13T01:10:57Z,https://careers.l3harris.com/en/job/huntsville/senior-specialist-supply-chain-management/4832/96173836000,
L3Harris,"Senior Associate, Quality Engineering",95586834128,"Ashburn, VA",United States of America,,onsite,Senior,unknown,unknown,unknown,talentbrew,N/A,2026-06-13T01:10:57Z,https://careers.l3harris.com/en/job/ashburn/senior-associate-quality-engineering/4832/95586834128,
L3Harris,"Specialist, Electrical Engineer",95994967040,"Waco, TX",United States of America,,onsite,Mid,unknown,unknown,unknown,talentbrew,N/A,2026-06-13T01:10:57Z,https://careers.l3harris.com/en/job/waco/specialist-electrical-engineer/4832/95994967040,
L3Harris,"Senior Specialist, Systems Engineering - Requirements SME",95304361264,"Waco, TX",United States of America,,onsite,Senior,unknown,unknown,unknown,talentbrew,N/A,2026-06-13T01:10:57Z,https://careers.l3harris.com/en/job/waco/senior-specialist-systems-engineering-requirements-sme/4832/95304361264,
L3Harris,"Lead, Project Engineer",95294387376,"Waco, TX",United States of America,,onsite,Lead,unknown,unknown,unknown,talentbrew,N/A,2026-06-13T01:10:57Z,https://careers.l3harris.com/en/job/waco/lead-project-engineer/4832/95294387376,
L3Harris,"Lead, Systems Engineer",95055643264,"Waco, TX",United States of America,,onsite,Lead,unknown,unknown,unknown,talentbrew,N/A,2026-06-13T01:10:57Z,https://careers.l3harris.com/en/job/waco/lead-systems-engineer/4832/95055643264,
L3Harris,"Manager, Information Security Systems Engineering",94834111264,"Waco, TX",United States of America,,onsite,Manager,unknown,unknown,unknown,talentbrew,N/A,2026-06-13T01:10:57Z,https://careers.l3harris.com/en/job/waco/manager-information-security-systems-engineering/4832/94834111264,
L3Harris,"Senior Specialist, SATCOM Systems Engineer",94047654160,"Waco, TX",United States of America,,onsite,Senior,unknown,unknown,unknown,talentbrew,N/A,2026-06-13T01:10:57Z,https://careers.l3harris.com/en/job/waco/senior-specialist-satcom-systems-engineer/4832/94047654160,
L3Harris,"Senior Specialist, Quality Engineer",96234192208,"Brisbane, Queensland",United States of America,,onsite,Senior,unknown,unknown,unknown,talentbrew,N/A,2026-06-13T01:10:57Z,https://careers.l3harris.com/en/job/brisbane/senior-specialist-quality-engineer/4832/96234192208,
L3Harris,"Sr. Specialist, Systems Engineering",96234192192,"Millersville, MD",United States of America,,onsite,Senior,unknown,unknown,unknown,talentbrew,N/A,2026-06-13T01:10:57Z,https://careers.l3harris.com/en/job/millersville/sr-specialist-systems-engineering/4832/96234192192,
L3Harris,Project Engineer,96234192128,"Brisbane, Queensland",United States of America,,onsite,Mid,unknown,unknown,unknown,talentbrew,N/A,2026-06-13T01:11:00Z,https://careers.l3harris.com/en/job/brisbane/project-engineer/4832/96234192128,
L3Harris,Precision Optics Technician (Advanced),96234192112,"Rochester, NY",United States of America,,onsite,Mid,unknown,unknown,unknown,talentbrew,N/A,2026-06-13T01:11:00Z,https://careers.l3harris.com/en/job/rochester/precision-optics-technician-advanced/4832/96234192112,
L3Harris,"Specialist, Administration - Logs and Records",96234192096,"Point Mugu, Naval Air Warfare Center, CA",United States of America,,onsite,Mid,unknown,unknown,unknown,talentbrew,N/A,2026-06-13T01:11:00Z,https://careers.l3harris.com/en/job/point-mugu-naval-air-warfare-center/specialist-administration-logs-and-records/4832/96234192096,
L3Harris,"Sr. Specialist, Manufacturing Engineer",96234191936,"Canoga Park, CA",United States of America,,onsite,Senior,unknown,unknown,unknown,talentbrew,N/A,2026-06-13T01:11:00Z,https://careers.l3harris.com/en/job/canoga-park/sr-specialist-manufacturing-engineer/4832/96234191936,
L3Harris,Production Control Technician B,96234191888,"Rochester, NY",United States of America,,onsite,Mid,unknown,unknown,unknown,talentbrew,N/A,2026-06-13T01:11:00Z,https://careers.l3harris.com/en/job/rochester/production-control-technician-b/4832/96234191888,
L3Harris,"Manager, Quality Engineering",95990114096,"Canoga Park, CA",United States of America,,onsite,Manager,unknown,unknown,unknown,talentbrew,N/A,2026-06-13T01:11:00Z,https://careers.l3harris.com/en/job/canoga-park/manager-quality-engineering/4832/95990114096,
L3Harris,"Senior Specialist, IT Security",94696706704,"Ashburn, VA",United States of America,,onsite,Senior,unknown,unknown,unknown,talentbrew,N/A,2026-06-13T01:11:00Z,https://careers.l3harris.com/en/job/ashburn/senior-specialist-it-security/4832/94696706704,
L3Harris,"Lead, Project Engineering",96222167952,"Greenville, TX",United States of America,,onsite,Lead,unknown,unknown,unknown,talentbrew,N/A,2026-06-13T01:11:00Z,https://careers.l3harris.com/en/job/greenville/lead-project-engineering/4832/96222167952,
L3Harris,Manufacturing Technician B,95586834080,"Salt Lake City, UT",United States of America,,onsite,Mid,unknown,unknown,unknown,talentbrew,N/A,2026-06-13T01:11:00Z,https://careers.l3harris.com/en/job/salt-lake-city/manufacturing-technician-b/4832/95586834080,
L3Harris,"Senior Associate, Bus Intel Analyst",94834111392,"Clifton, NJ",United States of America,,onsite,Senior,unknown,unknown,unknown,talentbrew,N/A,2026-06-13T01:11:00Z,https://careers.l3harris.com/en/job/clifton/senior-associate-bus-intel-analyst/4832/94834111392,
L3Harris,Engineering Technician / Aerospace Manufacturing Technician,96216685392,"Rochester, NY",United States of America,,onsite,Mid,unknown,unknown,unknown,talentbrew,N/A,2026-06-13T01:11:00Z,https://careers.l3harris.com/en/job/rochester/engineering-technician-aerospace-manufacturing-technician/4832/96216685392,
L3Harris,"Senior Specialist, Quality Engineer",96212126560,"Waco, TX",United States of America,,onsite,Senior,unknown,unknown,unknown,talentbrew,N/A,2026-06-13T01:11:00Z,https://careers.l3harris.com/en/job/waco/senior-specialist-quality-engineer/4832/96212126560,
L3Harris,"Associate, Network Control",96212126400,"Melbourne, FL",United States of America,,onsite,Junior,unknown,unknown,unknown,talentbrew,N/A,2026-06-13T01:11:00Z,https://careers.l3harris.com/en/job/melbourne/associate-network-control/4832/96212126400,
L3Harris,Painter,96212126384,"Clifton, NJ",United States of America,,onsite,Mid,unknown,unknown,unknown,talentbrew,N/A,2026-06-13T01:11:00Z,https://careers.l3harris.com/en/job/clifton/painter/4832/96212126384,
L3Harris,Machinist D,96212126352,"Bristol, PA",United States of America,,onsite,Mid,unknown,unknown,unknown,talentbrew,N/A,2026-06-13T01:11:00Z,https://careers.l3harris.com/en/job/bristol/machinist-d/4832/96212126352,
L3Harris,"Scientist, Deputy Chief Engineer - Space Systems (TS/SCI Clearance) : Sign-on bonus ($50K max)",96212126272,"Wilmington, MA",United States of America,,onsite,Director,unknown,unknown,unknown,talentbrew,N/A,2026-06-13T01:11:04Z,https://careers.l3harris.com/en/job/wilmington/scientist-deputy-chief-engineer-space-systems-ts-sci-clearance-sign-on-bonus-50k-max/4832/96212126272,
L3Harris,"Associate, Network Control Specialist",96212126240,"Melbourne, FL",United States of America,,onsite,Junior,unknown,unknown,unknown,talentbrew,N/A,2026-06-13T01:11:04Z,https://careers.l3harris.com/en/job/melbourne/associate-network-control-specialist/4832/96212126240,
L3Harris,Network Planning Engineer,96212126144,Multiple Locations,United States of America,,onsite,Mid,unknown,unknown,unknown,talentbrew,N/A,2026-06-13T01:11:04Z,https://careers.l3harris.com/en/job/palm-bay/network-planning-engineer/4832/96212126144,
L3Harris,"Specialist, Production Planning",96212126112,"Clifton, NJ",United States of America,,onsite,Mid,unknown,unknown,unknown,talentbrew,N/A,2026-06-13T01:11:04Z,https://careers.l3harris.com/en/job/clifton/specialist-production-planning/4832/96212126112,
L3Harris,"Specialist, Quality Engineering",96212126096,"Wilmington, MA",United States of America,,onsite,Mid,unknown,unknown,unknown,talentbrew,N/A,2026-06-13T01:11:04Z,https://careers.l3harris.com/en/job/wilmington/specialist-quality-engineering/4832/96212126096,
L3Harris,"Senior Manager, Material Management",96212126048,Multiple Locations,United States of America,,onsite,Manager,unknown,unknown,unknown,talentbrew,N/A,2026-06-13T01:11:04Z,https://careers.l3harris.com/en/job/anaheim/senior-manager-material-management/4832/96212126048,
L3Harris,"Senior Specialist, Sales/Account Management",96035632640,Remote,United States of America,,remote,Senior,unknown,unknown,unknown,talentbrew,N/A,2026-06-13T01:11:04Z,https://careers.l3harris.com/en/job/united-states/senior-specialist-sales-account-management/4832/96035632640,
L3Harris,Specialist Manufacturing Engineer - Shared Services Support,94853045296,"Wilmington, MA",United States of America,,onsite,Mid,unknown,unknown,unknown,talentbrew,N/A,2026-06-13T01:11:04Z,https://careers.l3harris.com/en/job/wilmington/specialist-manufacturing-engineer-shared-services-support/4832/94853045296,
L3Harris,"Lead, Government Compliance",94188211120,Multiple Locations,United States of America,,onsite,Lead,unknown,unknown,unknown,talentbrew,N/A,2026-06-13T01:11:04Z,https://careers.l3harris.com/en/job/colorado-springs/lead-government-compliance/4832/94188211120,
L3Harris,Senior Procurement Officer,95967620720,"Fremantle, Western Australia",United States of America,,onsite,Senior,unknown,unknown,unknown,talentbrew,N/A,2026-06-13T01:11:04Z,https://careers.l3harris.com/en/job/fremantle/senior-procurement-officer/4832/95967620720,
L3Harris,Reserve Summer Guard,96190931648,"Camden, NJ",United States of America,,onsite,Mid,unknown,unknown,unknown,talentbrew,N/A,2026-06-13T01:11:04Z,https://careers.l3harris.com/en/job/camden/reserve-summer-guard/4832/96190931648,
L3Harris,DevSecOps Site Reliability Engineer (SRE),96190931504,"Greenville, TX",United States of America,,onsite,Mid,unknown,unknown,unknown,talentbrew,N/A,2026-06-13T01:11:04Z,https://careers.l3harris.com/en/job/greenville/devsecops-site-reliability-engineer-sre/4832/96190931504,
L3Harris,"Lead, IT Architecture",96190930736,"Palm Bay, Brevard, FL",United States of America,,onsite,Principal,unknown,unknown,unknown,talentbrew,N/A,2026-06-13T01:11:04Z,https://careers.l3harris.com/en/job/palm-bay/lead-it-architecture/4832/96190930736,
L3Harris,"Senior Specialist, Integration and Test Engineering",96190930672,"Wilmington, MA",United States of America,,onsite,Senior,unknown,unknown,unknown,talentbrew,N/A,2026-06-13T01:11:04Z,https://careers.l3harris.com/en/job/wilmington/senior-specialist-integration-and-test-engineering/4832/96190930672,
L3Harris,"Associate, Mechanical Engineer (Greenville, TX)",96179209280,"Greenville, TX",United States of America,,onsite,Junior,unknown,unknown,unknown,talentbrew,N/A,2026-06-13T01:11:04Z,https://careers.l3harris.com/en/job/greenville/associate-mechanical-engineer-greenville-tx/4832/96179209280,
L3Harris,"Associate, Mechanical Engineering",96173836096,"Greenville, TX",United States of America,,onsite,Junior,unknown,unknown,unknown,talentbrew,N/A,2026-06-13T01:11:06Z,https://careers.l3harris.com/en/job/greenville/associate-mechanical-engineering/4832/96173836096,
L3Harris,Procurement D,95357234768,"Malabar, FL",United States of America,,onsite,Mid,unknown,unknown,unknown,talentbrew,N/A,2026-06-13T01:11:06Z,https://careers.l3harris.com/en/job/malabar/procurement-d/4832/95357234768,
L3Harris,"Specialist, Technical Support Engineering / Wideband Watch Office Analyst (WBWO)",96173835984,"Schriever AFB, CO",United States of America,,onsite,Mid,unknown,unknown,unknown,talentbrew,N/A,2026-06-13T01:11:06Z,https://careers.l3harris.com/en/job/schriever-afb/specialist-technical-support-engineering-wideband-watch-office-analyst-wbwo/4832/96173835984,
L3Harris,Aircraft Maintenance C - Flightline,96173835968,"Waco, TX",United States of America,,onsite,Mid,unknown,unknown,unknown,talentbrew,N/A,2026-06-13T01:11:06Z,https://careers.l3harris.com/en/job/waco/aircraft-maintenance-c-flightline/4832/96173835968,
L3Harris,Chief Architect - Datalink 1,96169231360,"Greenville, TX",United States of America,,onsite,Director,unknown,unknown,unknown,talentbrew,N/A,2026-06-13T01:11:06Z,https://careers.l3harris.com/en/job/greenville/chief-architect-datalink-1/4832/96169231360,
L3Harris,"Senior Specialist, Manufacturing Engineer",96169260208,"Wilmington, MA",United States of America,,onsite,Senior,unknown,unknown,unknown,talentbrew,N/A,2026-06-13T01:11:06Z,https://careers.l3harris.com/en/job/wilmington/senior-specialist-manufacturing-engineer/4832/96169260208,
L3Harris,Automation Team Manager,96160213536,"Bologna, Bologna, Emilia-Romagna",United States of America,,onsite,Manager,unknown,unknown,unknown,talentbrew,N/A,2026-06-13T01:11:06Z,https://careers.l3harris.com/en/job/bologna/automation-team-manager/4832/96160213536,
L3Harris,"Senior Specialist, Applications Engineer",96155111008,"Brisbane, Queensland",United States of America,,onsite,Senior,unknown,unknown,unknown,talentbrew,N/A,2026-06-13T01:11:06Z,https://careers.l3harris.com/en/job/brisbane/senior-specialist-applications-engineer/4832/96155111008,
L3Harris,"Specialist, Program Controls",96155110976,Multiple Locations,United States of America,,onsite,Mid,unknown,unknown,unknown,talentbrew,N/A,2026-06-13T01:11:06Z,https://careers.l3harris.com/en/job/huntsville/specialist-program-controls/4832/96155110976,
L3Harris,"Lead, Program Controls- EVM",96155110928,Multiple Locations,United States of America,,onsite,Lead,unknown,unknown,unknown,talentbrew,N/A,2026-06-13T01:11:06Z,https://careers.l3harris.com/en/job/melbourne/lead-program-controls-evm/4832/96155110928,
L3Harris,Senior Specialist Program Finance,96135528448,"Camden, NJ",United States of America,,onsite,Senior,unknown,unknown,unknown,talentbrew,N/A,2026-06-13T01:11:06Z,https://careers.l3harris.com/en/job/camden/senior-specialist-program-finance/4832/96135528448,
L3Harris,"Lead, Program Finance",96058934288,Multiple Locations,United States of America,,onsite,Lead,unknown,unknown,unknown,talentbrew,N/A,2026-06-13T01:11:06Z,https://careers.l3harris.com/en/job/camden/lead-program-finance/4832/96058934288,
L3Harris,"Senior Associate, Program Finance Analyst",96058934192,"North Amityville, NY",United States of America,,onsite,Senior,unknown,unknown,unknown,talentbrew,N/A,2026-06-13T01:11:06Z,https://careers.l3harris.com/en/job/north-amityville/senior-associate-program-finance-analyst/4832/96058934192,
L3Harris,"Senior Associate, Network Control",96046118960,"Melbourne, FL",United States of America,,onsite,Senior,unknown,unknown,unknown,talentbrew,N/A,2026-06-13T01:11:06Z,https://careers.l3harris.com/en/job/melbourne/senior-associate-network-control/4832/96046118960,
L3Harris,"Senior Associate, Network Control",96046118928,"Melbourne, FL",United States of America,,onsite,Senior,unknown,unknown,unknown,talentbrew,N/A,2026-06-13T01:11:06Z,https://careers.l3harris.com/en/job/melbourne/senior-associate-network-control/4832/96046118928,
L3Harris,Network Control Technician,96046118880,"Melbourne, FL",United States of America,,onsite,Mid,unknown,unknown,unknown,talentbrew,N/A,2026-06-13T01:11:09Z,https://careers.l3harris.com/en/job/melbourne/network-control-technician/4832/96046118880,
L3Harris,"Scientist, Mechanical Engineer (Space Mechanisms) : Sign-on bonus ($50K max)",96046118848,"Wilmington, MA",United States of America,,onsite,Mid,unknown,unknown,unknown,talentbrew,N/A,2026-06-13T01:11:09Z,https://careers.l3harris.com/en/job/wilmington/scientist-mechanical-engineer-space-mechanisms-sign-on-bonus-50k-max/4832/96046118848,
L3Harris,Lead Field and Launch Support Engineer,96046118752,"Cape Canaveral, FL",United States of America,,onsite,Lead,unknown,unknown,unknown,talentbrew,N/A,2026-06-13T01:11:09Z,https://careers.l3harris.com/en/job/cape-canaveral/lead-field-and-launch-support-engineer/4832/96046118752,
L3Harris,"Specialist, Production Planning",95336248688,"Malabar, FL",United States of America,,onsite,Mid,unknown,unknown,unknown,talentbrew,N/A,2026-06-13T01:11:09Z,https://careers.l3harris.com/en/job/malabar/specialist-production-planning/4832/95336248688,
L3Harris,Field Technician,96046118352,"Hilliard, FL",United States of America,,onsite,Mid,unknown,unknown,unknown,talentbrew,N/A,2026-06-13T01:11:09Z,https://careers.l3harris.com/en/job/hilliard/field-technician/4832/96046118352,
L3Harris,"Specialist, Model-Based Systems Engineer (MBSE)",96040458288,"Melbourne, FL",United States of America,,onsite,Mid,unknown,unknown,unknown,talentbrew,N/A,2026-06-13T01:11:09Z,https://careers.l3harris.com/en/job/melbourne/specialist-model-based-systems-engineer-mbse/4832/96040458288,
L3Harris,"Specialist, Systems Engineering",96035579760,"Millersville, MD",United States of America,,onsite,Mid,unknown,unknown,unknown,talentbrew,N/A,2026-06-13T01:11:09Z,https://careers.l3harris.com/en/job/millersville/specialist-systems-engineering/4832/96035579760,
L3Harris,"Senior Specialist, Systems Engineering - Joint Exercise Planner",96035579520,"Springfield, Fairfax, VA",United States of America,,onsite,Senior,unknown,unknown,unknown,talentbrew,N/A,2026-06-13T01:11:09Z,https://careers.l3harris.com/en/job/springfield/senior-specialist-systems-engineering-joint-exercise-planner/4832/96035579520,
L3Harris,Senior Systems Engineering,96013348432,"Brisbane, Queensland",United States of America,,onsite,Senior,unknown,unknown,unknown,talentbrew,N/A,2026-06-13T01:11:09Z,https://careers.l3harris.com/en/job/brisbane/senior-systems-engineering/4832/96013348432,
L3Harris,Inspector D,96013348272,"Cincinnati, OH",United States of America,,onsite,Mid,unknown,unknown,unknown,talentbrew,N/A,2026-06-13T01:11:09Z,https://careers.l3harris.com/en/job/cincinnati/inspector-d/4832/96013348272,
L3Harris,Electronic Assembler,95994967248,"Bristol, PA",United States of America,,onsite,Mid,unknown,unknown,unknown,talentbrew,N/A,2026-06-13T01:11:09Z,https://careers.l3harris.com/en/job/bristol/electronic-assembler/4832/95994967248,
L3Harris,Manufacturing Technician  (Electro-Mechanical Assembly),95994967120,"Providence, RI",United States of America,,onsite,Mid,unknown,unknown,unknown,talentbrew,N/A,2026-06-13T01:11:09Z,https://careers.l3harris.com/en/job/providence/manufacturing-technician-electro-mechanical-assembly/4832/95994967120,
L3Harris,"L3Harris Engineering Hiring Event (Rochester, New York)",95994967088,"Rochester, NY",United States of America,,onsite,Mid,unknown,unknown,unknown,talentbrew,N/A,2026-06-13T01:11:09Z,https://careers.l3harris.com/en/job/rochester/l3harris-engineering-hiring-event-rochester-new-york/4832/95994967088,
L3Harris,Specialist Production Planning,95990114016,"Millersville, MD",United States of America,,onsite,Mid,unknown,unknown,unknown,talentbrew,N/A,2026-06-13T01:11:09Z,https://careers.l3harris.com/en/job/millersville/specialist-production-planning/4832/95990114016,
L3Harris,Principal Financial Analyst,95274444400,"Palm Bay, Brevard, FL",United States of America,,onsite,Principal,unknown,unknown,unknown,talentbrew,N/A,2026-06-13T01:11:09Z,https://careers.l3harris.com/en/job/palm-bay/principal-financial-analyst/4832/95274444400,
L3Harris,Engineering Technician B,95990113808,"Salt Lake City, UT",United States of America,,onsite,Mid,unknown,unknown,unknown,talentbrew,N/A,2026-06-13T01:11:12Z,https://careers.l3harris.com/en/job/salt-lake-city/engineering-technician-b/4832/95990113808,
L3Harris,Operations Program Manager,95980327552,"Northampton, MA",United States of America,,onsite,Manager,unknown,unknown,unknown,talentbrew,N/A,2026-06-13T01:11:12Z,https://careers.l3harris.com/en/job/northampton/operations-program-manager/4832/95980327552,
L3Harris,Operations Program Manager,95980327536,"Northampton, MA",United States of America,,onsite,Manager,unknown,unknown,unknown,talentbrew,N/A,2026-06-13T01:11:12Z,https://careers.l3harris.com/en/job/northampton/operations-program-manager/4832/95980327536,
L3Harris,Quality Technician C,95967620464,"Rochester, NY",United States of America,,onsite,Mid,unknown,unknown,unknown,talentbrew,N/A,2026-06-13T01:11:12Z,https://careers.l3harris.com/en/job/rochester/quality-technician-c/4832/95967620464,
L3Harris,Engineering Technician B,95954640352,"Salt Lake City, UT",United States of America,,onsite,Mid,unknown,unknown,unknown,talentbrew,N/A,2026-06-13T01:11:12Z,https://careers.l3harris.com/en/job/salt-lake-city/engineering-technician-b/4832/95954640352,
L3Harris,"Sr. Associate, Process Manufacturing Engineer",95949010176,"Canoga Park, CA",United States of America,,onsite,Senior,unknown,unknown,unknown,talentbrew,N/A,2026-06-13T01:11:12Z,https://careers.l3harris.com/en/job/canoga-park/sr-associate-process-manufacturing-engineer/4832/95949010176,
L3Harris,Quality Technician B,95949009920,"Cincinnati, OH",United States of America,,onsite,Mid,unknown,unknown,unknown,talentbrew,N/A,2026-06-13T01:11:12Z,https://careers.l3harris.com/en/job/cincinnati/quality-technician-b/4832/95949009920,
L3Harris,Integration &amp; Test Engineer,95949009840,"Northampton, MA",United States of America,,onsite,Mid,unknown,unknown,unknown,talentbrew,N/A,2026-06-13T01:11:12Z,https://careers.l3harris.com/en/job/northampton/integration-and-test-engineer/4832/95949009840,
L3Harris,Physical Security Specialist,95944162992,"Orange, VA",United States of America,,onsite,Mid,unknown,unknown,unknown,talentbrew,N/A,2026-06-13T01:11:12Z,https://careers.l3harris.com/en/job/orange/physical-security-specialist/4832/95944162992,
L3Harris,Senior Guidance Navigation and Control Engineer,95944162176,"Orlando, FL",United States of America,,onsite,Senior,unknown,unknown,unknown,talentbrew,N/A,2026-06-13T01:11:12Z,https://careers.l3harris.com/en/job/orlando/senior-guidance-navigation-and-control-engineer/4832/95944162176,
L3Harris,"Lead, Government Compliance",95944162112,"Ashaway, RI",United States of America,,onsite,Lead,unknown,unknown,unknown,talentbrew,N/A,2026-06-13T01:11:12Z,https://careers.l3harris.com/en/job/ashaway/lead-government-compliance/4832/95944162112,
L3Harris,"Lead, IT Security",95921926576,"Brisbane, Queensland",United States of America,,onsite,Lead,unknown,unknown,unknown,talentbrew,N/A,2026-06-13T01:11:12Z,https://careers.l3harris.com/en/job/brisbane/lead-it-security/4832/95921926576,
L3Harris,Security Specialist - Crypto Account Manager,95921926544,"Brisbane, Queensland",United States of America,,onsite,Manager,unknown,unknown,unknown,talentbrew,N/A,2026-06-13T01:11:12Z,https://careers.l3harris.com/en/job/brisbane/security-specialist-crypto-account-manager/4832/95921926544,
L3Harris,Senior Systems Engineer,95921926528,"Brisbane, Queensland",United States of America,,onsite,Senior,unknown,unknown,unknown,talentbrew,N/A,2026-06-13T01:11:12Z,https://careers.l3harris.com/en/job/brisbane/senior-systems-engineer/4832/95921926528,
L3Harris,Engineering Technician B,95304361024,"Salt Lake City, UT",United States of America,,onsite,Mid,unknown,unknown,unknown,talentbrew,N/A,2026-06-13T01:11:12Z,https://careers.l3harris.com/en/job/salt-lake-city/engineering-technician-b/4832/95304361024,
L3Harris,Sr. Manager - Mechanical Engineering,95909534400,Multiple Locations,United States of America,,onsite,Manager,unknown,unknown,unknown,talentbrew,N/A,2026-06-13T01:11:15Z,https://careers.l3harris.com/en/job/richardson/sr-manager-mechanical-engineering/4832/95909534400,
L3Harris,"Lead, Network Systems Engineering",95909534128,"Greenville, TX",United States of America,,onsite,Lead,unknown,unknown,unknown,talentbrew,N/A,2026-06-13T01:11:15Z,https://careers.l3harris.com/en/job/greenville/lead-network-systems-engineering/4832/95909534128,
L3Harris,"Senior Specialist, Systems Engineering (Counter Communications Systems)",95909533968,"Colorado Springs, CO",United States of America,,onsite,Senior,unknown,unknown,unknown,talentbrew,N/A,2026-06-13T01:11:15Z,https://careers.l3harris.com/en/job/colorado-springs/senior-specialist-systems-engineering-counter-communications-systems/4832/95909533968,
L3Harris,"Senior Specialist, Supply Chain Program Manager",95091824864,"Camden, NJ",United States of America,,onsite,Manager,unknown,unknown,unknown,talentbrew,N/A,2026-06-13T01:11:15Z,https://careers.l3harris.com/en/job/camden/senior-specialist-supply-chain-program-manager/4832/95091824864,
L3Harris,Technical Manager - Systems Engineering,95903725904,"Rochester, NY",United States of America,,onsite,Manager,unknown,unknown,unknown,talentbrew,N/A,2026-06-13T01:11:15Z,https://careers.l3harris.com/en/job/rochester/technical-manager-systems-engineering/4832/95903725904,
L3Harris,Propulsion System/Instrumentation and Controls Engineer,95903725840,"Orange, VA",United States of America,,onsite,Mid,unknown,unknown,unknown,talentbrew,N/A,2026-06-13T01:11:15Z,https://careers.l3harris.com/en/job/orange/propulsion-system-instrumentation-and-controls-engineer/4832/95903725840,
L3Harris,Inventory Management Support C - Warehouse Operations,95903725760,"Rochester, NY",United States of America,,onsite,Mid,unknown,unknown,unknown,talentbrew,N/A,2026-06-13T01:11:15Z,https://careers.l3harris.com/en/job/rochester/inventory-management-support-c-warehouse-operations/4832/95903725760,
L3Harris,"Senior Specialist, Project Engineering",95903725728,"Orange, VA",United States of America,,onsite,Senior,unknown,unknown,unknown,talentbrew,N/A,2026-06-13T01:11:15Z,https://careers.l3harris.com/en/job/orange/senior-specialist-project-engineering/4832/95903725728,
L3Harris,"Senior Specialist, Continuous Improvement",95898727776,"Orange, VA",United States of America,,onsite,Senior,unknown,unknown,unknown,talentbrew,N/A,2026-06-13T01:11:15Z,https://careers.l3harris.com/en/job/orange/senior-specialist-continuous-improvement/4832/95898727776,
L3Harris,Senior Propellant Chemical Engineer,95898727744,Multiple Locations,United States of America,,onsite,Senior,unknown,unknown,unknown,talentbrew,N/A,2026-06-13T01:11:15Z,https://careers.l3harris.com/en/job/camden/senior-propellant-chemical-engineer/4832/95898727744,
L3Harris,Lead Subcontracts,95898727664,"Anaheim, CA",United States of America,,onsite,Lead,unknown,unknown,unknown,talentbrew,N/A,2026-06-13T01:11:15Z,https://careers.l3harris.com/en/job/anaheim/lead-subcontracts/4832/95898727664,
L3Harris,"Senior Specialist, Systems Engineer - User Acceptance Tester",95876326704,"Springfield, Fairfax, VA",United States of America,,onsite,Senior,unknown,unknown,unknown,talentbrew,N/A,2026-06-13T01:11:15Z,https://careers.l3harris.com/en/job/springfield/senior-specialist-systems-engineer-user-acceptance-tester/4832/95876326704,
L3Harris,Machinist B,95876326288,"Gardena, CA",United States of America,,onsite,Mid,unknown,unknown,unknown,talentbrew,N/A,2026-06-13T01:11:15Z,https://careers.l3harris.com/en/job/gardena/machinist-b/4832/95876326288,
L3Harris,Integration and Test Engineering- Various Levels,95863362864,"Millersville, MD",United States of America,,onsite,Mid,unknown,unknown,unknown,talentbrew,N/A,2026-06-13T01:11:15Z,https://careers.l3harris.com/en/job/millersville/integration-and-test-engineering-various-levels/4832/95863362864,
L3Harris,Electrical Engineering- Various Levels,95857662304,"Millersville, MD",United States of America,,onsite,Mid,unknown,unknown,unknown,talentbrew,N/A,2026-06-13T01:11:15Z,https://careers.l3harris.com/en/job/millersville/electrical-engineering-various-levels/4832/95857662304,
L3Harris,"Principal Systems Engineer, Platform Systems Engineering",95857662256,"Greenville, TX",United States of America,,onsite,Principal,unknown,unknown,unknown,talentbrew,N/A,2026-06-13T01:11:18Z,https://careers.l3harris.com/en/job/greenville/principal-systems-engineer-platform-systems-engineering/4832/95857662256,
L3Harris,"Lead, Network Systems Engineering",95671840352,"Greenville, TX",United States of America,,onsite,Lead,unknown,unknown,unknown,talentbrew,N/A,2026-06-13T01:11:18Z,https://careers.l3harris.com/en/job/greenville/lead-network-systems-engineering/4832/95671840352,
L3Harris,"Lead, Communications",95857662176,Multiple Locations,United States of America,,onsite,Lead,unknown,unknown,unknown,talentbrew,N/A,2026-06-13T01:11:18Z,https://careers.l3harris.com/en/job/palm-bay/lead-communications/4832/95857662176,
L3Harris,"Lead, Communications",95857662160,"Londonderry, NH",United States of America,,onsite,Lead,unknown,unknown,unknown,talentbrew,N/A,2026-06-13T01:11:18Z,https://careers.l3harris.com/en/job/londonderry/lead-communications/4832/95857662160,
L3Harris,"Manager, Trade Compliance",95852668608,"Rochester, NY",United States of America,,onsite,Manager,unknown,unknown,unknown,talentbrew,N/A,2026-06-13T01:11:18Z,https://careers.l3harris.com/en/job/rochester/manager-trade-compliance/4832/95852668608,
L3Harris,"Supervisor, Quality Management",95852668576,"Orange, VA",United States of America,,onsite,Mid,unknown,unknown,unknown,talentbrew,N/A,2026-06-13T01:11:18Z,https://careers.l3harris.com/en/job/orange/supervisor-quality-management/4832/95852668576,
L3Harris,Specialist Supplier Quality Engineer,95087224592,Remote,United States of America,,remote,Mid,unknown,unknown,unknown,talentbrew,N/A,2026-06-13T01:11:18Z,https://careers.l3harris.com/en/job/united-states/specialist-supplier-quality-engineer/4832/95087224592,
L3Harris,"Manager, Program Finance",95852668352,"Wilmington, MA",United States of America,,onsite,Manager,unknown,unknown,unknown,talentbrew,N/A,2026-06-13T01:11:18Z,https://careers.l3harris.com/en/job/wilmington/manager-program-finance/4832/95852668352,
L3Harris,"Lead, Supply Chain Program Manager",95740418512,"Northampton, MA",United States of America,,onsite,Lead,unknown,unknown,unknown,talentbrew,N/A,2026-06-13T01:11:18Z,https://careers.l3harris.com/en/job/northampton/lead-supply-chain-program-manager/4832/95740418512,
L3Harris,"Specialist, Subcontracts Program Manager",95740418464,"Northampton, MA",United States of America,,onsite,Manager,unknown,unknown,unknown,talentbrew,N/A,2026-06-13T01:11:18Z,https://careers.l3harris.com/en/job/northampton/specialist-subcontracts-program-manager/4832/95740418464,
L3Harris,Engineering Technician D,95693409616,"Cincinnati, OH",United States of America,,onsite,Mid,unknown,unknown,unknown,talentbrew,N/A,2026-06-13T01:11:18Z,https://careers.l3harris.com/en/job/cincinnati/engineering-technician-d/4832/95693409616,
L3Harris,"Specialist, Systems Engineering",95681848912,Multiple Locations,United States of America,,onsite,Mid,unknown,unknown,unknown,talentbrew,N/A,2026-06-13T01:11:18Z,https://careers.l3harris.com/en/job/canoga-park/specialist-systems-engineering/4832/95681848912,
L3Harris,"Lead, Contracts",95681848640,"Rochester, NY",United States of America,,onsite,Lead,unknown,unknown,unknown,talentbrew,N/A,2026-06-13T01:11:18Z,https://careers.l3harris.com/en/job/rochester/lead-contracts/4832/95681848640,
L3Harris,Integrated Product Team Lead,95676386656,"Orlando, FL",United States of America,,onsite,Lead,unknown,unknown,unknown,talentbrew,N/A,2026-06-13T01:11:18Z,https://careers.l3harris.com/en/job/orlando/integrated-product-team-lead/4832/95676386656,
L3Harris,"Senior Specialist, Program Scheduler",95676386512,"Waco, TX",United States of America,,onsite,Senior,unknown,unknown,unknown,talentbrew,N/A,2026-06-13T01:11:18Z,https://careers.l3harris.com/en/job/waco/senior-specialist-program-scheduler/4832/95676386512,
L3Harris,Program Finance Specialist,95676386352,"Colorado Springs, CO",United States of America,,onsite,Mid,unknown,unknown,unknown,talentbrew,N/A,2026-06-13T01:11:21Z,https://careers.l3harris.com/en/job/colorado-springs/program-finance-specialist/4832/95676386352,
L3Harris,Sr. Associate Environmental Test Maintenance,95671840512,"Clifton, NJ",United States of America,,onsite,Senior,unknown,unknown,unknown,talentbrew,N/A,2026-06-13T01:11:21Z,https://careers.l3harris.com/en/job/clifton/sr-associate-environmental-test-maintenance/4832/95671840512,
L3Harris,"Sr, Supervisor, Engineering Services",95671840464,"Loveland, CO",United States of America,,onsite,Mid,unknown,unknown,unknown,talentbrew,N/A,2026-06-13T01:11:21Z,https://careers.l3harris.com/en/job/loveland/sr-supervisor-engineering-services/4832/95671840464,
L3Harris,"Lead, Accountant",95651243440,"Brisbane, Queensland",United States of America,,onsite,Lead,unknown,unknown,unknown,talentbrew,N/A,2026-06-13T01:11:21Z,https://careers.l3harris.com/en/job/brisbane/lead-accountant/4832/95651243440,
L3Harris,"Senior Associate, Aerospace Engineer",95651243376,"Huntsville, AL",United States of America,,onsite,Senior,unknown,unknown,unknown,talentbrew,N/A,2026-06-13T01:11:21Z,https://careers.l3harris.com/en/job/huntsville/senior-associate-aerospace-engineer/4832/95651243376,
L3Harris,"Associate, Project Engineering",95651243264,"Canoga Park, CA",United States of America,,onsite,Junior,unknown,unknown,unknown,talentbrew,N/A,2026-06-13T01:11:21Z,https://careers.l3harris.com/en/job/canoga-park/associate-project-engineering/4832/95651243264,
L3Harris,"Specialist, Trade Compliance",95633912704,Multiple Locations,United States of America,,onsite,Mid,unknown,unknown,unknown,talentbrew,N/A,2026-06-13T01:11:21Z,https://careers.l3harris.com/en/job/rochester/specialist-trade-compliance/4832/95633912704,
L3Harris,San Diego and Carlsbad - Career Fair,95633912592,Multiple Locations,United States of America,,onsite,Mid,unknown,unknown,unknown,talentbrew,N/A,2026-06-13T01:11:21Z,https://careers.l3harris.com/en/job/carlsbad/san-diego-and-carlsbad-career-fair/4832/95633912592,
L3Harris,"(DoD SkillBridge), Engineering Technician B",95586861440,"Salt Lake City, UT",United States of America,,onsite,Mid,unknown,unknown,unknown,talentbrew,N/A,2026-06-13T01:11:21Z,https://careers.l3harris.com/en/job/salt-lake-city/dod-skillbridge-engineering-technician-b/4832/95586861440,
L3Harris,Field Service technician,95629389968,"Kirtland, NM",United States of America,,onsite,Mid,unknown,unknown,unknown,talentbrew,N/A,2026-06-13T01:11:21Z,https://careers.l3harris.com/en/job/kirtland/field-service-technician/4832/95629389968,
L3Harris,Linux Systems Administration,95629417920,"Melbourne, FL",United States of America,,onsite,Mid,unknown,unknown,unknown,talentbrew,N/A,2026-06-13T01:11:21Z,https://careers.l3harris.com/en/job/melbourne/linux-systems-administration/4832/95629417920,
L3Harris,Quality Technician B,95608262112,"Chula Vista, CA",United States of America,,onsite,Mid,unknown,unknown,unknown,talentbrew,N/A,2026-06-13T01:11:21Z,https://careers.l3harris.com/en/job/chula-vista/quality-technician-b/4832/95608262112,
L3Harris,Electrical CAD Design Drafter,95608262048,"Camden, NJ",United States of America,,onsite,Mid,unknown,unknown,unknown,talentbrew,N/A,2026-06-13T01:11:21Z,https://careers.l3harris.com/en/job/camden/electrical-cad-design-drafter/4832/95608262048,
L3Harris,Manufacturing Technician D,95608261920,"Cincinnati, OH",United States of America,,onsite,Mid,unknown,unknown,unknown,talentbrew,N/A,2026-06-13T01:11:21Z,https://careers.l3harris.com/en/job/cincinnati/manufacturing-technician-d/4832/95608261920,
L3Harris,"Sr Specialist, Structural Engineering",95608260896,"Canoga Park, CA",United States of America,,onsite,Senior,unknown,unknown,unknown,talentbrew,N/A,2026-06-13T01:11:21Z,https://careers.l3harris.com/en/job/canoga-park/sr-specialist-structural-engineering/4832/95608260896,
L3Harris,Global Trade Technical Senior Specialist 1,95596666592,Multiple Locations,United States of America,,onsite,Senior,unknown,unknown,unknown,talentbrew,N/A,2026-06-13T01:11:24Z,https://careers.l3harris.com/en/job/port-hueneme/global-trade-technical-senior-specialist-1/4832/95596666592,
L3Harris,"Lead, Systems Engineer (Program Chief Engineer)",95596665888,"Millersville, MD",United States of America,,onsite,Director,unknown,unknown,unknown,talentbrew,N/A,2026-06-13T01:11:24Z,https://careers.l3harris.com/en/job/millersville/lead-systems-engineer-program-chief-engineer/4832/95596665888,
L3Harris,"Lead, Info Security Systems Engineer",95591418848,"Colorado Springs, CO",United States of America,,onsite,Lead,unknown,unknown,unknown,talentbrew,N/A,2026-06-13T01:11:24Z,https://careers.l3harris.com/en/job/colorado-springs/lead-info-security-systems-engineer/4832/95591418848,
L3Harris,"Specialist, Project Engineer",95591418784,"Colorado Springs, CO",United States of America,,onsite,Mid,unknown,unknown,unknown,talentbrew,N/A,2026-06-13T01:11:24Z,https://careers.l3harris.com/en/job/colorado-springs/specialist-project-engineer/4832/95591418784,
L3Harris,Electrician - Maintenance,95340787808,"Clifton, NJ",United States of America,,onsite,Mid,unknown,unknown,unknown,talentbrew,N/A,2026-06-13T01:11:24Z,https://careers.l3harris.com/en/job/clifton/electrician-maintenance/4832/95340787808,
L3Harris,"Sr. Specialist, Government Compliance",95586834112,"Clifton, NJ",United States of America,,onsite,Senior,unknown,unknown,unknown,talentbrew,N/A,2026-06-13T01:11:24Z,https://careers.l3harris.com/en/job/clifton/sr-specialist-government-compliance/4832/95586834112,
L3Harris,"Senior Associate, Facility and Maintenance",95586861456,"Orange, VA",United States of America,,onsite,Senior,unknown,unknown,unknown,talentbrew,N/A,2026-06-13T01:11:24Z,https://careers.l3harris.com/en/job/orange/senior-associate-facility-and-maintenance/4832/95586861456,
L3Harris,"Trade Compliance, Specialist",95536811888,"Brisbane, Queensland",United States of America,,onsite,Mid,unknown,unknown,unknown,talentbrew,N/A,2026-06-13T01:11:24Z,https://careers.l3harris.com/en/job/brisbane/trade-compliance-specialist/4832/95536811888,
L3Harris,Test Technician,95524699984,"Cape Canaveral, FL",United States of America,,onsite,Mid,unknown,unknown,unknown,talentbrew,N/A,2026-06-13T01:11:24Z,https://careers.l3harris.com/en/job/cape-canaveral/test-technician/4832/95524699984,
L3Harris,"Specialist, Program Finance",95441285056,Multiple Locations,United States of America,,onsite,Mid,unknown,unknown,unknown,talentbrew,N/A,2026-06-13T01:11:24Z,https://careers.l3harris.com/en/job/huntsville/specialist-program-finance/4832/95441285056,
L3Harris,Financial Planning and Analysis Lead,95430067888,"Melbourne, FL",United States of America,,onsite,Mid,unknown,unknown,unknown,talentbrew,N/A,2026-06-13T01:11:24Z,https://careers.l3harris.com/en/job/melbourne/financial-planning-and-analysis-lead/4832/95430067888,
L3Harris,"Manager, Program Finance",95424821680,"Greenville, TX",United States of America,,onsite,Manager,unknown,unknown,unknown,talentbrew,N/A,2026-06-13T01:11:24Z,https://careers.l3harris.com/en/job/greenville/manager-program-finance/4832/95424821680,
L3Harris,"Lead, CAD Designer (Space Optical Systems) : Sign-on bonus ($30K max)",95424821536,"Wilmington, MA",United States of America,,onsite,Lead,unknown,unknown,unknown,talentbrew,N/A,2026-06-13T01:11:24Z,https://careers.l3harris.com/en/job/wilmington/lead-cad-designer-space-optical-systems-sign-on-bonus-30k-max/4832/95424821536,
L3Harris,Specialist Quality Engineer,95420295456,"Northampton, MA",United States of America,,onsite,Mid,unknown,unknown,unknown,talentbrew,N/A,2026-06-13T01:11:24Z,https://careers.l3harris.com/en/job/northampton/specialist-quality-engineer/4832/95420295456,
L3Harris,"Lead, Systems Engineer - Mission Protection",95399678800,"Springfield, Fairfax, VA",United States of America,,onsite,Lead,unknown,unknown,unknown,talentbrew,N/A,2026-06-13T01:11:24Z,https://careers.l3harris.com/en/job/springfield/lead-systems-engineer-mission-protection/4832/95399678800,
L3Harris,"Senior Security, Risk and Assurance Specialist",95399678576,"Melbourne, Victoria",United States of America,,onsite,Senior,unknown,unknown,unknown,talentbrew,N/A,2026-06-13T01:11:27Z,https://careers.l3harris.com/en/job/melbourne/senior-security-risk-and-assurance-specialist/4832/95399678576,
L3Harris,"Sr. Manager, Finance (FP&amp;A)",95399678320,"Anaheim, CA",United States of America,,onsite,Manager,unknown,unknown,unknown,talentbrew,N/A,2026-06-13T01:11:27Z,https://careers.l3harris.com/en/job/anaheim/sr-manager-finance-fp-and-a/4832/95399678320,
L3Harris,"Specialist, Quality Engineer",95399677840,"Clifton, NJ",United States of America,,onsite,Mid,unknown,unknown,unknown,talentbrew,N/A,2026-06-13T01:11:27Z,https://careers.l3harris.com/en/job/clifton/specialist-quality-engineer/4832/95399677840,
L3Harris,"Scientist, Chief Engineer - Mission Payloads (Optical Systems) : Sign-on bonus ($50K max)",95388160880,Multiple Locations,United States of America,,onsite,Director,unknown,unknown,unknown,talentbrew,N/A,2026-06-13T01:11:27Z,https://careers.l3harris.com/en/job/wilmington/scientist-chief-engineer-mission-payloads-optical-systems-sign-on-bonus-50k-max/4832/95388160880,
L3Harris,"Lead, Total Rewards (Palm Bay, FL)",95383071856,"Palm Bay, Brevard, FL",United States of America,,onsite,Lead,unknown,unknown,unknown,talentbrew,N/A,2026-06-13T01:11:27Z,https://careers.l3harris.com/en/job/palm-bay/lead-total-rewards-palm-bay-fl/4832/95383071856,
L3Harris,"Senior Associate, Mechanical Packaging Engineer",95383071776,"Orlando, FL",United States of America,,onsite,Senior,unknown,unknown,unknown,talentbrew,N/A,2026-06-13T01:11:27Z,https://careers.l3harris.com/en/job/orlando/senior-associate-mechanical-packaging-engineer/4832/95383071776,
L3Harris,"Senior Specialist , Env Health and Safety",95378318112,"Clifton, NJ",United States of America,,onsite,Senior,unknown,unknown,unknown,talentbrew,N/A,2026-06-13T01:11:27Z,https://careers.l3harris.com/en/job/clifton/senior-specialist-env-health-and-safety/4832/95378318112,
L3Harris,"Senior Specialist, Aircraft Maintenance - LSC",95378318064,"Oklahoma City, OK",United States of America,,onsite,Senior,unknown,unknown,unknown,talentbrew,N/A,2026-06-13T01:11:27Z,https://careers.l3harris.com/en/job/oklahoma-city/senior-specialist-aircraft-maintenance-lsc/4832/95378318064,
L3Harris,"Sr Spec, Space Enterprise Integration Coordinator - (TS/SCI)",95340787760,"Lompoc, CA",United States of America,,onsite,Senior,unknown,unknown,unknown,talentbrew,N/A,2026-06-13T01:11:27Z,https://careers.l3harris.com/en/job/lompoc/sr-spec-space-enterprise-integration-coordinator-ts-sci/4832/95340787760,
L3Harris,Sr. Manager Quality Management,95336249168,"Camden, NJ",United States of America,,onsite,Manager,unknown,unknown,unknown,talentbrew,N/A,2026-06-13T01:11:27Z,https://careers.l3harris.com/en/job/camden/sr-manager-quality-management/4832/95336249168,
L3Harris,Deputy Chief Program Engineer,95336249008,"Orlando, FL",United States of America,,onsite,Director,unknown,unknown,unknown,talentbrew,N/A,2026-06-13T01:11:27Z,https://careers.l3harris.com/en/job/orlando/deputy-chief-program-engineer/4832/95336249008,
L3Harris,"Specialist, Quality Engineering",95336248928,"Tucson, AZ",United States of America,,onsite,Mid,unknown,unknown,unknown,talentbrew,N/A,2026-06-13T01:11:27Z,https://careers.l3harris.com/en/job/tucson/specialist-quality-engineering/4832/95336248928,
L3Harris,Aircraft Maintenance D - A&amp;P Mechanic,95336248896,"Oklahoma City, OK",United States of America,,onsite,Mid,unknown,unknown,unknown,talentbrew,N/A,2026-06-13T01:11:27Z,https://careers.l3harris.com/en/job/oklahoma-city/aircraft-maintenance-d-a-and-p-mechanic/4832/95336248896,
L3Harris,"Senior Supervisor, Operations Management - Aircraft Electrical (2nd Shift)",95336248784,"Waco, TX",United States of America,,onsite,Senior,unknown,unknown,unknown,talentbrew,N/A,2026-06-13T01:11:27Z,https://careers.l3harris.com/en/job/waco/senior-supervisor-operations-management-aircraft-electrical-2nd-shift/4832/95336248784,
L3Harris,Electrical Assembler C,95336248752,"Huntsville, AL",United States of America,,onsite,Mid,unknown,unknown,unknown,talentbrew,N/A,2026-06-13T01:11:27Z,https://careers.l3harris.com/en/job/huntsville/electrical-assembler-c/4832/95336248752,
L3Harris,Mechanical Assembler C,95336248720,"Huntsville, AL",United States of America,,onsite,Mid,unknown,unknown,unknown,talentbrew,N/A,2026-06-13T01:11:30Z,https://careers.l3harris.com/en/job/huntsville/mechanical-assembler-c/4832/95336248720,
L3Harris,"Lead, Program Finance",95336248480,"Rochester, NY",United States of America,,onsite,Lead,unknown,unknown,unknown,talentbrew,N/A,2026-06-13T01:11:30Z,https://careers.l3harris.com/en/job/rochester/lead-program-finance/4832/95336248480,
L3Harris,Pricing Specialist,95315502848,"Cincinnati, OH",United States of America,,onsite,Mid,unknown,unknown,unknown,talentbrew,N/A,2026-06-13T01:11:30Z,https://careers.l3harris.com/en/job/cincinnati/pricing-specialist/4832/95315502848,
L3Harris,"Specialist, Program Finance",95315502544,"Yorba Linda, CA",United States of America,,onsite,Mid,unknown,unknown,unknown,talentbrew,N/A,2026-06-13T01:11:30Z,https://careers.l3harris.com/en/job/yorba-linda/specialist-program-finance/4832/95315502544,
L3Harris,Electronics Assembly Technician 3 (SMT) - 2ND SHIFT,95298993152,"Camden, NJ",United States of America,,onsite,Mid,unknown,unknown,unknown,talentbrew,N/A,2026-06-13T01:11:30Z,https://careers.l3harris.com/en/job/camden/electronics-assembly-technician-3-smt-2nd-shift/4832/95298993152,
L3Harris,"Senior Specialist, Contracts",95263602432,Multiple Locations,United States of America,,onsite,Senior,unknown,unknown,unknown,talentbrew,N/A,2026-06-13T01:11:30Z,https://careers.l3harris.com/en/job/waco/senior-specialist-contracts/4832/95263602432,
L3Harris,"Sr. Specialist, Contracts",95294388400,"Camden, NJ",United States of America,,onsite,Senior,unknown,unknown,unknown,talentbrew,N/A,2026-06-13T01:11:30Z,https://careers.l3harris.com/en/job/camden/sr-specialist-contracts/4832/95294388400,
L3Harris,"Sr. Associate, Mechanical Engineer",95294388272,"Camden, NJ",United States of America,,onsite,Senior,unknown,unknown,unknown,talentbrew,N/A,2026-06-13T01:11:30Z,https://careers.l3harris.com/en/job/camden/sr-associate-mechanical-engineer/4832/95294388272,
L3Harris,"Sr. Specialist, Mechanical Engineer",95294388208,"Camden, NJ",United States of America,,onsite,Senior,unknown,unknown,unknown,talentbrew,N/A,2026-06-13T01:11:30Z,https://careers.l3harris.com/en/job/camden/sr-specialist-mechanical-engineer/4832/95294388208,
L3Harris,"Specialist, Manufacturing Engineer",95294388144,"Canoga Park, CA",United States of America,,onsite,Mid,unknown,unknown,unknown,talentbrew,N/A,2026-06-13T01:11:30Z,https://careers.l3harris.com/en/job/canoga-park/specialist-manufacturing-engineer/4832/95294388144,
L3Harris,Engineering Technician E,95294387312,"Salt Lake City, UT",United States of America,,onsite,Mid,unknown,unknown,unknown,talentbrew,N/A,2026-06-13T01:11:30Z,https://careers.l3harris.com/en/job/salt-lake-city/engineering-technician-e/4832/95294387312,
L3Harris,"Senior Specialist, Proposal Pricing",95263602480,"Melbourne, FL",United States of America,,onsite,Senior,unknown,unknown,unknown,talentbrew,N/A,2026-06-13T01:11:30Z,https://careers.l3harris.com/en/job/melbourne/senior-specialist-proposal-pricing/4832/95263602480,
L3Harris,"Sr. Specialist, Aerospace Engineering - Turbo Machinery",95263602448,"Canoga Park, CA",United States of America,,onsite,Senior,unknown,unknown,unknown,talentbrew,N/A,2026-06-13T01:11:30Z,https://careers.l3harris.com/en/job/canoga-park/sr-specialist-aerospace-engineering-turbo-machinery/4832/95263602448,
L3Harris,"Lead, Technical Training - Aircrew Ground Instructor Weapons System Officer (WSO)",95263602416,"Oklahoma City, OK",United States of America,,onsite,Lead,unknown,unknown,unknown,talentbrew,N/A,2026-06-13T01:11:30Z,https://careers.l3harris.com/en/job/oklahoma-city/lead-technical-training-aircrew-ground-instructor-weapons-system-officer-wso/4832/95263602416,
L3Harris,"Lead, Technical Training - Aircrew Ground Instructor Pilot",95263602400,"Oklahoma City, OK",United States of America,,onsite,Lead,unknown,unknown,unknown,talentbrew,N/A,2026-06-13T01:11:30Z,https://careers.l3harris.com/en/job/oklahoma-city/lead-technical-training-aircrew-ground-instructor-pilot/4832/95263602400,
L3Harris,"Specialist, Quality Engineer (Program Quality)",95253515600,"Camden, NJ",United States of America,,onsite,Mid,unknown,unknown,unknown,talentbrew,N/A,2026-06-13T01:11:33Z,https://careers.l3harris.com/en/job/camden/specialist-quality-engineer-program-quality/4832/95253515600,
L3Harris,"Manager, Facilities",95253515584,"Camden, NJ",United States of America,,onsite,Manager,unknown,unknown,unknown,talentbrew,N/A,2026-06-13T01:11:33Z,https://careers.l3harris.com/en/job/camden/manager-facilities/4832/95253515584,
L3Harris,"Specialist, Program Finance",95133441712,Multiple Locations,United States of America,,onsite,Mid,unknown,unknown,unknown,talentbrew,N/A,2026-06-13T01:11:33Z,https://careers.l3harris.com/en/job/huntsville/specialist-program-finance/4832/95133441712,
L3Harris,Lead Material &amp; Process Engineer,95091824752,"Orange, VA",United States of America,,onsite,Lead,unknown,unknown,unknown,talentbrew,N/A,2026-06-13T01:11:33Z,https://careers.l3harris.com/en/job/orange/lead-material-and-process-engineer/4832/95091824752,
L3Harris,"Specialist, Program Finance",95091824736,"Camden, NJ",United States of America,,onsite,Mid,unknown,unknown,unknown,talentbrew,N/A,2026-06-13T01:11:33Z,https://careers.l3harris.com/en/job/camden/specialist-program-finance/4832/95091824736,
L3Harris,"Specialist, Cutting Tool Design Engineer",95066230368,"Canoga Park, CA",United States of America,,onsite,Mid,unknown,unknown,unknown,talentbrew,N/A,2026-06-13T01:11:33Z,https://careers.l3harris.com/en/job/canoga-park/specialist-cutting-tool-design-engineer/4832/95066230368,
L3Harris,Specialist Program Finance,95045858128,"Norfolk, VA",United States of America,,onsite,Mid,unknown,unknown,unknown,talentbrew,N/A,2026-06-13T01:11:33Z,https://careers.l3harris.com/en/job/norfolk/specialist-program-finance/4832/95045858128,
L3Harris,"Senior Specialist, Subcontracts",95045857840,"Orlando, FL",United States of America,,onsite,Senior,unknown,unknown,unknown,talentbrew,N/A,2026-06-13T01:11:33Z,https://careers.l3harris.com/en/job/orlando/senior-specialist-subcontracts/4832/95045857840,
L3Harris,Senior Supervisor Operations Manager,95045857488,"Camden, NJ",United States of America,,onsite,Manager,unknown,unknown,unknown,talentbrew,N/A,2026-06-13T01:11:33Z,https://careers.l3harris.com/en/job/camden/senior-supervisor-operations-manager/4832/95045857488,
L3Harris,Sr. Associate Process Welding Engineer,95045857792,"Canoga Park, CA",United States of America,,onsite,Senior,unknown,unknown,unknown,talentbrew,N/A,2026-06-13T01:11:33Z,https://careers.l3harris.com/en/job/canoga-park/sr-associate-process-welding-engineer/4832/95045857792,
L3Harris,"Senior Specialist, Field Engineering",95016238416,"Clinton, MD",United States of America,,onsite,Senior,unknown,unknown,unknown,talentbrew,N/A,2026-06-13T01:11:33Z,https://careers.l3harris.com/en/job/clinton/senior-specialist-field-engineering/4832/95016238416,
L3Harris,"Senior Specialist, Electrical Engineer",95016238176,"Tulsa, OK",United States of America,,onsite,Senior,unknown,unknown,unknown,talentbrew,N/A,2026-06-13T01:11:33Z,https://careers.l3harris.com/en/job/tulsa/senior-specialist-electrical-engineer/4832/95016238176,
L3Harris,"Senior Specialist, Mechanical Engineer",95016238096,"Tulsa, OK",United States of America,,onsite,Senior,unknown,unknown,unknown,talentbrew,N/A,2026-06-13T01:11:33Z,https://careers.l3harris.com/en/job/tulsa/senior-specialist-mechanical-engineer/4832/95016238096,
L3Harris,"Specialist, Mechanical Engineer",95016238064,"Tulsa, OK",United States of America,,onsite,Mid,unknown,unknown,unknown,talentbrew,N/A,2026-06-13T01:11:33Z,https://careers.l3harris.com/en/job/tulsa/specialist-mechanical-engineer/4832/95016238064,
L3Harris,"Specialist, Mechanical Engineer",95011355408,"Ashaway, RI",United States of America,,onsite,Mid,unknown,unknown,unknown,talentbrew,N/A,2026-06-13T01:11:33Z,https://careers.l3harris.com/en/job/ashaway/specialist-mechanical-engineer/4832/95011355408,
L3Harris,"(DoD SkillBridge), Inventory Management Support D (Transportation)",95011355152,"Palm Bay, Brevard, FL",United States of America,,onsite,Mid,unknown,unknown,unknown,talentbrew,N/A,2026-06-13T01:11:36Z,https://careers.l3harris.com/en/job/palm-bay/dod-skillbridge-inventory-management-support-d-transportation/4832/95011355152,
L3Harris,"Specialist, Production Planner (OPM)",94987583856,"Camden, NJ",United States of America,,onsite,Mid,unknown,unknown,unknown,talentbrew,N/A,2026-06-13T01:11:36Z,https://careers.l3harris.com/en/job/camden/specialist-production-planner-opm/4832/94987583856,
L3Harris,"Lead, Systems Sofware Engineer",94987583424,Remote,United States of America,,remote,Lead,unknown,unknown,unknown,talentbrew,N/A,2026-06-13T01:11:36Z,https://careers.l3harris.com/en/job/united-states/lead-systems-sofware-engineer/4832/94987583424,
L3Harris,"Sr Specialist, Systems Engineer (Space Systems) - MBSE : Sign-on bonus ($20K max)",94967636832,"Wilmington, MA",United States of America,,onsite,Senior,unknown,unknown,unknown,talentbrew,N/A,2026-06-13T01:11:36Z,https://careers.l3harris.com/en/job/wilmington/sr-specialist-systems-engineer-space-systems-mbse-sign-on-bonus-20k-max/4832/94967636832,
L3Harris,Dimensional Inspector D,94967636688,"Redmond, WA",United States of America,,onsite,Mid,unknown,unknown,unknown,talentbrew,N/A,2026-06-13T01:11:36Z,https://careers.l3harris.com/en/job/redmond/dimensional-inspector-d/4832/94967636688,
L3Harris,"Lead, Program Finance",96179150544,Multiple Locations,United States of America,,onsite,Lead,unknown,unknown,unknown,talentbrew,N/A,2026-06-13T01:11:36Z,https://careers.l3harris.com/en/job/rochester/lead-program-finance/4832/96179150544,
L3Harris,Specialist Procurement,96179150112,Multiple Locations,United States of America,,onsite,Mid,unknown,unknown,unknown,talentbrew,N/A,2026-06-13T01:11:36Z,https://careers.l3harris.com/en/job/anaheim/specialist-procurement/4832/96179150112,
L3Harris,"Senior Specialist, Aerospace Engineering - Combustion",95263602336,"Canoga Park, CA",United States of America,,onsite,Senior,unknown,unknown,unknown,talentbrew,N/A,2026-06-13T01:11:36Z,https://careers.l3harris.com/en/job/canoga-park/senior-specialist-aerospace-engineering-combustion/4832/95263602336,
L3Harris,"Senior Specialist, HR Business Partner",94696706720,Multiple Locations,United States of America,,onsite,Senior,unknown,unknown,unknown,talentbrew,N/A,2026-06-13T01:11:36Z,https://careers.l3harris.com/en/job/plano/senior-specialist-hr-business-partner/4832/94696706720,
L3Harris,"Sr Supervisor, Operations Management",93923526912,"Tempe, AZ",United States of America,,onsite,Senior,unknown,unknown,unknown,talentbrew,N/A,2026-06-13T01:11:36Z,https://careers.l3harris.com/en/job/tempe/sr-supervisor-operations-management/4832/93923526912,
L3Harris,"Senior Specialist, Category Management",96173836064,Multiple Locations,United States of America,,onsite,Senior,unknown,unknown,unknown,talentbrew,N/A,2026-06-13T01:11:36Z,https://careers.l3harris.com/en/job/anaheim/senior-specialist-category-management/4832/96173836064,
L3Harris,Lead Project Engineer,96058934000,"Canoga Park, CA",United States of America,,onsite,Lead,unknown,unknown,unknown,talentbrew,N/A,2026-06-13T01:11:36Z,https://careers.l3harris.com/en/job/canoga-park/lead-project-engineer/4832/96058934000,
L3Harris,"Specialist, Systems Engineering - Space Intelligence Analyst",96035579568,"Springfield, Fairfax, VA",United States of America,,onsite,Mid,unknown,unknown,unknown,talentbrew,N/A,2026-06-13T01:11:36Z,https://careers.l3harris.com/en/job/springfield/specialist-systems-engineering-space-intelligence-analyst/4832/96035579568,
L3Harris,"Specialist, Integration / Test Engineering (Air Traffic Management)",95944197600,"Greenville, TX",United States of America,,onsite,Mid,unknown,unknown,unknown,talentbrew,N/A,2026-06-13T01:11:36Z,https://careers.l3harris.com/en/job/greenville/specialist-integration-test-engineering-air-traffic-management/4832/95944197600,
L3Harris,Inventory Analyst,95294387712,"Salt Lake City, UT",United States of America,,onsite,Mid,unknown,unknown,unknown,talentbrew,N/A,2026-06-13T01:11:36Z,https://careers.l3harris.com/en/job/salt-lake-city/inventory-analyst/4832/95294387712,
L3Harris,Field Technician,95903726112,"Memphis, TN",United States of America,,onsite,Mid,unknown,unknown,unknown,talentbrew,N/A,2026-06-13T01:11:39Z,https://careers.l3harris.com/en/job/memphis/field-technician/4832/95903726112,
L3Harris,"Sr. Associate, Production Planner",95898727760,"Redmond, WA",United States of America,,onsite,Senior,unknown,unknown,unknown,talentbrew,N/A,2026-06-13T01:11:39Z,https://careers.l3harris.com/en/job/redmond/sr-associate-production-planner/4832/95898727760,
L3Harris,Electronic Assembler,95898727680,"Salt Lake City, UT",United States of America,,onsite,Mid,unknown,unknown,unknown,talentbrew,N/A,2026-06-13T01:11:39Z,https://careers.l3harris.com/en/job/salt-lake-city/electronic-assembler/4832/95898727680,
L3Harris,"Associate Manager, Supplier Quality Engineering",95898756272,"Alpharetta, GA",United States of America,,onsite,Manager,unknown,unknown,unknown,talentbrew,N/A,2026-06-13T01:11:39Z,https://careers.l3harris.com/en/job/alpharetta/associate-manager-supplier-quality-engineering/4832/95898756272,
L3Harris,"Specialist, Systems Engineer - Watch Officer",95876326224,"Springfield, Fairfax, VA",United States of America,,onsite,Mid,unknown,unknown,unknown,talentbrew,N/A,2026-06-13T01:11:39Z,https://careers.l3harris.com/en/job/springfield/specialist-systems-engineer-watch-officer/4832/95876326224,
L3Harris,"Senior Specialist, Trade Compliance",95087265408,Multiple Locations,United States of America,,onsite,Senior,unknown,unknown,unknown,talentbrew,N/A,2026-06-13T01:11:39Z,https://careers.l3harris.com/en/job/arlington/senior-specialist-trade-compliance/4832/95087265408,
L3Harris,Electronics Assembly Technician 3 Tester - 2nd Shift 1,95424821488,"Camden, NJ",United States of America,,onsite,Mid,unknown,unknown,unknown,talentbrew,N/A,2026-06-13T01:11:39Z,https://careers.l3harris.com/en/job/camden/electronics-assembly-technician-3-tester-2nd-shift-1/4832/95424821488,
L3Harris,"Specialist, Project Engineering (Space Systems) : Sign-on bonus ($15K max)",95420295408,"Wilmington, MA",United States of America,,onsite,Mid,unknown,unknown,unknown,talentbrew,N/A,2026-06-13T01:11:39Z,https://careers.l3harris.com/en/job/wilmington/specialist-project-engineering-space-systems-sign-on-bonus-15k-max/4832/95420295408,
L3Harris,"Lead, Program Finance",95420295360,Multiple Locations,United States of America,,onsite,Lead,unknown,unknown,unknown,talentbrew,N/A,2026-06-13T01:11:39Z,https://careers.l3harris.com/en/job/palm-bay/lead-program-finance/4832/95420295360,
L3Harris,"Sr. Associate Quality Job Title: Specialist, Quality Process Engineer - Zeiss Calypso CMM Programmer",95340787728,"Canoga Park, CA",United States of America,,onsite,Senior,unknown,unknown,unknown,talentbrew,N/A,2026-06-13T01:11:39Z,https://careers.l3harris.com/en/job/canoga-park/sr-associate-quality-job-title-specialist-quality-process-engineer-zeiss-calypso-cmm-programmer/4832/95340787728,
L3Harris,"Director, Finance - Pricing",95298993120,Multiple Locations,United States of America,,onsite,Director,unknown,unknown,unknown,talentbrew,N/A,2026-06-13T01:11:39Z,https://careers.l3harris.com/en/job/plano/director-finance-pricing/4832/95298993120,
L3Harris,Field Technician,95285993280,"Colorado Springs, CO",United States of America,,onsite,Mid,unknown,unknown,unknown,talentbrew,N/A,2026-06-13T01:11:39Z,https://careers.l3harris.com/en/job/colorado-springs/field-technician/4832/95285993280,
L3Harris,"Senior Specialist, Production Scheduling &amp; Planning",95096768480,"Wilmington, MA",United States of America,,onsite,Senior,unknown,unknown,unknown,talentbrew,N/A,2026-06-13T01:11:39Z,https://careers.l3harris.com/en/job/wilmington/senior-specialist-production-scheduling-and-planning/4832/95096768480,
L3Harris,Electronic Assembler,95091824672,"Salt Lake City, UT",United States of America,,onsite,Mid,unknown,unknown,unknown,talentbrew,N/A,2026-06-13T01:11:39Z,https://careers.l3harris.com/en/job/salt-lake-city/electronic-assembler/4832/95091824672,
L3Harris,Supplier Quality Technician C,95087224656,"Cincinnati, OH",United States of America,,onsite,Mid,unknown,unknown,unknown,talentbrew,N/A,2026-06-13T01:11:39Z,https://careers.l3harris.com/en/job/cincinnati/supplier-quality-technician-c/4832/95087224656,
L3Harris,"Specialist, Mechanical Engineer - Dynamics Analyst (Space Optical Systems)",95087265424,"Rochester, NY",United States of America,,onsite,Mid,unknown,unknown,unknown,talentbrew,N/A,2026-06-13T01:11:42Z,https://careers.l3harris.com/en/job/rochester/specialist-mechanical-engineer-dynamics-analyst-space-optical-systems/4832/95087265424,
L3Harris,"Lead, Mechanical Engineer - Structural Analyst (Space Systems)",95011355424,"Rochester, NY",United States of America,,onsite,Lead,unknown,unknown,unknown,talentbrew,N/A,2026-06-13T01:11:42Z,https://careers.l3harris.com/en/job/rochester/lead-mechanical-engineer-structural-analyst-space-systems/4832/95011355424,
L3Harris,"Lead, Integration &amp; Test Engineering (Space-Based Optical Systems) : Sign-on bonus ($30K max)",95011355120,"Wilmington, MA",United States of America,,onsite,Lead,unknown,unknown,unknown,talentbrew,N/A,2026-06-13T01:11:42Z,https://careers.l3harris.com/en/job/wilmington/lead-integration-and-test-engineering-space-based-optical-systems-sign-on-bonus-30k-max/4832/95011355120,
L3Harris,Cloud Solutions Architect,94998761056,"Herndon, VA",United States of America,,onsite,Principal,unknown,unknown,unknown,talentbrew,N/A,2026-06-13T01:11:42Z,https://careers.l3harris.com/en/job/herndon/cloud-solutions-architect/4832/94998761056,
L3Harris,"Specialist, Cloud Information Security Systems Engineer",94818413008,"Melbourne, FL",United States of America,,onsite,Mid,unknown,unknown,unknown,talentbrew,N/A,2026-06-13T01:11:42Z,https://careers.l3harris.com/en/job/melbourne/specialist-cloud-information-security-systems-engineer/4832/94818413008,
L3Harris,Electronics Test Technician,94818412960,"Salt Lake City, UT",United States of America,,onsite,Mid,unknown,unknown,unknown,talentbrew,N/A,2026-06-13T01:11:42Z,https://careers.l3harris.com/en/job/salt-lake-city/electronics-test-technician/4832/94818412960,
L3Harris,Information Security Systems Engineering,93765014992,"Melbourne, FL",United States of America,,onsite,Mid,unknown,unknown,unknown,talentbrew,N/A,2026-06-13T01:11:42Z,https://careers.l3harris.com/en/job/melbourne/information-security-systems-engineering/4832/93765014992,
L3Harris,"Lead, Electrical Engineer",94293566864,"Carlsbad, CA",United States of America,,onsite,Lead,unknown,unknown,unknown,talentbrew,N/A,2026-06-13T01:11:42Z,https://careers.l3harris.com/en/job/carlsbad/lead-electrical-engineer/4832/94293566864,
L3Harris,"Senior Supervisor, Operations Management",95591418336,"Waco, TX",United States of America,,onsite,Senior,unknown,unknown,unknown,talentbrew,N/A,2026-06-13T01:11:42Z,https://careers.l3harris.com/en/job/waco/senior-supervisor-operations-management/4832/95591418336,
L3Harris,"Specialist, Integration and Test Engineering",94967636880,"Palm Bay, Brevard, FL",United States of America,,onsite,Mid,unknown,unknown,unknown,talentbrew,N/A,2026-06-13T01:11:42Z,https://careers.l3harris.com/en/job/palm-bay/specialist-integration-and-test-engineering/4832/94967636880,
L3Harris,Specialist Procurement,95994967056,Multiple Locations,United States of America,,onsite,Mid,unknown,unknown,unknown,talentbrew,N/A,2026-06-13T01:11:42Z,https://careers.l3harris.com/en/job/camden/specialist-procurement/4832/95994967056,
L3Harris,"Director, Supply Chain Management - Secret Clearance Required",92958442464,Multiple Locations,United States of America,,onsite,Director,unknown,unknown,unknown,talentbrew,N/A,2026-06-13T01:11:42Z,https://careers.l3harris.com/en/job/anaheim/director-supply-chain-management-secret-clearance-required/4832/92958442464,
L3Harris,Lead Subcontracts,93731657856,"Camden, NJ",United States of America,,onsite,Lead,unknown,unknown,unknown,talentbrew,N/A,2026-06-13T01:11:42Z,https://careers.l3harris.com/en/job/camden/lead-subcontracts/4832/93731657856,
L3Harris,"Principal, Supply Chain Program Management",94784117840,"Palm Bay, Brevard, FL",United States of America,,onsite,Principal,unknown,unknown,unknown,talentbrew,N/A,2026-06-13T01:11:42Z,https://careers.l3harris.com/en/job/palm-bay/principal-supply-chain-program-management/4832/94784117840,
L3Harris,Principal Capture Manager,94794598400,"Palm Bay, Brevard, FL",United States of America,,onsite,Principal,unknown,unknown,unknown,talentbrew,N/A,2026-06-13T01:11:42Z,https://careers.l3harris.com/en/job/palm-bay/principal-capture-manager/4832/94794598400,
L3Harris,Proposal Operations Manager,93971472368,Multiple Locations,United States of America,,onsite,Manager,unknown,unknown,unknown,talentbrew,N/A,2026-06-13T01:11:45Z,https://careers.l3harris.com/en/job/colorado-springs/proposal-operations-manager/4832/93971472368,
L3Harris,Sales Engineer,94445622592,"Makati City, Metro Manila",United States of America,,onsite,Mid,unknown,unknown,unknown,talentbrew,N/A,2026-06-13T01:11:45Z,https://careers.l3harris.com/en/job/makati-city/sales-engineer/4832/94445622592,
L3Harris,Field Technician,93990019088,"Aurora, IL",United States of America,,onsite,Mid,unknown,unknown,unknown,talentbrew,N/A,2026-06-13T01:11:45Z,https://careers.l3harris.com/en/job/aurora/field-technician/4832/93990019088,
L3Harris,Field Technician,93990019056,"Aurora, IL",United States of America,,onsite,Mid,unknown,unknown,unknown,talentbrew,N/A,2026-06-13T01:11:45Z,https://careers.l3harris.com/en/job/aurora/field-technician/4832/93990019056,
L3Harris,Field Technician,93429986432,"Hilliard, FL",United States of America,,onsite,Mid,unknown,unknown,unknown,talentbrew,N/A,2026-06-13T01:11:45Z,https://careers.l3harris.com/en/job/hilliard/field-technician/4832/93429986432,
L3Harris,"Principal, Business Development - Position Navigation and Timing (PNT)",93173119888,Multiple Locations,United States of America,,onsite,Principal,unknown,unknown,unknown,talentbrew,N/A,2026-06-13T01:11:45Z,https://careers.l3harris.com/en/job/los-angeles/principal-business-development-position-navigation-and-timing-pnt/4832/93173119888,
L3Harris,Lead Business Development,94454495808,"Fall River, MA",United States of America,,onsite,Lead,unknown,unknown,unknown,talentbrew,N/A,2026-06-13T01:11:45Z,https://careers.l3harris.com/en/job/fall-river/lead-business-development/4832/94454495808,
L3Harris,"Director, Business Development",93369466240,Multiple Locations,United States of America,,onsite,Director,unknown,unknown,unknown,talentbrew,N/A,2026-06-13T01:11:45Z,https://careers.l3harris.com/en/job/palm-bay/director-business-development/4832/93369466240,
L3Harris,"Senior Specialist, Business Development",94454496080,"Cincinnati, OH",United States of America,,onsite,Senior,unknown,unknown,unknown,talentbrew,N/A,2026-06-13T01:11:45Z,https://careers.l3harris.com/en/job/cincinnati/senior-specialist-business-development/4832/94454496080,
L3Harris,Inventory Management Support C,95050686496,"Providence, RI",United States of America,,onsite,Mid,unknown,unknown,unknown,talentbrew,N/A,2026-06-13T01:11:45Z,https://careers.l3harris.com/en/job/providence/inventory-management-support-c/4832/95050686496,
L3Harris,"Specialist, Quality Engineering",92590609248,"Cincinnati, OH",United States of America,,onsite,Mid,unknown,unknown,unknown,talentbrew,N/A,2026-06-13T01:11:45Z,https://careers.l3harris.com/en/job/cincinnati/specialist-quality-engineering/4832/92590609248,
L3Harris,Packaging Designer,94577360128,"Camden, NJ",United States of America,,onsite,Mid,unknown,unknown,unknown,talentbrew,N/A,2026-06-13T01:11:45Z,https://careers.l3harris.com/en/job/camden/packaging-designer/4832/94577360128,
L3Harris,"Principal, Project Manager",93458626688,Multiple Locations,United States of America,,onsite,Principal,unknown,unknown,unknown,talentbrew,N/A,2026-06-13T01:11:45Z,https://careers.l3harris.com/en/job/lexington-park/principal-project-manager/4832/93458626688,
L3Harris,"Manager, Systems Engineering",93990018944,Multiple Locations,United States of America,,onsite,Manager,unknown,unknown,unknown,talentbrew,N/A,2026-06-13T01:11:45Z,https://careers.l3harris.com/en/job/lynchburg/manager-systems-engineering/4832/93990018944,
L3Harris,"Scientist, Systems Engineering",94705807280,"Rochester, NY",United States of America,,onsite,Mid,unknown,unknown,unknown,talentbrew,N/A,2026-06-13T01:11:45Z,https://careers.l3harris.com/en/job/rochester/scientist-systems-engineering/4832/94705807280,
L3Harris,"Specialist, Optical Engineering",94700996624,"Rochester, NY",United States of America,,onsite,Mid,unknown,unknown,unknown,talentbrew,N/A,2026-06-13T01:11:48Z,https://careers.l3harris.com/en/job/rochester/specialist-optical-engineering/4832/94700996624,
L3Harris,"Senior Specialist, Optical Engineer - MA - Up to 20k Sign-On Bonus",94454495856,"Wilmington, MA",United States of America,,onsite,Senior,unknown,unknown,unknown,talentbrew,N/A,2026-06-13T01:11:48Z,https://careers.l3harris.com/en/job/wilmington/senior-specialist-optical-engineer-ma-up-to-20k-sign-on-bonus/4832/94454495856,
L3Harris,"Senior Specialist, Optical Engineering - Up to 20k Sign-On Bonus",94449734016,"Wilmington, MA",United States of America,,onsite,Senior,unknown,unknown,unknown,talentbrew,N/A,2026-06-13T01:11:48Z,https://careers.l3harris.com/en/job/wilmington/senior-specialist-optical-engineering-up-to-20k-sign-on-bonus/4832/94449734016,
L3Harris,Assembly C,93239586832,"Anaheim, CA",United States of America,,onsite,Mid,unknown,unknown,unknown,talentbrew,N/A,2026-06-13T01:11:48Z,https://careers.l3harris.com/en/job/anaheim/assembly-c/4832/93239586832,
L3Harris,"Lead, Optical Engineering (Space Systems) - Up to 30k Sign-On Bonus",94183109600,"Wilmington, MA",United States of America,,onsite,Lead,unknown,unknown,unknown,talentbrew,N/A,2026-06-13T01:11:48Z,https://careers.l3harris.com/en/job/wilmington/lead-optical-engineering-space-systems-up-to-30k-sign-on-bonus/4832/94183109600,
L3Harris,"Scientist, Optical Engineering  (Space Optical Systems) - Up to 50k Sign-On Bonus",94183109504,"Wilmington, MA",United States of America,,onsite,Mid,unknown,unknown,unknown,talentbrew,N/A,2026-06-13T01:11:48Z,https://careers.l3harris.com/en/job/wilmington/scientist-optical-engineering-space-optical-systems-up-to-50k-sign-on-bonus/4832/94183109504,
L3Harris,Electro-Optical Technician B - (Afternoon Shift),84749734160,"Waterdown, Ontario",Canada,,onsite,Mid,unknown,unknown,unknown,talentbrew,N/A,2026-06-13T01:11:48Z,https://careers.l3harris.com/en/job/waterdown/electro-optical-technician-b-afternoon-shift/4832/84749734160,
L3Harris,Project Engineer,94464679808,"Fremantle, Western Australia",United States of America,,onsite,Mid,unknown,unknown,unknown,talentbrew,N/A,2026-06-13T01:11:48Z,https://careers.l3harris.com/en/job/fremantle/project-engineer/4832/94464679808,
L3Harris,"Trade Compliance, Senior Specialist",94794598944,"Brisbane, Queensland",United States of America,,onsite,Senior,unknown,unknown,unknown,talentbrew,N/A,2026-06-13T01:11:48Z,https://careers.l3harris.com/en/job/brisbane/trade-compliance-senior-specialist/4832/94794598944,
L3Harris,"Specialist, Contracts",93782747168,"Salt Lake City, UT",United States of America,,onsite,Mid,unknown,unknown,unknown,talentbrew,N/A,2026-06-13T01:11:48Z,https://careers.l3harris.com/en/job/salt-lake-city/specialist-contracts/4832/93782747168,
L3Harris,"Senior Specialist, Contracts",93914796080,"Anaheim, CA",United States of America,,onsite,Senior,unknown,unknown,unknown,talentbrew,N/A,2026-06-13T01:11:48Z,https://careers.l3harris.com/en/job/anaheim/senior-specialist-contracts/4832/93914796080,
L3Harris,"Principal, Counsel",92325396432,Multiple Locations,United States of America,,onsite,Principal,unknown,unknown,unknown,talentbrew,N/A,2026-06-13T01:11:48Z,https://careers.l3harris.com/en/job/greenville/principal-counsel/4832/92325396432,
L3Harris,"Senior Specialist, Contracts",93933948992,"Cincinnati, OH",United States of America,,onsite,Senior,unknown,unknown,unknown,talentbrew,N/A,2026-06-13T01:11:48Z,https://careers.l3harris.com/en/job/cincinnati/senior-specialist-contracts/4832/93933948992,
L3Harris,"Specialist, Quality Engineer(Program)",92384413056,"Camden, NJ",United States of America,,onsite,Mid,unknown,unknown,unknown,talentbrew,N/A,2026-06-13T01:11:48Z,https://careers.l3harris.com/en/job/camden/specialist-quality-engineer-program/4832/92384413056,
L3Harris,ASIC/FPGA Design Engineer (SMES),91814640672,"Camden, NJ",United States of America,,onsite,Mid,unknown,unknown,unknown,talentbrew,N/A,2026-06-13T01:11:48Z,https://careers.l3harris.com/en/job/camden/asic-fpga-design-engineer-smes/4832/91814640672,
L3Harris,"Specialist, Systems Engineer - RC-135 Computer Systems Administrator",94853045520,"Offutt Air Force Base, Sarpy, NE",United States of America,,onsite,Mid,unknown,unknown,unknown,talentbrew,N/A,2026-06-13T01:11:51Z,https://careers.l3harris.com/en/job/offutt-air-force-base/specialist-systems-engineer-rc-135-computer-systems-administrator/4832/94853045520,
L3Harris,"Lead, Electrical Engineering - MEMS Subject",94862511424,Multiple Locations,United States of America,,onsite,Lead,unknown,unknown,unknown,talentbrew,N/A,2026-06-13T01:11:51Z,https://careers.l3harris.com/en/job/herndon/lead-electrical-engineering-mems-subject/4832/94862511424,
L3Harris,"Senior Specialist, Quality Engineer - Program Quality",94794598880,"Camden, NJ",United States of America,,onsite,Senior,unknown,unknown,unknown,talentbrew,N/A,2026-06-13T01:11:51Z,https://careers.l3harris.com/en/job/camden/senior-specialist-quality-engineer-program-quality/4832/94794598880,
L3Harris,"Lead, Mechanical Engineer",94834111728,"Fall River, MA",United States of America,,onsite,Lead,unknown,unknown,unknown,talentbrew,N/A,2026-06-13T01:11:51Z,https://careers.l3harris.com/en/job/fall-river/lead-mechanical-engineer/4832/94834111728,
L3Harris,"Specialist, Propulsion System/Rocket Test Engineer",94784117744,"Orange, VA",United States of America,,onsite,Mid,unknown,unknown,unknown,talentbrew,N/A,2026-06-13T01:11:51Z,https://careers.l3harris.com/en/job/orange/specialist-propulsion-system-rocket-test-engineer/4832/94784117744,
L3Harris,"Senior Associate, Supplier Quality Engineering",94813992448,"Alpharetta, GA",United States of America,,onsite,Senior,unknown,unknown,unknown,talentbrew,N/A,2026-06-13T01:11:51Z,https://careers.l3harris.com/en/job/alpharetta/senior-associate-supplier-quality-engineering/4832/94813992448,
L3Harris,"Specialist, Quality Engineer",94779302192,"Canoga Park, CA",United States of America,,onsite,Mid,unknown,unknown,unknown,talentbrew,N/A,2026-06-13T01:11:51Z,https://careers.l3harris.com/en/job/canoga-park/specialist-quality-engineer/4832/94779302192,
L3Harris,"Senior Specialist, Program Finance",94853045328,"Greenville, TX",United States of America,,onsite,Senior,unknown,unknown,unknown,talentbrew,N/A,2026-06-13T01:11:51Z,https://careers.l3harris.com/en/job/greenville/senior-specialist-program-finance/4832/94853045328,
L3Harris,"Lead, Government Compliance",94762509680,"Sacramento, CA",United States of America,,onsite,Lead,unknown,unknown,unknown,talentbrew,N/A,2026-06-13T01:11:51Z,https://careers.l3harris.com/en/job/sacramento/lead-government-compliance/4832/94762509680,
L3Harris,"Senior Manager, Electrical Engineering",95133441728,Multiple Locations,United States of America,,onsite,Manager,unknown,unknown,unknown,talentbrew,N/A,2026-06-13T01:11:51Z,https://careers.l3harris.com/en/job/plano/senior-manager-electrical-engineering/4832/95133441728,
L3Harris,"Scientist, Information Security Systems Engineer",95045908160,"Melbourne, FL",United States of America,,onsite,Mid,unknown,unknown,unknown,talentbrew,N/A,2026-06-13T01:11:51Z,https://careers.l3harris.com/en/job/melbourne/scientist-information-security-systems-engineer/4832/95045908160,
L3Harris,"Specialist, Thermal Mechanical Engineer (Space Systems)",94735958784,"Rochester, NY",United States of America,,onsite,Mid,unknown,unknown,unknown,talentbrew,N/A,2026-06-13T01:11:51Z,https://careers.l3harris.com/en/job/rochester/specialist-thermal-mechanical-engineer-space-systems/4832/94735958784,
L3Harris,Sr. Specialist Project Engineer,94818412928,"Camden, NJ",United States of America,,onsite,Senior,unknown,unknown,unknown,talentbrew,N/A,2026-06-13T01:11:51Z,https://careers.l3harris.com/en/job/camden/sr-specialist-project-engineer/4832/94818412928,
L3Harris,"Specialist, Quality Engineering (Supplier)",94705806624,"Camden, NJ",United States of America,,onsite,Mid,unknown,unknown,unknown,talentbrew,N/A,2026-06-13T01:11:51Z,https://careers.l3harris.com/en/job/camden/specialist-quality-engineering-supplier/4832/94705806624,
L3Harris,"Senior Associate, Integration/Test Engineering - SIL Manager",94700996576,"Greenville, TX",United States of America,,onsite,Manager,unknown,unknown,unknown,talentbrew,N/A,2026-06-13T01:11:51Z,https://careers.l3harris.com/en/job/greenville/senior-associate-integration-test-engineering-sil-manager/4832/94700996576,
L3Harris,"Specialist, Mechanical Engineer - Structural Analyst (Space Systems)",94853080304,"Rochester, NY",United States of America,,onsite,Mid,unknown,unknown,unknown,talentbrew,N/A,2026-06-13T01:11:54Z,https://careers.l3harris.com/en/job/rochester/specialist-mechanical-engineer-structural-analyst-space-systems/4832/94853080304,
L3Harris,"Senior Associate, Integration and Test Engineering",94502489744,"Malabar, FL",United States of America,,onsite,Senior,unknown,unknown,unknown,talentbrew,N/A,2026-06-13T01:11:54Z,https://careers.l3harris.com/en/job/malabar/senior-associate-integration-and-test-engineering/4832/94502489744,
L3Harris,"(DoD SkillBridge), Aircraft Maintenance C",95633912416,"Waco, TX",United States of America,,onsite,Mid,unknown,unknown,unknown,talentbrew,N/A,2026-06-13T01:11:54Z,https://careers.l3harris.com/en/job/waco/dod-skillbridge-aircraft-maintenance-c/4832/95633912416,
L3Harris,"Senior Specialist, Product Management",94047654016,"Salt Lake City, UT",United States of America,,onsite,Senior,unknown,unknown,unknown,talentbrew,N/A,2026-06-13T01:11:54Z,https://careers.l3harris.com/en/job/salt-lake-city/senior-specialist-product-management/4832/94047654016,
L3Harris,"Director, Contracts",93692589008,"Melbourne, FL",United States of America,,onsite,Director,unknown,unknown,unknown,talentbrew,N/A,2026-06-13T01:11:54Z,https://careers.l3harris.com/en/job/melbourne/director-contracts/4832/93692589008,
L3Harris,"Specialist (Level 3), Program Finance",93467613104,"Northampton, MA",United States of America,,onsite,Mid,unknown,unknown,unknown,talentbrew,N/A,2026-06-13T01:11:54Z,https://careers.l3harris.com/en/job/northampton/specialist-level-3-program-finance/4832/93467613104,
L3Harris,"Lead, Systems Engineer",93112576720,"Greenville, TX",United States of America,,onsite,Lead,unknown,unknown,unknown,talentbrew,N/A,2026-06-13T01:11:54Z,https://careers.l3harris.com/en/job/greenville/lead-systems-engineer/4832/93112576720,
L3Harris,Associate Contracts Manager,94464680048,"Fremantle, Western Australia",United States of America,,onsite,Manager,unknown,unknown,unknown,talentbrew,N/A,2026-06-13T01:11:54Z,https://careers.l3harris.com/en/job/fremantle/associate-contracts-manager/4832/94464680048,
L3Harris,Junior Field Engineer - Jervis Bay,94464679984,"Barton, Australian Capital Territory",United States of America,,onsite,Junior,unknown,unknown,unknown,talentbrew,N/A,2026-06-13T01:11:54Z,https://careers.l3harris.com/en/job/barton/junior-field-engineer-jervis-bay/4832/94464679984,
L3Harris,Production Planning D,94487351712,"Northampton, MA",United States of America,,onsite,Mid,unknown,unknown,unknown,talentbrew,N/A,2026-06-13T01:11:54Z,https://careers.l3harris.com/en/job/northampton/production-planning-d/4832/94487351712,
L3Harris,"Sr Technical Manager, Space Hardware (Space Optical Systems) : Sign-on bonus ($50K max)",94834111440,"Wilmington, MA",United States of America,,onsite,Manager,unknown,unknown,unknown,talentbrew,N/A,2026-06-13T01:11:54Z,https://careers.l3harris.com/en/job/wilmington/sr-technical-manager-space-hardware-space-optical-systems-sign-on-bonus-50k-max/4832/94834111440,
L3Harris,Configuration Management Lead,94241956672,"Fremantle, Western Australia",United States of America,,onsite,Mid,unknown,unknown,unknown,talentbrew,N/A,2026-06-13T01:11:54Z,https://careers.l3harris.com/en/job/fremantle/configuration-management-lead/4832/94241956672,
L3Harris,Systems Engineer SEA1180,95883723920,"Fremantle, Western Australia",United States of America,,onsite,Mid,unknown,unknown,unknown,talentbrew,N/A,2026-06-13T01:11:54Z,https://careers.l3harris.com/en/job/fremantle/systems-engineer-sea1180/4832/95883723920,
L3Harris,"Sr. Specialist, Program Controls Analyst",94762509696,Multiple Locations,United States of America,,onsite,Senior,unknown,unknown,unknown,talentbrew,N/A,2026-06-13T01:11:54Z,https://careers.l3harris.com/en/job/huntsville/sr-specialist-program-controls-analyst/4832/94762509696,
L3Harris,Program Production Planner,95016238272,"Salt Lake City, UT",United States of America,,onsite,Mid,unknown,unknown,unknown,talentbrew,N/A,2026-06-13T01:11:54Z,https://careers.l3harris.com/en/job/salt-lake-city/program-production-planner/4832/95016238272,
L3Harris,"(DoD SkillBridge), Specialist, Integration &amp; Test Engineer",86294488304,"Herndon, VA",United States of America,,onsite,Mid,unknown,unknown,unknown,talentbrew,N/A,2026-06-13T01:11:57Z,https://careers.l3harris.com/en/job/herndon/dod-skillbridge-specialist-integration-and-test-engineer/4832/86294488304,
L3Harris,"Senior Associate, Test Engineer",91602289440,"Cape Canaveral, FL",United States of America,,onsite,Senior,unknown,unknown,unknown,talentbrew,N/A,2026-06-13T01:11:57Z,https://careers.l3harris.com/en/job/cape-canaveral/senior-associate-test-engineer/4832/91602289440,
L3Harris,"Specialist, Test Engineer",91602289552,"Cape Canaveral, FL",United States of America,,onsite,Mid,unknown,unknown,unknown,talentbrew,N/A,2026-06-13T01:11:57Z,https://careers.l3harris.com/en/job/cape-canaveral/specialist-test-engineer/4832/91602289552,
L3Harris,Project Manager / Administrative Support,94987583408,"Melbourne, FL",United States of America,,onsite,Manager,unknown,unknown,unknown,talentbrew,N/A,2026-06-13T01:11:57Z,https://careers.l3harris.com/en/job/melbourne/project-manager-administrative-support/4832/94987583408,
L3Harris,"Manager, Contracts",94762509712,"Mason, OH",United States of America,,onsite,Manager,unknown,unknown,unknown,talentbrew,N/A,2026-06-13T01:11:57Z,https://careers.l3harris.com/en/job/mason/manager-contracts/4832/94762509712,
L3Harris,"Specialist, Systems Engineering",94562746352,"Greenville, TX",United States of America,,onsite,Mid,unknown,unknown,unknown,talentbrew,N/A,2026-06-13T01:11:57Z,https://careers.l3harris.com/en/job/greenville/specialist-systems-engineering/4832/94562746352,
L3Harris,"Lead, Cloud Software Engineer",94558472352,"Melbourne, FL",United States of America,,onsite,Lead,unknown,unknown,unknown,talentbrew,N/A,2026-06-13T01:11:57Z,https://careers.l3harris.com/en/job/melbourne/lead-cloud-software-engineer/4832/94558472352,
L3Harris,"Senior Associate, Quality Engineering",94717098144,"Alpharetta, GA",United States of America,,onsite,Senior,unknown,unknown,unknown,talentbrew,N/A,2026-06-13T01:11:57Z,https://careers.l3harris.com/en/job/alpharetta/senior-associate-quality-engineering/4832/94717098144,
L3Harris,"Specialist, HR Business Partner",94717097968,"Rochester, NY",United States of America,,onsite,Mid,unknown,unknown,unknown,talentbrew,N/A,2026-06-13T01:11:57Z,https://careers.l3harris.com/en/job/rochester/specialist-hr-business-partner/4832/94717097968,
L3Harris,"Lead, Continuous Improvement",94567506832,"Camden, NJ",United States of America,,onsite,Lead,unknown,unknown,unknown,talentbrew,N/A,2026-06-13T01:11:57Z,https://careers.l3harris.com/en/job/camden/lead-continuous-improvement/4832/94567506832,
L3Harris,"Scientist, Software Engineer / Cloud Architect",94540226560,"Melbourne, FL",United States of America,,onsite,Principal,unknown,unknown,unknown,talentbrew,N/A,2026-06-13T01:11:57Z,https://careers.l3harris.com/en/job/melbourne/scientist-software-engineer-cloud-architect/4832/94540226560,
L3Harris,"Manager, Program Quality Engineering",94530013088,"Clifton, NJ",United States of America,,onsite,Manager,unknown,unknown,unknown,talentbrew,N/A,2026-06-13T01:11:57Z,https://careers.l3harris.com/en/job/clifton/manager-program-quality-engineering/4832/94530013088,
L3Harris,"Associate Manager, Quality Manager",94525223360,"Millersville, MD",United States of America,,onsite,Manager,unknown,unknown,unknown,talentbrew,N/A,2026-06-13T01:11:57Z,https://careers.l3harris.com/en/job/millersville/associate-manager-quality-manager/4832/94525223360,
L3Harris,"Principal, Total Rewards",94492151568,Multiple Locations,United States of America,,onsite,Principal,unknown,unknown,unknown,talentbrew,N/A,2026-06-13T01:11:57Z,https://careers.l3harris.com/en/job/melbourne/principal-total-rewards/4832/94492151568,
L3Harris,"(DoD SkillBridge), Sr. Specialist, Systems Engineer",84922605872,"Camden, NJ",United States of America,,onsite,Senior,unknown,unknown,unknown,talentbrew,N/A,2026-06-13T01:11:57Z,https://careers.l3harris.com/en/job/camden/dod-skillbridge-sr-specialist-systems-engineer/4832/84922605872,
L3Harris,"(DoD SkillBridge), Sr. Specialist, Quality Engineer",93649721408,"Camden, NJ",United States of America,,onsite,Senior,unknown,unknown,unknown,talentbrew,N/A,2026-06-13T01:12:00Z,https://careers.l3harris.com/en/job/camden/dod-skillbridge-sr-specialist-quality-engineer/4832/93649721408,
L3Harris,"(DoD SkillBridge), Associate, Logistics",92920104304,"Palm Bay, Brevard, FL",United States of America,,onsite,Junior,unknown,unknown,unknown,talentbrew,N/A,2026-06-13T01:12:00Z,https://careers.l3harris.com/en/job/palm-bay/dod-skillbridge-associate-logistics/4832/92920104304,
L3Harris,"Specialist, Integration/Test Engineer",94258456880,"Rochester, NY",United States of America,,onsite,Mid,unknown,unknown,unknown,talentbrew,N/A,2026-06-13T01:12:00Z,https://careers.l3harris.com/en/job/rochester/specialist-integration-test-engineer/4832/94258456880,
L3Harris,"Scientist, Systems Engineer",94183109696,"Rochester, NY",United States of America,,onsite,Mid,unknown,unknown,unknown,talentbrew,N/A,2026-06-13T01:12:00Z,https://careers.l3harris.com/en/job/rochester/scientist-systems-engineer/4832/94183109696,
L3Harris,"Lead, Systems Engineering",93999212048,"Clifton, NJ",United States of America,,onsite,Lead,unknown,unknown,unknown,talentbrew,N/A,2026-06-13T01:12:00Z,https://careers.l3harris.com/en/job/clifton/lead-systems-engineering/4832/93999212048,
L3Harris,"Senior Specialist, Image Science Engineer",93726657072,"Rochester, NY",United States of America,,onsite,Senior,unknown,unknown,unknown,talentbrew,N/A,2026-06-13T01:12:00Z,https://careers.l3harris.com/en/job/rochester/senior-specialist-image-science-engineer/4832/93726657072,
L3Harris,"Specialist, Systems Engineer (Wideband Planner)",93687663968,"Vaihingen an der Enz, Baden-W&#xFC;rttemberg",United States of America,,onsite,Mid,unknown,unknown,unknown,talentbrew,N/A,2026-06-13T01:12:00Z,https://careers.l3harris.com/en/job/vaihingen-an-der-enz/specialist-systems-engineer-wideband-planner/4832/93687663968,
L3Harris,"Sr. Specialist, Integration &amp; Test Engineer",93923526352,"Northampton, MA",United States of America,,onsite,Senior,unknown,unknown,unknown,talentbrew,N/A,2026-06-13T01:12:00Z,https://careers.l3harris.com/en/job/northampton/sr-specialist-integration-and-test-engineer/4832/93923526352,
L3Harris,Systems Engineering - Various Levels,93918862464,"Millersville, MD",United States of America,,onsite,Mid,unknown,unknown,unknown,talentbrew,N/A,2026-06-13T01:12:00Z,https://careers.l3harris.com/en/job/millersville/systems-engineering-various-levels/4832/93918862464,
L3Harris,Systems Engineer (Sr. Member Engineering Staff),93722631392,"Camden, NJ",United States of America,,onsite,Senior,unknown,unknown,unknown,talentbrew,N/A,2026-06-13T01:12:00Z,https://careers.l3harris.com/en/job/camden/systems-engineer-sr-member-engineering-staff/4832/93722631392,
L3Harris,"Senior Specialist, Systems Engineer - Networks",94254230992,"Greenville, TX",United States of America,,onsite,Senior,unknown,unknown,unknown,talentbrew,N/A,2026-06-13T01:12:00Z,https://careers.l3harris.com/en/job/greenville/senior-specialist-systems-engineer-networks/4832/94254230992,
L3Harris,"Senior Specialist, Systems Engineering",94254230960,"Greenville, TX",United States of America,,onsite,Senior,unknown,unknown,unknown,talentbrew,N/A,2026-06-13T01:12:00Z,https://careers.l3harris.com/en/job/greenville/senior-specialist-systems-engineering/4832/94254230960,
L3Harris,Chief Engineer (MIS),94342332384,"Northampton, MA",United States of America,,onsite,Director,unknown,unknown,unknown,talentbrew,N/A,2026-06-13T01:12:00Z,https://careers.l3harris.com/en/job/northampton/chief-engineer-mis/4832/94342332384,
L3Harris,"Lead, Project Engineer (Command, Control, and Communication Systems Chief Engineer)",92733493072,"Camden, NJ",United States of America,,onsite,Director,unknown,unknown,unknown,talentbrew,N/A,2026-06-13T01:12:00Z,https://careers.l3harris.com/en/job/camden/lead-project-engineer-command-control-and-communication-systems-chief-engineer/4832/92733493072,
L3Harris,"Senior Associate, Quality",92579995632,"Northampton, MA",United States of America,,onsite,Senior,unknown,unknown,unknown,talentbrew,N/A,2026-06-13T01:12:00Z,https://careers.l3harris.com/en/job/northampton/senior-associate-quality/4832/92579995632,
L3Harris,Quality Control Specialist,92579995600,"Northampton, MA",United States of America,,onsite,Mid,unknown,unknown,unknown,talentbrew,N/A,2026-06-13T01:12:03Z,https://careers.l3harris.com/en/job/northampton/quality-control-specialist/4832/92579995600,
L3Harris,Network Planning Engineer,93765020000,Multiple Locations,United States of America,,onsite,Mid,unknown,unknown,unknown,talentbrew,N/A,2026-06-13T01:12:03Z,https://careers.l3harris.com/en/job/palm-bay/network-planning-engineer/4832/93765020000,
L3Harris,Information Security Systems Engineering 1,93731657808,"Melbourne, FL",United States of America,,onsite,Mid,unknown,unknown,unknown,talentbrew,N/A,2026-06-13T01:12:03Z,https://careers.l3harris.com/en/job/melbourne/information-security-systems-engineering-1/4832/93731657808,
L3Harris,"Senior Specialist, Production Planning",93654618144,"Wilmington, MA",United States of America,,onsite,Senior,unknown,unknown,unknown,talentbrew,N/A,2026-06-13T01:12:03Z,https://careers.l3harris.com/en/job/wilmington/senior-specialist-production-planning/4832/93654618144,
L3Harris,"Lead, Subcontracts",93645675072,Multiple Locations,United States of America,,onsite,Lead,unknown,unknown,unknown,talentbrew,N/A,2026-06-13T01:12:03Z,https://careers.l3harris.com/en/job/colorado-springs/lead-subcontracts/4832/93645675072,
L3Harris,"Specialist, Program Finance",94216766160,"Plano, TX",United States of America,,onsite,Mid,unknown,unknown,unknown,talentbrew,N/A,2026-06-13T01:12:03Z,https://careers.l3harris.com/en/job/plano/specialist-program-finance/4832/94216766160,
L3Harris,"Manager, Project Management - Site Lead",93440306288,"Tucson, AZ",United States of America,,onsite,Manager,unknown,unknown,unknown,talentbrew,N/A,2026-06-13T01:12:03Z,https://careers.l3harris.com/en/job/tucson/manager-project-management-site-lead/4832/93440306288,
L3Harris,"Associate Manager, Quality Engineering",93401531248,"Tucson, AZ",United States of America,,onsite,Manager,unknown,unknown,unknown,talentbrew,N/A,2026-06-13T01:12:03Z,https://careers.l3harris.com/en/job/tucson/associate-manager-quality-engineering/4832/93401531248,
L3Harris,"Senior Specialist, Configuration Management",93385567632,"Herndon, VA",United States of America,,onsite,Senior,unknown,unknown,unknown,talentbrew,N/A,2026-06-13T01:12:03Z,https://careers.l3harris.com/en/job/herndon/senior-specialist-configuration-management/4832/93385567632,
L3Harris,"Specialist, Model-Based Systems Engineer (MBSE)",92718228880,"Melbourne, FL",United States of America,,onsite,Mid,unknown,unknown,unknown,talentbrew,N/A,2026-06-13T01:12:03Z,https://careers.l3harris.com/en/job/melbourne/specialist-model-based-systems-engineer-mbse/4832/92718228880,
L3Harris,IT Customer Service,93902670512,"Rochester, NY",United States of America,,onsite,Mid,unknown,unknown,unknown,talentbrew,N/A,2026-06-13T01:12:03Z,https://careers.l3harris.com/en/job/rochester/it-customer-service/4832/93902670512,
L3Harris,"Specialist, Electrical Engineer",94216766032,Multiple Locations,United States of America,,onsite,Mid,unknown,unknown,unknown,talentbrew,N/A,2026-06-13T01:12:03Z,https://careers.l3harris.com/en/job/greenville/specialist-electrical-engineer/4832/94216766032,
L3Harris,"Senior Specialist, Electrical Engineer - Power Lead",94198454064,Multiple Locations,United States of America,,onsite,Senior,unknown,unknown,unknown,talentbrew,N/A,2026-06-13T01:12:03Z,https://careers.l3harris.com/en/job/greenville/senior-specialist-electrical-engineer-power-lead/4832/94198454064,
L3Harris,"Lead, Project Engineer",93918862320,"Greenville, TX",United States of America,,onsite,Lead,unknown,unknown,unknown,talentbrew,N/A,2026-06-13T01:12:03Z,https://careers.l3harris.com/en/job/greenville/lead-project-engineer/4832/93918862320,
L3Harris,"Sr Specialist, Mechanical Engineer (Space Systems)",94032332048,"Rochester, NY",United States of America,,onsite,Senior,unknown,unknown,unknown,talentbrew,N/A,2026-06-13T01:12:03Z,https://careers.l3harris.com/en/job/rochester/sr-specialist-mechanical-engineer-space-systems/4832/94032332048,
L3Harris,"Lead, Mechanical Engineer (Space Systems)",94032332032,"Rochester, NY",United States of America,,onsite,Lead,unknown,unknown,unknown,talentbrew,N/A,2026-06-13T01:12:06Z,https://careers.l3harris.com/en/job/rochester/lead-mechanical-engineer-space-systems/4832/94032332032,
L3Harris,"Scientist, Business Chief Engineer - Space Superiority and Imaging Division (EO/IR Space Payloads)",94032332016,"Rochester, NY",United States of America,,onsite,Director,unknown,unknown,unknown,talentbrew,N/A,2026-06-13T01:12:06Z,https://careers.l3harris.com/en/job/rochester/scientist-business-chief-engineer-space-superiority-and-imaging-division-eo-ir-space-payloads/4832/94032332016,
L3Harris,"Sr Specialist, Mechanical Engineer IPTL",93990019024,"Rochester, NY",United States of America,,onsite,Senior,unknown,unknown,unknown,talentbrew,N/A,2026-06-13T01:12:06Z,https://careers.l3harris.com/en/job/rochester/sr-specialist-mechanical-engineer-iptl/4832/93990019024,
L3Harris,"Lead, Systems Engineer (Space Systems) - MBSE : Sign-on bonus ($30K max)",93960989232,"Wilmington, MA",United States of America,,onsite,Lead,unknown,unknown,unknown,talentbrew,N/A,2026-06-13T01:12:06Z,https://careers.l3harris.com/en/job/wilmington/lead-systems-engineer-space-systems-mbse-sign-on-bonus-30k-max/4832/93960989232,
L3Harris,"Director, Systems Engineering - Agile EO (Electro-Optical) Chief Engineer : Sign-on bonus ($50K max)",93765020112,"Wilmington, MA",United States of America,,onsite,Director,unknown,unknown,unknown,talentbrew,N/A,2026-06-13T01:12:06Z,https://careers.l3harris.com/en/job/wilmington/director-systems-engineering-agile-eo-electro-optical-chief-engineer-sign-on-bonus-50k-max/4832/93765020112,
L3Harris,"Specialist, Systems Engineer (Space Optics)",93692589296,"Rochester, NY",United States of America,,onsite,Mid,unknown,unknown,unknown,talentbrew,N/A,2026-06-13T01:12:06Z,https://careers.l3harris.com/en/job/rochester/specialist-systems-engineer-space-optics/4832/93692589296,
L3Harris,"Senior Specialist, System Engineering (Space Optics)",93692589216,"Rochester, NY",United States of America,,onsite,Senior,unknown,unknown,unknown,talentbrew,N/A,2026-06-13T01:12:06Z,https://careers.l3harris.com/en/job/rochester/senior-specialist-system-engineering-space-optics/4832/93692589216,
L3Harris,"Lead, System Engineering (Space Optical Systems)",93692589184,"Rochester, NY",United States of America,,onsite,Lead,unknown,unknown,unknown,talentbrew,N/A,2026-06-13T01:12:06Z,https://careers.l3harris.com/en/job/rochester/lead-system-engineering-space-optical-systems/4832/93692589184,
L3Harris,"Specialist, EO/IR Systems Engineer (Top Secret Clearance)",93496271728,"Herndon, VA",United States of America,,onsite,Mid,unknown,unknown,unknown,talentbrew,N/A,2026-06-13T01:12:06Z,https://careers.l3harris.com/en/job/herndon/specialist-eo-ir-systems-engineer-top-secret-clearance/4832/93496271728,
L3Harris,"Sr Specialist, CAD Design (Aerospace Design) : Sign-on bonus ($20K max)",93274096176,"Wilmington, MA",United States of America,,onsite,Senior,unknown,unknown,unknown,talentbrew,N/A,2026-06-13T01:12:06Z,https://careers.l3harris.com/en/job/wilmington/sr-specialist-cad-design-aerospace-design-sign-on-bonus-20k-max/4832/93274096176,
L3Harris,"Specialist, Contracts",93500276096,"Greenville, TX",United States of America,,onsite,Mid,unknown,unknown,unknown,talentbrew,N/A,2026-06-13T01:12:06Z,https://careers.l3harris.com/en/job/greenville/specialist-contracts/4832/93500276096,
L3Harris,"Specialist, RF / Wireless Engineer",94254230944,"Cincinnati, OH",United States of America,,onsite,Mid,unknown,unknown,unknown,talentbrew,N/A,2026-06-13T01:12:06Z,https://careers.l3harris.com/en/job/cincinnati/specialist-rf-wireless-engineer/4832/94254230944,
L3Harris,"Specialist, Program Finance Analyst",94235858736,"Anaheim, CA",United States of America,,onsite,Mid,unknown,unknown,unknown,talentbrew,N/A,2026-06-13T01:12:06Z,https://careers.l3harris.com/en/job/anaheim/specialist-program-finance-analyst/4832/94235858736,
L3Harris,"Lead, Supply Chain Program Manager",94028235456,"Salt Lake City, UT",United States of America,,onsite,Lead,unknown,unknown,unknown,talentbrew,N/A,2026-06-13T01:12:06Z,https://careers.l3harris.com/en/job/salt-lake-city/lead-supply-chain-program-manager/4832/94028235456,
L3Harris,"Specialist, Integration / Test Engineer - FAA Flight",90583066144,"Greenville, TX",United States of America,,onsite,Mid,unknown,unknown,unknown,talentbrew,N/A,2026-06-13T01:12:06Z,https://careers.l3harris.com/en/job/greenville/specialist-integration-test-engineer-faa-flight/4832/90583066144,
L3Harris,"Lead, Contracts",94028235488,"Palm Bay, Brevard, FL",United States of America,,onsite,Lead,unknown,unknown,unknown,talentbrew,N/A,2026-06-13T01:12:09Z,https://careers.l3harris.com/en/job/palm-bay/lead-contracts/4832/94028235488,
L3Harris,"Specialist, Contracts",93956386816,"Malabar, FL",United States of America,,onsite,Mid,unknown,unknown,unknown,talentbrew,N/A,2026-06-13T01:12:09Z,https://careers.l3harris.com/en/job/malabar/specialist-contracts/4832/93956386816,
L3Harris,"Lead, Cyber Intelligence - TS/SCI",93956386624,"Washington D.C., DC",United States of America,,onsite,Lead,unknown,unknown,unknown,talentbrew,N/A,2026-06-13T01:12:09Z,https://careers.l3harris.com/en/job/washington-d-c/lead-cyber-intelligence-ts-sci/4832/93956386624,
L3Harris,"Senior Scientist, Systems Engineer - Mission Solution Architect - Top Secret",93152072208,"Melbourne, FL",United States of America,,onsite,Principal,unknown,unknown,unknown,talentbrew,N/A,2026-06-13T01:12:09Z,https://careers.l3harris.com/en/job/melbourne/senior-scientist-systems-engineer-mission-solution-architect-top-secret/4832/93152072208,
L3Harris,"Senior Specialist, Contracts",93458626720,"Malabar, FL",United States of America,,onsite,Senior,unknown,unknown,unknown,talentbrew,N/A,2026-06-13T01:12:09Z,https://careers.l3harris.com/en/job/malabar/senior-specialist-contracts/4832/93458626720,
L3Harris,"Senior Specialist, Electrical Engineer",93703665568,"Rochester, NY",United States of America,,onsite,Senior,unknown,unknown,unknown,talentbrew,N/A,2026-06-13T01:12:09Z,https://careers.l3harris.com/en/job/rochester/senior-specialist-electrical-engineer/4832/93703665568,
L3Harris,"Senior Specialist, Electrical Engineer",93381554368,"Palm Bay, Brevard, FL",United States of America,,onsite,Senior,unknown,unknown,unknown,talentbrew,N/A,2026-06-13T01:12:09Z,https://careers.l3harris.com/en/job/palm-bay/senior-specialist-electrical-engineer/4832/93381554368,
L3Harris,Lead Project Engineer,94235844960,"Canoga Park, CA",United States of America,,onsite,Lead,unknown,unknown,unknown,talentbrew,N/A,2026-06-13T01:12:09Z,https://careers.l3harris.com/en/job/canoga-park/lead-project-engineer/4832/94235844960,
L3Harris,Facilities Engineer,94047654752,"Orange, VA",United States of America,,onsite,Mid,unknown,unknown,unknown,talentbrew,N/A,2026-06-13T01:12:09Z,https://careers.l3harris.com/en/job/orange/facilities-engineer/4832/94047654752,
L3Harris,"Senior Associate, Manufacturing Engineer",93805267024,"Canoga Park, CA",United States of America,,onsite,Senior,unknown,unknown,unknown,talentbrew,N/A,2026-06-13T01:12:09Z,https://careers.l3harris.com/en/job/canoga-park/senior-associate-manufacturing-engineer/4832/93805267024,
L3Harris,"Lead, Integration/Test Engineering",93731658032,"Canoga Park, CA",United States of America,,onsite,Lead,unknown,unknown,unknown,talentbrew,N/A,2026-06-13T01:12:09Z,https://careers.l3harris.com/en/job/canoga-park/lead-integration-test-engineering/4832/93731658032,
L3Harris,"Lead, Project Engineer - Energy Systems",91876209376,"Canoga Park, CA",United States of America,,onsite,Lead,unknown,unknown,unknown,talentbrew,N/A,2026-06-13T01:12:09Z,https://careers.l3harris.com/en/job/canoga-park/lead-project-engineer-energy-systems/4832/91876209376,
L3Harris,"Specialist, Program Finance",94052603328,"Huntsville, AL",United States of America,,onsite,Mid,unknown,unknown,unknown,talentbrew,N/A,2026-06-13T01:12:09Z,https://careers.l3harris.com/en/job/huntsville/specialist-program-finance/4832/94052603328,
L3Harris,"Specialist, Mechanical Design Engineer",94009490160,"Cincinnati, OH",United States of America,,onsite,Mid,unknown,unknown,unknown,talentbrew,N/A,2026-06-13T01:12:09Z,https://careers.l3harris.com/en/job/cincinnati/specialist-mechanical-design-engineer/4832/94009490160,
L3Harris,"Lead, Program Finance",94009490000,"Huntsville, AL",United States of America,,onsite,Lead,unknown,unknown,unknown,talentbrew,N/A,2026-06-13T01:12:09Z,https://careers.l3harris.com/en/job/huntsville/lead-program-finance/4832/94009490000,
L3Harris,"Senior Specialist, Configuration Management",93649721440,"Cincinnati, OH",United States of America,,onsite,Senior,unknown,unknown,unknown,talentbrew,N/A,2026-06-13T01:12:13Z,https://careers.l3harris.com/en/job/cincinnati/senior-specialist-configuration-management/4832/93649721440,
L3Harris,"Specialist, Systems Engineer",93401531600,"Cincinnati, OH",United States of America,,onsite,Mid,unknown,unknown,unknown,talentbrew,N/A,2026-06-13T01:12:13Z,https://careers.l3harris.com/en/job/cincinnati/specialist-systems-engineer/4832/93401531600,
L3Harris,"Specialist, Program Finance",93133795072,"Cincinnati, OH",United States of America,,onsite,Mid,unknown,unknown,unknown,talentbrew,N/A,2026-06-13T01:12:13Z,https://careers.l3harris.com/en/job/cincinnati/specialist-program-finance/4832/93133795072,
L3Harris,Project Revenue Accountant,92590609472,"Cincinnati, OH",United States of America,,onsite,Mid,unknown,unknown,unknown,talentbrew,N/A,2026-06-13T01:12:13Z,https://careers.l3harris.com/en/job/cincinnati/project-revenue-accountant/4832/92590609472,
L3Harris,"Associate Manager, Operations Management",94235844992,"Canoga Park, CA",United States of America,,onsite,Manager,unknown,unknown,unknown,talentbrew,N/A,2026-06-13T01:12:13Z,https://careers.l3harris.com/en/job/canoga-park/associate-manager-operations-management/4832/94235844992,
L3Harris,"Associate, Manufacturing Engineer (Camden, AR)",88400603168,"Camden, AR",United States of America,,onsite,Junior,unknown,unknown,unknown,talentbrew,N/A,2026-06-13T01:12:13Z,https://careers.l3harris.com/en/job/camden/associate-manufacturing-engineer-camden-ar/4832/88400603168,
L3Harris,Porter,94857511360,"Northampton, MA",United States of America,,onsite,Mid,unknown,unknown,unknown,talentbrew,N/A,2026-06-13T01:12:13Z,https://careers.l3harris.com/en/job/northampton/porter/4832/94857511360,
L3Harris,"Assoc, Mechanical Engineering (Huntsville, AL)",85282234048,"Huntsville, AL",United States of America,,onsite,Mid,unknown,unknown,unknown,talentbrew,N/A,2026-06-13T01:12:13Z,https://careers.l3harris.com/en/job/huntsville/assoc-mechanical-engineering-huntsville-al/4832/85282234048,
L3Harris,Project Scheduler,95531614352,"Fremantle, Western Australia",United States of America,,onsite,Mid,unknown,unknown,unknown,talentbrew,N/A,2026-06-13T01:12:13Z,https://careers.l3harris.com/en/job/fremantle/project-scheduler/4832/95531614352,
L3Harris,Pricing &amp; Cost Control Analyst,95531614336,"Fremantle, Western Australia",United States of America,,onsite,Mid,unknown,unknown,unknown,talentbrew,N/A,2026-06-13T01:12:13Z,https://careers.l3harris.com/en/job/fremantle/pricing-and-cost-control-analyst/4832/95531614336,
L3Harris,Aircraft Maintenance C - Avionics,94015909360,"Tucson, AZ",United States of America,,onsite,Mid,unknown,unknown,unknown,talentbrew,N/A,2026-06-13T01:12:13Z,https://careers.l3harris.com/en/job/tucson/aircraft-maintenance-c-avionics/4832/94015909360,
L3Harris,Engineering Technician C,95340787712,"Salt Lake City, UT",United States of America,,onsite,Mid,unknown,unknown,unknown,talentbrew,N/A,2026-06-13T01:12:13Z,https://careers.l3harris.com/en/job/salt-lake-city/engineering-technician-c/4832/95340787712,
L3Harris,"Lead, Project Engineer",94818413040,"Greenville, TX",United States of America,,onsite,Lead,unknown,unknown,unknown,talentbrew,N/A,2026-06-13T01:12:13Z,https://careers.l3harris.com/en/job/greenville/lead-project-engineer/4832/94818413040,
L3Harris,Lab Manager: Government Certification Facility,94779302640,"Greenville, TX",United States of America,,onsite,Manager,unknown,unknown,unknown,talentbrew,N/A,2026-06-13T01:12:13Z,https://careers.l3harris.com/en/job/greenville/lab-manager-government-certification-facility/4832/94779302640,
L3Harris,"Specialist, Tech Support Engineer",94717098576,"Anaheim, CA",United States of America,,onsite,Mid,unknown,unknown,unknown,talentbrew,N/A,2026-06-13T01:12:13Z,https://careers.l3harris.com/en/job/anaheim/specialist-tech-support-engineer/4832/94717098576,
L3Harris,"Specialist, Production Planning",94558472016,"Camden, NJ",United States of America,,onsite,Mid,unknown,unknown,unknown,talentbrew,N/A,2026-06-13T01:12:15Z,https://careers.l3harris.com/en/job/camden/specialist-production-planning/4832/94558472016,
L3Harris,"Lead, Project Engineer",94487351824,"Greenville, TX",United States of America,,onsite,Lead,unknown,unknown,unknown,talentbrew,N/A,2026-06-13T01:12:15Z,https://careers.l3harris.com/en/job/greenville/lead-project-engineer/4832/94487351824,
L3Harris,"Specialist, Environmental Health &amp; Safety",94449734032,"Gardena, CA",United States of America,,onsite,Mid,unknown,unknown,unknown,talentbrew,N/A,2026-06-13T01:12:15Z,https://careers.l3harris.com/en/job/gardena/specialist-environmental-health-and-safety/4832/94449734032,
L3Harris,"Senior Associate, Quality Engineering",94342332000,"Cincinnati, OH",United States of America,,onsite,Senior,unknown,unknown,unknown,talentbrew,N/A,2026-06-13T01:12:15Z,https://careers.l3harris.com/en/job/cincinnati/senior-associate-quality-engineering/4832/94342332000,
L3Harris,Engineering Technician,95026650880,"Pinkenba, Queensland",United States of America,,onsite,Mid,unknown,unknown,unknown,talentbrew,N/A,2026-06-13T01:12:15Z,https://careers.l3harris.com/en/job/pinkenba/engineering-technician/4832/95026650880,
L3Harris,Aircraft Maintenance C - A&amp;P Mechanic,94070072880,"Tucson, AZ",United States of America,,onsite,Mid,unknown,unknown,unknown,talentbrew,N/A,2026-06-13T01:12:15Z,https://careers.l3harris.com/en/job/tucson/aircraft-maintenance-c-a-and-p-mechanic/4832/94070072880,
L3Harris,"Specialist, Production Support Electronic Engineer",94464653888,"Cincinnati, OH",United States of America,,onsite,Mid,unknown,unknown,unknown,talentbrew,N/A,2026-06-13T01:12:15Z,https://careers.l3harris.com/en/job/cincinnati/specialist-production-support-electronic-engineer/4832/94464653888,
L3Harris,"Lead, Systems Software Engineer",94302961856,"Melbourne, FL",United States of America,,onsite,Lead,unknown,unknown,unknown,talentbrew,N/A,2026-06-13T01:12:15Z,https://careers.l3harris.com/en/job/melbourne/lead-systems-software-engineer/4832/94302961856,
L3Harris,"Lead, Integration &amp; Test Engineering - Up to 30k Sign-On Bonus",94700996544,"Wilmington, MA",United States of America,,onsite,Lead,unknown,unknown,unknown,talentbrew,N/A,2026-06-13T01:12:15Z,https://careers.l3harris.com/en/job/wilmington/lead-integration-and-test-engineering-up-to-30k-sign-on-bonus/4832/94700996544,
L3Harris,"Scientist, Integration &amp; Test Engineering - Up to 50k Sign-On Bonus",94700996784,"Wilmington, MA",United States of America,,onsite,Mid,unknown,unknown,unknown,talentbrew,N/A,2026-06-13T01:12:15Z,https://careers.l3harris.com/en/job/wilmington/scientist-integration-and-test-engineering-up-to-50k-sign-on-bonus/4832/94700996784,
L3Harris,"Senior Specialist, Systems Engineering (Mission Protection) (TS/SCI w Poly)",94530013168,"Springfield, Fairfax, VA",United States of America,,onsite,Senior,unknown,unknown,unknown,talentbrew,N/A,2026-06-13T01:12:15Z,https://careers.l3harris.com/en/job/springfield/senior-specialist-systems-engineering-mission-protection-ts-sci-w-poly/4832/94530013168,
L3Harris,"Senior Specialist, Quality",94740485248,"Cincinnati, OH",United States of America,,onsite,Senior,unknown,unknown,unknown,talentbrew,N/A,2026-06-13T01:12:15Z,https://careers.l3harris.com/en/job/cincinnati/senior-specialist-quality/4832/94740485248,
L3Harris,"Specialist, Integration &amp; Test Automation Engineer",94540226064,"Northampton, MA",United States of America,,onsite,Mid,unknown,unknown,unknown,talentbrew,N/A,2026-06-13T01:12:15Z,https://careers.l3harris.com/en/job/northampton/specialist-integration-and-test-automation-engineer/4832/94540226064,
L3Harris,"Sr. Manager, Project Management (Manager Integrator)",94784117728,"Canoga Park, CA",United States of America,,onsite,Manager,unknown,unknown,unknown,talentbrew,N/A,2026-06-13T01:12:15Z,https://careers.l3harris.com/en/job/canoga-park/sr-manager-project-management-manager-integrator/4832/94784117728,
L3Harris,"Senior Specialist, Systems Engineering",94302961952,"Greenville, TX",United States of America,,onsite,Senior,unknown,unknown,unknown,talentbrew,N/A,2026-06-13T01:12:15Z,https://careers.l3harris.com/en/job/greenville/senior-specialist-systems-engineering/4832/94302961952,
L3Harris,"Senior Specialist, Information Security Systems Engineer",94298067888,"Rochester, NY",United States of America,,onsite,Senior,unknown,unknown,unknown,talentbrew,N/A,2026-06-13T01:12:18Z,https://careers.l3harris.com/en/job/rochester/senior-specialist-information-security-systems-engineer/4832/94298067888,
L3Harris,"Senior Specialist, Information Security Systems Engineer",94313815552,"Colorado Springs, CO",United States of America,,onsite,Senior,unknown,unknown,unknown,talentbrew,N/A,2026-06-13T01:12:18Z,https://careers.l3harris.com/en/job/colorado-springs/senior-specialist-information-security-systems-engineer/4832/94313815552,
L3Harris,"Director, Operations Management- Electronic Warfare",94530013296,"Clifton, NJ",United States of America,,onsite,Director,unknown,unknown,unknown,talentbrew,N/A,2026-06-13T01:12:18Z,https://careers.l3harris.com/en/job/clifton/director-operations-management-electronic-warfare/4832/94530013296,
L3Harris,Chief Engineer,94449734144,"Anaheim, CA",United States of America,,onsite,Director,unknown,unknown,unknown,talentbrew,N/A,2026-06-13T01:12:18Z,https://careers.l3harris.com/en/job/anaheim/chief-engineer/4832/94449734144,
L3Harris,Explosive Material Handler,94972299648,"Cincinnati, OH",United States of America,,onsite,Mid,unknown,unknown,unknown,talentbrew,N/A,2026-06-13T01:12:18Z,https://careers.l3harris.com/en/job/cincinnati/explosive-material-handler/4832/94972299648,
L3Harris,Storeroom Associate,94972299616,"Cincinnati, OH",United States of America,,onsite,Junior,unknown,unknown,unknown,talentbrew,N/A,2026-06-13T01:12:18Z,https://careers.l3harris.com/en/job/cincinnati/storeroom-associate/4832/94972299616,
L3Harris,Manufacturing Technician A,94972299584,"Ashaway, RI",United States of America,,onsite,Mid,unknown,unknown,unknown,talentbrew,N/A,2026-06-13T01:12:18Z,https://careers.l3harris.com/en/job/ashaway/manufacturing-technician-a/4832/94972299584,
L3Harris,Inspection B,93664915904,"Cincinnati, OH",United States of America,,onsite,Mid,unknown,unknown,unknown,talentbrew,N/A,2026-06-13T01:12:18Z,https://careers.l3harris.com/en/job/cincinnati/inspection-b/4832/93664915904,
L3Harris,Manufacturing Technician  (Electro-Mechanical Assembly),92962739712,"Providence, RI",United States of America,,onsite,Mid,unknown,unknown,unknown,talentbrew,N/A,2026-06-13T01:12:18Z,https://careers.l3harris.com/en/job/providence/manufacturing-technician-electro-mechanical-assembly/4832/92962739712,
L3Harris,Test and Integration Technician B (Afternoons),84749734176,"Waterdown, Ontario",Canada,,onsite,Mid,unknown,unknown,unknown,talentbrew,N/A,2026-06-13T01:12:18Z,https://careers.l3harris.com/en/job/waterdown/test-and-integration-technician-b-afternoons/4832/84749734176,
L3Harris,Electro-Mechanical Technician B,84749734032,"Waterdown, Ontario",Canada,,onsite,Mid,unknown,unknown,unknown,talentbrew,N/A,2026-06-13T01:12:18Z,https://careers.l3harris.com/en/job/waterdown/electro-mechanical-technician-b/4832/84749734032,
L3Harris,Manufacturing Technician C,94740485328,"Salt Lake City, UT",United States of America,,onsite,Mid,unknown,unknown,unknown,talentbrew,N/A,2026-06-13T01:12:18Z,https://careers.l3harris.com/en/job/salt-lake-city/manufacturing-technician-c/4832/94740485328,
L3Harris,Manufacturing Technician A,93765020144,"Cincinnati, OH",United States of America,,onsite,Mid,unknown,unknown,unknown,talentbrew,N/A,2026-06-13T01:12:18Z,https://careers.l3harris.com/en/job/cincinnati/manufacturing-technician-a/4832/93765020144,
L3Harris,Facilities Maintenance Technician,94779302368,"Salt Lake City, UT",United States of America,,onsite,Mid,unknown,unknown,unknown,talentbrew,N/A,2026-06-13T01:12:18Z,https://careers.l3harris.com/en/job/salt-lake-city/facilities-maintenance-technician/4832/94779302368,
L3Harris,Senior Radio Frequency Engineer,94717098672,"Brisbane, Queensland",United States of America,,onsite,Senior,unknown,unknown,unknown,talentbrew,N/A,2026-06-13T01:12:18Z,https://careers.l3harris.com/en/job/brisbane/senior-radio-frequency-engineer/4832/94717098672,
L3Harris,Facilities Technician E - Cascade HVAC/R,93133794992,"Cincinnati, OH",United States of America,,onsite,Mid,unknown,unknown,unknown,talentbrew,N/A,2026-06-13T01:12:21Z,https://careers.l3harris.com/en/job/cincinnati/facilities-technician-e-cascade-hvac-r/4832/93133794992,
L3Harris,Aircraft Maintenance D - A&amp;P Mechanic,94735958832,"Tucson, AZ",United States of America,,onsite,Mid,unknown,unknown,unknown,talentbrew,N/A,2026-06-13T01:12:21Z,https://careers.l3harris.com/en/job/tucson/aircraft-maintenance-d-a-and-p-mechanic/4832/94735958832,
L3Harris,Aircraft Maintenance D - Mission Systems Specialist (Avionics),94735958816,"Tucson, AZ",United States of America,,onsite,Mid,unknown,unknown,unknown,talentbrew,N/A,2026-06-13T01:12:21Z,https://careers.l3harris.com/en/job/tucson/aircraft-maintenance-d-mission-systems-specialist-avionics/4832/94735958816,
L3Harris,Field Technician,94728088512,Remote,United States of America,,remote,Mid,unknown,unknown,unknown,talentbrew,N/A,2026-06-13T01:12:21Z,https://careers.l3harris.com/en/job/united-states/field-technician/4832/94728088512,
L3Harris,Sr. Member Engineering Staff (Systems Engineer),94723558624,"Camden, NJ",United States of America,,onsite,Principal,unknown,unknown,unknown,talentbrew,N/A,2026-06-13T01:12:21Z,https://careers.l3harris.com/en/job/camden/sr-member-engineering-staff-systems-engineer/4832/94723558624,
L3Harris,Program Financial Analyst,94683590704,"Fremantle, Western Australia",United States of America,,onsite,Mid,unknown,unknown,unknown,talentbrew,N/A,2026-06-13T01:12:21Z,https://careers.l3harris.com/en/job/fremantle/program-financial-analyst/4832/94683590704,
L3Harris,Specialist Field Engineer,92597061440,"Brisbane, Queensland",United States of America,,onsite,Mid,unknown,unknown,unknown,talentbrew,N/A,2026-06-13T01:12:21Z,https://careers.l3harris.com/en/job/brisbane/specialist-field-engineer/4832/92597061440,
L3Harris,Field Technician,94513173984,Remote,United States of America,,remote,Mid,unknown,unknown,unknown,talentbrew,N/A,2026-06-13T01:12:21Z,https://careers.l3harris.com/en/job/united-states/field-technician/4832/94513173984,
L3Harris,"Security Support C, Document Control Custodian",94483175776,"Herndon, VA",United States of America,,onsite,Mid,unknown,unknown,unknown,talentbrew,N/A,2026-06-13T01:12:21Z,https://careers.l3harris.com/en/job/herndon/security-support-c-document-control-custodian/4832/94483175776,
L3Harris,Inventory Management Support D,94313815488,"Salt Lake City, UT",United States of America,,onsite,Mid,unknown,unknown,unknown,talentbrew,N/A,2026-06-13T01:12:21Z,https://careers.l3harris.com/en/job/salt-lake-city/inventory-management-support-d/4832/94313815488,
L3Harris,Quality Technician C,94216766320,"Hanover, MD",United States of America,,onsite,Mid,unknown,unknown,unknown,talentbrew,N/A,2026-06-13T01:12:21Z,https://careers.l3harris.com/en/job/hanover/quality-technician-c/4832/94216766320,
L3Harris,Expression of Interest - L3Harris Australia,94009490288,Multiple Locations,United States of America,,onsite,Mid,unknown,unknown,unknown,talentbrew,N/A,2026-06-13T01:12:21Z,https://careers.l3harris.com/en/job/williamtown/expression-of-interest-l3harris-australia/4832/94009490288,
L3Harris,"Field Technician C (Minneapolis, MN, St. Paul, MN and Surrounding Area)",93722631680,Remote,United States of America,,remote,Mid,unknown,unknown,unknown,talentbrew,N/A,2026-06-13T01:12:21Z,https://careers.l3harris.com/en/job/united-states/field-technician-c-minneapolis-mn-st-paul-mn-and-surrounding-area/4832/93722631680,
L3Harris,Engineering Technician / Electrical Assembly,93801106944,"Rochester, NY",United States of America,,onsite,Mid,unknown,unknown,unknown,talentbrew,N/A,2026-06-13T01:12:21Z,https://careers.l3harris.com/en/job/rochester/engineering-technician-electrical-assembly/4832/93801106944,
L3Harris,Aircraft Maintenance D - Mission Systems Specialist (Avionics),93952230608,"Oklahoma City, OK",United States of America,,onsite,Mid,unknown,unknown,unknown,talentbrew,N/A,2026-06-13T01:12:21Z,https://careers.l3harris.com/en/job/oklahoma-city/aircraft-maintenance-d-mission-systems-specialist-avionics/4832/93952230608,
L3Harris,Manufacturing Technician C,93952258960,"Salt Lake City, UT",United States of America,,onsite,Mid,unknown,unknown,unknown,talentbrew,N/A,2026-06-13T01:12:24Z,https://careers.l3harris.com/en/job/salt-lake-city/manufacturing-technician-c/4832/93952258960,
L3Harris,Technical Lead Member Engineering Staff - Systems Security Engineer,93722631344,"Camden, NJ",United States of America,,onsite,Principal,unknown,unknown,unknown,talentbrew,N/A,2026-06-13T01:12:24Z,https://careers.l3harris.com/en/job/camden/technical-lead-member-engineering-staff-systems-security-engineer/4832/93722631344,
L3Harris,Field Technician,93516108752,"Nashua, NH",United States of America,,onsite,Mid,unknown,unknown,unknown,talentbrew,N/A,2026-06-13T01:12:24Z,https://careers.l3harris.com/en/job/nashua/field-technician/4832/93516108752,
