company,title,job_id,location,country,salary,remote,seniority,us_citizenship_required,security_clearance,relocation_assistance,source_platform,date_posted,scraped_at,apply_url,description_text
AAR Corp,Warehouse Clerk,323268,"United States, Connecticut, Windsor",United States of America,,onsite,Mid,us_person,unknown,unknown,taleo,N/A,2026-06-16T21:36:25Z,https://aarcorp.taleo.net/careersection/2/jobdetail.ftl?job=323268,"Job Description - Warehouse Clerk (18461)
About Us: AAR Corp. (NYSE: AIR) is a global aerospace and defense aftermarket solutions company that employs more than 6,000 people across over 60 sites in over 20 countries. Headquartered in the Chicago, Illinois area, AAR supports commercial and government customers in more than 100 countries through four operating segments: Parts Supply, Integrated Solutions, Repair and Engineering and Expeditionary Services. AAR’s purpose is to empower people to build innovative aerospace solutions today so you can safely reach your destination tomorrow. The company’s mission is to go above and beyond to provide value-driven aerospace aftermarket solutions to meet the evolving needs of our customers worldwide. AAR constantly searches for the right thing to do for its customers, employees, partners and for society.
 
Warehouse Clerk - 18461

Description
 

Hours:

1st shift, Monday through Friday

Description:

Ensure that all inventory is properly categorized and accounted for. Receive inventory as needed and ensure that the entire shipment is unloaded.

 

What you will be responsible for: 

Unload incoming inventory from trucks.
Stock inventory onto shelf locations.
Pick inventory for shipment to customers or repair vendors.
Perform inventory cycle counts.
Research missing parts and report any discrepancies.
Operate forklift equipment.
All other duties as assigned.

Qualifications
 

What you will need to be successful in this role:

High school diploma or general education degree, GED, required. 
One (1) year related experience and or training is preferred.
This position requires compliance with International Traffic in Arms Regulations (ITAR). Candidates must be a U.S. Person as defined by ITAR (U.S. citizen, U.S. national, lawful permanent resident, or individual admitted as a refugee or granted asylum). 

 

Physical Demands/Work Environment:

 

The physical demands and work environment characteristics described here are representative of those that must be met by an employee to successfully perform the essential functions of this job. Reasonable accommodations may be made to enable individuals with disabilities to perform the essential functions. 

While performing the duties of this job, the employee may be regularly required to sit, stand, bend, reach and move about the facility. 

The environmental characteristic for this position is a warehouse setting. Candidates should be able to adapt to a traditional warehouse environment.
Must be able to lift and carry up to 35 pounds and comply with OSHA standards

 

The rewards of your career at AAR go far beyond just your salary:

Comprehensive benefits package including medical, dental, and vision coverage.
 
401(k) retirement plan with company match
 
Generous paid time off program
 
Professional development 
 

#LI-VR1 #LI-Onsite

Job: Warehouse
Primary Location: United States-Connecticut-Windsor
Schedule: Full-time
Overtime Status: Non-exempt

We are an equal opportunity employer. All qualified applicants will receive consideration for employment without regard to race, color, religion, sex, sexual orientation, gender identity, national origin, disability or veteran status."
AAR Corp,Product Line Rep- Commerical Distribution,313081,"United States, Illinois, Wood Dale",United States of America,,onsite,Mid,unknown,unknown,unknown,taleo,N/A,2026-06-16T21:36:25Z,https://aarcorp.taleo.net/careersection/2/jobdetail.ftl?job=313081,"Job Description - Product Line Rep- Commerical Distribution (17538)
About Us: AAR Corp. (NYSE: AIR) is a global aerospace and defense aftermarket solutions company that employs more than 6,000 people across over 60 sites in over 20 countries. Headquartered in the Chicago, Illinois area, AAR supports commercial and government customers in more than 100 countries through four operating segments: Parts Supply, Integrated Solutions, Repair and Engineering and Expeditionary Services. AAR’s purpose is to empower people to build innovative aerospace solutions today so you can safely reach your destination tomorrow. The company’s mission is to go above and beyond to provide value-driven aerospace aftermarket solutions to meet the evolving needs of our customers worldwide. AAR constantly searches for the right thing to do for its customers, employees, partners and for society.
 
Product Line Rep- Commerical Distribution  - 17538

Description
 

Description: 
Support the selling function and carry out a variety of tasks and functions. Responsible for maintaining efficient and profitable support for the day-to-day operations of the Product Line.

What you will be responsible for: 

Learn all aspects of the respective product line and serve as a technical expert.
Proactively drive vendor relationships and serve as the primary contact for AAR.
Maximize sales and margin objectives of respective product line.
Expand existing traditional business.
Identify and pursue purchase opportunities available in the marketplace.
Support existing outside sales force.
Plan, schedule, and manage inventory for respective product lines.
Identify inventory acquisition opportunities.
Identify market trends and coordinate with sales groups to anticipate areas of opportunities.
Ensure that inventory management and shareholder value is maximized.
New Product Development Some travel may be required.
All other duties as assigned.

Qualifications
 

What you will need to be successful in this role: 

Experience in an aviation field a plus but not necessary 
Team player with strong interpersonal skills
Basic negotiating, customer support skills
Ability to build strong relationships with customers
Ability to articulate and compose business opportunities
Ability to work in a fast paced and highly technical environment
Associates degree (A.A.) or equivalent from two-year College or technical school; or four years related experience and/or training; or equivalent combination of education and experience. 
PC Literate (Word, Excel, and Access) 
Bachelor’s degree preferred.

The rewards of your career at AAR go far beyond just your salary:

Competitive salary and bonus package
Comprehensive benefits package including medical, dental, and vision coverage.
401(k) retirement plan with company match
Generous paid time off program
Professional development and career advancement opportunities

Physical Demands/Work Environment:
The physical demands and work environment characteristics described here are representative of those that must be met by an employee to successfully perform the essential functions of this job.

Reasonable accommodations may be made to enable individuals with disabilities to perform the essential functions.
While performing the duties of this job, the employee may be regularly required to sit, stand, bend, reach and move about the facility.
The environmental characteristic for this position is an office setting.
Candidates should be able to adapt to a traditional business environment.

AAR provides accommodation in accordance with applicable laws through all stages of the hiring process. If you require accommodation for any part of the application and/or hiring process, please advise Human Resources. 

Compensation:
The anticipated salary range for this position is $63,786.00 to $65,000.00 annually. This range reflects the base salary for candidates who meet the requirements of the role, including experience, education, and location. [In addition to base pay, this role is eligible for a bonus.] AAR offers a competitive benefits package, including medical/dental/vision/life/and AD&D insurance, 401(k) savings plan with employer match, paid time off and holiday pay, as well as opportunities for professional development and growth.

#LI-MA1 #LI-ONSITE

Job: Product Line
Primary Location: United States-Illinois-Wood Dale
Schedule: Full-time
Overtime Status: Exempt

We are an equal opportunity employer. All qualified applicants will receive consideration for employment without regard to race, color, religion, sex, sexual orientation, gender identity, national origin, disability or veteran status."
AAR Corp,Sr. Human Resources Director,323328,"United States, Illinois, Wood Dale",United States of America,,onsite,Director,us_person,unknown,unknown,taleo,N/A,2026-06-16T21:36:25Z,https://aarcorp.taleo.net/careersection/2/jobdetail.ftl?job=323328,"Job Description - Sr. Human Resources Director (18464)
About Us: AAR Corp. (NYSE: AIR) is a global aerospace and defense aftermarket solutions company that employs more than 6,000 people across over 60 sites in over 20 countries. Headquartered in the Chicago, Illinois area, AAR supports commercial and government customers in more than 100 countries through four operating segments: Parts Supply, Integrated Solutions, Repair and Engineering and Expeditionary Services. AAR’s purpose is to empower people to build innovative aerospace solutions today so you can safely reach your destination tomorrow. The company’s mission is to go above and beyond to provide value-driven aerospace aftermarket solutions to meet the evolving needs of our customers worldwide. AAR constantly searches for the right thing to do for its customers, employees, partners and for society.
 
Sr. Human Resources Director - 18464

Description
 

The Senior Human Resources Director will serve as a strategic HR leader for AAR’s MRO Network, Mobility, and Engineering Services, partnering with senior leadership to align people strategy with business priorities across a complex, multi-site operating environment. Based in Chicago, this role will help shape workforce strategy, strengthen organizational capability, and drive HR initiatives that support operational performance across eight North American locations.

As a key business partner to MRO executive leadership, this leader will advise on talent, organization design, workforce planning, leadership effectiveness, employee engagement, and change management. The Senior HR Director will lead an HR team of eight, establish consistent HR practices across the network, and use data-driven insights to influence decisions, mitigate risk, and deliver measurable business outcomes.

What you will be responsible for: 

Strategic Leadership: Develop and execute comprehensive HR strategies that align with business goals and drive organizational success. Provide vision and direction for all HR functions, including talent acquisition, performance management, compensation, benefits, learning & development, and employee engagement.
People Management: Lead, mentor, and inspire a high-performing direct reporting HR team of eight (8). Foster a collaborative, growth-oriented environment where innovation and continuous improvement are encouraged. 
Talent Acquisition & Retention: Oversee sourcing, selection, and onboarding of top-tier talent. Implement strategies to enhance employee retention and reduce turnover. Build strong pipelines for future leadership and critical roles.
Performance & Development: Design and manage robust performance evaluation systems. Create impactful learning and development programs that nurture professional growth and support succession planning. Champion a culture of feedback, recognition, and accountability.
Culture & Engagement: Cultivate an engaging workplace culture that embodies company values and inspires employees to excel. Lead initiatives to enhance employee morale, well-being, and satisfaction.
Compliance & Risk Management: Ensure HR policies, procedures, and practices are compliant with all federal, state, and local regulations. Provide guidance on complex employee relations matters, investigations, and dispute resolution.
Organizational Change: Drive change management initiatives in partnership with senior leadership. Support business transformations, mergers, acquisitions, and restructuring efforts to facilitate smooth transitions and positive outcomes.
Data-Driven Insights:  Analyze HR metrics and trends to inform decision-making. Prepare reports and presentations for the executive team, highlighting opportunities for improvement and celebrating successes.
 

Qualifications
 

What you will need to be successful in this role: 

Bachelor’s degree in human resources, Business Administration, or related field; Master’s degree or advanced credentials preferred.
10+ years of progressive HR leadership experience, including at least 5 years in a senior management role and leading others.
Demonstrated success in designing and implementing strategic HR programs for large, complex organizations.
Strong understanding of global employment law, and industry HR trends.
Experience leading organizational change, mergers, acquisitions, or transformation projects.
Exceptional communication, coaching, and negotiation skills.
Proficiency in HRIS and analytics tools; strong data-driven decision-making abilities.
Ability to travel up to 30% of the time for collaboration and business needs.  
This position requires compliance with International Traffic in Arms Regulations (ITAR). Candidates must be a U.S. Person as defined by ITAR (U.S. citizen, U.S. national, lawful permanent resident, or individual admitted as a refugee or granted asylum).

Compensation and Benefits:

The anticipated salary range for this position is $175,000 to $225,000 annually. This range reflects base salary for candidates who meet the requirements of the role, including experience, education, and location.
This role is eligible for an annual bonus award based on individual and business performance.
AAR offers a competitive benefits package, including medical, dental, vision, life, and AD&D insurance; a 401(k) savings plan with employer match; paid time off and holiday pay; and opportunities for professional development and career growth.

Physical Demands/Work Environment:

The physical demands and work environment characteristics described here are representative of those that must be met by an employee to successfully perform the essential functions of this job. Reasonable accommodations may be made to enable individuals with disabilities to perform the essential functions.
While performing the duties of this job, the employee may be regularly required to sit, stand, bend, reach and move about the facility.
The environmental characteristic for this position is an office setting.
Candidates should be able to adapt to a traditional business environment.
AAR provides accommodation in accordance with applicable laws through all stages of the hiring process. If you require accommodation for any part of the application and/or hiring process, please advise Human Resources. 
 

#LI-PI1 #LI-HYBRID1 

Job: Human Resources
Primary Location: United States-Illinois-Wood Dale
Schedule: Full-time
Overtime Status: Exempt

AAR is an equal opportunity employer. All qualified applicants will receive consideration for employment without regard to race, color, religion, sex, sexual orientation, gender identity, national origin, disability or veteran status."
AAR Corp,Aviation Maintenance Manager,319424,"United States, Oklahoma, Oklahoma City",United States of America,,onsite,Manager,unknown,unknown,unknown,taleo,N/A,2026-06-16T21:36:25Z,https://aarcorp.taleo.net/careersection/2/jobdetail.ftl?job=319424,"Job Description - Aviation Maintenance Manager (18056)
About Us: AAR Corp. (NYSE: AIR) is a global aerospace and defense aftermarket solutions company that employs more than 6,000 people across over 60 sites in over 20 countries. Headquartered in the Chicago, Illinois area, AAR supports commercial and government customers in more than 100 countries through four operating segments: Parts Supply, Integrated Solutions, Repair and Engineering and Expeditionary Services. AAR’s purpose is to empower people to build innovative aerospace solutions today so you can safely reach your destination tomorrow. The company’s mission is to go above and beyond to provide value-driven aerospace aftermarket solutions to meet the evolving needs of our customers worldwide. AAR constantly searches for the right thing to do for its customers, employees, partners and for society.
 
Aviation Maintenance Manager  - 18056

Description
 
Position Overview

The Project Manager is responsible for overseeing the planning, coordination, and execution of projects related to maintenance, repair, and overhaul operations. This role ensures that all MRO activities are delivered on time, within scope, and aligned with regulatory standards and customer expectations

 

What you will be responsible for:


•Collaborate in defining project objectives and system development requirements.

•Assist in developing detailed project plans, including task assignments, resource planning, milestones, and review checkpoints.

•Participate in selecting project team members based on required competencies and experience

.•Maintain profitable performance and efficiency across all assigned work packages, ensuring on-time delivery and adherence to company KPI targets.

•Oversee day-to-day operations within the assigned hangar, ensuring effective coordination, resource management, and workflow execution.

•Champion a strong safety culture by prioritizing the well-being of all employees, contractors, and on site vendors, and ensuring compliance with all safety standards and procedures.

•Review and validate deliverables to ensure quality, accuracy, and readiness for integration or subsequent phases.

•Provide technical leadership and support to team members to drive successful project outcomes.

•Report project progress, challenges, and recommended changes to management in a timely and transparent manner.

•Ensure all documentation and deliverables meet internal standards and project-specific requirements.

•Fulfill administrative reporting duties related to project performance and compliance.

•Assign personnel to projects and oversee their activities as directed.

•Maintain professional, clear, and responsive communication with airline customer representatives.

•Demonstrate flexibility by addressing customer needs beyond standard business hours when required.

•Perform other duties as assigned to contribute to overall project and organizational success.

 

Supervisory Responsibilities

 Execute supervisory duties in alignment with organizational policies and relevant legal regulations. 

Core responsibilities include:
•Conducting interviews, hiring, and onboarding new team members

•Planning, delegating, and overseeing daily work assignments

•Evaluating employee performance and providing constructive feedback

Administering recognition and disciplinary actions as appropriate

•Addressing employee concerns and resolving workplace issues effectively

Qualifications
 
Qualifications

To successfully perform this job, an individual must meet the following qualifications. The requirements are representative of the knowledge, skills, and abilities necessary for the role:

Education and/or Experience
Bachelor of Arts (B.A.) or Bachelor of Science (B.S.) degree from a four-year college or university; OR
Eight years of related experience and/or training; OR
An equivalent combination of education and experience.
Physical Demands / Work Environment

The physical demands and work environment characteristics described here are representative of those required for the successful performance of the job's essential functions. Reasonable accommodations may be made to enable individuals with disabilities to perform these functions.

While performing the duties of this job, the employee may be regularly required to:

Sit, stand, bend, reach, and move around the facility.

Work Environment:

The primary environmental characteristic for this position is an office setting.
Candidates must be able to adapt to a traditional business environment.

Job: Technical
Primary Location: United States-Oklahoma-Oklahoma City-Oklahoma City - Aircraft Services
Schedule: Full-time
Overtime Status: Exempt

We are an equal opportunity employer. All qualified applicants will receive consideration for employment without regard to race, color, religion, sex, sexual orientation, gender identity, national origin, disability or veteran status."
AAR Corp,"Auditor, Quality Assurance",321426,"United States, Oklahoma, Oklahoma City",United States of America,,onsite,Mid,unknown,unknown,unknown,taleo,N/A,2026-06-16T21:36:25Z,https://aarcorp.taleo.net/careersection/2/jobdetail.ftl?job=321426,"Job Description - Auditor, Quality Assurance (18275)
About Us: AAR Corp. (NYSE: AIR) is a global aerospace and defense aftermarket solutions company that employs more than 6,000 people across over 60 sites in over 20 countries. Headquartered in the Chicago, Illinois area, AAR supports commercial and government customers in more than 100 countries through four operating segments: Parts Supply, Integrated Solutions, Repair and Engineering and Expeditionary Services. AAR’s purpose is to empower people to build innovative aerospace solutions today so you can safely reach your destination tomorrow. The company’s mission is to go above and beyond to provide value-driven aerospace aftermarket solutions to meet the evolving needs of our customers worldwide. AAR constantly searches for the right thing to do for its customers, employees, partners and for society.
 
Auditor, Quality Assurance - 18275

Description
 

SUMMARY

The Quality Assurance / Quality Systems Auditor is responsible for performing Internal and External Quality Assurance Audits of the repair station and its vendors, to ensure compliance with processes, policies, procedures and quality standards. The Quality Assurance Auditor must be appropriately certified per CFR 145.153 and 145.161

Essential Job Functions

Reviewing Customers procedures for specific guidance or requirements for aircraft inspection/maintenance documentation.
Perform scheduled and nonscheduled surveillance audits of the Repair Station to ensure compliance with CFRs and AAR procedures.
Post inspection, in-progress, and pre-departure audits to ensure AAR Quality Standards are maintained.
Internal system, shop, hangar, and ramp audits ensuring compliance with all aspects of industry standards and providing to the Manager Quality of Assurance and Director of Quality notification of non-compliance.
Conduct Quality audits that include but not limited to: customer aircraft facilities, tooling, training, housekeeping, and documentation that directly or indirectly impact the airworthiness of all products approved for Return to Service by AAR.
Perform on-site Vendor audits to assure compliance with AAR Quality Standards. -Conducting assigned internal audits to ensure compliance with applicable CFRs, the Repair Station Quality Manual and other AAR quality standards.
Conduct investigations and provide reports for damages, quality escapes and external audit findings that occurs on the facility.
Conduct audits of paperwork to ensure all paperwork is completed in accordance with the procedures outlined in the Repair Station Quality Manual.
Ensure work areas are maintained in a clean and safe manner.
All other duties as assigned. 

CORE COMPETENCIES

Organization: very detail oriented and always comes prepared

Communication: excellent interpersonal and oral and written communication skills

Initiative: plans work and carries out tasks without detailed instructions, prepares for problems or opportunities in advance, undertakes additional responsibilities

Leadership: demonstrated ability to lead people and get results through others

Skills: Proficient in Microsoft Office (Word, Excel, PowerPoint)

Qualifications
 

Qualifications

To perform this job successfully, an individual must be able to perform each essential duty satisfactorily. The requirements listed below are representative of the knowledge, skill, and/or ability required.

Education and Experience

Education: Associates Degree from a Technical School; or five years related experience and/or training; or equivalent combination of education and experience.
Experience: Must possess a FAA Airframe or A&P License. Minimum five years quality assurance experience or equivalent, and exposure to aircraft and component overhaul operations required. Strong leadership, interpersonal and communication skills required.

Physical Demands The physical demands and work environment characteristics described here are representative of those that must be met by an employee to successfully perform the essential functions of this job. Reasonable accommodations may be made to enable individuals with disabilities to perform the essential functions. While performing the duties of this job, the employee may be regularly required to sit, stand, bend, reach and move about the facility. The environmental characteristic for this position is an office/hangar setting. Candidates should be able to adapt to a traditional business environment. 

 

Job: Administrative
Primary Location: United States-Oklahoma-Oklahoma City-Oklahoma City - Aircraft Services
Schedule: Full-time
Overtime Status: Exempt

We are an equal opportunity employer. All qualified applicants will receive consideration for employment without regard to race, color, religion, sex, sexual orientation, gender identity, national origin, disability or veteran status."
AAR Corp,A&P III,297781,Multiple Locations,United States of America,,onsite,Mid,unknown,unknown,unknown,taleo,N/A,2026-06-16T21:36:25Z,https://aarcorp.taleo.net/careersection/2/jobdetail.ftl?job=297781,"Job Description - A&P III (16677)
About Us: AAR Corp. (NYSE: AIR) is a global aerospace and defense aftermarket solutions company that employs more than 6,000 people across over 60 sites in over 20 countries. Headquartered in the Chicago, Illinois area, AAR supports commercial and government customers in more than 100 countries through four operating segments: Parts Supply, Integrated Solutions, Repair and Engineering and Expeditionary Services. AAR’s purpose is to empower people to build innovative aerospace solutions today so you can safely reach your destination tomorrow. The company’s mission is to go above and beyond to provide value-driven aerospace aftermarket solutions to meet the evolving needs of our customers worldwide. AAR constantly searches for the right thing to do for its customers, employees, partners and for society.
 
A&P III  - 16677

Description
 
SUMMARY The Technician C is an entry level position ideal for new graduates from Technical or A&P school. Also ideal for mechanics with less than five years of heavy aircraft experience. ESSENTIAL DUTIES AND RESPONSIBILITIES -Able to perform basic maintenance tasks under supervision. -Able to use FAA approved data (i.e. IPC, M/M, OHM, SRM) proficiently. -Insure work performed adheres to high quality standards. -All other duties as assigned. CORE COMPETENCIES Commitment to company values and ethics Dependability: personally responsible, completes work in a timely manner, and performs tasks accurately Motivation: must maintain a positive attitude and strong work energy Organization: very detail oriented and always comes prepared Communication: excellent interpersonal and oral and written communication skills Initiative: plans work and carries out tasks without detailed instructions, prepares for problems or opportunities in advance, undertakes additional responsibilities Leadership: demonstrated ability to lead people and get results through others

Qualifications
 

QUALIFICATIONS To perform this job successfully, an individual must be able to perform each essential duty satisfactorily. The requirements listed below are representative of the knowledge, skill, and/or ability required. EDUCATION and/or EXPERIENCE High school diploma or general education degree (GED) required. Must have a minimum of 1 year related experience and/or training. -May or may not have an A and/or P license -Some maintenance experience (including relative experience outside of Aviation) -Must possess and be able to skillfully use the minimum tools required -Must have 1 to 3 years aviation maintenance experience -Must possess the ability to learn PHYSICAL DEMANDS/WORK ENVIRONMENT The physical demands and work environment characteristics described here are representative of those that must be met by an employee to successfully perform the essential functions of this job. Reasonable accommodations may be made to enable individuals with disabilities to perform the essential functions. While performing the duties of this job, the employee may be regularly required to sit, stand, bend, reach and move about the facility. The environmental characteristic for this position is a warehouse setting. Candidates should be able to adapt to a traditional warehouse environment. 

Job: Union
Primary Location: United States-Oklahoma-Oklahoma City-Oklahoma City - Aircraft Services
Other Locations: United States
Schedule: Full-time
Overtime Status: Non-exempt

We are an equal opportunity employer. All qualified applicants will receive consideration for employment without regard to race, color, religion, sex, sexual orientation, gender identity, national origin, disability or veteran status."
AAR Corp,"Alternate Lead, A&P",299741,"United States, Oklahoma, Oklahoma City",United States of America,,onsite,Lead,unknown,unknown,unknown,taleo,N/A,2026-06-16T21:36:25Z,https://aarcorp.taleo.net/careersection/2/jobdetail.ftl?job=299741,"Job Description - Alternate Lead, A&P (16783)
About Us: AAR Corp. (NYSE: AIR) is a global aerospace and defense aftermarket solutions company that employs more than 6,000 people across over 60 sites in over 20 countries. Headquartered in the Chicago, Illinois area, AAR supports commercial and government customers in more than 100 countries through four operating segments: Parts Supply, Integrated Solutions, Repair and Engineering and Expeditionary Services. AAR’s purpose is to empower people to build innovative aerospace solutions today so you can safely reach your destination tomorrow. The company’s mission is to go above and beyond to provide value-driven aerospace aftermarket solutions to meet the evolving needs of our customers worldwide. AAR constantly searches for the right thing to do for its customers, employees, partners and for society.
 
Alternate Lead, A&P - 16783

Description
 
SUMMARY Monitor and accurately complete all aircraft paperwork to insure safety and timely delivery. ESSENTIAL DUTIES AND RESPONSIBILITIES Establish work priorities to assist the lead. Insure work performed adheres to high quality standards. Able to use FAA approved date (i.e. IPC, M/M, OHM, SRM, A.Ds, S.Bs) proficiently. Able to perform heavy maintenance tasks without supervision. All other duties as assigned.

Qualifications
 
QUALIFICATIONS FAA A&P License required. Computer keypunch experience. CORE COMPETENCIES Dependability: personally responsible, completes work in a timely manner, and performs tasks accurately. Initiative: plans work and carries out tasks without detailed instructions. Time management: ability to organize and manage multiple priorities and effectively deal with tight deadlines and pressure. Strong judgment and decision making. Problem Solving EDUCATION and/or EXPERIENCE High School Diploma/GED. Must have a minimum of 1 year related experience and/or training. PHYSICAL DEMANDS The physical demands and work environment characteristics described here are representative of those that must be met by an employee to successfully perform the essential functions of this job. WORK ENVIRONMENT The environmental characteristic for this position is primarily an outdoor setting. Candidates should be able to adapt to all kinds of weather and be prepared to work in adverse weather conditions. SIGNATURE I have read and agree that the contents of this job description accurately reflect my understanding of what is expected of me in this position. Employee Name: Employee Signature:

Job: Technical
Primary Location: United States-Oklahoma-Oklahoma City-Oklahoma City - Aircraft Services
Schedule: Full-time
Overtime Status: Non-exempt

We are an equal opportunity employer. All qualified applicants will receive consideration for employment without regard to race, color, religion, sex, sexual orientation, gender identity, national origin, disability or veteran status."
AAR Corp,Aircraft Sheet Metal Mechanic II,316261,Multiple Locations,United States of America,,onsite,Mid,unknown,unknown,unknown,taleo,N/A,2026-06-16T21:36:25Z,https://aarcorp.taleo.net/careersection/2/jobdetail.ftl?job=316261,"Job Description - Aircraft Sheet Metal Mechanic II (17793)
About Us: AAR Corp. (NYSE: AIR) is a global aerospace and defense aftermarket solutions company that employs more than 6,000 people across over 60 sites in over 20 countries. Headquartered in the Chicago, Illinois area, AAR supports commercial and government customers in more than 100 countries through four operating segments: Parts Supply, Integrated Solutions, Repair and Engineering and Expeditionary Services. AAR’s purpose is to empower people to build innovative aerospace solutions today so you can safely reach your destination tomorrow. The company’s mission is to go above and beyond to provide value-driven aerospace aftermarket solutions to meet the evolving needs of our customers worldwide. AAR constantly searches for the right thing to do for its customers, employees, partners and for society.
 
Aircraft Sheet Metal Mechanic II  - 17793

Description
 
Job Summary for Aircraft Technician - Structures II 

The Technician B, SM is responsible for performing proficient minor and intermediate repairs, modifications, and implementing service bulletins on aircraft. This role requires advanced technical skills and the ability to execute a wide range of maintenance tasks, while ensuring high standards of quality and safety. The Technician B, SM also takes a leadership role by directing less experienced mechanics and ensuring tasks are completed efficiently and accurately.

Essential Duties and Responsibilities:
Fabrication and Maintenance Skills: Demonstrates advanced proficiency in fabrication, cold working, flap peening, jacking, and shoring aircraft.
Technical Data Proficiency: Skilled in interpreting and using technical data, diagrams, and drawings to locate part numbers and accomplish repairs.
Quality Standards: Ensures all work performed meets or exceeds the company’s high-quality standards.
Leadership and Mentorship: Effectively supervises and guides less experienced mechanics, providing direction and support as needed.
Miscellaneous Duties: Completes all other assigned tasks or responsibilities as directed by the supervisor.
Core Competencies:
Commitment to Values: Adheres to company values and ethical standards, ensuring integrity and professionalism in all tasks.
Dependability: Reliable, takes personal responsibility, completes work on time, and performs tasks with accuracy.
Motivation: Maintains a positive, energetic attitude and demonstrates a strong work ethic, even under pressure.
Communication: Strong interpersonal communication skills, both written and verbal, to effectively convey technical information.
Initiative: Capable of planning and executing tasks without needing constant supervision, anticipating challenges, and embracing additional responsibilities.
Judgment & Decision-Making: Demonstrates strong problem-solving abilities, using sound judgment to make decisions and troubleshoot issues.

Qualifications
 
Qualifications

To successfully perform this job, candidates must be able to complete all essential duties satisfactorily. The following are the representative knowledge, skills, and abilities required for the role.

Education and Experience:
Education: High school diploma or General Education Degree (GED) required.
Experience: A minimum of 1 year of related experience and/or training in a similar role is required.
Airframe and Powerplant License: May or may not be required (depending on the employer's specific needs).
Computer Skills: Experience with computer keypunch or data entry systems.
Warehousing Experience: Previous experience in warehousing, handling inventory, and working with barcode equipment is preferred.
Physical Demands / Work Environment:
Physical Demands: The employee must be able to regularly perform activities such as sitting, standing, bending, reaching, and moving about the facility.
Work Environment: The job is performed in a warehouse setting, and candidates must be able to adapt to a traditional warehouse environment.
Reasonable accommodations will be made to enable individuals with disabilities to perform essential job functions.

This section outlines the physical and environmental conditions, as well as specific qualifications related to education, experience, and technical skills. Candidates should be prepared for a hands-on role in a warehouse setting with a focus on maintenance and repair tasks.

Job: Technical
Primary Location: United States-Oklahoma-Oklahoma City-Oklahoma City - Aircraft Services
Other Locations: United States
Schedule: Full-time
Overtime Status: Non-exempt

We are an equal opportunity employer. All qualified applicants will receive consideration for employment without regard to race, color, religion, sex, sexual orientation, gender identity, national origin, disability or veteran status."
AAR Corp,Aircraft Sheet Metal Lead,293182,"United States, Oklahoma, Oklahoma City",United States of America,,onsite,Mid,unknown,unknown,unknown,taleo,N/A,2026-06-16T21:36:25Z,https://aarcorp.taleo.net/careersection/2/jobdetail.ftl?job=293182,"Job Description - Aircraft Sheet Metal Lead (16437)
About Us: AAR Corp. (NYSE: AIR) is a global aerospace and defense aftermarket solutions company that employs more than 6,000 people across over 60 sites in over 20 countries. Headquartered in the Chicago, Illinois area, AAR supports commercial and government customers in more than 100 countries through four operating segments: Parts Supply, Integrated Solutions, Repair and Engineering and Expeditionary Services. AAR’s purpose is to empower people to build innovative aerospace solutions today so you can safely reach your destination tomorrow. The company’s mission is to go above and beyond to provide value-driven aerospace aftermarket solutions to meet the evolving needs of our customers worldwide. AAR constantly searches for the right thing to do for its customers, employees, partners and for society.
 
Aircraft Sheet Metal Lead - 16437

Description
 

AAR is the place of choice to build an inspiring career. 

 

Provide leadership for mechanics. Work on all minor through major repairs, modifications, E.A.s, etc. Monitor and accurately complete all aircraft paperwork to insure safety and timely delivery.

 

ESSENTIAL DUTIES AND RESPONSIBILITIES

High proficiency in all minor through major repairs, modifications, E.A.s, etc.
Highly proficient with forms.
Establish work priorities and supervise the work of up to 15 mechanics.
Effectively interact with customer representatives. - All other duties as assigned.

 CORE COMPETENCIES

Business Acumen: Utilizing financial data to diagnose business strengths and weaknesses and identify the implications for potential strategies
Managing Relationships: Meeting the personal needs of individuals to build trust, encourage two-way communications, and strengthen relationships.   
Adaptability: Maintaining effectiveness when experiencing major changes in work responsibilities or environment (e.g., people, processes, structure, or culture). 
Continuous Learning: Actively identifying new areas for learning; regularly creating and taking advantage of learning opportunities; taking full advantage of opportunities to receive and explore feedback about own performance (from assessments, managers, coworkers, internal/external partners, or customers). 
Safety Focus: Identifying and improving conditions that affect our own and others' safety; upholding safety standards. 
Quality Orientation: Accomplishing tasks by considering all areas involved, no matter how detailed. 
Valuing Differences: Working effectively with individuals of diverse cultures, interpersonal styles, abilities, motivations or backgrounds 

Qualifications
 

QUALIFICATIONS

 

To perform this job successfully, an individual must be able to perform each essential duty satisfactorily. The requirements listed below are representative of the knowledge, skill, and/or ability required.

High school diploma or general education degree (GED) required.

Must have a minimum of 1 year related aviation sheet metal experience and/or training.

Hold a minimum of an airframe (A) license.

May or may not have a powerplant (P) license

Previous experience in warehousing, handling inventory, and bar code equipment

PHYSICAL DEMANDS / WORK ENVIRONMENT 

Constantly: Lifting 10 lbs., standing, walking, wrist flexion and extension, environmental weather conditions. 
Frequently: Lifting ≤40 lbs., push/pull <20 lbs., climbing stairs, balancing, stooping, squatting, crawling, kneeling for extended periods, working in confined spaces. Working above chest-level, overhead, and away from body for extended periods. Bending, twisting of torso, twisting and/or pressure with wrist/hands, fine finger usage, moderate vibrations up to 2 hrs. to high vibrations up to 30 mins. Vision with/without correction; near <20”, far >20’, and basic depth perception (shapes). Working at elevated heights ≥4’, working on ladders, scaffolding, uneven surfaces, and energized parts. 
Occasionally: Lifting and/or carry ≤50 lbs., sitting, basic color vision, operation of motorized or electrical equipment, push/pull <50 lbs., work in wet conditions. 

#LI-TK1

#LI-DT1

Job: Technical
Primary Location: United States-Oklahoma-Oklahoma City-Oklahoma City - Aircraft Services
Schedule: Full-time
Overtime Status: Non-exempt

We are an equal opportunity employer. All qualified applicants will receive consideration for employment without regard to race, color, religion, sex, sexual orientation, gender identity, national origin, disability or veteran status."
AAR Corp,Aircraft Sheet Metal Alternate Lead,293163,"United States, Oklahoma, Oklahoma City",United States of America,,onsite,Mid,unknown,unknown,unknown,taleo,N/A,2026-06-16T21:36:25Z,https://aarcorp.taleo.net/careersection/2/jobdetail.ftl?job=293163,"Job Description - Aircraft Sheet Metal Alternate Lead (16436)
About Us: AAR Corp. (NYSE: AIR) is a global aerospace and defense aftermarket solutions company that employs more than 6,000 people across over 60 sites in over 20 countries. Headquartered in the Chicago, Illinois area, AAR supports commercial and government customers in more than 100 countries through four operating segments: Parts Supply, Integrated Solutions, Repair and Engineering and Expeditionary Services. AAR’s purpose is to empower people to build innovative aerospace solutions today so you can safely reach your destination tomorrow. The company’s mission is to go above and beyond to provide value-driven aerospace aftermarket solutions to meet the evolving needs of our customers worldwide. AAR constantly searches for the right thing to do for its customers, employees, partners and for society.
 
Aircraft Sheet Metal Alternate Lead - 16436

Description
 

AAR is the place of choice to build an inspiring career. 

Monitor and accurately complete all aircraft paperwork to insure safety and timely delivery.

ESSENTIAL DUTIES AND RESPONSIBILITIES

Establish work priorities to assist the lead.
Insure work performed adheres to high quality standards.
Able to use FAA approved date (i.e. IPC, M/M, OHM, SRM, A.Ds, S.Bs) proficiently.
Able to perform heavy maintenance tasks without supervision.
All other duties as assigned.

CORE COMPETENCIES

Commitment: to company values and ethics 
Dependability: personally responsible, completes work in a timely manner, and performs tasks accurately 
Motivation: must maintain a positive attitude and strong work energy 
Organization: very detail oriented and always comes prepared 
Communication: excellent interpersonal and oral and written communication skills  
Initiative: plans work and carries out tasks without detailed instructions, prepares for problems or opportunities in advance, undertakes additional responsibilities 
Leadership: demonstrated ability to lead people and get results through others 

Qualifications
 

QUALIFICATIONS 

EDUCATION and/or EXPERIENCE

High School Diploma/GED required.
Tech school student or graduate in sheet metal is a plus.
Must have a minimum of 1+ year related aviation sheet metal experience and/or training.

PHYSICAL DEMANDS and WORK ENVIRONMENT

Constantly: Lifting 10 lbs., standing, walking, wrist flexion and extension, environmental weather conditions. 
Frequently: Lifting ≤40 lbs., push/pull <20 lbs., climbing stairs, balancing, stooping, squatting, crawling, kneeling for extended periods, working in confined spaces. Working above chest-level, overhead, and away from body for extended periods. Bending, twisting of torso, twisting and/or pressure with wrist/hands, fine finger usage, moderate vibrations up to 2 hrs. to high vibrations up to 30 mins. Vision with/without correction; near <20”, far >20’, and basic depth perception (shapes). Working at elevated heights ≥4’, working on ladders, scaffolding, uneven surfaces, and energized parts. 
Occasionally: Lifting and/or carry ≤50 lbs., sitting, basic color vision, operation of motorized or electrical equipment, push/pull <50 lbs., work in wet conditions.
#LI-TK1 

#LI-DT1

Job: Technical
Primary Location: United States-Oklahoma-Oklahoma City-Oklahoma City - Aircraft Services
Schedule: Full-time
Overtime Status: Non-exempt

We are an equal opportunity employer. All qualified applicants will receive consideration for employment without regard to race, color, religion, sex, sexual orientation, gender identity, national origin, disability or veteran status."
AAR Corp,Aircraft Quality Control Inspector,305561,"United States, Oklahoma, Oklahoma City",United States of America,,onsite,Mid,unknown,unknown,unknown,taleo,N/A,2026-06-16T21:36:25Z,https://aarcorp.taleo.net/careersection/2/jobdetail.ftl?job=305561,"Job Description - Aircraft Quality Control Inspector (17094)
About Us: AAR Corp. (NYSE: AIR) is a global aerospace and defense aftermarket solutions company that employs more than 6,000 people across over 60 sites in over 20 countries. Headquartered in the Chicago, Illinois area, AAR supports commercial and government customers in more than 100 countries through four operating segments: Parts Supply, Integrated Solutions, Repair and Engineering and Expeditionary Services. AAR’s purpose is to empower people to build innovative aerospace solutions today so you can safely reach your destination tomorrow. The company’s mission is to go above and beyond to provide value-driven aerospace aftermarket solutions to meet the evolving needs of our customers worldwide. AAR constantly searches for the right thing to do for its customers, employees, partners and for society.
 
Aircraft Quality Control Inspector - 17094

Description
 

AAR is the place of choice to build an inspiring career. 

Determines airworthiness of work performed. Examines aircraft, engines, components and materials and records results of inspections to ensure continued airworthiness through accomplishment of the following duties:

ESSENTIAL DUTIES AND RESPONSIBILITIES

Process daily incoming and outgoing material to meet Quality Control requirements as stated in the AAR Procedures Manual and Customer Requirements Manual.
Interface with suppliers and product line to disposition rejects.
Ensure all overhauls, checks and repairs are carried out in accordance with procedures as required in the applicable manuals and Federal Aviation Administration (FAA) Code of Federal Regulations (14 CFR).
All other duties as assigned.

What you will be responsible for:

Commitment to company values and ethics
Dependability: personally responsible, completes work in a timely manner, and performs tasks accurately
Motivation: must maintain a positive attitude and strong work energy
Organization: very detail oriented and always comes prepared
Communication: excellent interpersonal and oral and written communication skills
Initiative: plans work and carries out tasks without detailed instructions, prepares for problems or opportunities in advance, undertakes additional responsibilities
Strong judgment and decision making
Analytical skills: must be able to gather information and use data to determine cause and effect for complex problem solving

Qualifications
 

What you will need to be successful in this role:

Minimum of an FAA Airframe rating is required; both FAA Airframe and Powerplant (A&P) ratings is preferred. 
3+ years Inspector experience with fixed wing transport aircraft such as Boeing 737, ERJ 175, Airbus, etc.
Must be at least 18 years of age 
High school diploma or general education degree (GED) required 
Associates degree or equivalent from two-year college or technical school, or four years related experience and or training, or equivalent combination of education and experience.
Fluent in English (speech, reading, writing) 

The rewards of your career at AAR go far beyond just your salary:

Competitive salary and bonus package
Comprehensive benefits package including medical, dental, and vision coverage
401(k) retirement plan with company match
Generous paid time off program
Professional development and career advancement opportunities

PHYSICAL DEMANDS and WORK ENVIRONMENT

Constantly: standing, walking, wrist flexion and extension, working on uneven surfaces.
Vision with/without correction; near <20”, far >20’. 
Vision basic depth perception and color vision.
Frequently: Lifting ≤30 lbs., climbing stairs, balancing, stooping, squatting, crawling, and kneeling on knees for extended periods. Working above chest-level and away from body for extended periods. Bending, twisting of torso, fine finger usage. Vision basic depth perception and color vision (shapes/colors), environmental weather conditions, working on ladders, scaffolding, and working alone.
Occasionally: Lifting, carry, and push/pull ≤50 lbs., sitting, working overhead, basic color vision, operation of motorized/electrical equipment, and work in wet conditions. Twisting and/or pressure with wrist/hands, working at elevated heights ≥4’, energized parts, confined spaces, and environmental weather conditions.  

 

#LI-TK1

#LI-DT1

Job: Technical
Primary Location: United States-Oklahoma-Oklahoma City-Oklahoma City - Aircraft Services
Schedule: Full-time
Overtime Status: Non-exempt

We are an equal opportunity employer. All qualified applicants will receive consideration for employment without regard to race, color, religion, sex, sexual orientation, gender identity, national origin, disability or veteran status."
AAR Corp,Aircraft Interior Alternate Lead,308221,"United States, Oklahoma, Oklahoma City",United States of America,,onsite,Mid,unknown,unknown,unknown,taleo,N/A,2026-06-16T21:36:25Z,https://aarcorp.taleo.net/careersection/2/jobdetail.ftl?job=308221,"Job Description - Aircraft Interior Alternate Lead (17249)
About Us: AAR Corp. (NYSE: AIR) is a global aerospace and defense aftermarket solutions company that employs more than 6,000 people across over 60 sites in over 20 countries. Headquartered in the Chicago, Illinois area, AAR supports commercial and government customers in more than 100 countries through four operating segments: Parts Supply, Integrated Solutions, Repair and Engineering and Expeditionary Services. AAR’s purpose is to empower people to build innovative aerospace solutions today so you can safely reach your destination tomorrow. The company’s mission is to go above and beyond to provide value-driven aerospace aftermarket solutions to meet the evolving needs of our customers worldwide. AAR constantly searches for the right thing to do for its customers, employees, partners and for society.
 
Aircraft Interior Alternate Lead - 17249

Description
 

AAR is the place of choice to build an inspiring career. 

Monitor and accurately complete all aircraft paperwork, as appropriate, to ensure safety and timely delivery. Provide leadership for technicians.

ESSENTIAL DUTIES AND RESPONSIBILITIES

Establish work priorities to assist the Lead. Ensure work performed adheres to high quality standards.
Highly proficient with forms
Establish work priorities and supervise the work of up to 10 Technicians
Effectively interact with customer representatives
All other duties as assigned

CORE COMPETENCIES

Dependability: personally responsible, completes work in a timely manner, and performs tasks accurately.
Initiative: plans work and carries out tasks without detailed instructions.
Time management: ability to organize and manage multiple priorities and effectively deal with tight deadlines and pressure.
Strong judgment and decision making.
Problem Solving

Qualifications
 

PRIMARY REQUIREMENTS 

Must be at least 18 years of age 

High school diploma or general education degree (GED) required 

Over 2+ years aviation maintenance experience 

FAA Airframe certification or Repairman's Certificate

Knowledge of FAA regulations including 14 CFR  

Proven leadership abilities, such as taking personal responsibility, superb attendance, completing work in a timely manner, and performing tasks accurately.  

Takes initiative, such as, plans work and carries out tasks without detailed instructions. Strong judgment and decision-making skills. 

Time management skills, such as, the ability to organize and manage multiple priorities, a problem-solver, and effectively dealing with tight deadlines and work pressure/stress. 

Fluent in English (speech, reading, writing) 

 PREFERRED REQUIREMENTS 

Powerplant license (A&P)  

Valid Driver’s License  

EDUCATION and/or EXPERIENCE

High School Diploma/GED. Must have a minimum of 1-year related experience and/or training.

PHYSICAL DEMANDS/WORK ENVIRONMENT

Constantly: Lifting 10 lbs., standing, walking, wrist flexion and extension, environmental weather conditions. 
Frequently: Lifting ≤40 lbs., push/pull <20 lbs., climbing stairs, balancing, stooping, squatting, crawling, kneeling for extended periods, working in confined spaces. Working above chest-level, overhead, and away from body for extended periods. Bending, twisting of torso, twisting and/or pressure with wrist/hands, fine finger usage, moderate vibrations up to 2 hrs. to high vibrations up to 30 mins. Vision with/without correction; near <20”, far >20’, and basic depth perception (shapes). Working at elevated heights ≥4’, working on ladders, scaffolding, uneven surfaces, and energized parts. 
Occasionally: Lifting and/or carry ≤50 lbs., sitting, basic color vision, operation of motorized or electrical equipment, push/pull <50 lbs., work in wet conditions. 

#LI-DT1

Job: Technical
Primary Location: United States-Oklahoma-Oklahoma City-Oklahoma City - Aircraft Services
Schedule: Full-time
Overtime Status: Non-exempt

We are an equal opportunity employer. All qualified applicants will receive consideration for employment without regard to race, color, religion, sex, sexual orientation, gender identity, national origin, disability or veteran status."
AAR Corp,Aircraft Inspector NDT NAS410 Level 2 – 16429,293144,"United States, Oklahoma, Oklahoma City",United States of America,,onsite,Mid,unknown,unknown,unknown,taleo,N/A,2026-06-16T21:36:25Z,https://aarcorp.taleo.net/careersection/2/jobdetail.ftl?job=293144,"Job Description - Aircraft Inspector NDT NAS410 Level 2 – 16429 (16429)
About Us: AAR Corp. (NYSE: AIR) is a global aerospace and defense aftermarket solutions company that employs more than 6,000 people across over 60 sites in over 20 countries. Headquartered in the Chicago, Illinois area, AAR supports commercial and government customers in more than 100 countries through four operating segments: Parts Supply, Integrated Solutions, Repair and Engineering and Expeditionary Services. AAR’s purpose is to empower people to build innovative aerospace solutions today so you can safely reach your destination tomorrow. The company’s mission is to go above and beyond to provide value-driven aerospace aftermarket solutions to meet the evolving needs of our customers worldwide. AAR constantly searches for the right thing to do for its customers, employees, partners and for society.
 
Aircraft Inspector NDT NAS410 Level 2 – 16429  - 16429

Description
 

AAR is the place of choice to build an inspiring career. 

Determines airworthiness of work performed. Examines aircraft, engines, components and materials by using NDT and visual means and records results of inspections to ensure continued airworthiness through accomplishment of the following duties:

ESSENTIAL DUTIES AND RESPONSIBILITIES

Process daily incoming and outgoing material to meet
Quality Control requirements as stated in the AAR Procedures Manual and Customer Requirements Manual.
Interface with suppliers / product line to disposition rejects.
Perform NDT inspections in compliance with customer work instructions, and AAR procedures and policies.
Record all inspection functions on applicable paperwork in accordance with the customer policies and procedures.
Responsible for Non-Destructive Testing (NDT) of Aircraft and Components.
Have the skills and knowledge to interpret codes, standards, and other contractual documents that control the NDT method(s) as used by the employer.
Shall be capable of assuming technical responsibility for the NDT facility and staff.
Be capable of selecting the method and technique for a specific inspection.
Be capable of preparing and verifying the adequacy of procedures and work instructions.
Approve NDT procedures and work instructions for technical adequacy.
Have a general knowledge of other NDT methods, product manufacturing, and inspection technologies used by the employer.
When specified in the written practice, have a basic knowledge of aircraft or vehicle maintenance.
Be capable of providing or directing training, examination, and certification of personnel.
Conduct NDT for the acceptance of parts and document the results if a demonstration of proficiency in this ability was included in the practical examination.
When specified in the written practice, be capable of auditing outside agencies to ensure the requirements of the written practice are met.
All other duties as assigned.

CORE COMPETENCIES

Commitment to company values and ethics
Dependability: personally responsible, completes work in a timely manner, and performs tasks accurately
Motivation: must maintain a positive attitude and strong work energy
Organization: very detail oriented and always comes prepared
Communication: excellent interpersonal and oral and written communication skills Initiative: plans work and carries out tasks without detailed instructions, prepares for problems or opportunities in advance, undertakes additional responsibilities
Strong judgment and decision making
Analytical skills: must be able to gather information and use data to determine cause and effect for complex problem solving

Qualifications
 

QUALIFICATIONS

To perform this job successfully, an individual must be able to perform each essential duty satisfactorily. The requirements listed below are representative of the knowledge, skill, and/or ability required.

MINIMUM REQUIREMENTS FOR THE JOB:

NAS410 Level II certification for one or more applicable Non-destructive Testing (NDT) disciplines, such as ultrasonic, eddy current.
Ability to correctly use one or more types of applicable NDT equipment.
3-4 years experience in aircraft NAS410 Non-destructive Testing (NDT). 
Familiar with aircraft manufacturers technical documentation.
Ability to read and interpret ADs, S/Bs, SRMs, industry NDT specifications and other work instructions.
Familiar with regulatory requirements of FAR 145 repair station.
FAA Airframe rating is required, both FAA Airframe and Powerplant (A&P) License preferred. 

EDUCATION and/or EXPERIENCE

Associates degree (A.A.) or equivalent from 2-year college or technical school; or 4-years related experience and/or training; or
Equivalent combination of education and experience. 

PHYSICAL DEMANDS/WORK ENVIRONMENT

The physical demands and work environment characteristics described here are representative of those that must be met by an employee to successfully perform the essential functions of this job. Reasonable accommodations may be made to enable individuals with disabilities to perform the essential functions. While performing the duties of this job, the employee may be regularly required to sit, stand, bend, reach and move about the facility. The environmental characteristic for this position is a warehouse setting. Candidates should be able to adapt to a traditional warehouse environment. Must be able to lift and carry up to 75 pounds and comply with OSHA standards

#LI-TK1

#LI-DT1

Job: Technical
Primary Location: United States-Oklahoma-Oklahoma City-Oklahoma City - Aircraft Services
Schedule: Full-time
Overtime Status: Non-exempt

We are an equal opportunity employer. All qualified applicants will receive consideration for employment without regard to race, color, religion, sex, sexual orientation, gender identity, national origin, disability or veteran status."
AAR Corp,Aircraft Avionics Tech III,317801,"United States, Oklahoma, Oklahoma City",United States of America,,onsite,Mid,unknown,unknown,unknown,taleo,N/A,2026-06-16T21:36:25Z,https://aarcorp.taleo.net/careersection/2/jobdetail.ftl?job=317801,"Job Description - Aircraft Avionics Tech III (17912)
About Us: AAR Corp. (NYSE: AIR) is a global aerospace and defense aftermarket solutions company that employs more than 6,000 people across over 60 sites in over 20 countries. Headquartered in the Chicago, Illinois area, AAR supports commercial and government customers in more than 100 countries through four operating segments: Parts Supply, Integrated Solutions, Repair and Engineering and Expeditionary Services. AAR’s purpose is to empower people to build innovative aerospace solutions today so you can safely reach your destination tomorrow. The company’s mission is to go above and beyond to provide value-driven aerospace aftermarket solutions to meet the evolving needs of our customers worldwide. AAR constantly searches for the right thing to do for its customers, employees, partners and for society.
 
Aircraft Avionics Tech III - 17912

Description
 

The Avionics Technician III is an entry-level position ideal for new graduates from Avionics or A&P technology schools. Also ideal for mechanics with less than five years of aircraft experience. Our Step-Level Progression training program can help you acquire your FAA airframe license.  

WORK LOCATION: Onsite at AAR (at Will Rogers World Airport in Oklahoma City, OK.) 

SCHEDULE (Full-Time/non-exempt and variable, 40 – 50-hour workweek) 

Supervisor determines shift/days required, but we can discuss in interview process. Typically, more flexible candidates will be preferred.  

1st Shift: 7:30am to 4:00pm or 5:30am to 4:00pm 
2nd Shift: 3:30pm to 12:00am or 3:30pm to 2:00am  

ESSENTIAL DUTIES AND RESPONSIBILITIES 

Perform basic aircraft maintenance, repair, and troubleshooting tasks under supervision 
Ensure aircraft are safely maintained in accordance with the Airworthiness Standards 
Use FAA approved/accepted data (i.e., IPC, M/M, OHM, SRM) proficiently 
Maintain records in compliance with FAA and company requirements 
Perform avionics repairs as assigned while meeting deadlines and quality standards 
Read and follow technical publications, schematics, and/or mechanical drawings 
Use a PC, iPad and basic computer applications and programs 
Additional job-related duties as assigned by supervisor or management 
Adherence to work schedule, punctuality, and self-motivation 

CORE COMPETENCIES 

Business Acumen: Utilizing financial data to diagnose business strengths and weaknesses and identify the implications for potential strategies 
Managing Relationships: Meeting the personal needs of individuals to build trust, encourage two-way communications, and strengthen relationships.   
Valuing Differences: Working effectively with individuals of diverse cultures, interpersonal styles, abilities, motivations or backgrounds 
Adaptability: Maintaining effectiveness when experiencing major changes in work responsibilities or environment (e.g., people, processes, structure, or culture). 
Continuous Learning: Actively identifying new areas for learning; regularly creating and taking advantage of learning opportunities; taking full advantage of opportunities to receive and explore feedback about own performance (from assessments, managers, coworkers, internal/external partners, or customers). 
Safety Focus: Identifying and improving conditions that affect our own and others' safety; upholding safety standards. 
Quality Orientation: Accomplishing tasks by considering all areas involved, no matter how detailed. 

Qualifications
 

PRIMARY REQUIREMENTS 

2+ years avionics experience required 
Must be at least 18 years of age 
High school diploma or general education degree (GED) required 
Some general maintenance experience (including relevant experience outside of aviation) 
Strong electrical and mechanical aptitude and attention to detail are crucial 
Able to skillfully use the minimum tools required 
Fluent in English (speech, reading, writing) 

PREFERRED REQUIREMENTS 

FAA Airframe and/or Powerplant license (A&P)  
Valid Driver’s License  
Knowledge of FAA regulations including 14 CFR 

BENEFITS 

Competitive Compensation (Paid Bi-weekly) 
Two Plans with Blue Cross Blue Shield’s, one of which qualifies for a monthly Health Savings Account contribution from AAR. 
Dental and Vision plans 
Basic Life Insurance, AD&D – Company Paid 
Supplemental Life/AD&D 
Short-Term Disability – Company Paid 
Long-Term Disability  
Flexible Spending Account (FSA) 
401(k) Plan (AAR matches 50% of your first 6% contributed)  
Paid Time Off, Holidays, and Floating Holiday 
Tuition Reimbursement (up to $10K annually) 
Employee Assistance Program (EAP) 
Company stock purchase plan 
Free 24/7 on-site gym 

TRAINING 

In-Person, Computer Based Training, and On-the-Job training 
Step Level Pay Progression Program  
Paid A&P Fast-Track program (once qualified) 
DOL Apprenticeship Program (veterans can get approved for VA Benefits) 

PHYSICAL DEMANDS/WORK ENVIRONMENT 

Constantly: Lifting 10 lbs., standing, walking, wrist flexion and extension, environmental weather conditions.  
Frequently: Lifting ≤40 lbs., push/pull <20 lbs., climbing stairs, balancing, stooping, squatting, crawling, kneeling for extended periods, working in confined spaces. Working above chest-level, overhead, and away from body for extended periods. Bending, twisting of torso, twisting and/or pressure with wrist/hands, fine finger usage, moderate vibrations up to 2 hrs. to high vibrations up to 30 mins. Vision with/without correction; near <20”, far >20’, and basic depth perception (shapes). Working at elevated heights ≥4’, working on ladders, scaffolding, uneven surfaces, and energized parts.  
Occasionally: Lifting and/or carry ≤50 lbs., sitting, basic color vision, operation of motorized or electrical equipment, push/pull <50 lbs., work in wet conditions. 

AAR is the place of choice to build an inspiring career.

 

#LI-TK1

#LI-DT1

Job: Technical
Primary Location: United States-Oklahoma-Oklahoma City-Oklahoma City - Aircraft Services
Schedule: Full-time
Overtime Status: Non-exempt

We are an equal opportunity employer. All qualified applicants will receive consideration for employment without regard to race, color, religion, sex, sexual orientation, gender identity, national origin, disability or veteran status."
AAR Corp,Aircraft Avionics Tech II,293161,"United States, Oklahoma, Oklahoma City",United States of America,,onsite,Mid,unknown,unknown,unknown,taleo,N/A,2026-06-16T21:36:25Z,https://aarcorp.taleo.net/careersection/2/jobdetail.ftl?job=293161,"Job Description - Aircraft Avionics Tech II (16428)
About Us: AAR Corp. (NYSE: AIR) is a global aerospace and defense aftermarket solutions company that employs more than 6,000 people across over 60 sites in over 20 countries. Headquartered in the Chicago, Illinois area, AAR supports commercial and government customers in more than 100 countries through four operating segments: Parts Supply, Integrated Solutions, Repair and Engineering and Expeditionary Services. AAR’s purpose is to empower people to build innovative aerospace solutions today so you can safely reach your destination tomorrow. The company’s mission is to go above and beyond to provide value-driven aerospace aftermarket solutions to meet the evolving needs of our customers worldwide. AAR constantly searches for the right thing to do for its customers, employees, partners and for society.
 
Aircraft Avionics Tech II - 16428

Description
 

The Avionics Technician II is an entry-level position ideal for mechanics with less than five years of aircraft experience. Our Step-Level Progression training program can help you acquire your FAA airframe license.  

WORK LOCATION: Onsite at AAR (at Will Rogers World Airport in Oklahoma City, OK.) 

SCHEDULE (Full-Time/non-exempt and variable, 40 – 50-hour workweek) 

Supervisor determines shift/days required, but we can discuss in interview process. Typically, more flexible candidates will be preferred.  

1st Shift: 7:30am to 4:00pm or 5:30am to 4:00pm 
2nd Shift: 3:30pm to 12:00am or 3:30pm to 2:00am  

ESSENTIAL DUTIES AND RESPONSIBILITIES 

Perform basic aircraft maintenance, repair, and troubleshooting tasks under supervision 
Ensure aircraft are safely maintained in accordance with the Airworthiness Standards 
Use FAA approved/accepted data (i.e., IPC, M/M, OHM, SRM) proficiently 
Maintain records in compliance with FAA and company requirements 
Perform avionics repairs as assigned while meeting deadlines and quality standards 
Read and follow technical publications, schematics, and/or mechanical drawings 
Use a PC, iPad and basic computer applications and programs 
Additional job-related duties as assigned by supervisor or management 
Adherence to work schedule, punctuality, and self-motivation 

CORE COMPETENCIES 

Business Acumen: Utilizing financial data to diagnose business strengths and weaknesses and identify the implications for potential strategies 
Managing Relationships: Meeting the personal needs of individuals to build trust, encourage two-way communications, and strengthen relationships.   
Valuing Differences: Working effectively with individuals of diverse cultures, interpersonal styles, abilities, motivations or backgrounds 
Adaptability: Maintaining effectiveness when experiencing major changes in work responsibilities or environment (e.g., people, processes, structure, or culture). 
Continuous Learning: Actively identifying new areas for learning; regularly creating and taking advantage of learning opportunities; taking full advantage of opportunities to receive and explore feedback about own performance (from assessments, managers, coworkers, internal/external partners, or customers). 
Safety Focus: Identifying and improving conditions that affect our own and others' safety; upholding safety standards. 
Quality Orientation: Accomplishing tasks by considering all areas involved, no matter how detailed. 

Qualifications
 

PRIMARY REQUIREMENTS 

2+ years avionics experience required 
Must be at least 18 years of age 
High school diploma or general education degree (GED) required 
Some general maintenance experience (including relevant experience outside of aviation) 
Strong electrical and mechanical aptitude and attention to detail are crucial 
Able to skillfully use the minimum tools required 
Fluent in English (speech, reading, writing) 

PREFERRED REQUIREMENTS 

FAA Airframe and/or Powerplant license (A&P)  
Valid Driver’s License  
Knowledge of FAA regulations including 14 CFR 

BENEFITS 

Competitive Compensation (Paid Bi-weekly) 
Two Plans with Blue Cross Blue Shield’s, one of which qualifies for a monthly Health Savings Account contribution from AAR. 
Dental and Vision plans 
Basic Life Insurance, AD&D – Company Paid 
Supplemental Life/AD&D 
Short-Term Disability – Company Paid 
Long-Term Disability  
Flexible Spending Account (FSA) 
401(k) Plan (AAR matches 50% of your first 6% contributed)  
Paid Time Off, Holidays, and Floating Holiday 
Tuition Reimbursement (up to $10K annually) 
Employee Assistance Program (EAP) 
Company stock purchase plan 
Free 24/7 on-site gym 

TRAINING 

In-Person, Computer Based Training, and On-the-Job training 
Step Level Pay Progression Program  
Paid A&P Fast-Track program (once qualified) 
DOL Apprenticeship Program (veterans can get approved for VA Benefits) 

PHYSICAL DEMANDS/WORK ENVIRONMENT 

Constantly: Lifting 10 lbs., standing, walking, wrist flexion and extension, environmental weather conditions.  
Frequently: Lifting ≤40 lbs., push/pull <20 lbs., climbing stairs, balancing, stooping, squatting, crawling, kneeling for extended periods, working in confined spaces. Working above chest-level, overhead, and away from body for extended periods. Bending, twisting of torso, twisting and/or pressure with wrist/hands, fine finger usage, moderate vibrations up to 2 hrs. to high vibrations up to 30 mins. Vision with/without correction; near <20”, far >20’, and basic depth perception (shapes). Working at elevated heights ≥4’, working on ladders, scaffolding, uneven surfaces, and energized parts.  
Occasionally: Lifting and/or carry ≤50 lbs., sitting, basic color vision, operation of motorized or electrical equipment, push/pull <50 lbs., work in wet conditions. 

AAR is the place of choice to build an inspiring career.

#TK-1

Job: Technical
Primary Location: United States-Oklahoma-Oklahoma City-Oklahoma City - Aircraft Services
Schedule: Full-time
Overtime Status: Non-exempt

We are an equal opportunity employer. All qualified applicants will receive consideration for employment without regard to race, color, religion, sex, sexual orientation, gender identity, national origin, disability or veteran status."
AAR Corp,Aircraft Avionics Tech I,293143,"United States, Oklahoma, Oklahoma City",United States of America,,onsite,Mid,unknown,unknown,unknown,taleo,N/A,2026-06-16T21:36:25Z,https://aarcorp.taleo.net/careersection/2/jobdetail.ftl?job=293143,"Job Description - Aircraft Avionics Tech I (16427)
About Us: AAR Corp. (NYSE: AIR) is a global aerospace and defense aftermarket solutions company that employs more than 6,000 people across over 60 sites in over 20 countries. Headquartered in the Chicago, Illinois area, AAR supports commercial and government customers in more than 100 countries through four operating segments: Parts Supply, Integrated Solutions, Repair and Engineering and Expeditionary Services. AAR’s purpose is to empower people to build innovative aerospace solutions today so you can safely reach your destination tomorrow. The company’s mission is to go above and beyond to provide value-driven aerospace aftermarket solutions to meet the evolving needs of our customers worldwide. AAR constantly searches for the right thing to do for its customers, employees, partners and for society.
 
Aircraft Avionics Tech I - 16427

Description
 

AAR is the place of choice to build an inspiring career. 

 

The Avionics (R&E) Technician I is responsible for effectively performing R&E routine work associated with heavy aircraft A, B, C and D checks.

 

ESSENTIAL DUTIES AND RESPONSIBILITIES

Detailed knowledge of aircraft avionics and electrical systems.
Understand engineering methodology for systems installations.
All other duties as assigned.

CORE COMPETENCIES

Commitment to company values and ethics
Dependability: personally responsible, completes work in a timely manner, and performs tasks accurately
Motivation: must maintain a positive attitude and strong work energy
Organization: very detail oriented and always comes prepared
Communication: excellent interpersonal and oral and written communication skills
Initiative: plans work and carries out tasks without detailed instructions, prepares for problems or opportunities in advance, undertakes additional responsibilities
Analytical skills: must be able to gather information and use data to determine cause and effect for complex problem solving.

Qualifications
 

QUALIFICATIONS

 

To perform this job successfully, an individual must be able to perform each essential duty satisfactorily. The requirements listed below are representative of the knowledge, skill, and/or ability required.

 

EDUCATION and/or EXPERIENCE

High school diploma or general education degree (GED) required.
Must have a minimum of 5+ years previous aviation / aircraft experience.
Must have an airframe and powerplant (A&P) certificates, FCC license and/or repairman certificate.

PHYSICAL DEMANDS/WORK ENVIRONMENT 

Constantly: Lifting 10 lbs., standing, walking, wrist flexion and extension, environmental weather conditions. 
Frequently: Lifting ≤40 lbs., push/pull <20 lbs., climbing stairs, balancing, stooping, squatting, crawling, kneeling for extended periods, working in confined spaces. Working above chest-level, overhead, and away from body for extended periods. Bending, twisting of torso, twisting and/or pressure with wrist/hands, fine finger usage, moderate vibrations up to 2 hrs. to high vibrations up to 30 mins. Vision with/without correction; near <20”, far >20’, and basic depth perception (shapes). Working at elevated heights ≥4’, working on ladders, scaffolding, uneven surfaces, and energized parts. 
Occasionally: Lifting and/or carry ≤50 lbs., sitting, basic color vision, operation of motorized or electrical equipment, push/pull <50 lbs., work in wet conditions. 
#LI-TK1

#LI-DT1

Job: Technical
Primary Location: United States-Oklahoma-Oklahoma City-Oklahoma City - Aircraft Services
Schedule: Full-time
Overtime Status: Non-exempt

We are an equal opportunity employer. All qualified applicants will receive consideration for employment without regard to race, color, religion, sex, sexual orientation, gender identity, national origin, disability or veteran status."
AAR Corp,Aircraft Avionics Lead,293142,"United States, Oklahoma, Oklahoma City",United States of America,,onsite,Mid,unknown,unknown,unknown,taleo,N/A,2026-06-16T21:36:25Z,https://aarcorp.taleo.net/careersection/2/jobdetail.ftl?job=293142,"Job Description - Aircraft Avionics Lead (16426)
About Us: AAR Corp. (NYSE: AIR) is a global aerospace and defense aftermarket solutions company that employs more than 6,000 people across over 60 sites in over 20 countries. Headquartered in the Chicago, Illinois area, AAR supports commercial and government customers in more than 100 countries through four operating segments: Parts Supply, Integrated Solutions, Repair and Engineering and Expeditionary Services. AAR’s purpose is to empower people to build innovative aerospace solutions today so you can safely reach your destination tomorrow. The company’s mission is to go above and beyond to provide value-driven aerospace aftermarket solutions to meet the evolving needs of our customers worldwide. AAR constantly searches for the right thing to do for its customers, employees, partners and for society.
 
Aircraft Avionics Lead - 16426

Description
 

AAR is the place of choice to build an inspiring career. 

 

The Avionics Lead is responsible to his or her respective department supervisor for all functions assigned to provide airworthiness of the aircraft upon completion of maintenance at the facility. A Lead Technician is required to be a certified A&P Technician or hold a Repairman Certificate, an FCC certificate, or a Radio Repairman Operator certificate as applicable to the work they are supervising.

 

ESSENTIAL DUTIES AND RESPONSIBILITIES

Being available for consultation on matters relating to work being accomplished on his or her assigned aircraft.
Ensuring all required paperwork is satisfactorily completed and signed and complies with all existing regulations and procedures.
Ensuring all equipment is properly used and adequate safeguards are in place to protect the customers aircraft and equipment.
Monitoring and reporting to supervisors the work of personnel under his or her responsibility for proper work performance, productivity, quality and personnel safety.
Assisting supervisors as requested in reviewing personnel for job qualifications and status and for maximizing manpower.
Performing on the job training for personnel.
Providing guidance and technical advice to assigned technicians.
Coordinating with other appropriate departments to organize and control the customers work package and any special considerations.
All other duties as assigned.

CORE COMPETENCIES

Business Acumen: Utilizing financial data to diagnose business strengths and weaknesses and identify the implications for potential strategies

Managing Relationships: Meeting the personal needs of individuals to build trust, encourage two-way communications, and strengthen relationships.

Adaptability: Maintaining effectiveness when experiencing major changes in work responsibilities or environment (e.g., people, processes, structure, or culture). 

Continuous Learning: Actively identifying new areas for learning; regularly creating and taking advantage of learning opportunities; taking full advantage of opportunities to receive and explore feedback about own performance (from assessments, managers, coworkers, internal/external partners, or customers). 

Safety Focus: Identifying and improving conditions that affect our own and others' safety; upholding safety standards. 

Quality Orientation: Accomplishing tasks by considering all areas involved, no matter how detailed. 

Valuing Differences: Working effectively with individuals of diverse cultures, interpersonal styles, abilities, motivations or backgrounds 

Qualifications
 

QUALIFICATIONS

 

To perform this job successfully, an individual must be able to perform each essential duty satisfactorily. The requirements listed below are representative of the knowledge, skill, and or ability required.

 

EDUCATION and or EXPERIENCE

Associates degree AA or equivalent from two year college or technical school or four years related experience and/or
Training or equivalent combination of education and experience.
Must possess a current and active FAA airframe and powerplant (A&P) certificates , an FCC certificate, or a Radio Repairman Operator certificate as applicable to the work they are overseeing.

PHYSICAL DEMANDS / WORK ENVIRONMENT 

Constantly: Lifting 10 lbs., standing, walking, wrist flexion and extension, environmental weather conditions. 
Frequently: Lifting ≤40 lbs., push/pull <20 lbs., climbing stairs, balancing, stooping, squatting, crawling, kneeling for extended periods, working in confined spaces. Working above chest-level, overhead, and away from body for extended periods. Bending, twisting of torso, twisting and/or pressure with wrist/hands, fine finger usage, moderate vibrations up to 2 hrs. to high vibrations up to 30 mins. Vision with/without correction; near <20”, far >20’, and basic depth perception (shapes). Working at elevated heights ≥4’, working on ladders, scaffolding, uneven surfaces, and energized parts. 
Occasionally: Lifting and/or carry ≤50 lbs., sitting, basic color vision, operation of motorized or electrical equipment, push/pull <50 lbs., work in wet conditions. 
#LI-TK1

#LI-DT1

Job: Technical
Primary Location: United States-Oklahoma-Oklahoma City-Oklahoma City - Aircraft Services
Schedule: Full-time
Overtime Status: Non-exempt

We are an equal opportunity employer. All qualified applicants will receive consideration for employment without regard to race, color, religion, sex, sexual orientation, gender identity, national origin, disability or veteran status."
AAR Corp,Aircraft Avionics Alternate Lead,292941,"United States, Oklahoma, Oklahoma City",United States of America,,onsite,Mid,unknown,unknown,unknown,taleo,N/A,2026-06-16T21:36:25Z,https://aarcorp.taleo.net/careersection/2/jobdetail.ftl?job=292941,"Job Description - Aircraft Avionics Alternate Lead (16416)
About Us: AAR Corp. (NYSE: AIR) is a global aerospace and defense aftermarket solutions company that employs more than 6,000 people across over 60 sites in over 20 countries. Headquartered in the Chicago, Illinois area, AAR supports commercial and government customers in more than 100 countries through four operating segments: Parts Supply, Integrated Solutions, Repair and Engineering and Expeditionary Services. AAR’s purpose is to empower people to build innovative aerospace solutions today so you can safely reach your destination tomorrow. The company’s mission is to go above and beyond to provide value-driven aerospace aftermarket solutions to meet the evolving needs of our customers worldwide. AAR constantly searches for the right thing to do for its customers, employees, partners and for society.
 
Aircraft Avionics Alternate Lead - 16416

Description
 

AAR is the place of choice to build an inspiring career. 

The Alternate Lead Avionics Technician will assist the Lead Avionics Technician for all functions assigned to provide airworthiness of the aircraft upon completion of maintenance at the facility.

ESSENTIAL DUTIES AND RESPONSIBILITIES

Establish work priorities to assist the lead. Insure work performed adheres to high quality standards.
Ensure all equipment if properly used and adequate safeguards are in place to protect aircraft and equipment.
All other duties as assigned.

CORE COMPETENCIES

Commitment: to company values and ethics 
Dependability: personally responsible, completes work in a timely manner, and performs tasks accurately 
Motivation: must maintain a positive attitude and strong work energy 
Organization: very detail oriented and always comes prepared 
Communication: excellent interpersonal and oral and written communication skills  
Initiative: plans work and carries out tasks without detailed instructions, prepares for problems or opportunities in advance, undertakes additional responsibilities 
Leadership: demonstrated ability to lead people and get results through others 

Qualifications
 

PRIMARY REQUIREMENTS 

Must be at least 18 years of age 

High school diploma or general education degree (GED) required 

Over 2+ years aviation avionics experience 

FAA Airframe certification or hold a Repairman Certificate, and FCC Certificate, or a Radio Repairman Operator Certificate.

Knowledge of FAA regulations including 14 CFR  

Proven leadership abilities, such as taking personal responsibility, superb attendance, completing work in a timely manner, and performing tasks accurately.  

Takes initiative, such as, plans work and carries out tasks without detailed instructions. Strong judgment and decision-making skills. 

Time management skills, such as, the ability to organize and manage multiple priorities, a problem-solver, and effectively dealing with tight deadlines and work pressure/stress. 

Fluent in English (speech, reading, writing) 

PREFERRED REQUIREMENTS 

Powerplant license (A&P)  

Valid Driver’s License  

BENEFITS 

Competitive Compensation (bi-weekly) 

Health, Dental, and Vision Insurance 

Health Savings Account (HSA) and Flexible Spending Account (FSA) 

Disability and Life Insurance 

401(k) with match 

Paid Time Off, Holidays, and Floating Holiday 

Tuition Reimbursement

Employee Assistance Program (EAP) 

Free 24/7 on-site gym 

TRAINING 

In-Person, Computer Based Training, and On-the-Job training 

PHYSICAL DEMANDS/WORK ENVIRONMENT 

Constantly: Lifting 10 lbs., standing, walking, wrist flexion and extension, environmental weather conditions.  

Frequently: Lifting ≤40 lbs., push/pull <20 lbs., climbing stairs, balancing, stooping, squatting, crawling, kneeling for extended periods, working in confined spaces. Working above chest-level, overhead, and away from body for extended periods. Bending, twisting of torso, twisting and/or pressure with wrist/hands, fine finger usage, moderate vibrations up to 2 hrs. to high vibrations up to 30 mins. Vision with/without correction; near <20”, far >20’, and basic depth perception (shapes). Working at elevated heights ≥4’, working on ladders, scaffolding, uneven surfaces, and energized parts.  

Occasionally: Lifting and/or carry ≤50 lbs., sitting, basic color vision, operation of motorized or electrical equipment, push/pull <50 lbs., work in wet conditions. 

 SCREENING REQUIREMENTS 

Employment will be contingent on clearing a DOT drug screen, physical, background check, 3-year employment verification, 2-year DOT verification, and education verification. These screening requirements must clear prior to the start date.  

Candidate must possess U.S. work authorization and pass E-Verify within 3 business days of start date. 

Must qualify for a Will Rogers World Airport badge within 30 days from start date. 

#LI-TK1

#LI-DT1

Job: Technical
Primary Location: United States-Oklahoma-Oklahoma City-Oklahoma City - Aircraft Services
Schedule: Full-time
Overtime Status: Non-exempt

We are an equal opportunity employer. All qualified applicants will receive consideration for employment without regard to race, color, religion, sex, sexual orientation, gender identity, national origin, disability or veteran status."
AAR Corp,San Antonio - Electrician,323206,"United States, Texas, San Antonio",United States of America,,onsite,Mid,unknown,unknown,unknown,taleo,N/A,2026-06-16T21:36:25Z,https://aarcorp.taleo.net/careersection/2/jobdetail.ftl?job=323206,"Job Description - San Antonio - Electrician (18452)
About Us: AAR Corp. (NYSE: AIR) is a global aerospace and defense aftermarket solutions company that employs more than 6,000 people across over 60 sites in over 20 countries. Headquartered in the Chicago, Illinois area, AAR supports commercial and government customers in more than 100 countries through four operating segments: Parts Supply, Integrated Solutions, Repair and Engineering and Expeditionary Services. AAR’s purpose is to empower people to build innovative aerospace solutions today so you can safely reach your destination tomorrow. The company’s mission is to go above and beyond to provide value-driven aerospace aftermarket solutions to meet the evolving needs of our customers worldwide. AAR constantly searches for the right thing to do for its customers, employees, partners and for society.
 
San Antonio - Electrician - 18452

Description
 

Position Summary: Certified Electricians (Journeyman) will work on electrical breaker boxes and cables, some mechanical skills. Electricians - Mechanics will adhere to and comply with service bulletins, diagnostics, and troubleshooting GSE. This role covers maintenance and repair of a broad range of ground support equipment, including but not limited to electrical splitter boxes, boom lifts, scissor lifts, air compressors, and 400 Hz generators. All technicians will report directly to the Shop Manager. Position is based at San Antonio Port Authority. Essential Duties and Responsibilities: Troubleshoot and diagnose electrical issues, mechanical, and HVAC discrepancies on various Ground Support Equipment (GSE) systems and subsystems. Re-wiring electrical splitter-breaker boxes to code, repairing various electrical issues on ground support equipment. Meticulously document all scheduled and unscheduled maintenance actions utilizing computer-based Maintenance Information Systems (MIS). Engaging in continuous improvement initiatives to enhance operational efficiencies and reduce downtime. Strictly adhere to common aviation practices of Tool Control, FOD Prevention, Safety, and Parts Accountability. Strict adherence to all environmental safety and regulatory commissions, including (but not limited to) Occupational Safety and Health Administration (OSHA) and Environmental Protection Agency (EPA). Ensure proper safety while operating equipment on-site. Implementing and enforcing quality control and safety measures during repair and maintenance activities. Perform routine housekeeping duties, including cleaning work area, toolboxes, and company vehicle(s). Professional interaction and coordinating with internal departments and external customers. Other assignments as designated. 

Qualifications
 

Qualifications and Experience: Minimum 1-4 years of service experience with electrical systems. Preferred 1-2 years performing repair and maintenance on various ground support equipment. Familiarity with the use of repair manuals, wiring diagrams, and electrical schematics necessary to troubleshoot and or repair failed components. Basic computer skills. Ability to perform physical requirements of the job (prolonged physical exertions, including standing, lifting, pushing, pulling, squatting, bending, kneeling, climbing, and working in awkward positions and tight areas). Ability to work in all weather conditions. Tools provided. Opportunities for OT as needed Other Requirements: Must be able to read and speak the English language. Possible shift work 1st Shift 6am-2:30pm. Possible shift rotation in the future. Ability to work both as a team and/or independently with great success. Excellent written and verbal communication skills to communicate effectively and professionally with internal and external customers. Preferred Universal HVAC certification. Must have a valid drivers license.

Job: Operations
Primary Location: United States-Texas-San Antonio-Triumph
Schedule: Full-time
Overtime Status: Non-exempt

We are an equal opportunity employer. All qualified applicants will receive consideration for employment without regard to race, color, religion, sex, sexual orientation, gender identity, national origin, disability or veteran status."
AAR Corp,"Manager, Program",323306,"United States, North Carolina, Greensboro",United States of America,,onsite,Manager,unknown,unknown,unknown,taleo,N/A,2026-06-16T21:36:25Z,https://aarcorp.taleo.net/careersection/2/jobdetail.ftl?job=323306,"Job Description - Manager, Program (18458)
About Us: AAR Corp. (NYSE: AIR) is a global aerospace and defense aftermarket solutions company that employs more than 6,000 people across over 60 sites in over 20 countries. Headquartered in the Chicago, Illinois area, AAR supports commercial and government customers in more than 100 countries through four operating segments: Parts Supply, Integrated Solutions, Repair and Engineering and Expeditionary Services. AAR’s purpose is to empower people to build innovative aerospace solutions today so you can safely reach your destination tomorrow. The company’s mission is to go above and beyond to provide value-driven aerospace aftermarket solutions to meet the evolving needs of our customers worldwide. AAR constantly searches for the right thing to do for its customers, employees, partners and for society.
 
Manager, Program - 18458

Description
 

Description:

Oversee the planning and execution of aircraft modification programs, including schedule, budget, engineering status, certification, supplier management and kit development.  The Program Manager will coordinate cross-functional teams, oversee risk management and ensure on-time delivery of all engineering, supplier and certification milestones. 

What you will be responsible for:

Review Statement of Work (SOW) for program and customer specific requirements.
Lead and manage assigned programs, including development of overall program schedule, budget, engineering status, certification, supplier management and kit development. 
Coordinate engineering requirements with Director of Engineering and Project Engineer (as applicable) and monitor out of scope items to ensure projects remain within plan and budget. Prepare, review and submit change orders to customer.
Identify, track and close action items resulting from meetings and reviews.
Identify and mitigate risks throughout the program lifecycle, ensuring timely coordination and resolution of challenges.
Work closely with internal and external stakeholders (Engineering, Buyers, Kitting/QC, manufacturing, certification organization/ODA, suppliers) to ensure compliance and successful program execution.
Support customer and supplier kickoff and design review meetings.
Provide regular program updates, status reports and review progress with management and recommend corrective actions.
Serve as a key point of contact for customers, suppliers and stakeholders, maintaining strong relationships with both internal and external parties.
Assist with preparing budget and estimates in response to customer change requests.
All other duties as assigned.
Occasional travel is required to meet with customers and suppliers.  Able to travel both domestically and internationally on short notice (10%).

Qualifications
 

What you will need to be successful in this role:

Bachelor’s Degree in Engineering (Aerospace, Electrical or Mechanical preferred) or equivalent technical background.
At least three-to-five years of engineering and/or program management experience.
Developed understanding of project management and related processes.

Must be well organized with solid judgment; able to multitask and adjust to changing priorities.

 

Strong problem solving and interpersonal skills, with the ability to communicate effectively with engineering/program team, customers, stakeholders and senior leadership.

 

The rewards of your career at AAR go far beyond just your salary:

Competitive salary.

Comprehensive benefits package including medical, dental, and vision coverage.

401(k) retirement plan with company match.

Generous paid time off program.

Professional development, career advancement opportunities and tuition reimbursement.

Knowledge of FAA and EASA regulations and experience in interacting with regulatory bodies and managing certification processes.

Strong problem solving and interpersonal skills, with the ability to communicate effectively with engineering/program team, customers, stakeholders and senior leadership.

 

Physical Demands/Work Environment:
The physical demands and work environment characteristics described here are representative of those that must be met by an employee to successfully perform the essential functions of this job.

Reasonable accommodation may be made to enable individuals with disabilities to perform the essential functions.

While performing the duties of this job, the employee may be regularly required to sit, stand, bend, reach and move about the facility.

The environmental characteristic for this position is an office setting. 

Candidates should be able to adapt to a traditional business environment.

Candidate must be able to work day shifts, and occasional weekends and overtime. 

Occasional travel is required.

#LI-LL1

Job: Engineering
Primary Location: United States-North Carolina-Greensboro-Aircraft Reconfig Technologies
Schedule: Full-time
Overtime Status: Exempt

We are an equal opportunity employer. All qualified applicants will receive consideration for employment without regard to race, color, religion, sex, sexual orientation, gender identity, national origin, disability or veteran status."
AAR Corp,"Sr Manager, Programs",323246,"United States, North Carolina, Greensboro",United States of America,,onsite,Manager,unknown,unknown,unknown,taleo,N/A,2026-06-16T21:36:25Z,https://aarcorp.taleo.net/careersection/2/jobdetail.ftl?job=323246,"Job Description - Sr Manager, Programs (18454)
About Us: AAR Corp. (NYSE: AIR) is a global aerospace and defense aftermarket solutions company that employs more than 6,000 people across over 60 sites in over 20 countries. Headquartered in the Chicago, Illinois area, AAR supports commercial and government customers in more than 100 countries through four operating segments: Parts Supply, Integrated Solutions, Repair and Engineering and Expeditionary Services. AAR’s purpose is to empower people to build innovative aerospace solutions today so you can safely reach your destination tomorrow. The company’s mission is to go above and beyond to provide value-driven aerospace aftermarket solutions to meet the evolving needs of our customers worldwide. AAR constantly searches for the right thing to do for its customers, employees, partners and for society.
 
Sr Manager, Programs - 18454

Description
 

Description:

Oversee the planning and execution of aircraft modification programs, including schedule, budget, engineering status, certification, supplier management and kit development.  The Sr. Program Manager will coordinate cross-functional teams, oversee risk management and ensure on-time delivery of all engineering, supplier and certification milestones. 

What you will be responsible for:

●      Review Statement of Work (SOW) for program and customer specific requirements.

●      Lead and manage assigned programs, including overall program schedule, budget, engineering status, certification, supplier management and kit development. 

●      Coordinate engineering requirements with Director of Engineering and Project Engineer (as applicable) and monitor out of scope items to ensure projects remain within plan and budget.

●      Identify, track and close action items resulting from meetings and reviews.

●      Identify and mitigate risks throughout the program lifecycle, ensuring timely coordination and resolution of challenges.

●      Work closely with internal and external stakeholders (Engineering, Buyers, Kitting/QC, manufacturing, certification organization/ODA, suppliers) to ensure compliance and successful program execution.

●      Support customer and supplier kickoff and design review meetings.

●      Provide regular program updates, status reports and review progress with management and recommend corrective actions.

●      Serve as a key point of contact for customers, suppliers and stakeholders, maintaining strong relationships with both internal and external parties.

●      Assist with preparing budget and estimates in response to customer change requests.

●      All other duties as assigned.

●      Occasional travel is required to meet with customers and suppliers.  Able to travel both domestically and internationally on short notice (15%).

Qualifications
 

What you will need to be successful in this role:

Bachelor’s Degree in Engineering (Aerospace, Electrical or Mechanical preferred) or equivalent technical background.

·       At least seven years of engineering and/or program management and certification experience, with a proven track record of managing complex FAA/EASA STC projects.

·       Exceptional project management skills, including the ability to manage complex timelines, budgets and resources.

Must be well organized with solid judgment; able to multitask and adjust to changing priorities.

 

The rewards of your career at AAR go far beyond just your salary:

·       Competitive salary.

·       Comprehensive benefits package including medical, dental, and vision coverage.

·       401(k) retirement plan with company match.

·       Generous paid time off program.

·       Professional development, career advancement opportunities and tuition reimbursement.

·       Knowledge of FAA and EASA regulations and experience in interacting with regulatory bodies and managing certification processes.

·       Strong problem solving and interpersonal skills, with the ability to communicate effectively with engineering/program team, customers, stakeholders and senior leadership.

 

Physical Demands/Work Environment:
The physical demands and work environment characteristics described here are representative of those that must be met by an employee to successfully perform the essential functions of this job.

·       Reasonable accommodation may be made to enable individuals with disabilities to perform the essential functions.

·       While performing the duties of this job, the employee may be regularly required to sit, stand, bend, reach and move about the facility.

·       The environmental characteristic for this position is an office setting. Candidates should be able to adapt to a traditional business environment.

·       Candidate must be able to work day shifts, and occasional weekends and overtime. 

·       Occasional travel is required.

 

Job: Engineering
Primary Location: United States-North Carolina-Greensboro-Aircraft Reconfig Technologies
Schedule: Full-time
Overtime Status: Exempt

We are an equal opportunity employer. All qualified applicants will receive consideration for employment without regard to race, color, religion, sex, sexual orientation, gender identity, national origin, disability or veteran status."
AAR Corp,Business Development Analyst,321808,"United States, Illinois, Wood Dale",United States of America,,onsite,Mid,us_person,unknown,unknown,taleo,N/A,2026-06-16T21:36:25Z,https://aarcorp.taleo.net/careersection/2/jobdetail.ftl?job=321808,"Job Description - Business Development Analyst (18313)
About Us: AAR Corp. (NYSE: AIR) is a global aerospace and defense aftermarket solutions company that employs more than 6,000 people across over 60 sites in over 20 countries. Headquartered in the Chicago, Illinois area, AAR supports commercial and government customers in more than 100 countries through four operating segments: Parts Supply, Integrated Solutions, Repair and Engineering and Expeditionary Services. AAR’s purpose is to empower people to build innovative aerospace solutions today so you can safely reach your destination tomorrow. The company’s mission is to go above and beyond to provide value-driven aerospace aftermarket solutions to meet the evolving needs of our customers worldwide. AAR constantly searches for the right thing to do for its customers, employees, partners and for society.
 
Business Development Analyst - 18313

Description
 

Reports to SVP Global Government & Defense. Collects, maintains and refines the business development and intelligence database and systems to provide secure, efficient and consistent access to actionable business development data.  Provides additional support to Government Services Operations collecting, maintaining, and refining business intelligence data to improve operations. 

What you will be responsible for:

Maintain the CMM database for the business development effort.  Develop and maintain a pipeline product for all pursuits, ensuring the product is always current.  
Perform market research using Bloomberg, DACIS, and GovWin IQ tools to conduct competitive analysis for leadership and Business Development (BD) Managers
Collect and maintain information on the requirements, organization, budget, and preferences of prospective customers and competitors
Gather data to assist in developing Position to Win strategies
Write Requests for Proposals to subcontract Competitive Intelligence and Position to Win analysis
Build/maintain a library/clearinghouse of industry data using Share Point to store data across business lines for in-depth customer and competitor analysis
Assemble and manage the weekly BD meeting slide deck, and other required presentations 
All other duties as assigned.

Qualifications
 

What you will need to be successful in this role:

Bachelor of Arts degree (B.A.) or Bachelor of Science degree (B.S.) from four-year college or university; or eight years related experience and/or training; or equivalent combination of education and experience.
Courses in at least one of the following are strongly preferred
 
Business Management
Business Finance
International Marketing/Business
Aviation Maintenance Management
Aviation Business
Military background in Aviation Maintenance Management is preferred

The rewards of your career at AAR go far beyond just your salary:  

Competitive salary and bonus package
Comprehensive benefits package including medical, dental, and vision coverage.
401(k) retirement plan with company match
Generous paid time off program
Professional development and career advancement opportunities

Physical Demands/Work Environment:

The physical demands and work environment characteristics described here are representative of those that must be met by an employee to successfully perform the essential functions of this job. Reasonable accommodations may be made to enable individuals with disabilities to perform the essential functions.
While performing the duties of this job, the employee may be regularly required to sit, stand, bend, reach and move about the facility. 
The environmental characteristic for this position is an office setting. Candidates should be able to adapt to a traditional business environment.
This position currently offers a hybrid work environment with 4 days in office and 1 day remote.  

Compensation:

The anticipated salary range for this position is $75,000 to $95,000 annually. This range reflects the base salary for candidates who meet the requirements of the role, including experience, education, and location. In addition to base pay, this role is eligible for a bonus.  AAR offers a competitive benefits package, including medical/dental/vision/life/and AD&D insurance, 401(k) savings plan with employer match, paid time off and holiday pay, as well as opportunities for professional development and growth.

#LI-Hybrid #LI-PI1

Job: Global Strategy & Business Development
Primary Location: United States-Illinois-Wood Dale
Schedule: Full-time
Overtime Status: Exempt

We are an equal opportunity employer. All qualified applicants will receive consideration for employment without regard to race, color, religion, sex, sexual orientation, gender identity, national origin, disability or veteran status."
AAR Corp,"Auditor, Q.A. I",323107,"United States, Illinois, Rockford",United States of America,,onsite,Mid,unknown,unknown,unknown,taleo,N/A,2026-06-16T21:36:25Z,https://aarcorp.taleo.net/careersection/2/jobdetail.ftl?job=323107,"Job Description - Auditor, Q.A. I (18448)
About Us: AAR Corp. (NYSE: AIR) is a global aerospace and defense aftermarket solutions company that employs more than 6,000 people across over 60 sites in over 20 countries. Headquartered in the Chicago, Illinois area, AAR supports commercial and government customers in more than 100 countries through four operating segments: Parts Supply, Integrated Solutions, Repair and Engineering and Expeditionary Services. AAR’s purpose is to empower people to build innovative aerospace solutions today so you can safely reach your destination tomorrow. The company’s mission is to go above and beyond to provide value-driven aerospace aftermarket solutions to meet the evolving needs of our customers worldwide. AAR constantly searches for the right thing to do for its customers, employees, partners and for society.
 
Auditor, Q.A. I - 18448

Description
 

The Auditor reports to the Manager of Quality Assurance. They are responsible for performing Internal and External Quality Assurance Audits of AAR-ASR repair station and external vendors to ensure compliance with the Federal Aviation Administration (FAA) Code of Federal Regulations (14CFR), and AAR-ASR repair station processes, policies and procedures. In some cases, a qualified employee may be assigned by the Manager of Quality Assurance to perform these audits.

What you will be responsible for: 

 Perform scheduled and unscheduled Surveillance/Auditing and Corrective Action of the Repair Station internal systems to ensure compliance with Federal Aviation Administration (FAA) Code of Federal Regulations (14CFR), including the European Aviation Safety Agency (EASA) Part-145 and procedures in the AAR-ASR Repair Station Quality Manual (RSQM)
Conduct random audits of aircraft to ensure AAR-ASR Repair Station Quality Manual (RSQM) are being followed.
Perform on-site Vendor Surveillance/Auditing and Corrective Action to ensure compliance with Federal Aviation Administration (FAA) Code of Federal Regulations (14CFR) and procedures in the AAR-ASR Repair Station Quality Manual (RSQM).
Ensure that once vendor approval process is completed the AAR-ASR Repair Station Approved Vendors List (AVL) is maintained, current and up to date.
Provide Audit reports and summaries to the Director of Quality, Chief Inspector and Director of Maintenance as required and requested.
Maintain Quality Assurance Analysis spreadsheets and logs.

Qualifications
 

What you will need to be successful in this role:

Time management skills
Observation/perception skills
Previous auditing, root cause analysis experience preferred
Reliable to work independently

The rewards of your career at AAR go far beyond just your salary: 

Competitive salary 
Comprehensive benefits package including medical, dental, and vision coverage.
401(k) retirement plan with company match
Generous paid time off program
Professional development and career advancement opportunities

Physical Demands/Work Environment:
The physical demands and work environment characteristics described here are representative of those that must be met by an employee to successfully perform the essential functions of this job.

Reasonable accommodations may be made to enable individuals with disabilities to perform the essential functions.
While performing the duties of this job, the employee may be regularly required to sit, stand, bend, reach and move about the facility.
The environmental characteristic for this position is an office setting.
Candidates should be able to adapt to a traditional business environment.

AAR provides accommodation in accordance with applicable laws through all stages of the hiring process. If you require accommodation for any part of the application and/or hiring process, please advise Human Resources.

Compensation: 
The anticipated salary range for this position is $19.32 to $23.77 hourly. This range reflects the base pay for candidates who meet the requirements of the role, including experience, education, and location. AAR offers a competitive benefits package, including medical/dental/vision/life/and AD&D insurance, 401(k) savings plan with employer match, paid time off and holiday pay, as well as opportunities for professional development and growth.

#LI-SA2

Job: Administrative
Primary Location: United States-Illinois-Rockford
Schedule: Full-time
Overtime Status: Exempt

We are an equal opportunity employer. All qualified applicants will receive consideration for employment without regard to race, color, religion, sex, sexual orientation, gender identity, national origin, disability or veteran status."
AAR Corp,Human Resources Manager,323186,"United States, New Jersey",United States of America,,onsite,Manager,unknown,unknown,unknown,taleo,N/A,2026-06-16T21:36:25Z,https://aarcorp.taleo.net/careersection/2/jobdetail.ftl?job=323186,"Job Description - Human Resources Manager (18451)
About Us: AAR Corp. (NYSE: AIR) is a global aerospace and defense aftermarket solutions company that employs more than 6,000 people across over 60 sites in over 20 countries. Headquartered in the Chicago, Illinois area, AAR supports commercial and government customers in more than 100 countries through four operating segments: Parts Supply, Integrated Solutions, Repair and Engineering and Expeditionary Services. AAR’s purpose is to empower people to build innovative aerospace solutions today so you can safely reach your destination tomorrow. The company’s mission is to go above and beyond to provide value-driven aerospace aftermarket solutions to meet the evolving needs of our customers worldwide. AAR constantly searches for the right thing to do for its customers, employees, partners and for society.
 
Human Resources Manager  - 18451

Description
 

The HR Manager is a high-impact, strategic partner to leaders across AAR’s OEM Supply locations throughout the United States—at the center of integrating newly acquired teams and operations into AAR. This is an exciting opportunity for an HR leader who wants to grow, lead change, and help shape how the business scales: translating integration strategy into execution by aligning talent, culture, and ways of working. You will build trusted partnerships with site and functional leaders, influence decisions with data and insights, and drive key people priorities—from workforce planning and talent acquisition to engagement, employee relations, performance, and organizational effectiveness. In a fast-moving, multi-site environment with evolving structures and business-critical transitions, you’ll help leaders navigate complexity and deliver results—while building a culture of inclusion, accountability, and high performance aligned to AAR’s values.

What you will be responsible for: 
 

Serve as the primary HR business partner for OEM Supply site leaders across multiple U.S. locations in NJ, OK, FL, and CA. 
 
Build strong partnerships with operational managers to influence and support workforce strategies, staffing, engagement, retention, and talent planning. 
 
Lead employee relations activities, including investigations, guidance on policy interpretation, and conflict resolution, ensuring fair and consistent application of policies. 
 
Manage full-cycle talent acquisition efforts in collaboration with Talent Acquisition, ensuring alignment with staffing needs and workforce planning. 
 
Support employee onboarding, development, and performance management processes. 
 
Guide and support leadership with change management tools and resources.
 
Ensure compliance with federal, state, and local employment laws; partner with Legal as needed for policy advisement and compliance updates. 
 
Analyze HR metrics to identify trends, recommend actions, and support continuous improvement. 
 
Champion AAR’s culture, values, DEI initiatives, and employee engagement strategies. 
 
All other duties assigned.
 

Qualifications
 

What you will need to be successful in this role: 
 

Bachelor’s degree in Human Resources, Business Administration, or related field required; HR certification (PHR/SPHR/SHRM-CP/SHRM-SCP) a plus. 
 
Minimum 5–7 years of progressive HR experience, with multi-site or field support experience strongly preferred. 
 
Strong knowledge of HR practices, employment law, talent management, and organizational development. 
 
Proven ability to support leaders as a trusted advisor and partner in driving business results. 
 
Strong interpersonal, communication, and influencing skills with an ability to connect at all levels of the organization. 
 
Experience in manufacturing, supply chain, aviation, or similar environments is a plus. 
 
Ability to travel 25–30% to supported sites across the U.S.

 

The rewards of your career at AAR go far beyond just your salary: 
 

Competitive salary and bonus package
 
Comprehensive benefits package including medical, dental, and vision coverage.
  
Generous paid time off program
 
Professional development and career advancement opportunities

Physical Demands/Work Environment:
The physical demands and work environment characteristics described here are representative of those that must be met by an employee to successfully perform the essential functions of this job.
 

Reasonable accommodations may be made to enable individuals with disabilities to perform the essential functions.
 
While performing the duties of this job, the employee may be regularly required to sit, stand, bend, reach and move about the facility.
 
The environmental characteristic for this position is an office setting.
 
Candidates should be able to adapt to a traditional business environment.
 

AAR provides accommodation in accordance with applicable laws through all stages of the hiring process. If you require accommodation for any part of the application and/or hiring process, please advise Human Resources.

Compensation:
The anticipated salary range for this position is $115,000 to $140,000 annually. This range reflects the base salary for candidates who meet the requirements of the role, including experience, education, and location. In addition to base pay, this role is eligible for a bonus. AAR offers a competitive benefits package, including medical/dental/vision/life/and AD&D insurance, 401(k) savings plan with employer match, paid time off and holiday pay, as well as opportunities for professional development and growth.
 

#LI-PI1 #LI-ONSITE1

Job: Human Resources
Primary Location: United States-New Jersey
Schedule: Full-time
Overtime Status: Exempt

AAR is an equal opportunity employer. All qualified applicants will receive consideration for employment without regard to race, color, religion, sex, sexual orientation, gender identity, national origin, disability or veteran status."
AAR Corp,Aircraft Inspector (A&P Licensed),321666,"United States, Florida, Miami",United States of America,,onsite,Mid,unknown,unknown,unknown,taleo,N/A,2026-06-16T21:36:25Z,https://aarcorp.taleo.net/careersection/2/jobdetail.ftl?job=321666,"Job Description - Aircraft Inspector (A&P Licensed) (18295)
About Us: AAR Corp. (NYSE: AIR) is a global aerospace and defense aftermarket solutions company that employs more than 6,000 people across over 60 sites in over 20 countries. Headquartered in the Chicago, Illinois area, AAR supports commercial and government customers in more than 100 countries through four operating segments: Parts Supply, Integrated Solutions, Repair and Engineering and Expeditionary Services. AAR’s purpose is to empower people to build innovative aerospace solutions today so you can safely reach your destination tomorrow. The company’s mission is to go above and beyond to provide value-driven aerospace aftermarket solutions to meet the evolving needs of our customers worldwide. AAR constantly searches for the right thing to do for its customers, employees, partners and for society.
 
Aircraft Inspector (A&P Licensed) - 18295

Description
 

SUMMARY 

The aircraft inspector is responsible for performing assigned inspections on civil aviation articles in accordance with technical data provided by the manufacturers for continued airworthiness, service bulletins, service letters, airworthiness directives, government and industry standard practices

ESSENTIAL DUTIES AND RESPONSIBILITIES

Verifies work performed on aviation articles is performed in compliance with manufacturer manuals.

Performs incoming, primary, hidden damage, in-process and final inspections.

Review maintenance records, documentation, and logbooks to ensure all necessary repairs, inspections, Op-checks and documentation have been completed in accordance with the current approved technical data

May be authorized to approve work performed for return to service. Perform task as assigned relating to the privileges granted under 14 CFR Part 65.

 Always observing company safety requirements while carrying out assigned tasks.

All other duties as assigned.

CORE COMPETENCIES Commitment to company values and ethics Dependability: personally responsible, completes work in a timely manner, and performs tasks accurately Motivation: must maintain a positive attitude and strong work energy Organization: very detail oriented and always comes prepared Communication: excellent interpersonal and oral and written communication skills Initiative: plans work and carries out tasks without detailed instructions, prepares for problems or opportunities in advance, undertakes additional responsibilities Strong judgment and decision making Analytical skills: must be able to gather information and use data to determine cause and effect for complex problem solving.

Qualifications
 

QUALIFICATIONS 

FAA Certificated with Airframe and Powerplant rating.

Experience involving inspection, inspection techniques, and inspection tools with responsibility for certifying airworthiness.

Knowledge of FARs and Ability to apply and interpret Federal Aviation Regulations (FARs), Advisory Circulars, AC manuals, Policies, and procedures relating to aircraft maintenance and airworthiness.

Three years experience in maintenance and repair of airframes, powerplants, and systems of aircraft with takeoff weight of more than 12,500 pounds

Have been exercising their airmen privileges and actively engaged, for the last 2 years

Meets physical requirements of the job including twisting, standing, sitting, bending, and climbing a latter and able to lift 50 pounds.

Must read, write and understand the English language

#LI-VS1

Job: Operations
Primary Location: United States-Florida-Miami-Miami- Aircraft Services
Schedule: Full-time
Overtime Status: Non-exempt

We are an equal opportunity employer. All qualified applicants will receive consideration for employment without regard to race, color, religion, sex, sexual orientation, gender identity, national origin, disability or veteran status."
AAR Corp,"xCelle Americas Mechanic, Sheet Metal I",323166,"United States, Arkansas, Hot Springs",United States of America,,onsite,Mid,unknown,unknown,unknown,taleo,N/A,2026-06-16T21:36:25Z,https://aarcorp.taleo.net/careersection/2/jobdetail.ftl?job=323166,"Job Description - xCelle Americas Mechanic, Sheet Metal I (18450)
About Us: AAR Corp. (NYSE: AIR) is a global aerospace and defense aftermarket solutions company that employs more than 6,000 people across over 60 sites in over 20 countries. Headquartered in the Chicago, Illinois area, AAR supports commercial and government customers in more than 100 countries through four operating segments: Parts Supply, Integrated Solutions, Repair and Engineering and Expeditionary Services. AAR’s purpose is to empower people to build innovative aerospace solutions today so you can safely reach your destination tomorrow. The company’s mission is to go above and beyond to provide value-driven aerospace aftermarket solutions to meet the evolving needs of our customers worldwide. AAR constantly searches for the right thing to do for its customers, employees, partners and for society.
 
xCelle Americas Mechanic, Sheet Metal I - 18450

Description
 

Plans, lays out, fabricates, assembles, installs, and repairs sheet metal parts, equipment, and products. Reads and interprets blueprints, sketches, or product specifications to determine sequence and methods of fabricating, assembling, and installing sheet metal products. Lays out and marks dimensions and reference lines on material to develop and trace patterns of product or parts or uses templates. Sets up and operates fabricating machines such as shears, brakes, presses, forming rolls, and routers, to cut, bend, block, and form, or straighten materials. Shapes metal material over anvils, blocks, or other forms. Inspects assemblies and installations for conformance to specifications.

Follow directions and / or instructions, as directed.
Familiar with Internal Customer Interfaces, as defined by the process assigned.
Process forms and document work by utilizing their endorsement, in accordance with the Quality Management System.
Notify immediate supervisor of any suspected un-airworthy condition noted while performing their duties.
Acquire and maintain hand tools, if necessary, to complete work assigned.
Clean, disassemble and identify components, with normal supervision.
Have a good understanding of blueprints, technical manuals, and planning documents with normal supervision.
Apply different types of conversion coatings and sealants using various types of tools and methods with normal supervision.
Work in conjunction with higher grade Mechanics to further their job knowledge base through OJT with normal supervision.
Cleans work area, when required with minimal supervision.
Read and understand blueprints and technical manuals.
Accomplish basic repairs with normal supervision.
Have a basic understanding of computer processes involved in daily operations.
Other various duties, as assigned.
Follow company policies and procedures.

Qualifications
 
Read, write, and understand English fluently.
Ability to learn and understand and communicate effectively in writing and verbally.
Minimum 5-7 year's experience in MRO environment
Airframe and/or Powerplant license preferred

Job: Operations
Primary Location: United States-Arkansas-Hot Springs-Triumph Airborne Structures
Schedule: Full-time
Overtime Status: Non-exempt

We are an equal opportunity employer. All qualified applicants will receive consideration for employment without regard to race, color, religion, sex, sexual orientation, gender identity, national origin, disability or veteran status."
AAR Corp,Aircraft (H-60) Quality Control Inspector (Peru),322887,"Peru, Pucallpa",United States of America,,onsite,Mid,us_person,unknown,unknown,taleo,N/A,2026-06-16T21:36:25Z,https://aarcorp.taleo.net/careersection/2/jobdetail.ftl?job=322887,"Job Description - Aircraft (H-60) Quality Control Inspector (Peru) (18427)
About Us: AAR Corp. (NYSE: AIR) is a global aerospace and defense aftermarket solutions company that employs more than 6,000 people across over 60 sites in over 20 countries. Headquartered in the Chicago, Illinois area, AAR supports commercial and government customers in more than 100 countries through four operating segments: Parts Supply, Integrated Solutions, Repair and Engineering and Expeditionary Services. AAR’s purpose is to empower people to build innovative aerospace solutions today so you can safely reach your destination tomorrow. The company’s mission is to go above and beyond to provide value-driven aerospace aftermarket solutions to meet the evolving needs of our customers worldwide. AAR constantly searches for the right thing to do for its customers, employees, partners and for society.
 
Aircraft (H-60) Quality Control Inspector (Peru)  - 18427

Description
 

About Us: 

AAR’s purpose is to empower people to build innovative aerospace solutions today so you can safely reach your destination tomorrow. The company’s mission is to go above and beyond to provide value-driven aerospace aftermarket solutions to meet the evolving needs of our customers worldwide. AAR constantly searches for the right thing to do for its customers, employees, partners and for society.

The Worldwide Aviation Support Services (WASS) program, an AAR business, headquartered in Rockledge, FL, provides global, world-class expeditionary and conventional aviation solutions to the US Department of State Air Wing.

Role Description:

Inspects aircraft and components to ensure product quality in accordance with the requirements of the CAMP, maintenance manuals, engineering drawings, and other approved data. Performs Receiving Inspection process of all aircraft parts in accordance with the procedures designated by the WASS Maintenance Manuals.

Key Responsibilities:

Responsible for executing and assisting in assigned inspection tasks.
Performs Required Inspection Item (RII) inspections as outlined by the WASS Maintenance Manuals.
Reviews maintenance documents to ensure that all RII items have been marked RII.
Audits completed aircraft maintenance documents for compliance with the WASS Maintenance Manuals.
Reviews Work Order Tasks for completeness prior to making logbook entries and airworthiness release.
Ensures a high standard of quality is maintained at all times with maintenance performed.
Provides on the Job Training (OJT) for new or inexperienced personnel.
Ensures that all approved and technical data being used is current.
Ensure that parts installed have receiving inspection and are tagged appropriately.
Ensures calibrated tools used to maintain aircraft have current calibration and are undamaged.
Ensures materials with shelf-life are labeled with an expiry date and removes any expired material from service.
Will participate in the internal audit process as directed by the Quality Control Manager.
Ensure Inspection continuity on any incomplete work.
Ensures compliance with weight and balance requirements to include maintenance of equipment lists.
Position requires a U.S. Department of State Moderate Risk Public Trust (MRPT).
Perform additional duties as assigned.

#LI-SA1

Qualifications
 

Basic Qualifications:

High School diploma or GED.
Valid Federal Aviation Administration Airframe and Power Plant License.
Minimum six years of experience, of which four must be specialized in supporting an aviation/aerospace program.
QCI experience working with the H-60.
A thorough working knowledge of TO military specifications is essential. Technical writing and/or editing experience is desired.
Position requires a U.S. Department of State Moderate Risk Public Trust (MRPT)

Preferred:

FAA Inspection Authorization desirable.
Previous RII Authority and experience

OCONUS:

Ability to pass physical screening
Passport with 18 months remaining
LATAM positions require Level 2 Spanish
90/30 Rotation
48 hours/ week

Compensation and Benefits:

Salaried position with completion bonus.
Competitive salary.
Lodging provided.
Comprehensive benefits package, including medical, dental, and vision coverage.
Professional development and career advancement opportunities.

AAR is committed to building a diverse and inclusive workforce. We encourage applications from people of all races, ethnic origins, religions, abilities, sexual orientations, gender identities, or expressions. We are dedicated to the health and safety of our people, our customers, and the communities where we live and work.

AAR provides accommodation in accordance with applicable laws through all stages of the hiring process. If you require accommodation for any part of the application and/or hiring process, please advise Human Resources.

 

Job: WASS MAINTENANCE
Primary Location: Peru-Pucallpa
Schedule: Full-time
Overtime Status: Non-exempt

AAR is an equal opportunity employer. All qualified applicants will receive consideration for employment without regard to race, color, religion, sex, sexual orientation, gender identity, national origin, disability or veteran status."
AAR Corp,F-16 Avionics Technician III,323127,"United States, Arizona, Tucson",United States of America,,onsite,Mid,us_person,Secret,unknown,taleo,N/A,2026-06-16T21:36:25Z,https://aarcorp.taleo.net/careersection/2/jobdetail.ftl?job=323127,"Job Description - F-16 Avionics Technician III (18449)
About Us: AAR Corp. (NYSE: AIR) is a global aerospace and defense aftermarket solutions company that employs more than 6,000 people across over 60 sites in over 20 countries. Headquartered in the Chicago, Illinois area, AAR supports commercial and government customers in more than 100 countries through four operating segments: Parts Supply, Integrated Solutions, Repair and Engineering and Expeditionary Services. AAR’s purpose is to empower people to build innovative aerospace solutions today so you can safely reach your destination tomorrow. The company’s mission is to go above and beyond to provide value-driven aerospace aftermarket solutions to meet the evolving needs of our customers worldwide. AAR constantly searches for the right thing to do for its customers, employees, partners and for society.
 
F-16 Avionics Technician III - 18449

Description
 

Responsible for depot-level modification, upgrade, & test of aircraft sub-systems, ensuring airworthiness. Duties include, but are not limited to, inspecting, testing, modifying, and repairing avionic as well as other electrical systems/sub-systems.  Examples include radar, radio, navigation, and aircraft power systems/sub-systems.

What you will be responsible for:

Modifies, upgrades, inspects, tests, adjusts, and repairs aircraft avionic and electrical systems, such as aircraft installed radar, radio, navigation, and power systems using hand tools and test equipment
Inspects components of avionic and electrical systems and equipment for defects, such as loose connections and frayed wire, and for accuracy of assembly and installation
Tests avionic and electrical systems under simulated or actual operating conditions to determine performance and airworthiness, using test equipment, such as oscilloscopes, digital meters and counters, and circuit analyzers
Using hand tools, adjusts, repairs, and/or replaces defective components based on analysis of test results, following blueprints, schematics, handbooks, and other technical documents
When required, calibrates installed, modified, or repaired systems and/or equipment to prescribed specifications
When required, operates ground servicing equipment to operationally test, inspect, and verify functionality and air worthiness of avionic and other electrical systems
When required, assist in fabricating wiring harnesses
Accurately document all required U.S. Government and program forms and documents, including electronic records 
Must effectively interact with program and customer representatives as well as on-site business or military representatives
Perform other duties as assigned

Qualifications
 

What you will need to be successful in this role:  

Must meet one of the following requirements:
A Bachelor's degree plus 3 years of related experience in avionics or electro-environmental maintenance.
An Associate's degree plus 4 years of related experience in avionics or electro-environmental maintenance.
High School Diploma plus 8 years of related experience in avionics or electro-environmental maintenance.
F-16 experience is required.
At least a 7 Skill Level is required.
5th generation aircraft experience is a plus.
Microsoft Office Suite skills are preferred.
Ability to obtain and maintain a Secret Clearance is required. In order to obtain a Secret Clearance, US Citizenship is required.

The rewards of your career at AAR go far beyond just your salary:  

Competitive pay
Comprehensive benefits package including medical, dental, and vision coverage.
401(k) retirement plan with company match
Generous paid time off program
Professional development and career advancement opportunities

Physical Demands/Work Environment:

Must be able to lift and carry parts, tooling, and other awkward items sometimes weighing greater than 50 lbs, including walking up and down stairs, aircraft maintenance stands, and platforms
Requires intermittent standing, walking, sitting, squatting, stretching, and bending throughout the workday
Must be able to see and hear or use prosthetics that will enable these senses to function adequately to assure that the requirements of this position can be fully met.
Positions may be 1st or 2nd shift, as needed.

#LI-LM1   #LI-Onsite

Job: Defense
Primary Location: United States-Arizona-Tucson-Morris National Guard Air Base
Schedule: Full-time
Overtime Status: Non-exempt

We are an equal opportunity employer. All qualified applicants will receive consideration for employment without regard to race, color, religion, sex, sexual orientation, gender identity, national origin, disability or veteran status."
AAR Corp,"Director, Trade Compliance",323106,"United States, Illinois, Wood Dale",United States of America,,onsite,Director,us_person,unknown,yes,taleo,N/A,2026-06-16T21:36:25Z,https://aarcorp.taleo.net/careersection/2/jobdetail.ftl?job=323106,"Job Description - Director, Trade Compliance (18447)
About Us: AAR Corp. (NYSE: AIR) is a global aerospace and defense aftermarket solutions company that employs more than 6,000 people across over 60 sites in over 20 countries. Headquartered in the Chicago, Illinois area, AAR supports commercial and government customers in more than 100 countries through four operating segments: Parts Supply, Integrated Solutions, Repair and Engineering and Expeditionary Services. AAR’s purpose is to empower people to build innovative aerospace solutions today so you can safely reach your destination tomorrow. The company’s mission is to go above and beyond to provide value-driven aerospace aftermarket solutions to meet the evolving needs of our customers worldwide. AAR constantly searches for the right thing to do for its customers, employees, partners and for society.
 
Director, Trade Compliance - 18447

Description
 

Responsible for providing leadership, subject matter expertise, advice and guidance on import and export compliance matters to AAR’s International Trade Program.  Manages import clearances, export authorizations, and appropriate compliance documentation maintaining oversight and validation of the Company’s operations in compliance with international trade regulations.  

This position is based at our Corporate Headquarters in Wood Dale, IL, with a planned relocation to the Merchandise Mart (Chicago) in early 2027.

What you will be responsible for: 

Provide guidance and training to company personnel regarding trade regulatory compliance in the strategy, proposal, development and execution of company operations. 
Collaborate with management and other business units to ensure effective support to all operating locations.  
Manage company import and export control classification activity, including HTS and ECCNs.  
Work with and manage International Trade staff globally and lead people, projects, and process improvements.  
Manages and guides third party vendors for Trade Compliance support, such as Customs Brokers and software solutions providers.
Manages communication and builds effective relationships with these groups.  
Draft, execute, and manage import and export authorizations, and manage other Trade Compliance matters to ensure compliance with applicable regulations.  
Manage and approve company use of ITAR exemptions and EAR exceptions for the export of products and technical data.  
Review, ensure and assess business unit compliance for import and export activity, including deemed exports, transactional reviews, and cross functional process support.  
Stay current analyze and interpret trade compliance laws and regulations such as the ITAR, EAR, OFAC, BATFE, and relevant applicable
International Regulations and implement industry best practices in accordance with those laws and regulations.  
Utilize tools including but not limited to DECCS, Snap-R, and ACE and provide assistance in training and resolving issues and errors.
Able to serve as an Empowered Official.  
Perform other duties as assigned or required.  

Qualifications
 
Attention to detail is required and must be able to work under general direction, plan, schedule and arrange own activities in accomplishing department objectives. Work will be reviewed upon completion for adequacy in meeting compliance goals.  
Must be a self-starter and able to work under minimal supervision.
Strong project management and conflict resolution skills preferred
Strong planning, organization, analytical, leadership, interpersonal, decision making, oral and written communication skills preferred.
Problem solving skills preferred: Develops solutions to a variety of complex problems. May refer to established policies and precedent cases. Must be able to work effectively with all programs within the Business Unit to help fulfill their requirements.
Licensed Customs Broker (preferred)
Bachelor’s Degree in Law, Logistics, International Trade, International Business, Engineering, or other related area or minimum 10 years Global Trade Compliance (Import, Export, or both) experience 
Thorough working knowledge of ITAR/EAR, sanctions compliance, import/export government regulations (required)
Demonstratable experience in trade classifications (required)
Familiarity with on-line tools such as DECCS, Snap-R, and ACE (required)
Must be proficient with Microsoft Office (required)
Certified US Export Compliance Officer (preferred)
Conversational Spanish Speaker (preferred)
Experience in Aerospace and Defense (preferred)

The rewards of your career at AAR go far beyond just your salary: 

Competitive salary and bonus package
Comprehensive benefits package including medical, dental, and vision coverage.
401(k) retirement plan with company match
Generous paid time off program
Professional development and career advancement opportunities

Physical Demands/Work Environment:
The physical demands and work environment characteristics described here are representative of those that must be met by an employee to successfully perform the essential functions of this job.

Reasonable accommodations may be made to enable individuals with disabilities to perform the essential functions.
While performing the duties of this job, the employee may be regularly required to sit, stand, bend, reach and move about the facility.
The environmental characteristic for this position is an office setting.
Candidates should be able to adapt to a traditional business environment.

AAR provides accommodation in accordance with applicable laws through all stages of the hiring process. If you require accommodation for any part of the application and/or hiring process, please advise Human Resources.

Compensation:
The anticipated salary range for this position is $150,000 to $165,000 annually. This range reflects the base salary for candidates who meet the requirements of the role, including experience, education, and location. In addition to base pay, this role is eligible for a bonus. AAR offers a competitive benefits package, including medical/dental/vision/life/and AD&D insurance, 401(k) savings plan with employer match, paid time off and holiday pay, as well as opportunities for professional development and growth.

#LI-MA1 #LI-ONSITE
 

Job: Operations
Primary Location: United States-Illinois-Wood Dale
Schedule: Full-time
Overtime Status: Exempt

We are an equal opportunity employer. All qualified applicants will receive consideration for employment without regard to race, color, religion, sex, sexual orientation, gender identity, national origin, disability or veteran status."
AAR Corp,"Analyst, Data Entry",322371,"United States, Illinois, Rockford",United States of America,,onsite,Mid,unknown,unknown,unknown,taleo,N/A,2026-06-16T21:36:25Z,https://aarcorp.taleo.net/careersection/2/jobdetail.ftl?job=322371,"Job Description - Analyst, Data Entry (18370)
About Us: AAR Corp. (NYSE: AIR) is a global aerospace and defense aftermarket solutions company that employs more than 6,000 people across over 60 sites in over 20 countries. Headquartered in the Chicago, Illinois area, AAR supports commercial and government customers in more than 100 countries through four operating segments: Parts Supply, Integrated Solutions, Repair and Engineering and Expeditionary Services. AAR’s purpose is to empower people to build innovative aerospace solutions today so you can safely reach your destination tomorrow. The company’s mission is to go above and beyond to provide value-driven aerospace aftermarket solutions to meet the evolving needs of our customers worldwide. AAR constantly searches for the right thing to do for its customers, employees, partners and for society.
 
Analyst, Data Entry - 18370

Description
 

Data Entry Analyst. This position is responsible for coordinating, monitoring, and tracking maintenance activities to ensure work is completed on time and in compliance with applicable regulations and company standards. This position plays a key role in supporting the efficient execution of aircraft maintenance tasks, maintaining accurate records, and communicating effectively across teams to ensure smooth operational flow.
What you will be responsible for:

Oversee and support data entry activities throughout all phases of the aircraft maintenance process, including arrival, active maintenance, departure, and post test flight.
Conduct audits to ensure all maintenance records, entries, and documentation are accurate, timely, and compliant with company policies, customer requirements, and FAA regulations.
Maintain and update necessary records within internal and customer ERP systems, including but not limited to SCEPTRE, StAAR, and Concourse.
Assist with the preparation and validation of aircraft maintenance packages, tally sheets, and associated forms to support aircraft readiness and release.
Coordinate with internal teams and external customers to ensure all reporting, documentation, and compliance obligations are met.
Track open items, resolve discrepancies or rejections, and ensure completion of all transactions in alignment with company procedures and customers’ expectations.
Perform other related duties as assigned. 
 

Qualifications
 

What you will need to be successful in this role: 

High school diploma or GED required; additional education or relevant technical training is a plus.
Previous experience in maintenance planning, data entry, or similar operational support role within the aviation industry preferred.
Strong verbal and written communication skills in standard English.
Ability to understand and follow written and verbal instructions.
Professional and courteous interpersonal skills to interact with employees across all departments and external customers.
Capable of working independently with minimal supervision.
Demonstrated ability to prioritize tasks and manage time effectively in a dynamic environment.
Computer literate with proficiency in Microsoft Office Suite and maintenance tracking software.

Strong organizational skills, including typing, data entry, and document filing.

 

 

The rewards of your career at AAR go far beyond just your salary: 

Competitive salary 
Comprehensive benefits package including medical, dental, and vision coverage.
401(k) retirement plan with company match
Generous paid time off program
Professional development and career advancement opportunities


Physical Demands/Work Environment:
The physical demands and work environment characteristics described here are representative of those that must be met by an employee to successfully perform the essential functions of this job.

Reasonable accommodations may be made to enable individuals with disabilities to perform the essential functions.
While performing the duties of this job, the employee may be regularly required to sit, stand, bend, reach and move about the facility.
Ability to access and work in various areas of the aircraft, including confined spaces.
Exposure to high levels of noise, dust, vibration, and chemical fumes is expected.
The environmental characteristic for this position is an office/warehouse setting.

Candidates should be able to adapt to a traditional business/manufacturing environment.

 


AAR provides accommodation in accordance with applicable laws through all stages of the hiring process. If you require accommodation for any part of the application and/or hiring process, please advise Human Resources. 


Compensation: 
The anticipated salary range for this position is $16.59 to $20.11 hourly. This range reflects the base pay for candidates who meet the requirements of the role, including experience, education, and location. AAR offers a competitive benefits package, including medical/dental/vision/life/and AD&D insurance, 401(k) savings plan with employer match, paid time off and holiday pay, as well as opportunities for professional development and growth.

#LI_SA2

Job: Administrative
Primary Location: United States-Illinois-Rockford
Schedule: Full-time
Overtime Status: Non-exempt

We are an equal opportunity employer. All qualified applicants will receive consideration for employment without regard to race, color, religion, sex, sexual orientation, gender identity, national origin, disability or veteran status."
AAR Corp,"Sr. Analyst, Contracts",322947,"United States, Illinois, Wood Dale",United States of America,,onsite,Senior,unknown,unknown,yes,taleo,N/A,2026-06-16T21:36:25Z,https://aarcorp.taleo.net/careersection/2/jobdetail.ftl?job=322947,"Job Description - Sr. Analyst, Contracts (18429)
About Us: AAR Corp. (NYSE: AIR) is a global aerospace and defense aftermarket solutions company that employs more than 6,000 people across over 60 sites in over 20 countries. Headquartered in the Chicago, Illinois area, AAR supports commercial and government customers in more than 100 countries through four operating segments: Parts Supply, Integrated Solutions, Repair and Engineering and Expeditionary Services. AAR’s purpose is to empower people to build innovative aerospace solutions today so you can safely reach your destination tomorrow. The company’s mission is to go above and beyond to provide value-driven aerospace aftermarket solutions to meet the evolving needs of our customers worldwide. AAR constantly searches for the right thing to do for its customers, employees, partners and for society.
 
Sr. Analyst, Contracts - 18429

Description
 

The Senior Contracts Analyst manages and administers the full contract life cycle, from solicitation through contract close-out. Responsibilities include solicitation review, proposal preparation and submission, negotiation with government customers, and post-award administration. The Senior Contracts Analyst will interface directly with the Defense Logistics Agency (DLA) and other customers to achieve business objectives and advance customer satisfaction.

This position is based at our Corporate Headquarters in Wood Dale, IL, with a planned relocation to the Merchandise Mart (Chicago) in early 2027.

What you need to be successful in the role:

Independently analyze and respond to solicitations and contract awards for products issued through DLA’s Internet Bid Board System (DIBBS) and other procurement platforms
Lead negotiation on price/cost analysis, commercial item determinations, and contract exceptions with the Government customer.
Respond to and independently resolve customer issues and concerns.
Manage workflow and contracts within AAR’s ERP system (IFS).
Prepare and administer routine correspondence, negotiation memoranda, and contract documentation to ensure timely and coordinated submission.
Establish and maintain strong relationships with internal teams and external customers.
Identify, communicate, and escalate risks and opportunities to business leadership.
Ensure compliance with federal regulations and internal company standards.
Maintain organized contract records and files documenting contract performance and compliance.
Serve as a focal point for communication with cross-functional teams.
Identify and implement opportunities for process improvement.
Provide training and guidance to members of the contracts team and broader business division.
Perform all other duties as assigned.

Qualifications
 

What you need to be successful in this role: 

Bachelor of Arts (B.A.) or Bachelor of Science (B.S.) from a four-year college or university, or equivalent combination of education and experience.
3–5 years of experience in federal contract administration (experience as a Prime Contractor or Contracting Officer preferred).
Advanced knowledge of the Federal Acquisition Regulation (FAR), Defense Federal Acquisition Regulation Supplement (DFARS), and other regulations relevant to federal contracting.
Demonstrated experience managing T, U, Q, and R type solicitations and contracts.
Strong understanding of FAR Part 15 concepts and federal contracting principles.
Advanced proficiency in Microsoft Office applications.
Experience managing contracts within an ERP system (IFS experience a plus).
Proven experience leading negotiations on Commercial Item Determinations, pricing/cost analysis, and compliance with federal regulations.
Excellent oral and written communication skills, with the ability to interface effectively with all levels of employees and management.
Consistent experience in proposal preparation, contract review, and negotiation

The rewards of your career at AAR go far beyond just your salary: 

Competitive salary and bonus package
Comprehensive benefits package including medical, dental, and vision coverage.
401(k) retirement plan with company match
Generous paid time off program

Professional development and career advancement opportunities

 

Physical Demands/Work Environment:
The physical demands and work environment characteristics described here are representative of those that must be met by an employee to successfully perform the essential functions of this job. Reasonable accommodations may be made to enable individuals with disabilities to perform the essential functions.
•    While performing the duties of this job, the employee may be regularly required to sit, stand, bend, reach and move about the facility.
•    The environmental characteristic for this position is an office setting.
•    Candidates should be able to adapt to a traditional business environment.
AAR provides accommodation in accordance with applicable laws through all stages of the hiring process. If you require accommodation for any part of the application and/or hiring process, please advise Human Resources.

Compensation:
The anticipated salary range for this position is $75,000 to $90,000 annually. This range reflects the base salary for candidates who meet the requirements of the role, including experience, education, and location. [In addition to base pay, this role is eligible for a bonus.] AAR offers a competitive benefits package, including medical/dental/vision/life/and AD&D insurance, 401(k) savings plan with employer match, paid time off and holiday pay, as well as opportunities for professional development and growth.

#LI-MA1 #LI-ONSITE

Job: Defense
Primary Location: United States-Illinois-Wood Dale
Schedule: Full-time
Overtime Status: Exempt

We are an equal opportunity employer. All qualified applicants will receive consideration for employment without regard to race, color, religion, sex, sexual orientation, gender identity, national origin, disability or veteran status."
AAR Corp,Accounts Payable Specialist,322828,"United States, Florida, Rockledge",United States of America,,onsite,Mid,us_person,unknown,unknown,taleo,N/A,2026-06-16T21:36:25Z,https://aarcorp.taleo.net/careersection/2/jobdetail.ftl?job=322828,"Job Description - Accounts Payable Specialist (18413)
About Us: AAR Corp. (NYSE: AIR) is a global aerospace and defense aftermarket solutions company that employs more than 6,000 people across over 60 sites in over 20 countries. Headquartered in the Chicago, Illinois area, AAR supports commercial and government customers in more than 100 countries through four operating segments: Parts Supply, Integrated Solutions, Repair and Engineering and Expeditionary Services. AAR’s purpose is to empower people to build innovative aerospace solutions today so you can safely reach your destination tomorrow. The company’s mission is to go above and beyond to provide value-driven aerospace aftermarket solutions to meet the evolving needs of our customers worldwide. AAR constantly searches for the right thing to do for its customers, employees, partners and for society.
 
Accounts Payable Specialist - 18413

Description
 

This position is responsible for ensuring timely and accurate processing of all accounts payable transactions across government contracts and commercial operations. Researching and resolving invoice discrepancies in collaboration with purchasing teams and external vendors. Performing supplier statement reconciliations, identify variances, and implement corrective actions. Provide support for monthly AP close.

 What you will be responsible for:

Analyze and process vendor invoices and expense reports to the correct accounts and cost centers.
Execute 3-way, 2-way or non-PO standard process for invoice processing.
Validate vendor accounts balances by reconciling monthly statements and related transactions.
Ensures adequate and continuous controls are executed for all assigned activities.
Establishes and maintains productive cross functional business relationships.
Review and verify employee expense reports for accuracy and compliance with government contracting regulations.
Maintains the professional competence, knowledge and skills necessary for the satisfactory performance of all assigned responsibilities.
Perform other duties assigned.

Qualifications
 

What you will need to be successful in this role:

Associates degree (A.A.) or equivalent from two-year college or technical school; or three years related experience and/or training; or equivalent combination of education and experience.  
2-5 years of Accounts Payable experience supporting government contracts (preferred).
Strong analytical skills and attention to detail.
Proficiency in Deltek Costpoint or other government accounting software (preferred).
Effective communication skills and ability to work with various departments.
High level of integrity and discretion in handling financial information.
Proficient mathematical skills.
Proficient in Microsoft Office with intermediate Excel (preferred).
Accredited Payable Specialist (APS) certification (preferred). 
Exposure to and/or knowledge of government AP contract processing (preferred).
This position requires compliance with International Traffic in Arms Regulations (ITAR). Candidates must be a U.S. Person as defined by ITAR (U.S. citizen, U.S. national, lawful permanent resident, or individual admitted as a refugee or granted asylum).

The rewards of your career at AAR go far beyond just your salary:  

Comprehensive benefits package including medical, dental, and vision coverage.
401(k) retirement plan with company match
Generous paid time off program
Professional development and career advancement opportunities

Physical Demands/Work Environment:

The physical demands and work environment characteristics described here are representative of those that must be met by an employee to successfully perform the essential functions of this job. Reasonable accommodations may be made to enable individuals with disabilities to perform the essential functions. 

While performing the duties of this job, the employee may be regularly required to sit, stand, bend, reach and move about the facility. 
The environmental characteristic for this position is an office setting. Candidates should be able to adapt to a traditional business environment.
Full-Time, in-person position.
This position is eligible for a 9/80 schedule (working 80 hours over 9 working days) or a standard schedule (40 hours per week over 5 working days), depending on the employee's preference.
May be required to work overtime as needed.

 

#LI-LM1 #LI-Onsite

Job: Finance
Primary Location: United States-Florida-Rockledge-AAR AGS Rockledge
Schedule: Full-time
Overtime Status: Non-exempt

We are an equal opportunity employer. All qualified applicants will receive consideration for employment without regard to race, color, religion, sex, sexual orientation, gender identity, national origin, disability or veteran status."
AAR Corp,Senior Warehouse Clerk,322886,"United States, Florida, Jacksonville",United States of America,,onsite,Senior,us_person,unknown,unknown,taleo,N/A,2026-06-16T21:36:25Z,https://aarcorp.taleo.net/careersection/2/jobdetail.ftl?job=322886,"Job Description - Senior Warehouse Clerk (18418)
About Us: AAR Corp. (NYSE: AIR) is a global aerospace and defense aftermarket solutions company that employs more than 6,000 people across over 60 sites in over 20 countries. Headquartered in the Chicago, Illinois area, AAR supports commercial and government customers in more than 100 countries through four operating segments: Parts Supply, Integrated Solutions, Repair and Engineering and Expeditionary Services. AAR’s purpose is to empower people to build innovative aerospace solutions today so you can safely reach your destination tomorrow. The company’s mission is to go above and beyond to provide value-driven aerospace aftermarket solutions to meet the evolving needs of our customers worldwide. AAR constantly searches for the right thing to do for its customers, employees, partners and for society.
 
Senior Warehouse Clerk - 18418

Description
 

The Senior Warehouse Clerk ensures that all inventory is properly categorized and accounted for. Receive, stock, issue, ship inventory and process transactions in the system of record.

What you will be responsible for:  

Inspect incoming material against receiving paperwork.
Process incoming receipts for stock and/or direct turn-over to the customer.
Stock inventory onto shelf locations accurately.
Pick inventory for movement to customer/vendors.
Perform inventory cycle counts. 
Package material according to standards and process shipments of material to repair vendors.
All other duties as assigned.

Qualifications
 

What you will need to be successful in this role:  

High school diploma or general education degree GED required.
Must have at least 3 years of related experience and/or training.
Computer data entry experience.
Experience in supply management and logistical support functions
Must have an understanding of Supply Chain processes and inventory practices.
This position requires compliance with International Traffic in Arms Regulations (ITAR). Candidates must be a U.S. Person as defined by ITAR (U.S. citizen, U.S. national, lawful permanent resident, or individual admitted as a refugee or granted asylum).

The rewards of your career at AAR go far beyond just your salary:  

Competitive pay
Comprehensive benefits package including medical, dental, and vision coverage.
401(k) retirement plan with company match
Generous paid time off program
Professional development and career advancement opportunities

Physical Demands/Work Environment:
The physical demands and work environment characteristics described here are representative of those that must be met by an employee to successfully perform the essential functions of this job.

While performing the duties of this job, the employee may be regularly required to sit, stand, bend, reach and move about the facility. 1st, 2nd, and 3rd shift operations.
The environmental characteristic for this position is a warehouse setting. Candidates should be able to adapt to a traditional warehouse environment. 
Must be able to lift and carry up to 50 pounds and comply with OSHA standards
Position could be 1st, 2nd, or 3rd shift, but may be required to work additional hours as-needed.

AAR provides accommodation in accordance with applicable laws through all stages of the hiring process. If you require accommodation for any part of the application and/or hiring process, please advise Human Resources.

#LI-VR1 #LI-Onsite

Job: Warehouse
Primary Location: United States-Florida-Jacksonville
Schedule: Full-time
Overtime Status: Non-exempt

We are an equal opportunity employer. All qualified applicants will receive consideration for employment without regard to race, color, religion, sex, sexual orientation, gender identity, national origin, disability or veteran status."
AAR Corp,"Clerk, Data Entry",323048,"United States, Florida, Miami",United States of America,,onsite,Mid,unknown,unknown,unknown,taleo,N/A,2026-06-16T21:36:25Z,https://aarcorp.taleo.net/careersection/2/jobdetail.ftl?job=323048,"Job Description - Clerk, Data Entry (18443)
About Us: AAR Corp. (NYSE: AIR) is a global aerospace and defense aftermarket solutions company that employs more than 6,000 people across over 60 sites in over 20 countries. Headquartered in the Chicago, Illinois area, AAR supports commercial and government customers in more than 100 countries through four operating segments: Parts Supply, Integrated Solutions, Repair and Engineering and Expeditionary Services. AAR’s purpose is to empower people to build innovative aerospace solutions today so you can safely reach your destination tomorrow. The company’s mission is to go above and beyond to provide value-driven aerospace aftermarket solutions to meet the evolving needs of our customers worldwide. AAR constantly searches for the right thing to do for its customers, employees, partners and for society.
 
Clerk, Data Entry - 18443

Description
 

Position Summary The Data Entry Analyst is responsible for coordinating, monitoring, and tracking maintenance activities to ensure work is completed on time and in compliance with applicable regulations and company standards. This position plays a key role in supporting the efficient execution of aircraft maintenance tasks, maintaining accurate records, and communicating effectively across teams to ensure smooth operational flow. 

Education and Experience Requirements High school diploma or GED required; additional education or relevant technical training is a plus. Previous experience in a maintenance planning, data entry, or similar operational support role within the aviation industry preferred. 

Physical Requirements The physical demands and work environment characteristics described here are representative of those that must be met by an employee to successfully perform the essential functions of this job. Reasonable accommodations may be made to enable individuals with disabilities to perform the essential functions. While performing the duties of this job, the employee may be regularly required to sit, stand, bend, reach and move about the facility. The environmental characteristic for this position is an office setting. 

Essential Duties and Responsibilities Oversee and support data entry activities throughout all phases of the aircraft maintenance process, including arrival, active maintenance, departure, and post-test flight. Conduct audits to ensure all maintenance records, entries, and documentation are accurate, timely, and compliant with company policies, customer requirements, and FAA regulations. Maintain and update necessary records within internal and customer ERP systems, including SCEPTRE, StAAR, and Concourse. Assist with the preparation and validation of aircraft maintenance packages, tally sheets, and associated forms to support aircraft readiness and release. Coordinate with internal teams and external customers to ensure all reporting, documentation, and compliance obligations are met. Track open items, resolve discrepancies or rejections, and ensure completion of all transactions in alignment with company procedures and customer expectations. Perform other related duties as assigned.

Qualifications
 

Required Skills and Competencies Strong verbal and written communication skills in standard English. Ability to understand and follow written and verbal instructions. Professional and courteous interpersonal skills to interact with employees across all departments and external customers. Capable of working independently with minimal supervision. Demonstrated ability to prioritize tasks and manage time effectively in a dynamic environment. Computer literate with proficiency in Microsoft Office Suite and maintenance tracking software. Strong organizational skills, including typing, data entry, and document filing. 

Job: Administrative
Primary Location: United States-Florida-Miami-Miami- Aircraft Services
Schedule: Full-time
Overtime Status: Non-exempt

We are an equal opportunity employer. All qualified applicants will receive consideration for employment without regard to race, color, religion, sex, sexual orientation, gender identity, national origin, disability or veteran status."
AAR Corp,F-16 Avionics or Electrical / Environmental Technician III,323046,"United States, South Carolina, Eastover",United States of America,,onsite,Mid,us_person,Secret,unknown,taleo,N/A,2026-06-16T21:36:25Z,https://aarcorp.taleo.net/careersection/2/jobdetail.ftl?job=323046,"Job Description - F-16 Avionics or Electrical / Environmental Technician III (18438)
About Us: AAR Corp. (NYSE: AIR) is a global aerospace and defense aftermarket solutions company that employs more than 6,000 people across over 60 sites in over 20 countries. Headquartered in the Chicago, Illinois area, AAR supports commercial and government customers in more than 100 countries through four operating segments: Parts Supply, Integrated Solutions, Repair and Engineering and Expeditionary Services. AAR’s purpose is to empower people to build innovative aerospace solutions today so you can safely reach your destination tomorrow. The company’s mission is to go above and beyond to provide value-driven aerospace aftermarket solutions to meet the evolving needs of our customers worldwide. AAR constantly searches for the right thing to do for its customers, employees, partners and for society.
 
F-16 Avionics or Electrical / Environmental Technician III - 18438

Description
 

Estimated Start: August of 2026

Description:

Responsible for depot-level modification, upgrade, & test of aircraft sub-systems, ensuring airworthiness. Duties include, but are not limited to, inspecting, testing, modifying, and repairing avionic as well as other electrical systems/sub-systems.  Examples include radar, radio, navigation, and aircraft power systems/sub-systems.

What you will be responsible for:

Modifies, upgrades, inspects, tests, adjusts, and repairs aircraft avionic and electrical systems, such as aircraft installed radar, radio, navigation, and power systems using hand tools and test equipment
Inspects components of avionic and electrical systems and equipment for defects, such as loose connections and frayed wire, and for accuracy of assembly and installation
Tests avionic and electrical systems under simulated or actual operating conditions to determine performance and airworthiness, using test equipment, such as oscilloscopes, digital meters and counters, and circuit analyzers
Using hand tools, adjusts, repairs, and/or replaces defective components based on analysis of test results, following blueprints, schematics, handbooks, and other technical documents
When required, calibrates installed, modified, or repaired systems and/or equipment to prescribed specifications
When required, operates ground servicing equipment to operationally test, inspect, and verify functionality and air worthiness of avionic and other electrical systems
When required, assist in fabricating wiring harnesses
Accurately document all required U.S. Government and program forms and documents, including electronic records 
Must effectively interact with program and customer representatives as well as on-site business or military representatives
Perform other duties as assigned

Qualifications
 

What you will need to be successful in this role:  

Must meet one of the following requirements:
A Bachelor's degree plus 3 years of related experience in avionics or electro-environmental maintenance.
An Associate's degree plus 4 years of related experience in avionics or electro-environmental maintenance.
High School Diploma plus 8 years of related experience in avionics or electro-environmental maintenance.
F-16 experience is strongly preferred, but other fighter jet experience may be considered.
At least a 7 Skill Level or equivalent is strongly preferred.
5th generation aircraft experience is a plus.
Microsoft Office Suite skills are preferred.
Ability to obtain and maintain a Secret Clearance is required. In order to obtain a Secret Clearance, US Citizenship is required.

The rewards of your career at AAR go far beyond just your salary:  

Competitive pay
Comprehensive benefits package including medical, dental, and vision coverage.
401(k) retirement plan with company match
Generous paid time off program
Professional development and career advancement opportunities

Physical Demands/Work Environment:

Must be able to lift and carry parts, tooling, and other awkward items sometimes weighing greater than 50 lbs, including walking up and down stairs, aircraft maintenance stands, and platforms
Requires intermittent standing, walking, sitting, squatting, stretching, and bending throughout the workday
Must be able to see and hear or use prosthetics that will enable these senses to function adequately to assure that the requirements of this position can be fully met.
Positions may be 1st or 2nd shift, as needed.

Please note: This is a proactive requisition to identify potential candidates for upcoming roles. There are no current vacancies, but we expect openings in the near future.

#LI-LM1   #LI-Onsite

Job: Defense
Primary Location: United States-South Carolina-Eastover-McEntire National Air Guard Base
Schedule: Full-time
Overtime Status: Non-exempt

We are an equal opportunity employer. All qualified applicants will receive consideration for employment without regard to race, color, religion, sex, sexual orientation, gender identity, national origin, disability or veteran status."
AAR Corp,Warehouse Clerk,322968,"United States, Utah, Ogden",United States of America,,onsite,Mid,unknown,unknown,unknown,taleo,N/A,2026-06-16T21:36:25Z,https://aarcorp.taleo.net/careersection/2/jobdetail.ftl?job=322968,"Job Description - Warehouse Clerk (18433)
About Us: AAR Corp. (NYSE: AIR) is a global aerospace and defense aftermarket solutions company that employs more than 6,000 people across over 60 sites in over 20 countries. Headquartered in the Chicago, Illinois area, AAR supports commercial and government customers in more than 100 countries through four operating segments: Parts Supply, Integrated Solutions, Repair and Engineering and Expeditionary Services. AAR’s purpose is to empower people to build innovative aerospace solutions today so you can safely reach your destination tomorrow. The company’s mission is to go above and beyond to provide value-driven aerospace aftermarket solutions to meet the evolving needs of our customers worldwide. AAR constantly searches for the right thing to do for its customers, employees, partners and for society.
 
Warehouse Clerk - 18433

Description
 

Ensure that all inventory is properly categorized and accounted for. Receive inventory as needed and ensure that the entire shipment is unloaded.

What you will be responsible for:

Unload incoming inventory from trucks.
Stock inventory onto shelf locations.
Pick inventory for shipment to customers or repair vendors.
Perform inventory cycle counts.
Research missing parts and report any discrepancies.
Operate forklift equipment.
All other duties as assigned.

Qualifications
 

What you will need to be successful in this role:

High school diploma or General Education Degree (GED) required.
1 year of related experience and/or training is preferred.

Physical Demands/Work Environment:

The physical demands and work environment characteristics described here are representative of those that must be met by an employee to successfully perform the essential functions of this job. Reasonable accommodations may be made to enable individuals with disabilities to perform the essential functions.
While performing the duties of this job, the employee may be regularly required to sit, stand, bend, reach and move about the facility.
The environmental characteristic for this position is a warehouse setting. Candidates should be able to adapt to a traditional warehouse environment.
Must be able to lift and carry up to 35 pounds and comply with OSHA standards.

#LI-DNI 

Job: Warehouse
Primary Location: United States-Utah-Ogden
Schedule: Full-time
Overtime Status: Non-exempt

AAR is an equal opportunity employer. All qualified applicants will receive consideration for employment without regard to race, color, religion, sex, sexual orientation, gender identity, national origin, disability or veteran status."
AAR Corp,Flight Operations Manager,322966,"Peru, Pucallpa",United States of America,,onsite,Manager,us_person,unknown,unknown,taleo,N/A,2026-06-16T21:36:25Z,https://aarcorp.taleo.net/careersection/2/jobdetail.ftl?job=322966,"Job Description - Flight Operations Manager (18432)
About Us: AAR Corp. (NYSE: AIR) is a global aerospace and defense aftermarket solutions company that employs more than 6,000 people across over 60 sites in over 20 countries. Headquartered in the Chicago, Illinois area, AAR supports commercial and government customers in more than 100 countries through four operating segments: Parts Supply, Integrated Solutions, Repair and Engineering and Expeditionary Services. AAR’s purpose is to empower people to build innovative aerospace solutions today so you can safely reach your destination tomorrow. The company’s mission is to go above and beyond to provide value-driven aerospace aftermarket solutions to meet the evolving needs of our customers worldwide. AAR constantly searches for the right thing to do for its customers, employees, partners and for society.
 
Flight Operations Manager - 18432

Description
 

About Us:

AAR’s purpose is to empower people to build innovative aerospace solutions today so you can safely reach your destination tomorrow. The company’s mission is to go above and beyond to provide value-driven aerospace aftermarket solutions to meet the evolving needs of our customers worldwide. AAR constantly searches for the right thing to do for its customers, employees, partners and for society.

The Worldwide Aviation Support Services (WASS) program, an AAR business, headquartered in Rockledge, FL, provides global, world-class expeditionary and conventional aviation solutions to the US Department of State Air Wing.

Role Description:

Responsible for the Worldwide Aviation Support Service WASS Program to the DoS INLA customers in support of their aviation program requirements, primarily RW aircraft training and support. Provides management and administrative functions necessary for the safe, efficient, effective operation of Aviation Support Services at the main operating base MOB and forward operating locations FOL supporting the Nationalization effort. Perform instructor pilot IP duties. 

Key Responsibility:

Manage the operations of a training fleet. 
Ensure operational and Nationalization training requirements are safely accomplished in accordance with customers established standards, training and operating procedures. 
Serve as the Operations subject matter expert. 
Responsible for the leadership of the operations team and direction of all operational activities and resources assigned. 
On behalf of the Country Site Manager, manage aircrew, security, life support equipment and personnel assigned to the program. 
Ensure Air Tasking Requests and training missions are consistent with and in support of contract requirements. 
Coordinate with functional leaders to ensure personnel, aircraft and equipment are properly prepared and configured for scheduled flight operations and available when and where required. 
Ensure required operational reports are submitted to the functional managers in a timely manner to meet company and customer requirements. 
Represent and perform the duties of the Country Site Manager when directed and in his absence. 
Maintain strong relationships with key operations customers, teammates and vendors. 
Perform flight duties as an Instructor Pilot and or Maintenance Pilot as directed in an INLA aircraft. 
Perform coordination between operations, maintenance, and logistics to support program training and standardization mission. 
Perform instructor pilot IP duties. 
Assume the duties of the Site Manager in his absence. 
Perform other duties as assigned. 

NATIONALIZATION DUTIES AND RESPONSIBILITIES 

Provide a Monthly Flying Hour Usage Report to include but not limited to, flight hours by flight hour usage code, country, passengers organization and aircraft type. 
Provide Daily Operations Reports to include but not limited to, missions requested, scheduled, flown, canceled and aborted by aircraft type, aircraft identification and tail number, hours flown, sensitive items, mission detail, significant events, and personnel strength to include, authorized, assigned, boots on ground, break and TDY. 
Provide a monthly report to include but not limited to, all counter-narcotics operations requested, scheduled, flown and cancelled by aircraft type, missions, sorties, flight hours, agency supported, passengers, illicit drugs captured or destroyed. 
Provide initial notification of hostile fire within 30 minutes of incident and a monthly hostile fire report to include but not limited to country, coordinates, aircraft type and tail number, pilot, altitude, damage to aircraft, type weapon, mission type, impacts and incidents by day, month and year. 
Provide management and administration functions necessary for safe, efficient, and effective training and operations of this aviation program. 
Provides an efficiently staffed cadre of technical advisors to augment operations and conduct ongoing training and qualification of assigned SVA staff members. 
Conducts current and future Ops planning. 
Ensure all mission requests regardless of source will be documented and tracked in the MIS by approval, disapproval, rescheduled and reason. 
Perform OPSCO duties at remote FOLs.
Provide Host Nation training in support of and conduct Passenger and Cargo Processing. 
Provide Host Nation training in support of and acquire and provide readily available intelligence and information for operational planning. 
Provide Host Nation training in support of and oversight to ensure compliance with USG directives and safe execution of counter narcotic operations. 
Provide Host Nation training in support of and conduct maritime and land-based detection and monitoring. 
Provide Host Nation training in support of and conduct CASEVAC support. 
Provide Host Nation training in support of and conduct VIP mission support. 
Provide Host Nation training in support of and conduct contingency operation missions. 
Provide Host Nation training in support of and perform emergency response and humanitarian missions. 
Provide Host Nation training in support of and perform surge operations. 

Provide Host Nation training in support of and perform representational event support missions. 

 

Qualifications
 

Basic Qualifications:

Bachelors degree from a four-year college or university in a related field and or combination of education and related experience. 
Minimum 5 years of experience in management and or operations of a Rotary Wing and or Fixed Wing aircraft fleet. 
2500 hours of flight time as the PIC in Rotary Wing Aircraft. 
1000 hours of turbine engine time. 
300 hours of turbine instructor pilot or check pilot time. 
NVG qualified pilot with over 300 hours of NVG experience. 
Previous qualification in the UH-1 series aircraft preferred. 
FAA Commercial Instrument Airman's Certificate. 
Current FAA Class I or II Medical Certificate. 
Applicants require 300 hours turbine instructor pilot or check pilot time. 
Strong English speaking and written communication skill. 
U.S. Security Clearance Required. 

Preferred 

Previous qualification in one or more of the INLA aircraft. 
Previous experience instructing foreign nationals in flight training. 
Possess an FAA CFl CFll and or similar military or DoS program qualification. 
Possess a Maintenance Pilot qualification in a military and or DoS program. 
Experience in management and operations of aircraft training program. 
Prior experience as a US military aviator.

Compensation and Benefits: 

Salaried Position.
Competitive salary and bonus package.
Comprehensive benefits package including medical, dental, and vision coverage.
401(k) retirement plan with company match.
Professional development and career advancement opportunities.

AAR is committed to building a diverse and inclusive workforce. We encourage applications from people of all races, ethnic origins, religions, abilities, sexual orientations, gender identities, or expressions. We are dedicated to the health and safety of our people, our customers, and the communities where we live and work.

AAR provides accommodation in accordance with applicable laws through all stages of the hiring process. If you require accommodation for any part of the application and/or hiring process, please advise Human Resources.

Job: WASS OPERATIONS
Primary Location: Peru-Pucallpa
Schedule: Full-time
Overtime Status: Exempt

AAR is an equal opportunity employer. All qualified applicants will receive consideration for employment without regard to race, color, religion, sex, sexual orientation, gender identity, national origin, disability or veteran status."
AAR Corp,Sr. Executive Assistant,323049,"United States, Illinois, Wood Dale",United States of America,,onsite,Senior,unknown,unknown,yes,taleo,N/A,2026-06-16T21:36:25Z,https://aarcorp.taleo.net/careersection/2/jobdetail.ftl?job=323049,"Job Description - Sr. Executive Assistant (18446)
About Us: AAR Corp. (NYSE: AIR) is a global aerospace and defense aftermarket solutions company that employs more than 6,000 people across over 60 sites in over 20 countries. Headquartered in the Chicago, Illinois area, AAR supports commercial and government customers in more than 100 countries through four operating segments: Parts Supply, Integrated Solutions, Repair and Engineering and Expeditionary Services. AAR’s purpose is to empower people to build innovative aerospace solutions today so you can safely reach your destination tomorrow. The company’s mission is to go above and beyond to provide value-driven aerospace aftermarket solutions to meet the evolving needs of our customers worldwide. AAR constantly searches for the right thing to do for its customers, employees, partners and for society.
 
Sr. Executive Assistant - 18446

Description
 

We are seeking an Sr. Executive Assistant to support Sr. Level Leadership. This role goes beyond managing calendars and travel, it’s about creating leverage, ensuring our leaders stay focused on the highest-impact work. The ideal candidate thrives in a fast-paced environment, exercises sound judgment and discretion, and takes pride in making complex operations run seamlessly. You’ll play a vital role in keeping the organization aligned and operating efficiently at the top level.

This position is based at our Corporate Headquarters in Wood Dale, IL, with a planned relocation to the Merchandise Mart (Chicago) in early 2027.

What you will be responsible for: 

Manage and optimize the calendars of the senior leaders, ensuring priorities drive scheduling decisions.
Anticipate needs, resolve conflicts proactively, and protect executive focus.
Serve as the first point of contact for internal and external inquiries.
Draft, review, and refine communications and presentations as needed.
Prepare agendas, distribute materials, and document meeting notes and action items.
Coordinate and manage complex travel arrangements end-to-end.
Track key deliverables and ensure timely follow-up across the Leadership Team.
Identify opportunities to streamline processes and implement improvements.
Collaborate with other executive assistants to provide seamless leadership support.
Handle confidential information and sensitive decisions with discretion and professionalism.

Qualifications
 

What you need to be successful in the role: 

5+ years of experience supporting senior executives in a fast-paced environment.

Exceptional organizational skills with the ability to manage multiple priorities.

 

Strong team player who partners effectively across departments and administrative teams.
Excellent judgment to determine when to escalate, act independently, or decline requests.
Clear and confident communication skills, both written and verbal.
Proficiency with Microsoft Office 365, Teams, and travel/expense systems; enthusiasm for leveraging AI tools like CoPilot to enhance productivity.
Calm under pressure, dependable, and trusted with highly confidential information.
Results-driven and adaptable, with a proactive approach to problem-solving and decision-making.

Skilled at building relationships and contributing positively to a collaborative culture.

 

The rewards of your career at AAR go far beyond just your salary: 

Competitive salary and bonus package
Comprehensive benefits package including medical, dental, and vision coverage.
401(k) retirement plan with company match
Generous paid time off program
Professional development and career advancement opportunities

Physical Demands/Work Environment:
The physical demands and work environment characteristics described here are representative of those that must be met by an employee to successfully perform the essential functions of this job.

Reasonable accommodations may be made to enable individuals with disabilities to perform the essential functions.
While performing the duties of this job, the employee may be regularly required to sit, stand, bend, reach and move about the facility.
The environmental characteristic for this position is an office setting.
Candidates should be able to adapt to a traditional business environment.

AAR provides accommodation in accordance with applicable laws through all stages of the hiring process. If you require accommodation for any part of the application and/or hiring process, please advise Human Resources.

Compensation:
The anticipated salary range for this position is $85,000 to $100,000 annually. This range reflects the base salary for candidates who meet the requirements of the role, including experience, education, and location. In addition to base pay, this role is eligible for a bonus. AAR offers a competitive benefits package, including medical/dental/vision/life/and AD&D insurance, 401(k) savings plan with employer match, paid time off and holiday pay, as well as opportunities for professional development and growth.

#LI-MA1 #LI-ONSITE

Job: Administrative
Primary Location: United States-Illinois-Wood Dale
Schedule: Full-time
Overtime Status: Exempt

We are an equal opportunity employer. All qualified applicants will receive consideration for employment without regard to race, color, religion, sex, sexual orientation, gender identity, national origin, disability or veteran status."
AAR Corp,Safety Inspector (2nd shift),323086,"United States, Florida, Miami",United States of America,,onsite,Mid,us_person,unknown,unknown,taleo,N/A,2026-06-16T21:36:25Z,https://aarcorp.taleo.net/careersection/2/jobdetail.ftl?job=323086,"Job Description - Safety Inspector (2nd shift) (18442)
About Us: AAR Corp. (NYSE: AIR) is a global aerospace and defense aftermarket solutions company that employs more than 6,000 people across over 60 sites in over 20 countries. Headquartered in the Chicago, Illinois area, AAR supports commercial and government customers in more than 100 countries through four operating segments: Parts Supply, Integrated Solutions, Repair and Engineering and Expeditionary Services. AAR’s purpose is to empower people to build innovative aerospace solutions today so you can safely reach your destination tomorrow. The company’s mission is to go above and beyond to provide value-driven aerospace aftermarket solutions to meet the evolving needs of our customers worldwide. AAR constantly searches for the right thing to do for its customers, employees, partners and for society.
 
Safety Inspector (2nd shift) - 18442

Description
 

SUMMARY: Safety Inspectors are required to have a strong understanding of aviation safety principles, aircraft operation and maintenance, AAR policies and federal laws. Primarily, inspectors make sure mechanics, technicians, QC inspectors, aircraft and other equipment function properly. Troubleshooting, diagnosing and repair skills are also part of the job. ESSENTIAL DUTIES and RESPONSIBILITIES: Ensure all Repair Station personnel comply with current Federal Aviation Regulations, Repair Station and Quality Control Manual, and Policies and Procedures - Demonstrate excellent communication skills, professionalism, and positive customer service attitude without compromising quality - Ensure maintenance and inspection personnel use approved or accepted data issued by the manufacturer, FAA and or Customer. - Ensure adequate inspection aids, special tools and equipment are available, and maintained in a serviceable condition - Oversight of facility technician training requirements - Oversight of the facility tool control and tool calibration program - Ensure final inspections are properly performed on all work completed before it is released for Return to Service - Conduct audits as required - Ensure incoming parts, supplies, and articles receive an incoming inspection (Receiving Inspection) lAW repair station policies and procedures. - Perform such other tasks as may be reasonably assigned by his/her supervisor. -Perform investigations of accidents, incidents and customer reported quality escapes. Will be responsible for compiling objective evidence by conducting interviews, reviewing documentation, observing activities, performing audits, surveillance and investigations to determine whether organizations and/or individuals (management or non-management) are conducting business in accordance with regulations and established policies and procedures. Safety Inspector provides direction and recommendations for the resolution of matters of non-conformance through the development of corrective action plans, comprehensive fixes and/or process changes. They engage primarily in the following types of assignments: (not limited to) (a) Evaluating technicians and the repair facility for continuing adequacy; (b) Evaluating the technicians working on the aircraft training program; (c) Inspecting aircraft and related equipment for the accomplishment of proper maintenance; (d) Challenging technicians and inspectors, that they are following established policies and procedures. (e) Investigate all accidents, incidents and reported customer quality escapes. The evaluations may include the adequacy of the repair station facilities, maintenance, equipment and procedures; the competence of employees; the adequacy of the program or schedule for periodic maintenance and overhauls; and the airworthiness of the aircraft. Safety Inspectors may perform a variety of other inspections and or audits, investigations and advisory duties. However the primary requirement for positions in this specialty is knowledge and skill pertaining to the maintenance and airworthiness of aircraft. CORE COMPETENCIES: -Commitment to company values and ethics -Motivation: must maintain a positive attitude and strong work energy -Leadership: demonstrated ability to lead people and get results through others -Management: must possess coaching and development skills -Strong judgment and decision making -Possess a demonstrated ability to network with, communicate effectively and influence company and industry peers

Qualifications
 

QUALIFICATIONS: Ability to communicate effectively, both orally and in writing, using standard English; -Able to interface in a pleasant and professional manner with all departments, level of management, customers and vendors. -Able to complete assigned tasks, including follow-up assignments, in a timely manner. -Must be willing to work irregular schedule when required. -Familiar with the following FAA regulations, 14 CFR 43, 145 and 121 -Experience Maintaining compliance with OSHA regulations and record keeping preferred -Will be required to thoroughly audit work packages, ensuring that all assigned work has been properly completed and documented. -Able to competently research and retrieve technical data. -Properly interpret blueprints, drawings and other technical data. -Five years hands-on Aircraft Maintenance experience or five years specialized experience in a related aviation field. -Demonstrated proficiency with PC applications (Word Processing, Spreadsheets, and Data Analysis tools). -Strong written, verbal, presentation and interpersonal skills. -Be able to analyze information and utilize problem solving skills. -Be able to work under adverse conditions in a production I aircraft hangar environment. Safety Inspector- Maintenance When the predominant work involves aircraft maintenance, applicants for Safety Inspector Maintenance positions will meet but not limited to all of the following requirements. -Experience involving the maintenance and repair of airframes, power plants, and systems of multi-engine aircraft of more than 12,500 pounds maximum certificated takeoff weight maintained under an airworthiness maintenance and inspection program. -Aircraft maintenance experience in a repair station; air carrier or airline repair facility; military repair facility; or local, state, or Federal governmental agency. -Experience involving the maintenance and repair of airframes, power plants, and aircraft systems with responsibility for certifying airworthiness. -Aircraft maintenance work experience within the last 3 years. Safety Inspector- Avionics When the predominant work involves avionics, applicants for Safety Inspector- Avionics positions will meet but not limited to all of the following requirements. -Aircraft avionics experience involving the maintenance, repair, and troubleshooting of installed avionics systems on aircraft. -Avionics maintenance experience on aircraft of more than 12,500 pounds maximum certificated takeoff weight. -Aircraft avionics work experience (which could include supervision or auditing) in a repair station; air carrier repair facility; military repair facility; or local, state, or Federal governmental agency within the last 3 years. EDUCATION: -High School Diploma or equivalent -FAA A&P certificate -ASQ, ISO or similar certificate preferred -Formal Quality Assurance I auditing training preferred -College or University 2/4 year degree preferred PHYSICAL DEMANDS: -May be exposed to high level of noise, dust, vibration and chemical fumes (within OSHA limits). -Able to climb on ladders and platforms occasionally attaining heights of various aircraft types.

#LI-CG1

Job: Operations
Primary Location: United States-Florida-Miami-Miami- Aircraft Services
Schedule: Full-time
Overtime Status: Non-exempt

We are an equal opportunity employer. All qualified applicants will receive consideration for employment without regard to race, color, religion, sex, sexual orientation, gender identity, national origin, disability or veteran status."
AAR Corp,"Sr. Manager, Finance",321688,"United States, Illinois, Wood Dale",United States of America,,onsite,Manager,unknown,unknown,yes,taleo,N/A,2026-06-16T21:36:25Z,https://aarcorp.taleo.net/careersection/2/jobdetail.ftl?job=321688,"Job Description - Sr. Manager, Finance (18299)
About Us: AAR Corp. (NYSE: AIR) is a global aerospace and defense aftermarket solutions company that employs more than 6,000 people across over 60 sites in over 20 countries. Headquartered in the Chicago, Illinois area, AAR supports commercial and government customers in more than 100 countries through four operating segments: Parts Supply, Integrated Solutions, Repair and Engineering and Expeditionary Services. AAR’s purpose is to empower people to build innovative aerospace solutions today so you can safely reach your destination tomorrow. The company’s mission is to go above and beyond to provide value-driven aerospace aftermarket solutions to meet the evolving needs of our customers worldwide. AAR constantly searches for the right thing to do for its customers, employees, partners and for society.
 
Sr. Manager, Finance - 18299

Description
 

The Senior Financial Manager will provide support for the Distribution business unit.  The role will be responsible for ensuring adherence to a strong internal control environment, including making recommendations for improvements. The role will also be actively involved with analyzing financial information and trends, as well as providing support for financial forecasts and annual plans.  This role will serve as the lead for system implementations specific to the business unit.

This position is based at our Corporate Headquarters in Wood Dale, IL, with a planned relocation to the Merchandise Mart (Chicago) in early 2027.

What you will be responsible for: 

Analyzes financial information to determine present and future financial performance.
Identifies trends and recommends improvements accordingly.
Provides idea leadership to enable the business to improve inventory turns and cash flow generation.
Prepares financial data for BOD meetings and planning session presentations.
Forecasts revenues and expenses in support of a 3-year business plan.
All other duties as assigned.

Qualifications
 

What you need to be successful in this role:

Bachelor of Arts degree (B.A.) or Bachelor of Science degree (B.S.) from four-year college or university; or eight years related experience and/or training; or equivalent combination of education and experience.

 

The rewards of your career at AAR go far beyond just your salar

Competitive salary and bonus package
Comprehensive benefits package including medical, dental, and vision coverage.
401(k) retirement plan with company match
Generous paid time off program
Professional development and career advancement opportunities

Physical Demands/Work Environment:
The physical demands and work environment characteristics described here are representative of those that must be met by an employee to successfully perform the essential functions of this job.

Reasonable accommodations may be made to enable individuals with disabilities to perform the essential functions.
While performing the duties of this job, the employee may be regularly required to sit, stand, bend, reach and move about the facility.
The environmental characteristic for this position is an office setting.
Candidates should be able to adapt to a traditional business environment.

AAR provides accommodation in accordance with applicable laws through all stages of the hiring process. If you require accommodation for any part of the application and/or hiring process, please advise Human Resources.

Compensation:
The anticipated salary range for this position is $130,000 to $155,000 annually. This range reflects the base salary for candidates who meet the requirements of the role, including experience, education, and location. In addition to base pay, this role is eligible for a bonus. AAR offers a competitive benefits package, including medical/dental/vision/life/and AD&D insurance, 401(k) savings plan with employer match, paid time off and holiday pay, as well as opportunities for professional development and growth.

#LI-MA1 #LI-ONSITE
 

Job: Finance
Primary Location: United States-Illinois-Wood Dale
Schedule: Full-time
Overtime Status: Exempt

We are an equal opportunity employer. All qualified applicants will receive consideration for employment without regard to race, color, religion, sex, sexual orientation, gender identity, national origin, disability or veteran status."
AAR Corp,"Lead, Military Nacelle",322967,"United States, Arkansas, Hot Springs",United States of America,,onsite,Lead,us_person,unknown,unknown,taleo,N/A,2026-06-16T21:36:25Z,https://aarcorp.taleo.net/careersection/2/jobdetail.ftl?job=322967,"Job Description - Lead, Military Nacelle (18431)
About Us: AAR Corp. (NYSE: AIR) is a global aerospace and defense aftermarket solutions company that employs more than 6,000 people across over 60 sites in over 20 countries. Headquartered in the Chicago, Illinois area, AAR supports commercial and government customers in more than 100 countries through four operating segments: Parts Supply, Integrated Solutions, Repair and Engineering and Expeditionary Services. AAR’s purpose is to empower people to build innovative aerospace solutions today so you can safely reach your destination tomorrow. The company’s mission is to go above and beyond to provide value-driven aerospace aftermarket solutions to meet the evolving needs of our customers worldwide. AAR constantly searches for the right thing to do for its customers, employees, partners and for society.
 
Lead, Military Nacelle - 18431

Description
 

Plans, lays out, fabricates, assembles, installs, and repairs sheet metal parts, equipment, and products. Reads and interprets blueprints, sketches, or product specifications to determine sequence and methods of fabricating, assembling, and installing sheet metal products. Lays out and marks dimensions and reference lines on material to develop and trace patterns of product or parts or uses templates. Sets up and operates fabricating machines such as shears, brakes, presses, forming rolls, and routers, to cut, bend, block, and form, or straighten materials. Shapes metal material over anvils, blocks, or other forms. Inspects assemblies and installations for conformance to specifications.

Follow company policies and procedures, follow directions and / or instructions, as directed.
Familiar with Internal Customer Interfaces, as defined by the process assigned.
Process forms and document work by utilizing their endorsement, in accordance with the Quality Management System.
Notify immediate supervisor of any suspected un-airworthy condition noted while performing their duties.
Acquire and maintain hand tools, if necessary, to complete work assigned.
Clean, disassemble and identify components, with normal supervision.
Have a good understanding of blueprints, technical manuals, and planning documents with normal supervision.
Apply different type’s conversion coatings and sealants using different types of tools and methods with normal supervision.
Work in conjunction with higher grade Mechanics to further their job knowledge base through OJT with normal supervision.
Cleans work area, when required with minimal supervision.
Read and understand blueprints and technical manuals.
Accomplish basic repairs with normal supervision.
Have a basic understanding of computer processes involved in daily operations.
Other various duties, as assigned.

Qualifications
 
Read, write, and understand English fluently.
Ability to learn and understand and communicate effectively in writing and verbally.
3-5 years technical experience specifically in MRO Military Nacelle repair.

Job: Operations
Primary Location: United States-Arkansas-Hot Springs-Triumph Airborne Structures
Schedule: Full-time
Overtime Status: Non-exempt

We are an equal opportunity employer. All qualified applicants will receive consideration for employment without regard to race, color, religion, sex, sexual orientation, gender identity, national origin, disability or veteran status."
AAR Corp,Marketing Specialist,323006,"United States, Michigan, Cadillac",United States of America,,onsite,Mid,unknown,unknown,unknown,taleo,N/A,2026-06-16T21:36:25Z,https://aarcorp.taleo.net/careersection/2/jobdetail.ftl?job=323006,"Job Description - Marketing Specialist (18435)
About Us: AAR Corp. (NYSE: AIR) is a global aerospace and defense aftermarket solutions company that employs more than 6,000 people across over 60 sites in over 20 countries. Headquartered in the Chicago, Illinois area, AAR supports commercial and government customers in more than 100 countries through four operating segments: Parts Supply, Integrated Solutions, Repair and Engineering and Expeditionary Services. AAR’s purpose is to empower people to build innovative aerospace solutions today so you can safely reach your destination tomorrow. The company’s mission is to go above and beyond to provide value-driven aerospace aftermarket solutions to meet the evolving needs of our customers worldwide. AAR constantly searches for the right thing to do for its customers, employees, partners and for society.
 
Marketing Specialist - 18435

Description
 

SUMMARY: Performs a variety of administrative and technical assignments related to the marketing of the Companys products and services by performing the following duties personally or with other support staff.

ESSENTIAL DUTIES AND RESPONSIBILITIES:

Participates in the development and implementation of the marketing strategy and plan for the business.
Conducts market research, performs competitive analysis, maintains competitive matrix, monitors trends and provides input to market analyses.
Prepares reports and metrics based upon sales and marketing activities and goals.
Participates in the formulation, coordination and implementation of demand creation, with other sales and marketing team members.
Researches advertising opportunities within trade publications and web portals.
Develops advertising plan for execution of advertising budget.
Places media buys with appropriate trade pubs and web portals.
Develops, designs and distributes ads and company/product profiles.
Drafts press releases in coordination with corporate communications and submits to media contacts.
Designs and updates graphics, displays and literature for trade shows and road shows; assists with trade show and road show coordination.
Assists with capture management activities including researching opportunities (via Fed Biz Ops, ePipeline, etc.)
Supporting proposal writer with packaging and graphics, and contributing to reports and metrics,
 Consults with product development personnel on product specifications, including product descriptions, weights and dimensions, applications, certifications, etc.
 Coordinates the preparation and continual updating of marketing materials (e.g., brochures, catalogs, presentations, product slicks, flyers, and product photos).
Works with corporate communications to keep website up to date.
Performs such individual assignments as supervisors and superiors may direct; ensures adequate and continuous controls are exercised over all assigned activities affecting quality; establishes and maintains effective work relationships within the department, the Corporation and the community; and maintains the professional competence, knowledge and skill necessary for the satisfactory performance of all assigned responsibilities. 

CORE COMPETENCIES:

Organization Communication Initiative Problem Solving Critical Thinking Social Perceptiveness Service Orientation Fluency of Ideas Persuasion Time Management Computer Skills.

#LI-EF1

Qualifications
 

QUALIFICATIONS:

 To perform this job successfully, an individual must be able to perform each essential duty satisfactorily. The requirements listed below are representative of the knowledge, skill, and/or ability required. Reasonable accommodations may be made to enable individuals with disabilities to perform the essential functions.

EDUCATION and/or EXPERIENCE:

Has a 4 year degree in Marketing or related business field. Has proven capability in technical sales and marketing as evidenced by a minimum of 3 years sales/marketing experience. Proficient with Microsoft Office programs, Adobe Creative Suite, Photoshop, Quark, Broad technical and analytical business skills as typically evidenced by completion of a bachelors degree. Excellent college level writing and speaking skills. In depth understanding of business functions. 

PHYSICAL DEMANDS:

The physical demands described here are representative of those that must be met by an employee to successfully perform the essential functions of this job. Reasonable accommodations may be made to enable individuals with disabilities to perform the essential functions. Occasionally lifts and carries up to 15 pounds. Works at telephone answering equipment and at a PC for hours at a time. Works within a manufacturing office setting and is occasionally exposed to heat, cold wet, and fumes/chemicals. 

WORK ENVIRONMENT:

The work environment characteristics described here are representative of those an employee encounters while performing the essential functions of this job. Reasonable accommodations may be made to enable individuals with disabilities to perform the essential functions. 

Job: Sales
Primary Location: United States-Michigan-Cadillac
Schedule: Full-time
Overtime Status: Exempt

We are an equal opportunity employer. All qualified applicants will receive consideration for employment without regard to race, color, religion, sex, sexual orientation, gender identity, national origin, disability or veteran status."
AAR Corp,Warranty Engineer (On-site Warranty Coordinator),322946,"United States, Colorado, Denver",United States of America,,onsite,Mid,unknown,unknown,unknown,taleo,N/A,2026-06-16T21:36:25Z,https://aarcorp.taleo.net/careersection/2/jobdetail.ftl?job=322946,"Job Description - Warranty Engineer (On-site Warranty Coordinator) (18428)
About Us: AAR Corp. (NYSE: AIR) is a global aerospace and defense aftermarket solutions company that employs more than 6,000 people across over 60 sites in over 20 countries. Headquartered in the Chicago, Illinois area, AAR supports commercial and government customers in more than 100 countries through four operating segments: Parts Supply, Integrated Solutions, Repair and Engineering and Expeditionary Services. AAR’s purpose is to empower people to build innovative aerospace solutions today so you can safely reach your destination tomorrow. The company’s mission is to go above and beyond to provide value-driven aerospace aftermarket solutions to meet the evolving needs of our customers worldwide. AAR constantly searches for the right thing to do for its customers, employees, partners and for society.
 
Warranty Engineer (On-site Warranty Coordinator) - 18428

Description
 

To maximize Airinmar’s revenues and their customers ROI through savings associated with Value Engineering, Warranty Management, Consultancy, PBH O&A policing, Sourcing, Guarantee Management and other value stream activities.
Contact suppliers in order to seek clarification of work scope/pricing/warranty and challenge when a decision is unjustified.

What you will be responsible for:

Contact suppliers to seek clarification of work scope/pricing/warranty and challenge when a decision is unjustified.
Record VE/WTY outcomes in the respective systems.
Enforce contractual terms and recover associated benefits. 
Manage contract TAT remedies, including those enshrined within the Airbus SSC and Boeing PSAA.
Be the go-to department for engineering/technical issues and provide subject matter expertise to other Airinmar departments.
Assist Sales & Business Development with designing strategic programs for customer cost reduction and gainshare revenue generation.
Meet Airinmar’s requirements relating to Technical Services obligations contained within customer/Airinmar Contracts, SOWs and MOUs.
Apply continuous improvement to develop Airinmar’s processes, procedures and systems to improve the department’s overall efficiency and ability to meet the needs of the customer.
Apply continuous improvement to develop new cost reduction mechanisms to maintain Airinmar’s competitiveness.
Maximize Customer’s ROI and Airinmar’s revenues through delivering (or supporting the delivery of) the services outlined in customer statements of work.
Perform account reporting to the allocated Program Manager.
Carry out and manage projects and tasks to ensure customer satisfaction.
Be able to build multi-level relationships within Customer, both internally and externally.
Support the implementation and management of the delivery of Warranty Management services (in coordination with UK-based staff)
Proactively apply Continuous Improvement, including the Identification and implementation of initiatives/projects
Lead/Support periodic program reviews
Identify, create and manage warranty claims for component, line maintenance, heavy maintenance and other eligible events
Contact suppliers to gather the necessary information to justify a quoted repair and contest where appropriate.
Maintain data integrity
Maintain regular verbal & written updates with the UK team
Provide a point of contact for data retrieval, problem resolution, escalation and advice.
Carry out business development and identify up-selling opportunities
All other duties as assigned

Qualifications
 

What you will need to be successful in this role: 

Hold an HNC/HND/Degree in a Business/Engineering discipline or have relevant work experience in an aircraft maintenance or warranty organization.
Have appropriate industry experience within a Supply Chain, Aerospace, Value Engineering, Warranty or Technical Services discipline.
Demonstrate sound interpersonal and leadership skills.
Strong time management skills and an ability to prioritize multiple projects.
Strong analytical and problem-solving skills.
Be able to build multi-level relationships within organizations, both internally and externally.

The rewards of your career at AAR go far beyond just your salary:

Competitive salary and bonus package
Comprehensive benefits package including medical, dental, and vision coverage.
401(k) retirement plan with company match
Generous paid time off program
Professional development and career advancement opportunities

Physical Demands/Work Environment:
The physical demands and work environment characteristics described here are representative of those that must be met by an employee to successfully perform the essential functions of this job.

Reasonable accommodations may be made to enable individuals with disabilities to perform the essential functions.
While performing the duties of this job, the employee may be regularly required to sit, stand, bend, reach and move about the facility.
The environmental characteristic for this position is an office setting.
Candidates should be able to adapt to a traditional business environment.

AAR provides accommodation in accordance with applicable laws through all stages of the hiring process. If you require accommodation for any part of the application and/or hiring process, please advise Human Resources. 

Compensation:
The anticipated salary range for this position is $65,000 to $80,000 annually. This range reflects the base salary for candidates who meet the requirements of the role, including experience, education, and location. [In addition to base pay, this role is eligible for a bonus.] AAR offers a competitive benefits package, including medical/dental/vision/life/and AD&D insurance, 401(k) savings plan with employer match, paid time off and holiday pay, as well as opportunities for professional development and growth.

#LI-MA1 #LI-ONSITE  

Job: Engineering
Primary Location: United States-Colorado-Denver-Airinmar Denver Airport
Schedule: Full-time
Overtime Status: Exempt

We are an equal opportunity employer. All qualified applicants will receive consideration for employment without regard to race, color, religion, sex, sexual orientation, gender identity, national origin, disability or veteran status."
AAR Corp,IT Site Reliability & Performance Engineer,322826,"United States, Illinois, Wood Dale",United States of America,,onsite,Mid,unknown,unknown,yes,taleo,N/A,2026-06-16T21:36:25Z,https://aarcorp.taleo.net/careersection/2/jobdetail.ftl?job=322826,"Job Description - IT Site Reliability & Performance Engineer (18411)
About Us: AAR Corp. (NYSE: AIR) is a global aerospace and defense aftermarket solutions company that employs more than 6,000 people across over 60 sites in over 20 countries. Headquartered in the Chicago, Illinois area, AAR supports commercial and government customers in more than 100 countries through four operating segments: Parts Supply, Integrated Solutions, Repair and Engineering and Expeditionary Services. AAR’s purpose is to empower people to build innovative aerospace solutions today so you can safely reach your destination tomorrow. The company’s mission is to go above and beyond to provide value-driven aerospace aftermarket solutions to meet the evolving needs of our customers worldwide. AAR constantly searches for the right thing to do for its customers, employees, partners and for society.
 
IT Site Reliability & Performance Engineer - 18411

Description
 

The Site Reliability and Performance Engineer designs implement and maintains monitoring and observability solutions and supports the performance and scalability of IT infrastructure and applications. This role partners closely with infrastructure, operations, development, and security teams to help ensure IT services and systems remain available, reliable, and high performing.

This position is based at our Corporate Headquarters in Wood Dale, IL, with a planned relocation to the Merchandise Mart (Chicago) in early 2027.

What you will be responsible for: 

Develop and maintain the organization’s monitoring and observability strategy, standards, and best practices.
Design, deploy, and manage monitoring platforms and related tools.
Collect, analyze, and visualize metrics, logs, traces, and events to deliver end-to-end observability across infrastructure and applications.
Build and maintain dashboards, alerts, and reports for infrastructure, operations, development, and security teams.
Improve performance, reliability, scalability, and operational maturity of systems and applications.
Capacity Planning: Plan for future growth and ensure that systems can handle increased loads without performance degradation.
Partner with development teams to improve services through rigorous testing and release procedures
Troubleshoot and resolve issues involving app performance, monitoring and observability tools.
Provide guidance and support to IT teams on effective use of monitoring and observability solutions and standardize their usage.
Research and assess emerging technologies and trends in app performance, monitoring and observability.

Qualifications
 

What you will need to be successful in this role:

Proven experience in app performance and IT monitoring and observability role.
Bachelor’s degree in computer science, information systems, or a related field, or equivalent work experience.
At least three years of experience in IT monitoring and observability administration, engineering, or support.
Strong knowledge of monitoring and observability tools and platforms.
Experience with IT infrastructure and application technologies, including Linux, Windows, Azure, networking, databases, and web platforms.
Strong experience with scripting and automation tools such as Python, Bash, and Ansible.
Strong analytical and problem-solving skills.
Strong communication and collaboration skills.

Relevant certifications in monitoring and observability tools and platforms are preferred.

 

Additional Positives for the Position:

Holding credentials that demonstrates ability to perform a specific level of tasks related IT Monitoring and Observability
Working Knowledge of New Relic Platform
System admin experience
Application performance testing experience

The rewards of your career at AAR go far beyond just your salary: 

Competitive salary and bonus package
Comprehensive benefits package including medical, dental, and vision coverage.
401(k) retirement plan with company match
Generous paid time off program
Professional development and career advancement opportunities

Physical Demands/Work Environment:
The physical demands and work environment characteristics described here are representative of those that must be met by an employee to successfully perform the essential functions of this job.

Reasonable accommodations may be made to enable individuals with disabilities to perform the essential functions.
While performing the duties of this job, the employee may be regularly required to sit, stand, bend, reach and move about the facility.
The environmental characteristic for this position is an office setting.
Candidates should be able to adapt to a traditional business environment.

AAR provides accommodation in accordance with applicable laws through all stages of the hiring process. If you require accommodation for any part of the application and/or hiring process, please advise Human Resources. 

Compensation:
The anticipated salary range for this position is $110,000 to $130,000 annually. This range reflects the base salary for candidates who meet the requirements of the role, including experience, education, and location.  In addition to base pay, this role is eligible for a 10% bonus. AAR offers a competitive benefits package, including medical/dental/vision/life/and AD&D insurance, 401(k) savings plan with employer match, paid time off and holiday pay, as well as opportunities for professional development and growth.

#LI-MA1 #LI-ONSITE  

Job: Information Technology
Primary Location: United States-Illinois-Wood Dale
Schedule: Full-time
Overtime Status: Exempt

We are an equal opportunity employer. All qualified applicants will receive consideration for employment without regard to race, color, religion, sex, sexual orientation, gender identity, national origin, disability or veteran status."
AAR Corp,F-16 Avionics or Electrical / Environmental Technician III,322908,"United States, Maryland, Joint Base Andrews",United States of America,,onsite,Mid,us_person,Secret,unknown,taleo,N/A,2026-06-16T21:36:25Z,https://aarcorp.taleo.net/careersection/2/jobdetail.ftl?job=322908,"Job Description - F-16 Avionics or Electrical / Environmental Technician III (18424)
About Us: AAR Corp. (NYSE: AIR) is a global aerospace and defense aftermarket solutions company that employs more than 6,000 people across over 60 sites in over 20 countries. Headquartered in the Chicago, Illinois area, AAR supports commercial and government customers in more than 100 countries through four operating segments: Parts Supply, Integrated Solutions, Repair and Engineering and Expeditionary Services. AAR’s purpose is to empower people to build innovative aerospace solutions today so you can safely reach your destination tomorrow. The company’s mission is to go above and beyond to provide value-driven aerospace aftermarket solutions to meet the evolving needs of our customers worldwide. AAR constantly searches for the right thing to do for its customers, employees, partners and for society.
 
F-16 Avionics or Electrical / Environmental Technician III - 18424

Description
 

 

** $10,000 sign-on bonus offered for Andrews AFB site **

Responsible for depot-level modification, upgrade, & test of aircraft sub-systems, ensuring airworthiness. Duties include, but are not limited to, inspecting, testing, modifying, and repairing avionic as well as other electrical systems/sub-systems.  Examples include radar, radio, navigation, and aircraft power systems/sub-systems.

What you will be responsible for:

Modifies, upgrades, inspects, tests, adjusts, and repairs aircraft avionic and electrical systems, such as aircraft installed radar, radio, navigation, and power systems using hand tools and test equipment
Inspects components of avionic and electrical systems and equipment for defects, such as loose connections and frayed wire, and for accuracy of assembly and installation
Tests avionic and electrical systems under simulated or actual operating conditions to determine performance and airworthiness, using test equipment, such as oscilloscopes, digital meters and counters, and circuit analyzers
Using hand tools, adjusts, repairs, and/or replaces defective components based on analysis of test results, following blueprints, schematics, handbooks, and other technical documents
When required, calibrates installed, modified, or repaired systems and/or equipment to prescribed specifications
When required, operates ground servicing equipment to operationally test, inspect, and verify functionality and air worthiness of avionic and other electrical systems
When required, assist in fabricating wiring harnesses
Accurately document all required U.S. Government and program forms and documents, including electronic records 
Must effectively interact with program and customer representatives as well as on-site business or military representatives
Perform other duties as assigned

Qualifications
 

What you will need to be successful in this role:  

Must meet one of the following requirements:
A Bachelor's degree plus 3 years of related experience in avionics or electro-environmental maintenance.
An Associate's degree plus 4 years of related experience in avionics or electro-environmental maintenance.
High School Diploma plus 8 years of related experience in avionics or electro-environmental maintenance or achieved a 7 Level in the specialty.
F-16 or F-15 experience are strongly preferred, but other fighter jet experience may be considered.
At least a 7 Skill Level or equivalent is strongly preferred.
5th generation aircraft experience is a plus.
Microsoft Office Suite skills are preferred.
Ability to obtain and maintain a Secret Clearance is required. 

The rewards of your career at AAR go far beyond just your salary:  

Competitive pay
Comprehensive benefits package including medical, dental, and vision coverage.
401(k) retirement plan with company match
Generous paid time off program
Professional development and career advancement opportunities

Physical Demands/Work Environment:

Must be able to lift and carry parts, tooling, and other awkward items sometimes weighing greater than 50 lbs, including walking up and down stairs, aircraft maintenance stands, and platforms
Requires intermittent standing, walking, sitting, squatting, stretching, and bending throughout the workday
Must be able to see and hear or use prosthetics that will enable these senses to function adequately to assure that the requirements of this position can be fully met.
The standard schedule is Monday through Friday, 40 hours a week. Must be able to work 1st or 2nd shift. Overtime may be required as necessary to meet the mission.

Compensation: 
The anticipated pay rate for this position is $50.15 per hour plus a $10,000 sign-on bonus for the Andrews site.  This reflects the base pay for candidates who meet the requirements of the role, including experience, education, and location. AAR offers competitive benefits package, including medical/dental/vision/life/and AD&D insurance, 401(k) savings plan with employer match, paid time off and holiday pay, as well as opportunities for professional development and growth.  

#LI-VR1   #LI-Onsite

Job: Defense
Primary Location: United States-Maryland-Joint Base Andrews
Schedule: Full-time
Overtime Status: Non-exempt

We are an equal opportunity employer. All qualified applicants will receive consideration for employment without regard to race, color, religion, sex, sexual orientation, gender identity, national origin, disability or veteran status."
AAR Corp,Tools and Parts Attendant SCA - Sanford,322909,"United States, Florida, Sanford",United States of America,,onsite,Mid,us_person,unknown,unknown,taleo,N/A,2026-06-16T21:36:25Z,https://aarcorp.taleo.net/careersection/2/jobdetail.ftl?job=322909,"Job Description - Tools and Parts Attendant SCA - Sanford (18425)
About Us: AAR Corp. (NYSE: AIR) is a global aerospace and defense aftermarket solutions company that employs more than 6,000 people across over 60 sites in over 20 countries. Headquartered in the Chicago, Illinois area, AAR supports commercial and government customers in more than 100 countries through four operating segments: Parts Supply, Integrated Solutions, Repair and Engineering and Expeditionary Services. AAR’s purpose is to empower people to build innovative aerospace solutions today so you can safely reach your destination tomorrow. The company’s mission is to go above and beyond to provide value-driven aerospace aftermarket solutions to meet the evolving needs of our customers worldwide. AAR constantly searches for the right thing to do for its customers, employees, partners and for society.
 
Tools and Parts Attendant SCA - Sanford - 18425

Description
 

About Us:

AAR’s purpose is to empower people to build innovative aerospace solutions today so you can safely reach your destination tomorrow. The company’s mission is to go above and beyond to provide value-driven aerospace aftermarket solutions to meet the evolving needs of our customers worldwide. AAR constantly searches for the right thing to do for its customers, employees, partners and for society.

The Worldwide Aviation Support Services (WASS) program, an AAR business, headquartered in Rockledge, FL, provides global, world-class expeditionary and conventional aviation solutions to the US Department of State Air Wing.

Role Description:

The tool room attendant is ultimately responsible for the storage and issuance of tools, free stock and materials. 

Key Responsibility:

Control and issuance of aircraft tools, general purpose tools, test equipment, free stock and materials. 
Accurately perform Daily Tooling Audits assigned by the Tooling Lead or designee in a timely manner. 
Verify all tools, tool kits and test equipment are complete and in serviceable condition prior to being issued out prior to being placed back in the assigned location. 
Verify that any tool or test equipment requiring caps and plugs are in place prior to locating back in the assigned location. 
Verify that any calibrated tool being issued out and returning has a legible sticker in place and that it is within a serviceable date. 
Verify calibration and serviceability of tools prior to issuing out. If found to be out of calibration or in need of repair to complete a routing tag and check out in the appropriate maintenance tracking system. 
Maintain tools and materials in designated location for ease of access. 
Ensure that aircraft tools, parts and materials are stored to protect them from damage or deterioration. 
Assist Tool Support with routing tools out for calibration and repair when requested. 
Accurately complete multi shift tool forms prior to tools being checked out and when returning from long term use. 
Verify the multi shift report is clear prior to aircraft being released. 
Coordinate the shipping and replacement of out of calibration equipment at various sites worldwide. 
Perform other duties as assigned. 

#LI-SA1

Qualifications
 

Basic Qualifications:

High school diploma or equivalent required. 
Must have 2 years of experience as a Tools and Parts Attendant or 2 years experience in the machine, sheet metal or woodworking trade. 
Ability to speak, read and comprehend Level II English. 
Position requires a U.S. Department of State Moderate Risk Public Trust MRPT.
Must possess computer skills and be able to work with minimal supervision. 
Knowledge of heavy maintenance tooling and familiarity with aircraft tooling and parts 

Preferred 

Previous experience working in heavy maintenance environment. 
Prior Military TMDE or PMEL or Department of State INLA experience a plus

Compensation and Benefits: 

Competitive salary.

40 hours/ week

9/80 Schedule 

Comprehensive benefits package including medical, dental, and vision coverage.

401(k) retirement plan with company match.

Professional development and career advancement opportunities.

AAR is committed to building a diverse and inclusive workforce. We encourage applications from people of all races, ethnic origins, religions, abilities, sexual orientations, gender identities, or expressions. We are dedicated to the health and safety of our people, our customers, and the communities where we live and work.

AAR provides accommodation in accordance with applicable laws through all stages of the hiring process. If you require accommodation for any part of the application and/or hiring process, please advise Human Resources.

 

Job: WASS MAINTENANCE
Primary Location: United States-Florida-Sanford
Schedule: Full-time
Overtime Status: Exempt

AAR is an equal opportunity employer. All qualified applicants will receive consideration for employment without regard to race, color, religion, sex, sexual orientation, gender identity, national origin, disability or veteran status."
AAR Corp,Legal Department Contracts Analyst,322829,"United States, Illinois, Wood Dale",United States of America,,onsite,Mid,unknown,unknown,yes,taleo,N/A,2026-06-16T21:36:25Z,https://aarcorp.taleo.net/careersection/2/jobdetail.ftl?job=322829,"Job Description - Legal Department Contracts Analyst (18415)
About Us: AAR Corp. (NYSE: AIR) is a global aerospace and defense aftermarket solutions company that employs more than 6,000 people across over 60 sites in over 20 countries. Headquartered in the Chicago, Illinois area, AAR supports commercial and government customers in more than 100 countries through four operating segments: Parts Supply, Integrated Solutions, Repair and Engineering and Expeditionary Services. AAR’s purpose is to empower people to build innovative aerospace solutions today so you can safely reach your destination tomorrow. The company’s mission is to go above and beyond to provide value-driven aerospace aftermarket solutions to meet the evolving needs of our customers worldwide. AAR constantly searches for the right thing to do for its customers, employees, partners and for society.
 
Legal Department Contracts Analyst  - 18415

Description
 

The Legal Department Contract Analyst supports the Law Department’s contracting functions, including contract review for compliance with company standards, contract management, database maintenance, and case file organization. The role also provides administrative support as needed, such as drafting correspondence, preparing legal documents, and managing calendars. In addition, the analyst assists with legal research, meeting coordination, client communications, and trial or proceeding preparation to help ensure the efficient operation of the Law Department. This position reports to the Senior Corporate Counsel and provides primary support to that role, as well as general support to other Legal Department team members as needed.

This position is based at our Corporate Headquarters in Wood Dale, IL, with a planned relocation to the Merchandise Mart (Chicago) in early 2027.

What you will be responsible for:

Assists the Legal Team with process of preparing, reviewing, revising, and analyzing commercial contracts and other legal agreements, including NDAs, in a timely fashion while accurately reflecting the business transaction and minimizing risk.
Manages document organization and supports contract management processes.
Spearheads contract database creation and maintenance.
Participates in the selection and implementation of matter management and contract management software, and then become an active utilizer of the same, including some administrative functions such as scanning, field population, date monitoring, report construction-generation, etc.
Coordinates with internal and external stakeholders on matters requiring corporate legal support.
Assists in the issuance and maintenance of legal hold notices, preparation of affidavits, and assists with discovery requests and other procedural aspects of litigation matters.
Provides administrative assistance, as needed, including answering phones, obtaining apostilles and notarized documents and any other task as warranted.
Takes on additional tasks, special projects, and other related duties and/or direction as assigned and work collaboratively with all team members at all levels in the organization.
 

Qualifications
 

What you need to be successful in the role:

Strong organizational skills: The ability to manage multiple tasks and deadlines is crucial.
Attention to detail: Accuracy is vital for drafting documents and managing files.
Excellent written and verbal communication: This includes proficiency in grammar, spelling, and transcription. Discretion and professionalism: Handling sensitive information requires a high level of discretion.
Technical proficiency: Familiarity with legal software and standard office suites (like Microsoft Outlook) is essential.
Legal knowledge: A strong understanding of legal procedures is beneficial.
Collaboration: Ability to work effectively with attorneys, paralegals, and other staff.
Bachelor of Arts degree (B.A.) or Bachelor of Science degree (B.S.) preferred; or 3-8 years related experience and or training; or equivalent combination of education and experience.
Notary public (or willingness to obtain).

The rewards of your career at AAR go far beyond just your salary: 

Competitive salary and bonus package
Comprehensive benefits package including medical, dental, and vision coverage.
401(k) retirement plan with company match
Generous paid time off program
Professional development and career advancement opportunities

Physical Demands/Work Environment:
The physical demands and work environment characteristics described here are representative of those that must be met by an employee to successfully perform the essential functions of this job.

Reasonable accommodations may be made to enable individuals with disabilities to perform the essential functions.
While performing the duties of this job, the employee may be regularly required to sit, stand, bend, reach and move about the facility.
The environmental characteristic for this position is an office setting.
Candidates should be able to adapt to a traditional business environment.

AAR provides accommodation in accordance with applicable laws through all stages of the hiring process. If you require accommodation for any part of the application and/or hiring process, please advise Human Resources.

Compensation:
The anticipated salary range for this position is $70,000 to $85,000 annually. This range reflects the base salary for candidates who meet the requirements of the role, including experience, education, and location. [In addition to base pay, this role is eligible for a bonus.] AAR offers a competitive benefits package, including medical/dental/vision/life/and AD&D insurance, 401(k) savings plan with employer match, paid time off and holiday pay, as well as opportunities for professional development and growth.

#LI-MA1 #LI-ONSITE

Job: Legal
Primary Location: United States-Illinois-Wood Dale
Schedule: Full-time
Overtime Status: Exempt

We are an equal opportunity employer. All qualified applicants will receive consideration for employment without regard to race, color, religion, sex, sexual orientation, gender identity, national origin, disability or veteran status."
AAR Corp,Site Manager,322906,"United States, Utah, Hill Air Force Base",United States of America,,onsite,Manager,us_person,Secret,unknown,taleo,N/A,2026-06-16T21:36:25Z,https://aarcorp.taleo.net/careersection/2/jobdetail.ftl?job=322906,"Job Description - Site Manager (18419)
About Us: AAR Corp. (NYSE: AIR) is a global aerospace and defense aftermarket solutions company that employs more than 6,000 people across over 60 sites in over 20 countries. Headquartered in the Chicago, Illinois area, AAR supports commercial and government customers in more than 100 countries through four operating segments: Parts Supply, Integrated Solutions, Repair and Engineering and Expeditionary Services. AAR’s purpose is to empower people to build innovative aerospace solutions today so you can safely reach your destination tomorrow. The company’s mission is to go above and beyond to provide value-driven aerospace aftermarket solutions to meet the evolving needs of our customers worldwide. AAR constantly searches for the right thing to do for its customers, employees, partners and for society.
 
Site Manager - 18419

Description
 

This position is being recruited in support of a proposal and is contingent upon contract award.

Description:

The Site Manager is responsible for managing the Defense Logistics Agency's warehousing and distribution services contract at Hill AFB, UT. This role involves building and leading a team of specialists in warehousing and distribution. Furthermore, the Site Manager oversees all contract performance, supervises staff, and serves as the main contact with the Government.

What you will be responsible for:

•    Oversee all aspects of cost control, risk management, logistics analysis, application of DoD supplies policies, and implementation of commercial best practices
•    Develop internal business rules and policies to meet various contract performance standards and Acceptable Performance Levels (APL)
•    Build, manage, and train a highly effective team of warehouse and distribution specialists
•    Coach and mentor supervisors and team leads to ensure proper work scheduling
•    Serve as the primary liaison with the customer and hold full authority to act on behalf of the company regarding contract performance
•    Perform all other duties as required 

Qualifications
 

What you will need to be successful in this role:

•    High school diploma or GED Required. Bachelor's degree is preferred.
•    Minimum five years of distribution management experience or ten years of management experience in Distribution Management 
•    Three years of recent experience with automated warehouse management systems. 
•    Experience in creating, implementing, and executing program plans and standard operating procedures 
•    Experience in building, training, and managing a team
•    Proficiency in MS Office, Warehouse Management, and Inventory Management Systems
•    Knowledge of military supply chain processes and inventory practices
•    Eligibility for a government CAC and Secret Security Clearance (if required).
•    This position requires compliance with International Traffic in Arms Regulations (ITAR). Candidates must be a U.S. Person as defined by ITAR (U.S. citizen, U.S. national, lawful permanent resident, or individual admitted as a refugee or granted

Preferred:

•    Proficient in teamwork, communication, presentation, and negotiation
•    Skilled in planning, managing, and completing projects
•    Strong interpersonal skills and relationship-building abilities
•    Knowledgeable about aerospace and defense supply chains

Physical Demands / Work Environment

The physical demands and work environment characteristics described here are representative of those that must be met by an employee to successfully perform the essential functions of this job. Reasonable accommodations may be made to enable individuals with disabilities to perform the essential functions.

•    While performing the duties of this job, the employee may be regularly required to sit, stand, bend, reach and move about the facility.
•    The environmental characteristic for this position is an office setting.
•    Candidates should be able to adapt to a traditional business environment.

AAR provides accommodation in accordance with applicable laws through all stages of the hiring process. If you require accommodation for any part of the application and/or hiring process, please advise Human Resources. 

#LI-VR1 #LI-Onsite

Job: Warehouse
Primary Location: United States-Utah-Hill Air Force Base
Schedule: Full-time
Overtime Status: Exempt

We are an equal opportunity employer. All qualified applicants will receive consideration for employment without regard to race, color, religion, sex, sexual orientation, gender identity, national origin, disability or veteran status."
AAR Corp,Deputy Site Manager,322907,"United States, Utah, Hill Air Force Base",United States of America,,onsite,Manager,us_person,Secret,unknown,taleo,N/A,2026-06-16T21:36:25Z,https://aarcorp.taleo.net/careersection/2/jobdetail.ftl?job=322907,"Job Description - Deputy Site Manager (18423)
About Us: AAR Corp. (NYSE: AIR) is a global aerospace and defense aftermarket solutions company that employs more than 6,000 people across over 60 sites in over 20 countries. Headquartered in the Chicago, Illinois area, AAR supports commercial and government customers in more than 100 countries through four operating segments: Parts Supply, Integrated Solutions, Repair and Engineering and Expeditionary Services. AAR’s purpose is to empower people to build innovative aerospace solutions today so you can safely reach your destination tomorrow. The company’s mission is to go above and beyond to provide value-driven aerospace aftermarket solutions to meet the evolving needs of our customers worldwide. AAR constantly searches for the right thing to do for its customers, employees, partners and for society.
 
Deputy Site Manager - 18423

Description
 

This position is being recruited in support of a proposal and is contingent upon contract award.

Description:

The Deputy Site Manager/Operations Manager will support the Defense Logistics Agency's (DLA) Warehousing and Distribution Services contract at Hill AFB, UT. This role includes responsibility for all aspects of contract performance and grants full authority to represent the company in all matters when the Site Manager is unavailable.

What you will be responsible for:

•    Coordinate and oversee all aspects of contract execution, including task management and issue resolution
•    Serve as the Alternate Site Manager whenever the Site Manager is unavailable
•    Organize work schedules efficiently to maximize resource utilization
•    Build and maintain relationships across all levels of leadership
•    Implement cost-saving measures and quality assurance procedures to ensure tasks are completed effectively and on time
•    Perform any additional duties as assigned

Qualifications
 

What you will need to be successful in this role: 

•    High school diploma or GED required.  Bachelor's degree is preferred.
•    Minimum three years' experience in Distribution Management, or seven years in distribution leadership roles relevant to this contract
•    At least two years of recent experience (past five years) with automated warehouse management systems.
•    Demonstrated experience in workforce and resource management, as well as supervision of distribution operations matching comparable size, scope, and complexity.
•    Comprehensive proficiency with MS Office applications, Warehouse Management Systems, and Inventory Management Systems through practical experience.
•    Capable of establishing professional relationships across all levels of leadership.
•    Required familiarity with Military Supply Chain processes and inventory procedure.
•    Eligibility to secure a government CAC and, when needed, a Secret Security Clearance.
•    This position requires compliance with International Traffic in Arms Regulations (ITAR). Candidates must be a U.S. Person as defined by ITAR (U.S. citizen, U.S. national, lawful permanent resident, or individual admitted as a refugee or granted.

Preferred:

•    Skilled in managing Inventory Control activities, including warehousing.
•    Proficient in establishing processes to meet performance standards and APLs.
•    Capable of developing and implementing employee training programs.
•    Excellent interpersonal and relationship skills.
•    Possesses industry knowledge of the Aerospace & Defense supply chain.

Physical Demands / Work Environment:

The physical demands and work environment characteristics described here are representative of those that must be met by an employee to successfully perform the essential functions of this job. Reasonable accommodations may be made to enable individuals with disabilities to perform the essential functions.

•    While performing the duties of this job, the employee may be regularly required to sit, stand, bend, reach and move about the facility.
•    The environmental characteristic for this position is an office setting.
•    Candidates should be able to adapt to a traditional business environment.

AAR provides accommodation in accordance with applicable laws through all stages of the hiring process. If you require accommodation for any part of the application and/or hiring process, please advise Human Resources. 

#LI-VR1 #LI-Onsite

Job: Warehouse
Primary Location: United States-Utah-Hill Air Force Base
Schedule: Full-time
Overtime Status: Exempt

We are an equal opportunity employer. All qualified applicants will receive consideration for employment without regard to race, color, religion, sex, sexual orientation, gender identity, national origin, disability or veteran status."
AAR Corp,Aircraft (H-60) Avionics Technician 3 (Peru),322666,"Peru, Pucallpa",United States of America,,onsite,Mid,us_person,unknown,unknown,taleo,N/A,2026-06-16T21:36:25Z,https://aarcorp.taleo.net/careersection/2/jobdetail.ftl?job=322666,"Job Description - Aircraft (H-60) Avionics Technician 3 (Peru) (18389)
About Us: AAR Corp. (NYSE: AIR) is a global aerospace and defense aftermarket solutions company that employs more than 6,000 people across over 60 sites in over 20 countries. Headquartered in the Chicago, Illinois area, AAR supports commercial and government customers in more than 100 countries through four operating segments: Parts Supply, Integrated Solutions, Repair and Engineering and Expeditionary Services. AAR’s purpose is to empower people to build innovative aerospace solutions today so you can safely reach your destination tomorrow. The company’s mission is to go above and beyond to provide value-driven aerospace aftermarket solutions to meet the evolving needs of our customers worldwide. AAR constantly searches for the right thing to do for its customers, employees, partners and for society.
 
Aircraft (H-60) Avionics Technician 3 (Peru)  - 18389

Description
 

About Us: 

AAR’s purpose is to empower people to build innovative aerospace solutions today so you can safely reach your destination tomorrow. The company’s mission is to go above and beyond to provide value-driven aerospace aftermarket solutions to meet the evolving needs of our customers worldwide. AAR constantly searches for the right thing to do for its customers, employees, partners and for society.

The Worldwide Aviation Support Services (WASS) program, an AAR business, headquartered in Rockledge, FL, provides global, world-class expeditionary and conventional aviation solutions to the US Department of State Air Wing.

Role Description:

Responsible for inspecting, testing, adjusting, and repairing avionics equipment, such as radar, radio, pulse, navigation, auto pilot and compass systems, installed in aircraft, using hand tools and test equipment.

Key Responsibilities: 

Inspect components of avionics equipment for defects, such as loose connections and frayed wire, and for accuracy of assembly and installation.
Test avionics equipment under simulated or actual operating conditions to determine performance and airworthiness, using test equipment, such as oscilloscopes, digital meters and counters, and circuit analyzers. 
Adjust, repair, or replace defective components based on analysis of test results, following blueprints, schematics, handbooks, and other technical documents, using hand tools.
Calibrates installed or repaired equipment to prescribed specifications.
Accompany flight crew to perform in-flight adjustments and to determine and record required post-flight repair work. 
Complies with FAR required maintenance such as 91.411 and 91.413 inspections.
Operate ground station for air-to-station check of radar or other equipment.
Fabricate wiring harnesses. - Complies with Avionics upgrades and modifications.
Carries out supervisory responsibilities in accordance with the organization policies and applicable laws. 
Provide Host Nation training and oversight of avionics mechanics in support of performing maintenance on aircraft and their associated engines and sub-systems to ensure airworthiness. 
Provide oversight and training for maintenance contractors if required. 
Assist with the development of a HN mechanic training program and the creation of targeted On the Job, OJT, training modules to address capability deficiencies when identified. 
Comply with technical data as outlined in US army Manual 95-1 and DA-DOS PAM 738-750-751 or U.S. Air Force Technical Order and DoS supplements and SOPs.

#LI-SA1

Qualifications
 

 

Required:

High School diploma or equivalent.
Graduate of a 2 year electronics-avionics technical school or equivalent military experience.
FFCC License w with Element 3 or FAA A and P License.
Minimum 8 years of experience in aircraft installation, inspection, maintenance and repair required.
Must have experience with working from blueprint drawings, diagram, specifications, service manuals, sketches, templates and other incomplete data.
CMF 15 aviation MOS series or another military-commercial equivalent.
Position requires a U.S. Department of State Security clearance.
H-60 experience.

OCONUS:

Ability to pass physical.
Level 2 Spanish.

Preferred:

Current Radiotelephone License issued by the Federal Communications Commission, FCC.

Compensation and Benefits: 

Salaried Position.
90/30 rotation schedule.
48-hour work schedule.
Competitive salary.
Comprehensive benefits package including medical, dental, and vision coverage.
Professional development and career advancement opportunities

AAR is committed to building a diverse and inclusive workforce. We encourage applications from people of all races, ethnic origins, religions, abilities, sexual orientations, gender identities, or expressions. We are dedicated to the health and safety of our people, our customers, and the communities where we live and work.

AAR provides accommodation in accordance with applicable laws through all stages of the hiring process. If you require accommodation for any part of the application and/or hiring process, please advise Human Resources.

 #LI-SA1

 

Job: WASS MAINTENANCE
Primary Location: Peru-Pucallpa
Schedule: Full-time
Overtime Status: Exempt

AAR is an equal opportunity employer. All qualified applicants will receive consideration for employment without regard to race, color, religion, sex, sexual orientation, gender identity, national origin, disability or veteran status."
AAR Corp,Production Supervisor,322767,"United States, Michigan, Cadillac",United States of America,,onsite,Mid,unknown,unknown,unknown,taleo,N/A,2026-06-16T21:36:25Z,https://aarcorp.taleo.net/careersection/2/jobdetail.ftl?job=322767,"Job Description - Production Supervisor (18399)
About Us: AAR Corp. (NYSE: AIR) is a global aerospace and defense aftermarket solutions company that employs more than 6,000 people across over 60 sites in over 20 countries. Headquartered in the Chicago, Illinois area, AAR supports commercial and government customers in more than 100 countries through four operating segments: Parts Supply, Integrated Solutions, Repair and Engineering and Expeditionary Services. AAR’s purpose is to empower people to build innovative aerospace solutions today so you can safely reach your destination tomorrow. The company’s mission is to go above and beyond to provide value-driven aerospace aftermarket solutions to meet the evolving needs of our customers worldwide. AAR constantly searches for the right thing to do for its customers, employees, partners and for society.
 
Production Supervisor - 18399

Description
 

SUMMARY:

The Production Leader will assist the supervision of employees and must comply with all safety, quality, quantity, and housekeeping standards.

ESSENTIAL DUTIES AND RESPONSIBILITIES:

Assist in the supervision of all personnel and operations on shift.
Maintain thorough knowledge of all processes and equipment.
Report any process and equipment problems.
Verify that discharges from the plant are within limits.
Train, upgrade, evaluate, and review chemical operators.
Organize work for smooth operation.
Assure that established policy, rules, and regulations, and procedures are followed.
Responsible for all processes, equipment, employees, safety, and housekeeping of the area and meeting production quality and quantity standards on the shift.
All other duties as assigned.

SUPERVISORY RESPONSIBILITIES:

Carries out supervisory responsibilities in accordance with the organizations policies and applicable laws. Responsibilities include interviewing, hiring, and training employees; planning, assigning, and directing work; appraising performance; rewarding and disciplining employees; addressing complaints and resolving problems.

CORE COMPETENCIES:

Commitment to company values and ethics Dependability: personally responsible, completes work in a timely manner, and performs tasks accurately Motivation: must maintain a positive attitude and strong work energy Communication: excellent interpersonal and oral and written communication skills Organization: very detail oriented and always comes prepared Initiative: plans work and carries out tasks without detailed instructions, prepares for problems or opportunities in advance, undertakes additional responsibilities Strong judgment and decision making Teamwork: works harmoniously with others to get a job done, responds positively to instructions/procedures, and works well with others.

#LI-EF1

Qualifications
 

QUALIFICATIONS:

To perform this job successfully, an individual must be able to perform each essential duty satisfactorily. The requirements listed below are representative of the knowledge, skill, and/or ability required. 

EDUCATION and/or EXPERIENCE:

Associates degree (A.A.) or equivalent from two-year college or technical school; or four years related experience and/or training; or equivalent combination of education and experience. 

PHYSICAL DEMANDS/WORK ENVIRONMENT:

The physical demands and work environment characteristics described here are representative of those that must be met by an employee to successfully perform the essential functions of this job. Reasonable accommodations may be made to enable individuals with disabilities to perform the essential functions. While performing the duties of this job, the employee may be regularly required to sit, stand, bend, reach and move about the facility. The environmental characteristic for this position is an office setting. Candidates should be able to adapt to a traditional business environment. 

Job: Operations
Primary Location: United States-Michigan-Cadillac
Schedule: Full-time
Overtime Status: Exempt

We are an equal opportunity employer. All qualified applicants will receive consideration for employment without regard to race, color, religion, sex, sexual orientation, gender identity, national origin, disability or veteran status."
AAR Corp,"Director, Quality",321767,"United States, North Carolina, Greensboro",United States of America,,onsite,Director,unknown,unknown,unknown,taleo,N/A,2026-06-16T21:36:25Z,https://aarcorp.taleo.net/careersection/2/jobdetail.ftl?job=321767,"Job Description - Director, Quality (18310)
About Us: AAR Corp. (NYSE: AIR) is a global aerospace and defense aftermarket solutions company that employs more than 6,000 people across over 60 sites in over 20 countries. Headquartered in the Chicago, Illinois area, AAR supports commercial and government customers in more than 100 countries through four operating segments: Parts Supply, Integrated Solutions, Repair and Engineering and Expeditionary Services. AAR’s purpose is to empower people to build innovative aerospace solutions today so you can safely reach your destination tomorrow. The company’s mission is to go above and beyond to provide value-driven aerospace aftermarket solutions to meet the evolving needs of our customers worldwide. AAR constantly searches for the right thing to do for its customers, employees, partners and for society.
 
Director, Quality  - 18310

Description
 

Position Overview 

 

The Director of Quality is responsible for ensuring organizational compliance with applicable regulatory guidelines through the development, implementation, and oversight of the quality system, including process control and verification activities. This role oversees all aspects of quality control related to manufacturing processes, materials, and finished products, while maintaining established product appearance and performance standards through effective inspection protocols.

Additionally, the Director of Quality leads and manages the daily operations of the quality inspection team, including receiving, in-process, and final inspection, ensuring consistency, accuracy, and adherence to company and regulatory requirements.

Essential Job Duties

 

Lead the development, implementation, and continuous improvement of the organization’s quality system to ensure compliance with Federal Aviation Administration (FAA), customer, and contractual requirements. 

Establish, document, and maintain quality policies, procedures, inspection programs, and work instructions to ensure conformity to approved data, effective process control, and low defect rates. 

Oversee all inspection activities, including receiving, in-process, final, and First Article Inspection (FAI), ensuring adherence to regulatory and customer standards and timely closure of findings. 

Serve as the primary point of contact for external audits, customer audits, and regulatory inspections, ensuring preparedness, successful execution, and resolution of audit findings. 

Drive root cause analysis and implement corrective and preventive actions to address nonconformances, audit findings, and process deficiencies. 

Collaborate cross-functionally with engineering, production, and other departments to improve processes, reduce defects, and enhance product quality and reliability. 

Conduct Material Review Board (MRB) activities and support risk assessments to ensure appropriate disposition of nonconforming materials. 

Develop resource plans, including staffing, scheduling, and tooling needs, to support inspection requirements while optimizing efficiency and minimizing downtime and overtime. 

Prepare and manage budgets, cost estimates, and financial considerations related to quality operations and initiatives. 

Train and mentor production and quality personnel on quality standards, process control, and corrective action procedures. 

Promote and enforce company policies, fostering a culture of safety, accountability, and continuous improvement. 

Coordinate and support strategic initiatives across departments to align quality objectives with overall business goals. 

Maintain flexibility to support operational demands, including extended hours as needed.

Perform other duties and special projects as assigned.

Qualifications
 

What you need: (Requirements)

 

Minimum

Associate’s degree in Operations, Business Administration, or a related field, or an equivalent combination of education and experience. 

Minimum of ten (10) years of aviation industry experience in a technical role, including at least five (5) years interfacing directly with the Federal Aviation Administration on Production Approval Holder (PAH) systems and Part 145 Repair Station requirements. 

At least five (5) years of leadership experience with demonstrated success in management and team supervision. 

Strong working knowledge of FAR (14 CFR) Parts 21, 25, 43, 45, 145, and 183, as well as ISO/AS9100 quality standards. 

Proven ability to interpret engineering drawings, bills of materials, purchase orders, and certification documentation. 

Experience with quality systems, including continuous improvement methodologies (e.g., Lean, Six Sigma), quality metrics, and reporting tools. 

Proficiency in ERP systems and standard business software (e.g., Microsoft Office Suite). 

Excellent written and verbal communication skills, including technical writing and procedure development. 

Strong analytical and critical thinking skills, with the ability to interpret data, perform root cause analysis, and make sound decisions. 

Demonstrated leadership, interpersonal, and organizational skills, with high attention to detail and the ability to operate effectively at both strategic and tactical levels. 

Willingness and ability to travel domestically and internationally as required.

 

Preferred

Bachelor’s degree in engineering or a related scientific discipline.

Experience working with FAA Certificate Management Section (CMS), and strong working knowledge of FAA Part 145 Repair Station regulations and their certification processes.

FAA Airframe and Powerplant (A&P) certification.

 

Physical Requirements 

Normal office environment where approximately seventy (70) percent of work is performed in a sitting position with the remaining time walking and moving around the office, stores or manufacturing areas. 

Subject to noises in excess of 85dB.

Normal or corrected hearing. 

Minimum visual acuity of 20/40 corrected.

Duties require typical bending, stooping, reaching, stretching, etc. with lifting typically limited to 10-20 lbs. maximum.

 

 
Physical Demands/Work Environment: 
The physical demands and work environment characteristics described here are representative of those that must be met by an employee to successfully perform the essential functions of this job.

Reasonable accommodations may be made to enable individuals with disabilities to perform the essential functions.

While performing the duties of this job, the employee may be regularly required to sit, stand, bend, reach and move about the facility.

The environmental characteristic for this position is an office and manufacturing setting.

Candidates should be able to adapt to a traditional manufacturing environment.

 

AAR provides accommodation in accordance with applicable laws through all stages of the hiring process. If you require accommodation for any part of the application and/or hiring process, please advise Human Resources. 

 

##LI-LL1

Job: Administrative
Primary Location: United States-North Carolina-Greensboro-Aircraft Reconfig Technologies
Schedule: Full-time
Overtime Status: Exempt

We are an equal opportunity employer. All qualified applicants will receive consideration for employment without regard to race, color, religion, sex, sexual orientation, gender identity, national origin, disability or veteran status."
AAR Corp,"Clerk, Warehouse",322387,"United States, Florida, Miami",United States of America,,onsite,Mid,unknown,unknown,unknown,taleo,N/A,2026-06-16T21:36:25Z,https://aarcorp.taleo.net/careersection/2/jobdetail.ftl?job=322387,"Job Description - Clerk, Warehouse (18369)
About Us: AAR Corp. (NYSE: AIR) is a global aerospace and defense aftermarket solutions company that employs more than 6,000 people across over 60 sites in over 20 countries. Headquartered in the Chicago, Illinois area, AAR supports commercial and government customers in more than 100 countries through four operating segments: Parts Supply, Integrated Solutions, Repair and Engineering and Expeditionary Services. AAR’s purpose is to empower people to build innovative aerospace solutions today so you can safely reach your destination tomorrow. The company’s mission is to go above and beyond to provide value-driven aerospace aftermarket solutions to meet the evolving needs of our customers worldwide. AAR constantly searches for the right thing to do for its customers, employees, partners and for society.
 
Clerk, Warehouse - 18369

Description
 
SUMMARY Ensure that all inventory is properly categorized and accounted for. Receive inventory as needed and ensure that the entire shipment is unloaded. ESSENTIAL DUTIES AND RESPONSIBILITIES Unload incoming inventory from trucks. Stock inventory onto shelf locations. Pick inventory for shipment to customers or repair vendors. Perform inventory cycle counts. Research missing parts and report any discrepancies. Operate forklift equipment. All other duties as assigned. CORE COMPETENCIES Commitment to company values and ethics Dependability: personally responsible, completes work in a timely manner, and performs tasks accurately Motivation: must maintain a positive attitude and strong work energy Organization: very detail oriented and always comes prepared Communication: excellent interpersonal and oral and written communication skills Time management: ability to organize and manage multiple priorities and effectively deal with tight deadlines and pressure

Qualifications
 

QUALIFICATIONS To perform this job successfully, an individual must be able to perform each essential duty satisfactorily. The requirements listed below are representative of the knowledge, skill, and or ability required. EDUCATION and or EXPERIENCE High school diploma or general education degree, GED, required. Must have a minimum of 1 year related experience and or training. PHYSICAL DEMANDS and WORK ENVIRONMENT The physical demands and work environment characteristics described here are representative of those that must be met by an employee to successfully perform the essential functions of this job. Reasonable accommodations may be made to enable individuals with disabilities to perform the essential functions. While performing the duties of this job, the employee may be regularly required to sit, stand, bend, reach and move about the facility. The environmental characteristic for this position is a warehouse setting. Candidates should be able to adapt to a traditional warehouse environment. Must be able to lift and carry up to 75 pounds and comply with OSHA standards 

#LI-CG1

Job: Operations
Primary Location: United States-Florida-Miami
Schedule: Full-time
Overtime Status: Non-exempt

We are an equal opportunity employer. All qualified applicants will receive consideration for employment without regard to race, color, religion, sex, sexual orientation, gender identity, national origin, disability or veteran status."
AAR Corp,"Supervisor, Facilities Maintenance",322807,"United States, Arkansas, Hot Springs",United States of America,,onsite,Mid,us_person,unknown,unknown,taleo,N/A,2026-06-16T21:36:25Z,https://aarcorp.taleo.net/careersection/2/jobdetail.ftl?job=322807,"Job Description - Supervisor, Facilities Maintenance (18410)
About Us: AAR Corp. (NYSE: AIR) is a global aerospace and defense aftermarket solutions company that employs more than 6,000 people across over 60 sites in over 20 countries. Headquartered in the Chicago, Illinois area, AAR supports commercial and government customers in more than 100 countries through four operating segments: Parts Supply, Integrated Solutions, Repair and Engineering and Expeditionary Services. AAR’s purpose is to empower people to build innovative aerospace solutions today so you can safely reach your destination tomorrow. The company’s mission is to go above and beyond to provide value-driven aerospace aftermarket solutions to meet the evolving needs of our customers worldwide. AAR constantly searches for the right thing to do for its customers, employees, partners and for society.
 
Supervisor, Facilities Maintenance - 18410

Description
 

The Facilities Maintenance Supervisor is responsible for overseeing the safe, efficient, and cost-effective operation, maintenance, and continuous improvement of all facility systems. This role requires a highly motivated, detail-oriented leader who thrives in fast-paced environments, excels at multitasking, and performs well under pressure. The supervisor will utilize strong critical-thinking skills to develop innovative, practical solutions for both routine and complex challenges. A successful Facilities Maintenance Supervisor collaborates closely with team members, gathers input from various stakeholders, and consistently evaluates processes to identify opportunities for improvement. Also to lead and coordinates the activities of small groups of maintenance personnel. This position places strong emphasis on safety, operational effectiveness, budget-conscious decision making, and high-quality workmanship.

Qualifications
 

Management & Leadership

Skilled at managing multiple concurrent projects
Strong organizational and planning capabilities
Personnel Leadership, schedule and work hours
Promotes a safe, efficient, positive workplace

Jobs & project planning

Put together material lists for projects
Order supplies
Lead and coordinate
The activities of small groupls of and contractor coordination
Ability to read and understand blueprints and schematics

Electrical

Circuit design, load planning troubleshooting, and installation
Experience with 480V & 208V three-phrase, low-voltage AC/DC

Motors, drives, lighting systems, switchboards, circuit boards, relays, controllers, PLC's, etc

 

Metal Fabrication

Structural steel and sheet metal fabrication

MIG/TIG/stick welding; brazing/soldering

 

Operation of brake, shear, roll, and ironworking tools

Machining

Lathe, Bridgeport, drill presses, vertical/horizontal saws, CNC troubleshooting and repair

 

Plumbing

Water, sanitary, air, and gas systems, system design, layout, installation, and maintenance

 

Construction & Carpentry

Framing, drywall, roofing, siding, masonry, concrete, cabinets, doors, windows, insulation

 

HVAC

System design, installation, troubleshooting, and maintenance, Metal ductwork fabrication

Hydraulics

Pumps, valves, actuators, servos, regulators, diagnostics, servicing, repairs, and full overhauls

Engineering/Facility Design

Facility layout, utilities infrastructure, calculating flows, pressures, volumes, and thermal characteristics, creating shop tools, fixtures, test strands. Experience with blueprints, schematics, basics understanding of SolidWorks, and LabVIEW

Ability to read test manuals and blueprints, to build test stands to test products per the manuals and engineering requirements.

 

Technology & Software

Microsoft, Excel, Edge, Outlook, Word, Teams
Adobe Acrobat
Hardware installation
Network drops

communication systems installation

 

Physical Demands and Work Conditions

The physical demands and work environmental characteristic described here are representative of those that must be met by employee to successfully perform the essential functions of this job. Reasonable accommodations may b made to enable individuals with disabilities to perform the essential functions. 

 

Job: Operations
Primary Location: United States-Arkansas-Hot Springs-Triumph Airborne Structures
Schedule: Full-time
Overtime Status: Exempt

We are an equal opportunity employer. All qualified applicants will receive consideration for employment without regard to race, color, religion, sex, sexual orientation, gender identity, national origin, disability or veteran status."
AAR Corp,Aircraft Mechanic 3 TCN,322686,"Panama, Panama City",United States of America,,onsite,Mid,us_person,unknown,unknown,taleo,N/A,2026-06-16T21:36:25Z,https://aarcorp.taleo.net/careersection/2/jobdetail.ftl?job=322686,"Job Description - Aircraft Mechanic 3 TCN (18391)
About Us: AAR Corp. (NYSE: AIR) is a global aerospace and defense aftermarket solutions company that employs more than 6,000 people across over 60 sites in over 20 countries. Headquartered in the Chicago, Illinois area, AAR supports commercial and government customers in more than 100 countries through four operating segments: Parts Supply, Integrated Solutions, Repair and Engineering and Expeditionary Services. AAR’s purpose is to empower people to build innovative aerospace solutions today so you can safely reach your destination tomorrow. The company’s mission is to go above and beyond to provide value-driven aerospace aftermarket solutions to meet the evolving needs of our customers worldwide. AAR constantly searches for the right thing to do for its customers, employees, partners and for society.
 
Aircraft Mechanic 3 TCN - 18391

Description
 

About Us: 

AAR’s purpose is to empower people to build innovative aerospace solutions today so you can safely reach your destination tomorrow. The company’s mission is to go above and beyond to provide value-driven aerospace aftermarket solutions to meet the evolving needs of our customers worldwide. AAR constantly searches for the right thing to do for its customers, employees, partners and for society.

The Worldwide Aviation Support Services (WASS) program, an AAR business, headquartered in Rockledge, FL, provides global, world-class expeditionary and conventional aviation solutions to the US Department of State Air Wing.

Role Description:

Maintaining of aircraft and their associated engines and sub-systems to ensure scheduled and unscheduled maintenance is completed and aircraft airworthiness.

Key Responsibilities: 

Repairs, replaces, and rebuilds aircraft structural components such as cowlings and functional components including rigging, surface controls, and plumbing and hydraulic units.
Inspects engines and associated components for airworthiness. Repairs or replaces defective engine components. Removes and installs engines, props or rotor blades, transmissions, flight controls and other aircraft components.
Read and interpret Original equipment manufacturer and program maintenance manuals, service bulletins, and other related documentation to determine feasibility and method of altering or repairing the aircraft and its associated components.
Determines the airworthiness of the aircraft and its associated components.
Troubleshoots, repairs and replaces electrical wiring and associated components.
Performs miscellaneous duties to service aircraft, including hydraulic system servicing, engine oil replenishment, aircraft systems lubrication, aircraft fueling, etc...
Interacts with Company maintenance control, the customer and manufacturer in matters that concern the airworthiness of the aircraft, operational readiness of the aircraft and issues related to the troubleshooting of the aircrafts system.
Knowledge of U.S. Army Maintenance Documentation System, i.e.,738-751 DoS Pam Gen 1, 328-23.
Required to complete maintenance documentation in compliance with all applicable program procedures.
Required to make entries electronically through the program MIS.

#LI-MZ1

Qualifications
 

Basic Qualifications:

• High School diploma or GED.
• Federal Aviation Administration issued Mechanic certificate with both Airframe and Powerplant ratings or acceptable Host Nation equivalency.
• Ability to communicate effectively with team members and various levels of leadership in both written and oral form.
• Spanish Level L-2, R-2 required in LATAM Programs (The Guyana program is exempt from this requirement).
• Ability to read and comprehend maintenance manuals and technical data in English.
• CMF 15 aviation MOS series or another military or commercial equivalent to DHC-8, B1900, C208, UH-1, and H-60 specific to the location.
• Minimum of 8 years prior experience maintaining specific assigned aircraft.
• 8 years direct experience in aircraft maintenance, civilian or military.
• Must have exercised the privilege of their Airframe and Powerplant License for a minimum of 6 months of the previous 24 months.
• Must have previous experience working phase or heavy maintenance on assigned aircraft.
• Experience with working from blueprint drawings, diagram, specifications, service manuals, sketches, templates, and other incomplete data.
• Ability to sit, stoop, bend, crawl, crouch, and climb to repair, replace, and rebuild aircraft.
• Ability to obtain and maintain d U.S. Security Clearance or MRPT.
 

Preferred

Experience working on the following airframes is highly preferred: UH-1N, H-60..
Strong Electrical/Avionics background a plus.
Sheet Metel experience a plus.

Compensation and Benefits: 

Salaried Position.
Professional development and career advancement opportunities.

AAR is committed to building a diverse and inclusive workforce. We encourage applications from people of all races, ethnic origins, religions, abilities, sexual orientations, gender identities, or expressions. We are dedicated to the health and safety of our people, our customers, and the communities where we live and work.

AAR provides accommodation in accordance with applicable laws through all stages of the hiring process. If you require accommodation for any part of the application and/or hiring process, please advise Human Resources.

 

Job: WASS MAINTENANCE
Primary Location: Panama-Panama City
Schedule: Full-time
Overtime Status: Exempt

AAR is an equal opportunity employer. All qualified applicants will receive consideration for employment without regard to race, color, religion, sex, sexual orientation, gender identity, national origin, disability or veteran status."
AAR Corp,Sheetmetal Shop Lead,322747,"United States, Florida, Miami",United States of America,,onsite,Mid,unknown,unknown,unknown,taleo,N/A,2026-06-16T21:36:25Z,https://aarcorp.taleo.net/careersection/2/jobdetail.ftl?job=322747,"Job Description - Sheetmetal Shop Lead (18397)
About Us: AAR Corp. (NYSE: AIR) is a global aerospace and defense aftermarket solutions company that employs more than 6,000 people across over 60 sites in over 20 countries. Headquartered in the Chicago, Illinois area, AAR supports commercial and government customers in more than 100 countries through four operating segments: Parts Supply, Integrated Solutions, Repair and Engineering and Expeditionary Services. AAR’s purpose is to empower people to build innovative aerospace solutions today so you can safely reach your destination tomorrow. The company’s mission is to go above and beyond to provide value-driven aerospace aftermarket solutions to meet the evolving needs of our customers worldwide. AAR constantly searches for the right thing to do for its customers, employees, partners and for society.
 
Sheetmetal Shop Lead - 18397

Description
 

SUMMARY Work on all minor through major repairs, modifications, E.A.s, etc. Monitor and accurately complete all aircraft paperwork to insure safety and timely delivery. ESSENTIAL DUTIES AND RESPONSIBILITIES - High proficiency in all minor through major repairs, modifications, E.A.s, etc. - Highly proficient with forms. - Establish work priorities and supervise the work of up to 15 mechanics. - Effectively interact with customer representatives. - All other duties as assigned. CORE COMPETENCIES Commitment to company values and ethics Dependability: personally responsible, completes work in a timely manner, and performs tasks accurately Motivation: must maintain a positive attitude and strong work energy Communication: excellent interpersonal and oral and written communication skills Organization: very detail oriented and always comes prepared QUALIFICATIONS To perform this job successfully, an individual must be able to perform each essential duty satisfactorily. The requirements listed below are representative of the knowledge, skill, and/or ability required. 

Qualifications
 

EDUCATION and/or EXPERIENCE High school diploma or general education degree (GED) required. Must have a minimum of 1 year related experience and/or training. - Hold a minimum of an A License. May or may not have a P license - Computer keypunch experience - Previous experience in warehousing, handling inventory, and bar code equipment PHYSICAL DEMANDS/WORK ENVIRONMENT The physical demands and work environment characteristics described here are representative of those that must be met by an employee to successfully perform the essential functions of this job. Reasonable accommodations may be made to enable individuals with disabilities to perform the essential functions. While performing the duties of this job, the employee may be regularly required to sit, stand, bend, reach and move about the facility. The environmental characteristic for this position is a warehouse setting. Candidates should be able to adapt to a traditional warehouse environment. 

Job: Operations
Primary Location: United States-Florida-Miami-Miami- Aircraft Services
Schedule: Full-time
Overtime Status: Non-exempt

We are an equal opportunity employer. All qualified applicants will receive consideration for employment without regard to race, color, religion, sex, sexual orientation, gender identity, national origin, disability or veteran status."
AAR Corp,"Cabin Engineer, Lead",322606,"United States, Indiana, Indianapolis",United States of America,,onsite,Mid,unknown,unknown,unknown,taleo,N/A,2026-06-16T21:36:25Z,https://aarcorp.taleo.net/careersection/2/jobdetail.ftl?job=322606,"Job Description - Cabin Engineer, Lead (18385)
About Us: AAR Corp. (NYSE: AIR) is a global aerospace and defense aftermarket solutions company that employs more than 6,000 people across over 60 sites in over 20 countries. Headquartered in the Chicago, Illinois area, AAR supports commercial and government customers in more than 100 countries through four operating segments: Parts Supply, Integrated Solutions, Repair and Engineering and Expeditionary Services. AAR’s purpose is to empower people to build innovative aerospace solutions today so you can safely reach your destination tomorrow. The company’s mission is to go above and beyond to provide value-driven aerospace aftermarket solutions to meet the evolving needs of our customers worldwide. AAR constantly searches for the right thing to do for its customers, employees, partners and for society.
 
Cabin Engineer, Lead  - 18385

Description
 

Description:

Performs a variety of aircraft cabin/interiors engineering work including drawing interpretation, design and substantiation as related to transport category aircraft cabin interior modifications.

 

What you will be responsible for:

 

·       Research new technology (material and manufacturing processes) for use in seating and interior products for the development of new lightweight and cost-efficient products.

·       Design and analyze aircraft cabin interior systems and components, typically in support of aircraft interior modifications (STC projects) including integration of seats, monuments, PSUs, flooring, emergency equipment, sidewall/dado/ceiling panels, windows, stowage bins and placards.

·        Work independently to gather data and input on the development of original designs or adaptations of existing designs after having been given general instructions regarding scope and parameters.

·       Coordinate and monitor cabin interiors aspects of project schedule with project managers and cabin engineers.

·       Prepare cabin interior modification/installation/fabrication drawings, engineering reports and work instructions. Support cabin engineers with assignments and skills development as needed.

·       Participate in design reviews and presentations with suppliers, customers, and various internal departments to obtain input on, agreement with, and understanding of project objectives and schedules.

·       Troubleshoot aircraft issues during STC prototype and post STC using standard testing tools and methods.

·       Travel both domestically and internationally (up to 10%).

Qualifications
 

What you will need to be successful in this role:

·       Bachelor's Degree in Aerospace, Aeronautical or Mechanical Engineering or equivalent.

·       5+ years of engineering design or analysis experience.

·       Experience with commercial aircraft (Airbus or Boeing) required.

·       Familiarity with Federal Aviation Regulations (FARs - from Title 14 of the Code of Federal Regulations) as they apply to transport category aircraft.

·       Familiarity with the FAA Supplemental Type Certificate (STC) process.

·       Ability to read and interpret technical drawings and technical publications (i.e.: Structural Repair Manual (SRM), Aircraft Maintenance Manual (AMM), Illustrated Parts Catalog (IPC)).

·       Experience creating engineering details, assemblies and installation drawings using AutoCAD/Inventor and standard engineering drawing convention.

 

The rewards of your career at AAR go far beyond just your salary:

·       Competitive salary

·       Comprehensive benefits package including medical, dental, and vision coverage.

·       401(k) retirement plan with company match

·       Generous paid time off program

·       Professional development, career advancement opportunities and tuition reimbursement

 

Physical Demands/Work Environment:
The physical demands and work environment characteristics described here are representative of those that must be met by an employee to successfully perform the essential functions of this job.

·       While performing the duties of this job, the employee may be regularly required to sit, stand, bend, reach and move about the facility.

·       The environmental characteristic for this position is an office setting. Candidates should be able to adapt to a traditional business environment.

·       Reasonable accommodation may be made to enable individuals with disabilities to perform the essential functions.

 

AAR provides accommodation in accordance with applicable laws through all stages of the hiring process. If you require accommodation for any part of the application and/or hiring process, please advise Human Resources.

#LI-LL1

Job: Engineering
Primary Location: United States-Indiana-Indianapolis-Indianapolis- Aircraft Services
Schedule: Full-time
Overtime Status: Exempt

We are an equal opportunity employer. All qualified applicants will receive consideration for employment without regard to race, color, religion, sex, sexual orientation, gender identity, national origin, disability or veteran status."
AAR Corp,Website & SharePoint Administrator,322646,"United States, Illinois, Wood Dale",United States of America,,onsite,Mid,unknown,unknown,yes,taleo,N/A,2026-06-16T21:36:25Z,https://aarcorp.taleo.net/careersection/2/jobdetail.ftl?job=322646,"Job Description - Website & SharePoint Administrator (18387)
About Us: AAR Corp. (NYSE: AIR) is a global aerospace and defense aftermarket solutions company that employs more than 6,000 people across over 60 sites in over 20 countries. Headquartered in the Chicago, Illinois area, AAR supports commercial and government customers in more than 100 countries through four operating segments: Parts Supply, Integrated Solutions, Repair and Engineering and Expeditionary Services. AAR’s purpose is to empower people to build innovative aerospace solutions today so you can safely reach your destination tomorrow. The company’s mission is to go above and beyond to provide value-driven aerospace aftermarket solutions to meet the evolving needs of our customers worldwide. AAR constantly searches for the right thing to do for its customers, employees, partners and for society.
 
Website & SharePoint Administrator  - 18387

Description
 

The Website Administrator is responsible for the ongoing technical management, maintenance, and enhancement of AAR’s digital properties, including aarcorp.com and additional websites. This role partners closely with IT counterparts, vendors, Investor Relations, Corporate Marketing, and Corporate Communications to ensure all corporate websites are aligned with brand standards, deliver excellent user experience, and support organizational priorities. The Administrator manages day to day web technical operations vendor coordination, development, quality assurance, and analytics.

This position is based at our Corporate Headquarters in Wood Dale, IL, with a planned relocation to the Merchandise Mart (Chicago) in early 2027.

What you will be responsible for: 

Provide oversight, UX/UI support, and vendor project coordination for aarcorp.com, other branded sites, and AAR’s intranet.
Manage AAR’s SharePoint intranet site and perform technical administrative functions for it and all SharePoint sites.
Write clean, scalable, and well-documented code for typical maintenance-type deployments.
Optimize websites for performance, accessibility, SEO, and cross-browser compatibility.
Troubleshoot, debug, and resolve website issues and bugs.
Partner with Corporate Marketing to maintain consistent design and branding across all current and future AAR affiliated websites.
Support the technical implementation of new design elements, block styles, and brand updates in Optimizely and manage the cookies and related policies across all AAR affiliated websites
Coordinate with other internal departments for content accuracy and timeliness. 
Oversee ongoing updates, maintenance, and performance monitoring.
Collaborate with IT to set up new Optimizely users and maintain access permissions.
Train new users on Optimizely, content workflows, and governance.
Execute quality assurance for staging/test environments.
Support launch planning and execution.
Support SEO activities and partner with Corporate Marketing on strategy execution.
Own Google Analytics account management, including granting access and maintaining account structures (PAARTS Store, AAR CORP).
 

Qualifications
 

What you need to be successful in this role: 

Bachelor’s degree in Digital Media, IT, computer science or related field preferred.
Experience with enterprise CMS platforms (Optimizely strongly preferred).
Familiarity with SEO best practices, UX/UI principles, web development, web accessibility, SharePoint, and basic HTML/CSS.
Strong project management and vendor management experience.
Excellent communication, collaboration, and cross-functional coordination skills.

High attention to detail with strong QA discipline.

 

The rewards of your career at AAR go far beyond just your salary:

Competitive salary and bonus package
Comprehensive benefits package including medical, dental, and vision coverage.
401(k) retirement plan with company match
Generous paid time off program

Professional development and career advancement opportunities

 

Physical Demands/Work Environment:
The physical demands and work environment characteristics described here are representative of those that must be met by an employee to successfully perform the essential functions of this job.

Reasonable accommodations may be made to enable individuals with disabilities to perform the essential functions.
While performing the duties of this job, the employee may be regularly required to sit, stand, bend, reach and move about the facility.
The environmental characteristic for this position is an office setting.
Candidates should be able to adapt to a traditional business environment.
AAR provides accommodation in accordance with applicable laws through all stages of the hiring process. If you require accommodation for any part of the application and/or hiring process, please advise Human Resources.

Compensation:
The anticipated salary range for this position is $130,000.00 annually. This range reflects the base salary for candidates who meet the requirements of the role, including experience, education, and location. [In addition to base pay, this role is eligible for a bonus.] AAR offers a competitive benefits package, including medical/dental/vision/life/and AD&D insurance, 401(k) savings plan with employer match, paid time off and holiday pay, as well as opportunities for professional development and growth.

#LI-MA1 #LI-ONSITE

Job: Information Technology
Primary Location: United States-Illinois-Wood Dale
Schedule: Full-time
Overtime Status: Exempt

We are an equal opportunity employer. All qualified applicants will receive consideration for employment without regard to race, color, religion, sex, sexual orientation, gender identity, national origin, disability or veteran status."
AAR Corp,"Director, Field Sales",322426,United States,United States of America,,onsite,Director,unknown,unknown,unknown,taleo,N/A,2026-06-16T21:36:25Z,https://aarcorp.taleo.net/careersection/2/jobdetail.ftl?job=322426,"Job Description - Director, Field Sales (18373)
About Us: AAR Corp. (NYSE: AIR) is a global aerospace and defense aftermarket solutions company that employs more than 6,000 people across over 60 sites in over 20 countries. Headquartered in the Chicago, Illinois area, AAR supports commercial and government customers in more than 100 countries through four operating segments: Parts Supply, Integrated Solutions, Repair and Engineering and Expeditionary Services. AAR’s purpose is to empower people to build innovative aerospace solutions today so you can safely reach your destination tomorrow. The company’s mission is to go above and beyond to provide value-driven aerospace aftermarket solutions to meet the evolving needs of our customers worldwide. AAR constantly searches for the right thing to do for its customers, employees, partners and for society.
 
Director, Field Sales - 18373

Description
 

Responsible for the sale of company products and/or services to assigned accounts or within a given territory.  Makes and develops contacts with existing and potential customers. Analyzes existing and anticipated customer requirements and promotes consideration of company products and services to fill such requirements.  Participates in the preparation of sales plans and campaigns, business plans, and product development plans.  Conducts sales presentations. Maintains up‐to‐date and accurate sales records. Maintains technical proficiency and consults with prospective customers regarding use of company products and services. Quotes prices and delivery dates and demonstrates and provides instruction on the use of products. Keeps informed of new products and other information of interest to customers. Investigates new applications or improvements to products.  Provides marketing intelligence to sales management and may participate in the development of sales forecasts and strategiest you

What you will be responsible for:

Grows AAR business with the assigned customer base.
Identifies new aftermarket product/market/business opportunities.
Networks within the industry to ensure Triumph divisions are exposed to new emerging opportunities and facilitate engagement early in the buying cycle.
Develops multi-level relationships within customer organizations across all disciplines and facilitates introductions of Triumph executives and technical representatives.
Utilizes the Capture Process and Capture Management Process to increase the probability of wins.
Supports the AAR Strategic Plan; provides inputs from our customers towards developing our annual sales budget.
Negotiates contracts and long-term agreements with customers.
Provides market/customer intelligence to the company GMs and technical representatives.
Facilitates the timely and accurate inputs of key data and intelligence into Microsoft Dynamics CRM software.
Provides pre-trip and post-trip reports for all customer visits.
Periodically evaluates sales performances with customers to include any necessary recovery plans.
Provides support for payment, engineering, and customer-support issues.
Ensures that communications, initiatives, and messages are disseminated to the team.
Works with company technical teams to develop strategic selling initiatives.
Manages the distribution, communication, and response for multi-company proposals.

Qualifications
 

What you need to be successful in this role:

Read, write, and understand English fluently.
Ability to learn and understand and communicate effectively in writing and verbally.
5 - 10+ years of relevant industry sales experience.
Familiarization with aircraft systems, structures, accessories, and interiors.
Airline/OEM direct sales and support experience is beneficial. 
Proven track record in aviation sales and customer support.
Ability to influence and persuade to achieve desired outcomes.
Strong analytical, problem-solving, and negotiation skills.
Excellent oral, written, and presentation communication skills.
Ability and willingness to travel – 50%
Strong time management planning and prioritization skills, with a demonstrated ability to execute multiple projects and excel in a fast-paced, results-oriented work environment.
Financial modeling skills.
Ability to work well in a team environment and matrixed sales organization.
BA or Master’s degree in related discipline preferred.

The rewards of your career at AAR go far beyond just your salary: 

Competitive salary and bonus package
Comprehensive benefits package including medical, dental, and vision coverage.
401(k) retirement plan with company match
Generous paid time off program
Professional development and career advancement opportunities

Physical Demands/Work Environment:
The physical demands and work environment characteristics described here are representative of those that must be met by an employee to successfully perform the essential functions of this job.
•    Reasonable accommodations may be made to enable individuals with disabilities to perform the essential functions.
•    While performing the duties of this job, the employee may be regularly required to sit, stand, bend, reach and move about the facility.
•    The environmental characteristic for this position is an office setting.
•    Candidates should be able to adapt to a traditional business environment.
AAR provides accommodation in accordance with applicable laws through all stages of the hiring process. If you require accommodation for any part of the application and/or hiring process, please advise Human Resources.

#LI-MA1 #LI-ONSITE
 

Job: Sales
Primary Location: United States
Schedule: Full-time
Overtime Status: Exempt

We are an equal opportunity employer. All qualified applicants will receive consideration for employment without regard to race, color, religion, sex, sexual orientation, gender identity, national origin, disability or veteran status."
AAR Corp,F-16 Sheetmetal Mechanic,322586,"United States, South Dakota, Sioux Falls",United States of America,,onsite,Mid,unknown,Secret,unknown,taleo,N/A,2026-06-16T21:36:25Z,https://aarcorp.taleo.net/careersection/2/jobdetail.ftl?job=322586,"Job Description - F-16 Sheetmetal Mechanic (18384)
About Us: AAR Corp. (NYSE: AIR) is a global aerospace and defense aftermarket solutions company that employs more than 6,000 people across over 60 sites in over 20 countries. Headquartered in the Chicago, Illinois area, AAR supports commercial and government customers in more than 100 countries through four operating segments: Parts Supply, Integrated Solutions, Repair and Engineering and Expeditionary Services. AAR’s purpose is to empower people to build innovative aerospace solutions today so you can safely reach your destination tomorrow. The company’s mission is to go above and beyond to provide value-driven aerospace aftermarket solutions to meet the evolving needs of our customers worldwide. AAR constantly searches for the right thing to do for its customers, employees, partners and for society.
 
F-16 Sheetmetal Mechanic - 18384

Description
 

Works closely with other mechanics and maintenance personnel on aircraft structural modifications, upgrades, and repairs. Locates cracks, breaks, holes, and dents in aircraft sheet metal structures and determines appropriate repairs from technical data to restore components to original strength. Identifies damaged or weakened structures, including skins, stringers, bulkheads, and ribs and develops appropriate repair plan to restore component airworthiness. Reads and interprets blueprints and determines dimensions, angles, and contours in performance of structural repair.

 What you will be responsible for: 

Reports on work order status to the Lead Mechanic.
Ensures all work is done according to specification, regulation, and company policy.
Ensures that all tools and associated equipment are 100% accounted for.
Responds to work orders in a timely manner with emphasis on operations support.
Able to communicate effectively and work well as a member of a team
 Assists with other duties as required to support the customer and mission.
Conducts oneself professionally through appearance and conduct.
All other duties as assigned.

Qualifications
 

What you will need to be successful in this role: 

Ability to obtain and maintain a secret clearance is required.
Must meet one of the following requirements:
A Bachelor's degree plus 3 years of related structural aircraft maintenance experience.
An Associate's degree plus 4 years of related structural aircraft maintenance experience.
High School Diploma plus 8 years of related structural aircraft maintenance experience.
F-16 experience is strongly preferred, but other fighter jet experience may be considered.
Experience in reading, comprehending, and interpreting technical documents, including manuals, technical data, and blueprints.
Basic knowledge of various computer applications such as Microsoft Office applications (i.e. Excel, Word, Power Point, and Outlook) is a plus.

The rewards of your career at AAR go far beyond just your salary: 

Competitive salary and bonus package
Comprehensive benefits package including medical, dental, and vision coverage.
401(k) retirement plan with company match
Generous paid time off program
Professional development and career advancement opportunities

 Physical Demands/Work Environment:
The physical demands and work environment characteristics described here are representative of those that must be met by an employee to successfully perform the essential functions of this job.

Reasonable accommodations may be made to enable individuals with disabilities to perform the essential functions.
While performing the duties of this job, the employee may be regularly required to sit, stand, bend, reach and move about the facility.
The environmental characteristic for this position is an office setting.
Candidates should be able to adapt to a traditional business environment.
Must be able to work 1st or 2nd shifts as needed.

AAR provides accommodation in accordance with applicable laws through all stages of the hiring process. If you require accommodation for any part of the application and/or hiring process, please advise Human Resources. 

#LI-PI1  #LI-Onsite

Job: Defense
Primary Location: United States-South Dakota-Sioux Falls-Sioux Falls Regional Airport
Schedule: Full-time
Overtime Status: Non-exempt

AAR is an equal opportunity employer. All qualified applicants will receive consideration for employment without regard to race, color, religion, sex, sexual orientation, gender identity, national origin, disability or veteran status."
AAR Corp,Warehouse Supervisor,322027,"United States, Florida, Miami",United States of America,,onsite,Mid,us_person,unknown,unknown,taleo,N/A,2026-06-16T21:36:25Z,https://aarcorp.taleo.net/careersection/2/jobdetail.ftl?job=322027,"Job Description - Warehouse Supervisor (18338)
About Us: AAR Corp. (NYSE: AIR) is a global aerospace and defense aftermarket solutions company that employs more than 6,000 people across over 60 sites in over 20 countries. Headquartered in the Chicago, Illinois area, AAR supports commercial and government customers in more than 100 countries through four operating segments: Parts Supply, Integrated Solutions, Repair and Engineering and Expeditionary Services. AAR’s purpose is to empower people to build innovative aerospace solutions today so you can safely reach your destination tomorrow. The company’s mission is to go above and beyond to provide value-driven aerospace aftermarket solutions to meet the evolving needs of our customers worldwide. AAR constantly searches for the right thing to do for its customers, employees, partners and for society.
 
Warehouse Supervisor - 18338

Description
 

The Warehouse Supervisor, under the direction of the Warehouse Manager, will lead and supervise office and warehouse personnel, and monitor and facilitate all office and warehouse functions (Receiving, Shipping, Inventory, Expediting, Packing, etc.) to ensure they are executed accurately and timely according to established policies, procedures, processes.

What you will be responsible for:

Design and implement quality procedures, processes, and work instructions to increase productivity and improve efficiency in the office and warehouse functions where needed.

Cross train warehouse personnel on all applicable clerical and warehouse procedures and processes.

Ensure material handling equipment (MHE) is maintained and serviceable.

Collaborate with internal and external Management and Vendors to ensure program standards are met.

Lead warehouse and Office Clerks to ensure that predetermined productivity, cost and quality standards are achieved or exceeded.

Ensure safety, housekeeping, and facility maintenance standards are met.

Act as Facility and Safety representative; ensuring all safety training and safety checks are completed and maintained.

Perform QA (Quality Assurance) tasks; audit incoming and outgoing material, ensure inventory accuracy and monitor warehouse packaging requirements and supplies.

Maintain logs, records, and metrics.

All other duties as assigned.

Qualifications
 

What you will need to be successful in this role:  

Associates degree (A.A.) or equivalent from two-year college or technical school; or four years related experience and/or training; or equivalent combination of education and experience.

Three to Five (3-5) years’ experience in a Warehouse Supervisory role supervising 10 or more people.

Proficiency in Microsoft Office programs (Word, Excel, PowerPoint).

Recent Intermediate level experience operating a sit-down forklift.

This position requires compliance with International Traffic in Arms Regulations (ITAR). Candidates must be a U.S. Person as defined by ITAR (U.S. citizen, U.S. national, lawful permanent resident, or individual admitted as a refugee or granted asylum).

Physical Demands/Work Environment:

The physical demands and work environment characteristics described here are representative of those that must be met by an employee to successfully perform the essential functions of this job. Reasonable accommodations may be made to enable individuals with disabilities to perform the essential functions.

While performing the duties of this job, the employee may be regularly required to sit, stand, bend, reach and move about the facility. The environmental characteristic for this position is a both office and warehouse setting. Candidates should be able to adapt to a traditional non-climate controlled warehouse environment.

Must be able to lift and carry up to 75 pounds and comply with OSHA standards.

Typical Schedule:  The core hours are, Mon to Fri, 7am to 3:30pm. Although salaried, the candidate must be flexible to work  O/T before and after the core shift hours; to include occasional weekends.

Compensation: 
The anticipated pay range for this position is $60,000 to $65,000. This reflects the base pay for candidates who meet the requirements of the role, including experience, education, and location. AAR offers a competitive benefits package, including medical/dental/vision/life/and AD&D insurance, 401(k) savings plan with employer match, paid time off and holiday pay, as well as opportunities for professional development and growth.  

#LI-LM1  #LI-Onsite 

Job: Warehouse
Primary Location: United States-Florida-Miami-Miami- Landing Gear Services
Schedule: Full-time
Overtime Status: Exempt

We are an equal opportunity employer. All qualified applicants will receive consideration for employment without regard to race, color, religion, sex, sexual orientation, gender identity, national origin, disability or veteran status."
AAR Corp,"Product Line Representative, IV",322627,"United States, Illinois, Wood Dale",United States of America,,onsite,Mid,unknown,unknown,yes,taleo,N/A,2026-06-16T21:36:25Z,https://aarcorp.taleo.net/careersection/2/jobdetail.ftl?job=322627,"Job Description - Product Line Representative, IV (18388)
About Us: AAR Corp. (NYSE: AIR) is a global aerospace and defense aftermarket solutions company that employs more than 6,000 people across over 60 sites in over 20 countries. Headquartered in the Chicago, Illinois area, AAR supports commercial and government customers in more than 100 countries through four operating segments: Parts Supply, Integrated Solutions, Repair and Engineering and Expeditionary Services. AAR’s purpose is to empower people to build innovative aerospace solutions today so you can safely reach your destination tomorrow. The company’s mission is to go above and beyond to provide value-driven aerospace aftermarket solutions to meet the evolving needs of our customers worldwide. AAR constantly searches for the right thing to do for its customers, employees, partners and for society.
 
Product Line Representative, IV - 18388

Description
 

Support the selling function and carry out a variety of tasks and functions. Responsible for maintaining efficient and profitable support for the day-to-day operations of the Product Line.

This position is based at our Corporate Headquarters in Wood Dale, IL, with a planned relocation to the Merchandise Mart (Chicago) in early 2027.

What you will be responsible for: 
•    Learn all aspects of the respective product line and serve as a technical expert.
•    Proactively drive vendor relationships and serve as the primary contact for AAR.
•    Maximize sales and margin objectives of respective product line.
•    Expand existing traditional business.
•    Identify and pursue purchase opportunities available in the marketplace.
•    Support existing outside sales force.
•    Plan, schedule, and manage inventory for respective product lines.
•    Identify inventory acquisition opportunities.
•    Identify market trends and coordinate with sales groups to anticipate areas of opportunities.
•    Ensure that inventory management and shareholder value is maximized.
•    New Product Development Some travel may be required.
•    All other duties as assigned.

Qualifications
 

What you will need to be successful in this role: 
•    Team player with strong interpersonal skills
•    Basic negotiating, customer support skills
•    Ability to build strong relationships with customers
•    Ability to articulate and compose business opportunities
•    Ability to work in a fast paced and highly technical environment
•    Associates degree (A.A.) or equivalent from two-year College or technical school; or four years related experience and/or training; or equivalent combination of education and experience. 
•    PC Literate (Word, Excel, and Access) 
•    Bachelor’s degree preferred.

The rewards of your career at AAR go far beyond just your salary: 
•    Competitive salary and bonus package
•    Comprehensive benefits package including medical, dental, and vision coverage.
•    401(k) retirement plan with company match
•    Generous paid time off program
•    Professional development and career advancement opportunities

Physical Demands/Work Environment:
The physical demands and work environment characteristics described here are representative of those that must be met by an employee to successfully perform the essential functions of this job.
•    Reasonable accommodations may be made to enable individuals with disabilities to perform the essential functions.
•    While performing the duties of this job, the employee may be regularly required to sit, stand, bend, reach and move about the facility.
•    The environmental characteristic for this position is an office setting.
•    Candidates should be able to adapt to a traditional business environment.
AAR provides accommodation in accordance with applicable laws through all stages of the hiring process. If you require accommodation for any part of the application and/or hiring process, please advise Human Resources.

Compensation:
The anticipated salary range for this position is $63,000 to $65,000 annually. This range reflects the base salary for candidates who meet the requirements of the role, including experience, education, and location.  In addition to base pay, this role is eligible for a bonus. AAR offers a competitive benefits package, including medical/dental/vision/life/and AD&D insurance, 401(k) savings plan with employer match, paid time off and holiday pay, as well as opportunities for professional development and growth.

#LI-MA1 #LI-ONSITE
 

Job: Product Line
Primary Location: United States-Illinois-Wood Dale
Schedule: Full-time
Overtime Status: Exempt

We are an equal opportunity employer. All qualified applicants will receive consideration for employment without regard to race, color, religion, sex, sexual orientation, gender identity, national origin, disability or veteran status."
AAR Corp,Sales Manager,322246,"United States, Georgia, Atlanta",United States of America,,onsite,Manager,unknown,unknown,unknown,taleo,N/A,2026-06-16T21:36:25Z,https://aarcorp.taleo.net/careersection/2/jobdetail.ftl?job=322246,"Job Description - Sales Manager (18354)
About Us: AAR Corp. (NYSE: AIR) is a global aerospace and defense aftermarket solutions company that employs more than 6,000 people across over 60 sites in over 20 countries. Headquartered in the Chicago, Illinois area, AAR supports commercial and government customers in more than 100 countries through four operating segments: Parts Supply, Integrated Solutions, Repair and Engineering and Expeditionary Services. AAR’s purpose is to empower people to build innovative aerospace solutions today so you can safely reach your destination tomorrow. The company’s mission is to go above and beyond to provide value-driven aerospace aftermarket solutions to meet the evolving needs of our customers worldwide. AAR constantly searches for the right thing to do for its customers, employees, partners and for society.
 
Sales Manager  - 18354

Description
 

Overall responsibility for the sales group and direct responsibility for key accounts. Manage day-to-day operations of sales staff. Develop programs to achieve maximum sales volume consistent with targets established by senior management. Manage accounts which are complex in nature.

What you will be responsible for: 

Coordinate and interface with Sales, Product Lines, QC, Warehouse, and Accounting Department.
Receive, research and answer customer inquiries regarding sales orders, invoices, shipping data and paperwork. 
Formulate and articulate new business opportunities identified from customer information and problem resolutions. 
Carries out supervisory responsibilities in accordance with the organization’s policies and applicable laws. Responsibilities include interviewing, hiring, and training employees; planning, assigning, and directing work; appraising performance; rewarding and disciplining employees; addressing complaints and resolving problems.
Travel is required. 
All other duties as assigned.

Qualifications
 

What you need to be successful in this role:

Bachelor of Arts degree (B.A.) or Bachelor of Science degree (B.S.) from four-year college or university; or eight years related experience and/or training; or equivalent combination of education and experience.
5 years aviation experience.
Minimum 2 years Supervisory Experience.


The rewards of your career at AAR go far beyond just your salary: 

Competitive salary and bonus package
Comprehensive benefits package including medical, dental, and vision coverage.
401(k) retirement plan with company match
Generous paid time off program
Professional development and career advancement opportunities

Physical Demands/Work Environment:
 
The physical demands and work environment characteristics described here are representative of those that must be met by an employee to successfully perform the essential functions of this job.
Reasonable accommodation may be made to enable individuals with disabilities to perform the essential functions.
While performing the duties of this job, the employee may be regularly required to sit, stand, bend, reach and move about the facility.
The environmental characteristic for this position is an office setting.
Candidates should be able to adapt to a traditional business environment.
AAR provides accommodation in accordance with applicable laws through all stages of the hiring process. If you require accommodation for any part of the application and/or hiring process, please advise Human Resources.


#LI-MA1 #LI-ONSITE  

Job: Sales
Primary Location: United States-Georgia-Atlanta
Schedule: Full-time
Overtime Status: Exempt

We are an equal opportunity employer. All qualified applicants will receive consideration for employment without regard to race, color, religion, sex, sexual orientation, gender identity, national origin, disability or veteran status."
AAR Corp,Armament Technical Advisor,322307,United States,United States of America,,onsite,Mid,us_person,unknown,unknown,taleo,N/A,2026-06-16T21:36:25Z,https://aarcorp.taleo.net/careersection/2/jobdetail.ftl?job=322307,"Job Description - Armament Technical Advisor (18361)
About Us: AAR Corp. (NYSE: AIR) is a global aerospace and defense aftermarket solutions company that employs more than 6,000 people across over 60 sites in over 20 countries. Headquartered in the Chicago, Illinois area, AAR supports commercial and government customers in more than 100 countries through four operating segments: Parts Supply, Integrated Solutions, Repair and Engineering and Expeditionary Services. AAR’s purpose is to empower people to build innovative aerospace solutions today so you can safely reach your destination tomorrow. The company’s mission is to go above and beyond to provide value-driven aerospace aftermarket solutions to meet the evolving needs of our customers worldwide. AAR constantly searches for the right thing to do for its customers, employees, partners and for society.
 
Armament Technical Advisor - 18361

Description
 

About Us:

AAR’s purpose is to empower people to build innovative aerospace solutions today so you can safely reach your destination tomorrow. The company’s mission is to go above and beyond to provide value-driven aerospace aftermarket solutions to meet the evolving needs of our customers worldwide. AAR constantly searches for the right thing to do for its customers, employees, partners and for society.

The Worldwide Aviation Support Services (WASS) program, an AAR business, headquartered in Rockledge, FL, provides global, world-class expeditionary and conventional aviation solutions to the US Department of State Air Wing.

Role Description:

This position is in direct support of the Department of State’s (DoS) Worldwide Aviation Support Services Contract encompassing scores of RW and FW aircraft operating overseas in direct support of US diplomatic and engagement efforts in various nations. Working from Pucallpa Peru, and various Forward Operating Bases, this position serves as the principal Armament Technician in support of the DoS counternarcotics support mission. Responsible for the accountability, maintenance, and training for program weapons, ammunition, and other explosives material and act as the subject matter expert in this train, advise, and assist mission. Report directly to the Operations Manager.

Key Responsibility:

Maintain an arms room IAW Physical Security of Arms, Ammunition, Explosives, and Storage regulations.

Maintain 100% accountability of weapons, ammunition, flares, and other munitions assigned to the program.

Be prepared for both scheduled and no notice arms room inspections.

Prepare briefings and serve as the subject matter expert on assigned weapons.

Train, advise, and assist aircrew in the full spectrum of crew served weapons support.

Complete inventories and maintain required documentation of all assigned weapons, equipment, and ammunition.

Conduct individual responsibilities in accordance with the organizations policies and procedures.

Complete accurate inventories, Mission Information Systems data, and Daily Report entries.

Responsible for daily operations of the arms room and accountability of all weapons and assigned equipment.

Responsible for safe and efficient issue and collection of assigned weapons. 

Train, advise and assist host nation personnel assigned to an Armament Program.

Conduct assessments and provide written reports to in-country leadership team.

Perform other duties as assigned.

Obtain and maintain a US security clearance.

 

#LI-HD1

Qualifications
 

Basic Qualifications:

Required:

High School Diploma or Equivalent
CMF 63 Mechanical Maintenance MOS series or another military or commercial equivalent.

Completion of associated weapons school for weapons supported before or incident to assignment.

Seven (7) years' experience in all aspects of maintenance and repair of military weapons and weapons systems.

Seven (5) years’ experience in maintaining and repairing M240, M60D, M4 and/or M9 weapons.

Experience managing an arms room.

English as primary language

Spanish fluency level 3/3 (speak, read, write)

Preferred

Experience in arms room procedures IAW AR 190-11 Physical Security of Arms, Ammunition, and Explosives preferred.
Experience with training and advising host nation personnel in Central and South America.
Previous experience as a member of DoD Training and Assistance Field Team (TAFT).
45B MOS or other service equivalent

Compensation and Benefits: 

Salaried Position.
Rotation schedule.
Competitive salary and bonus package.
Comprehensive benefits package including medical, dental, and vision coverage.
401(k) retirement plan with company match.
Professional development and career advancement opportunities.

AAR is committed to building a diverse and inclusive workforce. We encourage applications from people of all races, ethnic origins, religions, abilities, sexual orientations, gender identities, or expressions. We are dedicated to the health and safety of our people, our customers, and the communities where we live and work.

AAR provides accommodation in accordance with applicable laws through all stages of the hiring process. If you require accommodation for any part of the application and/or hiring process, please advise Human Resources.

 

Job: WASS OPERATIONS
Primary Location: United States
Schedule: Full-time
Overtime Status: Exempt

AAR is an equal opportunity employer. All qualified applicants will receive consideration for employment without regard to race, color, religion, sex, sexual orientation, gender identity, national origin, disability or veteran status."
AAR Corp,"Technician I, S/M",322467,"United States, North Carolina, Greensboro",United States of America,,onsite,Mid,us_person,unknown,unknown,taleo,N/A,2026-06-16T21:36:25Z,https://aarcorp.taleo.net/careersection/2/jobdetail.ftl?job=322467,"Job Description - Technician I, S/M (18378)
About Us: AAR Corp. (NYSE: AIR) is a global aerospace and defense aftermarket solutions company that employs more than 6,000 people across over 60 sites in over 20 countries. Headquartered in the Chicago, Illinois area, AAR supports commercial and government customers in more than 100 countries through four operating segments: Parts Supply, Integrated Solutions, Repair and Engineering and Expeditionary Services. AAR’s purpose is to empower people to build innovative aerospace solutions today so you can safely reach your destination tomorrow. The company’s mission is to go above and beyond to provide value-driven aerospace aftermarket solutions to meet the evolving needs of our customers worldwide. AAR constantly searches for the right thing to do for its customers, employees, partners and for society.
 
Technician I, S/M - 18378

Description
 

Description:
Technician I, S/M is responsible for high proficiency in all minor through major repairs, modifications, E.A.s, with minimal supervision.

What you will be responsible for:
•    Highly proficient in fabrication, cold working, flap peening and jacking/shoring aircraft. 
•    Highly proficient in using technical data and drawings to locate part numbers and accomplish repairs. 
•    Ensure work performed adheres to high quality standards. 
•    Effectively direct the work of less experienced mechanics. 
•    All other duties as assigned.
 

Qualifications
 

What you need to be successful in this role:
•    This position requires compliance with International Traffic in Arms Regulations (ITAR). Candidates must be a U.S. Person as defined by ITAR (U.S. citizen, U.S. national, lawful permanent resident, or individual admitted as a refugee or granted asylum).
•    High school diploma or general education degree GED required.
•    Must have a minimum of 1 year related experience and/or training.
•    Hold a minimum of an Airframe License.
•    May or may not have a Powerplant License  
•    Computer keypunch experience
•    Fluent in English (speech, reading, writing)

The rewards of your career at AAR go far beyond just your salary:
•    Competitive salary.
•    Comprehensive benefits package including medical, dental, and vision coverage.
•    401(k) retirement plan with company match.
•    Generous paid time off program.
•    Professional development and career advancement opportunities

Physical Demands/Work Environment:
•    The physical demands and work environment characteristics described here are representative of those that must be met by an employee to successfully perform the essential functions of this job.
•    Reasonable accommodations may be made to enable individuals with disabilities to perform the essential functions.
•    While performing the duties of this job, the employee may be regularly required to sit, stand, bend, reach and move about the facility.
•    Ability to use required safety equipment.
 

AAR provides accommodation in accordance with applicable laws through all stages of the hiring process. If you require accommodation for any part of the application and/or hiring process, please advise Human Resources.
 

Job: Operations
Primary Location: United States-North Carolina-Greensboro-AAR Aircraft Services Greensboro
Schedule: Full-time
Overtime Status: Non-exempt

We are an equal opportunity employer. All qualified applicants will receive consideration for employment without regard to race, color, religion, sex, sexual orientation, gender identity, national origin, disability or veteran status."
AAR Corp,F-16 Aircraft Mechanic III,322566,"United States, Maryland, Joint Base Andrews",United States of America,,onsite,Mid,unknown,Secret,unknown,taleo,N/A,2026-06-16T21:36:25Z,https://aarcorp.taleo.net/careersection/2/jobdetail.ftl?job=322566,"Job Description - F-16 Aircraft Mechanic III (18382)
About Us: AAR Corp. (NYSE: AIR) is a global aerospace and defense aftermarket solutions company that employs more than 6,000 people across over 60 sites in over 20 countries. Headquartered in the Chicago, Illinois area, AAR supports commercial and government customers in more than 100 countries through four operating segments: Parts Supply, Integrated Solutions, Repair and Engineering and Expeditionary Services. AAR’s purpose is to empower people to build innovative aerospace solutions today so you can safely reach your destination tomorrow. The company’s mission is to go above and beyond to provide value-driven aerospace aftermarket solutions to meet the evolving needs of our customers worldwide. AAR constantly searches for the right thing to do for its customers, employees, partners and for society.
 
F-16 Aircraft Mechanic III - 18382

Description
 

** $10,000 sign-on bonus offered for Andrews AFB site **

The F-16 Aircraft Mechanic is responsible for:  Aircraft recovery, parking, safing, and preparing for depot induction and delivery; safe towing operations; aircraft post-flight and preflight inspections, aircraft refueling, engine run, launch, and recovery operations; assisting other team members in aircraft structural and avionic/electrical modifications, upgrades, and repairs; Performing aircraft maintenance, including, but not limited to, aircraft servicing, repair, inspection; status reporting, technical, and logistical support. 

 What you will be responsible for: 

Reads, interprets, and adheres to technical orders, manuals, blueprints, service bulletins, and other related documentation.
Perform applicable F-16 related maintenance tasks, including special certification & qualification tasks, e.g., engine runs, servicing or aircraft towing in accordance with applicable F-16 technical orders.
Complete scheduled and unscheduled F-16 maintenance, parts ordering, and other aircraft functions.
Perform routine duties within the first echelon of aircraft supervision, such as: aircraft servicing, including hydraulics, engine oil, lubrication, fuel, canopy cleaning, wheel/tire replacement, brakes, light bulbs.
Troubleshoot and assist with the repair, replacement, and rebuild of aircraft structures and components.
Perform flight control and other component rigging and calibration.
Service aircraft as prescribed in applicable F-16 Technical Orders.
 Determine airworthiness of aircraft and associated components.
Interact with company Maintenance Operation Center (MOC), the customer, and other program representatives in matters concerning aircraft airworthiness, operational readiness, and aircraft systems troubleshooting.
All other duties as assigned.

Qualifications
 

What you will need to be successful in this role: 

Ability to obtain and maintain a Secret Clearance is required. 
Must meet one of the following requirements:
A Bachelor's degree plus 3 years of related experience in aircraft maintenance.
An Associate's degree plus 4 years of related experience in aircraft maintenance.
High School Diploma plus 8 years of related experience in aircraft maintenance.
F-16 experience is strongly preferred, but other fighter jet experience may be considered.
Must have experience with working from blueprint drawings, diagram, specifications, service manuals, sketches, templates, and other incomplete data. 

 The rewards of your career at AAR go far beyond just your salary: 

Competitive salary and bonus package
Comprehensive benefits package including medical, dental, and vision coverage.
401(k) retirement plan with company match
Generous paid time off program
Professional development and career advancement opportunities

 Physical Demands/Work Environment:
The physical demands and work environment characteristics described here are representative of those that must be met by an employee to successfully perform the essential functions of this job.

Reasonable accommodations may be made to enable individuals with disabilities to perform the essential functions.
While performing the duties of this job, the employee may be regularly required to sit, stand, bend, reach and move about the facility.
The environmental characteristic for this position is an office setting.
Candidates should be able to adapt to a traditional business environment.
Must be able to work 1st or 2nd shifts as needed.

AAR provides accommodation in accordance with applicable laws through all stages of the hiring process. If you require accommodation for any part of the application and/or hiring process, please advise Human Resources. 

Compensation: 

The anticipated salary for this position is $50.15 hourly. This range reflects the base pay for candidates who meet the requirements of the role, including experience, education, and location. AAR offers a competitive benefits package, including medical/dental/vision/life/and AD&D insurance, 401(k) savings plan with employer match, paid time off and holiday pay, as well as opportunities for professional development and growth.

#LI-PI1 #LI-ONSITE

Job: Defense
Primary Location: United States-Maryland-Joint Base Andrews
Schedule: Full-time
Overtime Status: Non-exempt

AAR is an equal opportunity employer. All qualified applicants will receive consideration for employment without regard to race, color, religion, sex, sexual orientation, gender identity, national origin, disability or veteran status."
AAR Corp,F-16 Quality Assurance Inspector,322546,"United States, Maryland, Joint Base Andrews",United States of America,,onsite,Mid,unknown,Secret,unknown,taleo,N/A,2026-06-16T21:36:25Z,https://aarcorp.taleo.net/careersection/2/jobdetail.ftl?job=322546,"Job Description - F-16 Quality Assurance Inspector (18380)
About Us: AAR Corp. (NYSE: AIR) is a global aerospace and defense aftermarket solutions company that employs more than 6,000 people across over 60 sites in over 20 countries. Headquartered in the Chicago, Illinois area, AAR supports commercial and government customers in more than 100 countries through four operating segments: Parts Supply, Integrated Solutions, Repair and Engineering and Expeditionary Services. AAR’s purpose is to empower people to build innovative aerospace solutions today so you can safely reach your destination tomorrow. The company’s mission is to go above and beyond to provide value-driven aerospace aftermarket solutions to meet the evolving needs of our customers worldwide. AAR constantly searches for the right thing to do for its customers, employees, partners and for society.
 
F-16 Quality Assurance Inspector - 18380

Description
 

** $10,000 sign-on bonus offered for Andrews AFB site **

Perform inspections, checks, tests, and sampling procedures of maintenance procedures and incoming materials, parts, and components.  When required, inspect products supplied to the program to ensure that they meet customer requirements and AAR specifications to achieve superior quality.

 What you will be responsible for: 

 Assist the Quality Control (QC) Manager in preparation of all ISO 9001:2008, U.S. Government, defense department, and customer quality audits.
Prepares all necessary reports as required by customer and staff personnel.
Operates according to QC program to ensure services are performed accurately.
Execute the Quality Assurance Program Plan (QAPP) and all quality control operations.
Work closely with Sustaining Engineering Service (SES) Manager on aircraft/equipment trend analysis, material reliability and maintainability, product quality, and Diminishing Manufacturing Sources and Material Shortages (DMSMS) issues.
Manage On-site Safety/Environmental Program and Technical Order Distribution Office (TODO). 
Administer effective training and on the job training of the QC team.
Assist QC Manager to develop and maintain an effective QC program to ensure services are performed.
Conduct detailed Quality Control Inspection (QCI) and program audits IAW Technical Orders (TOs), Performance Work Statement (PWS), and
Standard Operating Procedures (SOP).
All other duties as assigned.

Qualifications
 

What you will need to be successful in this role:  

 Ability to obtain and maintain a secret clearance is required.
 Must meet one of the following requirements:
A bachelor's degree plus 2 years of related experience in Quality Assurance.
An associate's degree plus 4 years of related experience in Quality Assurance.
High School Diploma plus 8 years of related experience in Quality Assurance.
 At least 2 years of Quality Assurance experience on fighter aircraft in a modification and/or maintenance environment.
 Ability to read/interpret engineering drawings/instructions; system schematics/blueprints; and technical policy/maintenance instructions.
Demonstrated ability to identify and understand non-conformities as they relate to safety-of-flight inspections, procedural breakdowns, and/or program (process) audits.
Experience with Quality Management System (QMS) internal audit processes.


The rewards of your career at AAR go far beyond just your salary: 

Competitive salary and bonus package
Comprehensive benefits package including medical, dental, and vision coverage.
401(k) retirement plan with company match
Generous paid time off program
Professional development and career advancement opportunities

Physical Demands/Work Environment:
The physical demands and work environment characteristics described here are representative of those that must be met by an employee to successfully perform the essential functions of this job.

Reasonable accommodations may be made to enable individuals with disabilities to perform the essential functions.
While performing the duties of this job, the employee may be regularly required to sit, stand, bend, reach and move about the facility.
The environmental characteristic for this position is an office setting.
Candidates should be able to adapt to a traditional business environment.
Must be able to work 1st or 2nd shifts as needed.

AAR provides accommodation in accordance with applicable laws through all stages of the hiring process. If you require accommodation for any part of the application and/or hiring process, please advise Human Resources. 

Compensation:

The anticipated salary for this position is $52.79 hourly. This range reflects the base pay for candidates who meet the requirements of the role, including experience, education, and location. AAR offers a competitive benefits package, including medical/dental/vision/life/and AD&D insurance, 401(k) savings plan with employer match, paid time off and holiday pay, as well as opportunities for professional development and growth.

#LI-PI1 #LI-ONSITE

Job: Defense
Primary Location: United States-Maryland-Joint Base Andrews
Schedule: Full-time
Overtime Status: Non-exempt

AAR is an equal opportunity employer. All qualified applicants will receive consideration for employment without regard to race, color, religion, sex, sexual orientation, gender identity, national origin, disability or veteran status."
AAR Corp,"Technician III, A&P",322506,"United States, North Carolina, Greensboro",United States of America,,onsite,Mid,us_person,unknown,unknown,taleo,N/A,2026-06-16T21:36:25Z,https://aarcorp.taleo.net/careersection/2/jobdetail.ftl?job=322506,"Job Description - Technician III, A&P (18377)
About Us: AAR Corp. (NYSE: AIR) is a global aerospace and defense aftermarket solutions company that employs more than 6,000 people across over 60 sites in over 20 countries. Headquartered in the Chicago, Illinois area, AAR supports commercial and government customers in more than 100 countries through four operating segments: Parts Supply, Integrated Solutions, Repair and Engineering and Expeditionary Services. AAR’s purpose is to empower people to build innovative aerospace solutions today so you can safely reach your destination tomorrow. The company’s mission is to go above and beyond to provide value-driven aerospace aftermarket solutions to meet the evolving needs of our customers worldwide. AAR constantly searches for the right thing to do for its customers, employees, partners and for society.
 
Technician III, A&P - 18377

Description
 

Description:
The Technician III, A&P is an entry level position ideal for new graduates from Technical or A&P school. Also ideal for mechanics with less than five years of heavy aircraft experience.

What you will be responsible for:
•    Able to perform basic maintenance tasks under supervision. 
•    Able to use FAA approved data (i.e. IPC, M/M, OHM, SRM) proficiently. 
•    Insure work performed adheres to high quality standards. 
•    All other duties as assigned. 
 

Qualifications
 

What you need to be successful in this role:
•    This position requires compliance with International Traffic in Arms Regulations (ITAR). Candidates must be a U.S. Person as defined by ITAR (U.S. citizen, U.S. national, lawful permanent resident, or individual admitted as a refugee or granted asylum).
•    High school diploma or general education degree GED required.
•    Must have a minimum of 1 year related experience and/or training. 
•    May or may not have an A and/or P license. 
•    Some maintenance experience (including relative experience outside of Aviation). 
•    Must possess and be able to skillfully use the minimum tools required. 
•    1 to 3 years aviation maintenance experience preferred. 
•    Must possess the ability to learn
•    Fluent in English (speech, reading, writing)

The rewards of your career at AAR go far beyond just your salary:
•    Competitive salary.
•    Comprehensive benefits package including medical, dental, and vision coverage.
•    401(k) retirement plan with company match.
•    Generous paid time off program.
•    Professional development and career advancement opportunities

Physical Demands/Work Environment:
•    The physical demands and work environment characteristics described here are representative of those that must be met by an employee to successfully perform the essential functions of this job.
•    Reasonable accommodations may be made to enable individuals with disabilities to perform the essential functions.
•    While performing the duties of this job, the employee may be regularly required to sit, stand, bend, reach and move about the facility.
•    Ability to use required safety equipment.
 

AAR provides accommodation in accordance with applicable laws through all stages of the hiring process. If you require accommodation for any part of the application and/or hiring process, please advise Human Resources.

 

Job: Operations
Primary Location: United States-North Carolina-Greensboro-AAR Aircraft Services Greensboro
Schedule: Full-time
Overtime Status: Non-exempt

We are an equal opportunity employer. All qualified applicants will receive consideration for employment without regard to race, color, religion, sex, sexual orientation, gender identity, national origin, disability or veteran status."
AAR Corp,"Tech III, Cabin",322207,"United States, North Carolina, Greensboro",United States of America,,onsite,Mid,us_person,unknown,unknown,taleo,N/A,2026-06-16T21:36:25Z,https://aarcorp.taleo.net/careersection/2/jobdetail.ftl?job=322207,"Job Description - Tech III, Cabin (18350)
About Us: AAR Corp. (NYSE: AIR) is a global aerospace and defense aftermarket solutions company that employs more than 6,000 people across over 60 sites in over 20 countries. Headquartered in the Chicago, Illinois area, AAR supports commercial and government customers in more than 100 countries through four operating segments: Parts Supply, Integrated Solutions, Repair and Engineering and Expeditionary Services. AAR’s purpose is to empower people to build innovative aerospace solutions today so you can safely reach your destination tomorrow. The company’s mission is to go above and beyond to provide value-driven aerospace aftermarket solutions to meet the evolving needs of our customers worldwide. AAR constantly searches for the right thing to do for its customers, employees, partners and for society.
 
Tech III, Cabin - 18350

Description
 

Description:
The Cabin Interiors Technician III has less than 5 years of experience in heavy aircraft maintenance. This is an ideal position for new graduates from Technical or A & P school.

What you will be responsible for:
•    Removal, disassembly, cleaning, inspecting, repairing and reinstalling as needed of aircraft cabin furnishings and equipment such as galleys, lavatories, seats, overhead compartments, panels and carpeting. 
•    Repairs, adjusts and installs aircraft seats. 
•    Able to read and understand blueprints, engineering documents, service bulletins, aircraft manuals and catalogs and be able to perform complex cabin reconfigurations. 
•    Has general knowledge of tools. 
•    Understands how to read a micrometer, depth gauge or dial calipers. 
•    Identifies interior fasteners and determines grip lengths required and has basic knowledge of their installation methods. 
•    Understands and practices correctly basic sealing procedures of aircraft structures.
•    Identifies the locations of pressurized areas of the aircraft. 
•    Opens and closes areas on the aircraft which are required to be opened for inspection. 
•    Work performed must meet FAA and customer standards. Follows standards of behavior and appearance for all staff members. 
•    Asks questions as necessary to increase knowledge or skill. 
•    Maintains her or his work area in an orderly and clean manner. 
•    Cleans and removes any foreign objects generated during the course of effecting repairs. 
•    Records her or his time worked as directed by her or his supervisor. 
•    Complies with all safety procedures at all times, without exception. 
•    Complies with all AAR Aircraft Services policies and procedures which apply to her or him. 
•    Keeps her or himself informed of such policies and procedures and asks her or his supervisor for explanations of anything which she or he does not fully understand. 
•    Takes those prudent actions appropriate to the preservation of Company and or customer assets, whether in monetary or other form. 
•    Attends work-related training as scheduled. 
•    Performs such other tasks as may be reasonably assigned by her or his supervisor.
 

Qualifications
 

What you need to be successful in this role:
•    This position requires compliance with International Traffic in Arms Regulations (ITAR). Candidates must be a U.S. Person as defined by ITAR (U.S. citizen, U.S. national, lawful permanent resident, or individual admitted as a refugee or granted asylum).
•    High school diploma or general education degree GED required.
•    Able to communicate effectively verbally in writing in standard English. 
•    Able to interface in a professional manner with other AAR Aircraft Services employees at all levels and with customers if required. 
•    General mechanical aptitude. 
•    Able to comprehend and follow instructions. 
•    May or may not have an A and/or P license. 
•    Must possess and be able to skillfully use the minimum tools required. 
•    Must have 1 to 3 years of aviation maintenance experience and/or be new graduate of aviation technical or A&P school. 
•    Able to learn.

The rewards of your career at AAR go far beyond just your salary:
•    Competitive salary and bonus package.
•    Comprehensive benefits package including medical, dental, and vision coverage.
•    401(k) retirement plan with company match.
•    Generous paid time off program.
•    Professional development and career advancement opportunities

Physical Demands/Work Environment:
•    The physical demands and work environment characteristics described here are representative of those that must be met by an employee to successfully perform the essential functions of this job.
•    Reasonable accommodations may be made to enable individuals with disabilities to perform the essential functions.
•    While performing the duties of this job, the employee may be regularly required to sit, stand, bend, reach, bend, twist, lift, and move about the facility.
•    Ability to use required safety equipment.
•    Exposed to high levels of noise, dust, vibration and chemical fumes. 
•    Able to lift fifty (50) pounds without mechanical assistance. 
•    Able to access and work in all areas of the aircraft to be worked on, including confined areas. 
•    Able to climb on ladders and platforms and work at heights up to fifty feet from the ground.
 

Job: Operations
Primary Location: United States-North Carolina-Greensboro-AAR Aircraft Services Greensboro
Schedule: Full-time
Overtime Status: Non-exempt

We are an equal opportunity employer. All qualified applicants will receive consideration for employment without regard to race, color, religion, sex, sexual orientation, gender identity, national origin, disability or veteran status."
AAR Corp,Warehouse Clerk,322269,"United States, Florida, Jacksonville",United States of America,,onsite,Mid,us_person,unknown,unknown,taleo,N/A,2026-06-16T21:36:25Z,https://aarcorp.taleo.net/careersection/2/jobdetail.ftl?job=322269,"Job Description - Warehouse Clerk (18362)
About Us: AAR Corp. (NYSE: AIR) is a global aerospace and defense aftermarket solutions company that employs more than 6,000 people across over 60 sites in over 20 countries. Headquartered in the Chicago, Illinois area, AAR supports commercial and government customers in more than 100 countries through four operating segments: Parts Supply, Integrated Solutions, Repair and Engineering and Expeditionary Services. AAR’s purpose is to empower people to build innovative aerospace solutions today so you can safely reach your destination tomorrow. The company’s mission is to go above and beyond to provide value-driven aerospace aftermarket solutions to meet the evolving needs of our customers worldwide. AAR constantly searches for the right thing to do for its customers, employees, partners and for society.
 
Warehouse Clerk - 18362

Description
 

Ensure that all inventory is properly categorized and accounted for. Receive inventory as needed and ensure that the entire shipment is unloaded.

What you will be responsible for: 

Unload incoming inventory from trucks.
Stock inventory onto shelf locations.
Pick inventory for shipment to customers or repair vendors.
Perform inventory cycle counts.
Research missing parts and report any discrepancies.
Operate forklift equipment.
All other duties as assigned.

Qualifications
 

What you will need to be successful in this role: 

High school diploma or General Education Degree (GED) required.
1 year of related experience and/or training is preferred.
This position requires compliance with International Traffic in Arms Regulations (ITAR). Candidates must be a U.S. Person as defined by ITAR (U.S. citizen, U.S. national, lawful permanent resident, or individual admitted as a refugee or granted asylum).

Physical Demands/Work Environment:

The physical demands and work environment characteristics described here are representative of those that must be met by an employee to successfully perform the essential functions of this job. Reasonable accommodations may be made to enable individuals with disabilities to perform the essential functions.

While performing the duties of this job, the employee may be regularly required to sit, stand, bend, reach and move about the facility.
The environmental characteristic for this position is a warehouse setting. Candidates should be able to adapt to a traditional warehouse environment.
Must be able to lift and carry up to  35 pounds and comply with OSHA standards.

The rewards of your career at AAR go far beyond just your salary: 

Comprehensive benefits package including medical, dental, and vision coverage.
401(k) retirement plan with company match
Generous paid time off program

#LI-DNI

Job: Warehouse
Primary Location: United States-Florida-Jacksonville
Schedule: Full-time
Overtime Status: Non-exempt

We are an equal opportunity employer. All qualified applicants will receive consideration for employment without regard to race, color, religion, sex, sexual orientation, gender identity, national origin, disability or veteran status."
AAR Corp,Digital Product Manager,322466,"United States, Illinois, Wood Dale",United States of America,,onsite,Manager,unknown,unknown,yes,taleo,N/A,2026-06-16T21:36:25Z,https://aarcorp.taleo.net/careersection/2/jobdetail.ftl?job=322466,"Job Description - Digital Product Manager (18375)
About Us: AAR Corp. (NYSE: AIR) is a global aerospace and defense aftermarket solutions company that employs more than 6,000 people across over 60 sites in over 20 countries. Headquartered in the Chicago, Illinois area, AAR supports commercial and government customers in more than 100 countries through four operating segments: Parts Supply, Integrated Solutions, Repair and Engineering and Expeditionary Services. AAR’s purpose is to empower people to build innovative aerospace solutions today so you can safely reach your destination tomorrow. The company’s mission is to go above and beyond to provide value-driven aerospace aftermarket solutions to meet the evolving needs of our customers worldwide. AAR constantly searches for the right thing to do for its customers, employees, partners and for society.
 
Digital Product Manager  - 18375

Description
 

We are seeking a Product Manager to support and evolve digital capabilities within a mid-size independent aviation MRO and parts organization. This role sits at the intersection of product line, sales, and operations partnering closely with business and technology teams to deliver scalable, reliable, and user-centric solutions. The ideal candidate is a systems-oriented product manager who thrives in a complex cross-business environment. The candidate should also be able to independently prioritize competing demands and be comfortable working with executive leadership, end-users, and cross-functional teams. Rather than owning a specific product, this role focuses on enabling internal business outcomes across multiple platforms.

This position is based at our Corporate Headquarters in Wood Dale, IL, with a planned relocation to the Merchandise Mart (Chicago) in early 2027.

What You Will Be Responsible For 

Own and evolve the product roadmap supporting sales and product line/OEM management teams to ensure near- and longer-term scalability and impact.
Translate business objectives into clear product requirements and prioritized backlogs.
Partner with development/engineering to define requirements, sequencing, and tradeoffs to ensure delivery aligns with business value and technical constraints.
Act as the primary product owner of multiple products, providing clear direction and acceptance criteria.
Serve as a connective layer between business stakeholders and technology teams to ensure end-to-end workflow alignment.
Collaborate with stakeholders to identify friction, rework, or manual steps in current processes and drive iterative improvements.
Ensure solutions support regulatory, contractual, and operational requirements common in the aviation parts supply market.
Facilitate effective planning rituals including roadmap reviews, backlog refinement, and sprint planning.
Develop clear business cases and measurable success metrics to support prioritization decisions and leadership visibility.
Communicate clearly with senior leaders on priorities risks, dependencies, and progress, escalating when needed and proposing actionable alternatives as problems arise.
Develop documentation, create training materials, and support change management efforts to ensure adoption by sales and product line owners.
Define track and report KPI-based success criteria, including return on investment, for new features to ensure value is sustained and increases over time.
 

Qualifications
 

What You Need to Be Successful in This Role:

3 to 5+ years of experience in product management, business systems, or related roles supporting commercial or operational workflows.
Demonstrated experience working across multiple stakeholder groups in a B2B environment.
Experience supporting legacy ERPs or revenue generating systems is strongly preferred.
Aviation, aerospace, manufacturing, distribution, or MRO experience is a plus but not required.
Strong ability to break down ambiguous problems and drive execution.
Comfortable operating in a fast-paced environment with competing priorities and imperfect information.
Data-informed decisionmaker with a bias toward action and incremental improvement.
Clear and concise communicator who can tailor messages for executives, technical teams, and end-user groups.
Proven ability to self-direct, anticipate dependencies, and proactively manage risks.

The rewards of your career at AAR go far beyond just your salary.

Competitive bonus package
Comprehensive benefits package including medical dental and vision coverage
401(k) retirement plan with company match
Generous paid time off program
Professional development and career advancement opportunities

Physical Demands and Work Environment
The physical demands and work environment characteristics described here are representative of those that must be met by an employee to successfully perform the essential functions of this job.

Reasonable accommodation may be made to enable individuals with disabilities to perform the essential functions.
While performing the duties of this job, the employee may be regularly required to sit, stand, bend, reach, and move about the facility.

The environmental characteristic for this position is an office setting.

 

Candidates should be able to adapt to a traditional business environment.
AAR provides accommodation in accordance with applicable laws through all stages of the hiring process. If you require accommodation for any part of the application or hiring process, please notify Human Resources.

Compensation
The anticipated salary range for this position is $89,928.34 to $131,755.48 annually. This range reflects the base salary for candidates who meet the requirements of the role including experience, education, and location. In addition to base pay, this role is eligible for a bonus.

#LI-MA1 #LI-ONSITE 

Job: Information Technology
Primary Location: United States-Illinois-Wood Dale
Schedule: Full-time
Overtime Status: Exempt

We are an equal opportunity employer. All qualified applicants will receive consideration for employment without regard to race, color, religion, sex, sexual orientation, gender identity, national origin, disability or veteran status."
AAR Corp,"Clerk, Shipping",322368,United States,United States of America,,onsite,Mid,unknown,unknown,unknown,taleo,N/A,2026-06-16T21:36:25Z,https://aarcorp.taleo.net/careersection/2/jobdetail.ftl?job=322368,"Job Description - Clerk, Shipping (18367)
About Us: AAR Corp. (NYSE: AIR) is a global aerospace and defense aftermarket solutions company that employs more than 6,000 people across over 60 sites in over 20 countries. Headquartered in the Chicago, Illinois area, AAR supports commercial and government customers in more than 100 countries through four operating segments: Parts Supply, Integrated Solutions, Repair and Engineering and Expeditionary Services. AAR’s purpose is to empower people to build innovative aerospace solutions today so you can safely reach your destination tomorrow. The company’s mission is to go above and beyond to provide value-driven aerospace aftermarket solutions to meet the evolving needs of our customers worldwide. AAR constantly searches for the right thing to do for its customers, employees, partners and for society.
 
Clerk, Shipping - 18367

Description
 
SUMMARY Verifies and keeps records on outgoing shipments and prepares items for shipment by performing the following duties. ESSENTIAL DUTIES AND RESPONSIBILITIES - Process customer orders utilizing various types of equipment, such as Fed-Ex and UPS Computer terminals. - Follow specific work instructions for packing materials in compliance with customer requirements - Receive necessary amount of HAZ/MAT training hours - Assist in warehouse operations. - Monitor missing, lost and misplaced inventory. - All other duties as assigned. CORE COMPETENCIES: Commitment to company values and ethics Dependability: personally responsible, completes work in a timely manner, and performs tasks accurately Motivation: must maintain a positive attitude and strong work energy Teamwork: works harmoniously with others to get a job done, responds positively to instructions/procedures, and works well with others Initiative: plans work and carries out tasks without detailed instructions, prepares for problems or opportunities in advance, undertakes additional responsibilities

Qualifications
 

QUALIFICATIONS To perform this job successfully, an individual must be able to perform each essential duty satisfactorily. The requirements listed below are representative of the knowledge, skill, and/or ability required. Ability to obtain forklift certificate and drive with safety precautions Computer keypunch experience Previous shipping experience (FedEx and UPS) a plus EDUCATION and/or EXPERIENCE High school diploma or general education degree (GED) required. Must have a minimum of one to three months related experience and/or training. PHYSICAL DEMANDS/WORK ENVIRONMENT The physical demands and work environment characteristics described here are representative of those that must be met by an employee to successfully perform the essential functions of this job. Reasonable accommodations may be made to enable individuals with disabilities to perform the essential functions. While performing the duties of this job, the employee may be regularly required to sit, stand, bend, reach and move about the facility. The environmental characteristic for this position is a warehouse setting. Candidates should be able to adapt to a traditional warehouse environment. - Must be able to lift and carry up to 75 pounds and comply with OSHA standards 

 

 

#LI-CG1

Job: Operations
Primary Location: United States
Schedule: Full-time
Overtime Status: Non-exempt

We are an equal opportunity employer. All qualified applicants will receive consideration for employment without regard to race, color, religion, sex, sexual orientation, gender identity, national origin, disability or veteran status."
AAR Corp,"xCelle Americas - Clerk, Material Control III",322446,"United States, Arkansas, Hot Springs",United States of America,,onsite,Mid,unknown,unknown,unknown,taleo,N/A,2026-06-16T21:36:25Z,https://aarcorp.taleo.net/careersection/2/jobdetail.ftl?job=322446,"Job Description - xCelle Americas - Clerk, Material Control III (18374)
About Us: AAR Corp. (NYSE: AIR) is a global aerospace and defense aftermarket solutions company that employs more than 6,000 people across over 60 sites in over 20 countries. Headquartered in the Chicago, Illinois area, AAR supports commercial and government customers in more than 100 countries through four operating segments: Parts Supply, Integrated Solutions, Repair and Engineering and Expeditionary Services. AAR’s purpose is to empower people to build innovative aerospace solutions today so you can safely reach your destination tomorrow. The company’s mission is to go above and beyond to provide value-driven aerospace aftermarket solutions to meet the evolving needs of our customers worldwide. AAR constantly searches for the right thing to do for its customers, employees, partners and for society.
 
xCelle Americas - Clerk, Material Control III - 18374

Description
 

The Stock Room Clerk is responsible for receiving, inspecting, storing, issuing, and tracking inventory, consumables, and related materials in support of daily operations. This role is vital in ensuring inventory accuracy, material traceability, and compliance with aviation regulatory requirements while supporting production schedules and operational efficiency.

Essential Duties and Responsibilities

1.    Know and understand company / department policies and safety procedures.

2.    Receive incoming materials, parts, tooling, and consumables from suppliers and internal departments.

3.    Verify shipments against purchase orders, packing slips, and certifications.

4.    Inspect packaging and materials for visible damage, discrepancies, non-conformance, or suspect parts.

5.    Ensure all parts and materials are properly identified, labeled, and stored in designated locations.

6.    Maintain accurate inventory transactions and inventory locations in company ERP system.

7.    Pick, issue, and deliver parts, hardware, and consumables to production teams according to repair requirements.

8.    Perform cycle counts, physical inventories, and inventory reconciliation activities.

9.    Assist with investigations of inventory discrepancies and material shortages.

10.  Monitor shelf-life controlled materials and ensure proper rotation of stock (FIFO/FEFO).

11.  Maintain traceability records for aerospace components, including certificates of conformity, airworthiness documentation, and batch / lot control on LAN.

12.  Maintain clean, organized, and audit-ready stockroom conditions.

13.  Support shipping, packaging, and internal logistics activities as needed.

14.  Follow all company safety procedures, quality standards, and regulatory compliance requirements as defined in RSQM.

15.  Other duties as needed or assigned.

Qualifications
 

Qualifications: To perform this job successfully, an individual must be able to perform each essential duty satisfactorily. The requirements listed below are representative of the knowledge, skill, and/or ability required.

Education and/or Experience: High School Diploma (or GED or High School Equivalence) and 2 years of stockroom/supply chain experience preferred.         

Skills and Abilities:

Q  Speaking - Talking to others to convey information effectively.

Q  Read and interpret documents such as standard operating procedures, work orders, regulatory documents.

Q  Active Listening - Giving full attention to what other people are saying, taking time to understand the points being made, asking questions as appropriate, and not interrupting at inappropriate times.

Q  Active Learning - Understanding the implications of new information for both current and future problem-solving and decision-making.

Q  Mathematics - Using mathematics to solve problems.

Q  Critical Thinking - Using logic and reasoning to identify the strengths and weaknesses of alternative solutions, conclusions or approaches to problems.

Q  Oral Comprehension - The ability to listen to and understand information and ideas presented through spoken words and sentences.

Q  Speak effectively before groups of customers or employees

Q  Problem Sensitivity - The ability to tell when something is wrong or is likely to go wrong. It does not involve solving the problem, only recognizing there is a problem.

Q  Deductive Reasoning - The ability to apply general rules to specific problems to produce answers that make sense.

Q  Trend Analysis – ability to understand data trends and basic statistical analysis.                                                                                                               

Physical Demands The physical demands described here are representative of those that must be met by an employee to successfully perform the essential functions of this job. While performing the duties of this Job, the employee is regularly required to stand; walk; use hands to finger, handle, or feel; reach with hands and arms and talk or hear. The employee is frequently required to stoop, kneel, crouch, or crawl. The employee is occasionally required to sit; climb or balance and taste or smell. The employee must regularly lift and /or move up to 30 pounds, frequently lift and/or move up to 50 pounds and occasionally lift and/or move more than 100 pounds. 

Work Environment The work environment characteristics described here are representative of those an employee encounters while performing the essential functions of this job. Reasonable accommodations may be made to enable individuals with disabilities to perform the essential functions. Must be able to work in a non-climate controlled industrial environment.

The schedule of work hours are dictated by workload, production flow, and customer service needs. 

Work hours may include additional hours beyond a normally scheduled work week. 

 

Job: Warehouse
Primary Location: United States-Arkansas-Hot Springs-Triumph Airborne Structures
Schedule: Full-time
Overtime Status: Non-exempt

We are an equal opportunity employer. All qualified applicants will receive consideration for employment without regard to race, color, religion, sex, sexual orientation, gender identity, national origin, disability or veteran status."
AAR Corp,"Swing Shift Alternate Lead, Composite Repa",310821,"United States, Oklahoma, Oklahoma City",United States of America,,onsite,Lead,unknown,unknown,unknown,taleo,N/A,2026-06-16T21:36:25Z,https://aarcorp.taleo.net/careersection/2/jobdetail.ftl?job=310821,"Job Description - Swing Shift Alternate Lead, Composite Repa (17399)
About Us: AAR Corp. (NYSE: AIR) is a global aerospace and defense aftermarket solutions company that employs more than 6,000 people across over 60 sites in over 20 countries. Headquartered in the Chicago, Illinois area, AAR supports commercial and government customers in more than 100 countries through four operating segments: Parts Supply, Integrated Solutions, Repair and Engineering and Expeditionary Services. AAR’s purpose is to empower people to build innovative aerospace solutions today so you can safely reach your destination tomorrow. The company’s mission is to go above and beyond to provide value-driven aerospace aftermarket solutions to meet the evolving needs of our customers worldwide. AAR constantly searches for the right thing to do for its customers, employees, partners and for society.
 
Swing Shift Alternate Lead, Composite Repa - 17399

Description
 
Position Overview

The Swing shift Composite Alternate Lead Mechanic steps in as a leader when the primary Lead is unavailable, ensuring all repairs, modifications, and tasks are completed efficiently and accurately. The role requires FAA A&P certification and a strong technical background in aviation maintenance.

Essential Duties & Responsibilities
Perform hot and cold bond repairs as per Aircraft SRMs, EAs, or other approved documentation.
Identify damaged components and select appropriate repair techniques and materials.
Conduct tasks such as sanding, trimming, priming, and fitting repairs to parts.
Follow repair sequences, complete necessary documentation, and observe safety protocols.
Maintain a clean work environment and ensure compliance with all safety procedures.
Record work hours and document all work accomplished daily.
Take on additional tasks as assigned by supervisors.
Core Competencies
Leadership: Acts as a technical resource and guides the team effectively.
Financial Acumen: Understands resource and cost management.
Strategic Planning: Identifies and implements efficient repair strategies.
Safety Advocacy: Ensures adherence to safety standards.
Coaching & Mentoring: Builds partnerships and fosters a collaborative work environment.

Qualifications
 
Qualifications
Experience: Minimum 3 years of aviation maintenance experience.
Certifications: FAA Airframe and Powerplant (A&P) required.
Knowledge: Familiar with FAA regulations (14 CFR) and composite repair techniques.
Language Skills: Fluent in English (spoken, written, reading).
Education & Experience
High school diploma or GED required.
Supervisory Responsibilities
Demonstrated leadership ability with reliability, initiative, and strong decision-making skills.
Proficient in time management and handling multiple priorities under pressure.
Physical Demands
Constant: Standing, walking, lifting up to 10 lbs., wrist movements, working in varied environmental weather conditions.
Frequent: Lifting up to 40 lbs., climbing, stooping, squatting, working in confined spaces or overhead positions.
Occasional: Lifting up to 50 lbs., operating equipment, working in wet conditions, and elevated heights.
Work Environment

The role involves challenging physical demands, including working at elevated heights, in confined spaces, and in varying environmental conditions.

Job: Technical
Primary Location: United States-Oklahoma-Oklahoma City-Oklahoma City - Aircraft Services
Schedule: Full-time
Overtime Status: Non-exempt

We are an equal opportunity employer. All qualified applicants will receive consideration for employment without regard to race, color, religion, sex, sexual orientation, gender identity, national origin, disability or veteran status."
AAR Corp,"Administrator, IT Applications",322167,"United States, Illinois, Rockford",United States of America,,onsite,Mid,us_person,unknown,unknown,taleo,N/A,2026-06-16T21:36:25Z,https://aarcorp.taleo.net/careersection/2/jobdetail.ftl?job=322167,"Job Description - Administrator, IT Applications (18349)
About Us: AAR Corp. (NYSE: AIR) is a global aerospace and defense aftermarket solutions company that employs more than 6,000 people across over 60 sites in over 20 countries. Headquartered in the Chicago, Illinois area, AAR supports commercial and government customers in more than 100 countries through four operating segments: Parts Supply, Integrated Solutions, Repair and Engineering and Expeditionary Services. AAR’s purpose is to empower people to build innovative aerospace solutions today so you can safely reach your destination tomorrow. The company’s mission is to go above and beyond to provide value-driven aerospace aftermarket solutions to meet the evolving needs of our customers worldwide. AAR constantly searches for the right thing to do for its customers, employees, partners and for society.
 
Administrator, IT Applications - 18349

Description
 

The IT Applications Administrator is primarily responsible for working with internal customers on application and existing work process issues, along with new process development initiatives. 

What you will be responsible for:

Provide Tier 1 and 2 phone, email and chat-based support for users for various systems, including e-mail, LAN/WAN, user account administration, Active Directory, Virtualization system, standard desktop images and applications, etc.

Ensures backup, recovery, and data restoration for customers during upgrades or when a problem with the system is diagnosed

Work with internal customers to identify issues and provide timely resolutions

Consistently communicating with customers and team members

Review and resolve server and networking issues

Provide technical assistance to end users for various programs

Automate redundant tasks and improve processes

Escalate issues when necessary

Collaborate with other IT professionals on intradepartmental projects.

Perform other duties as assigned

Qualifications
 

What you will need to be successful in this role:

Associates degree plus four years of experience in a similar role; or equivalent combination of education and experience

Preferred Bachelor of Arts/Bachelor of Science degree in related field

Minimum of two years' experience in internal customer and end user support roles

Minimum of two years' experience in software application administration or development

Proficient with technology (hardware, software, terminal services)

Intermediate presentation, publishing and reporting skills in MS applications including MS Project, Excel, PowerPoint, Word

Strong IT customer service skills for supporting end user application issues

Experience with Technical Publication content management systems, Trax MRO ERP software, and ITAR EASE a plus

 

 

The rewards of your career at AAR go far beyond just your salary:

 

Competitive salary

Comprehensive benefits package including medical, dental, and vision coverage.

401(k) retirement plan with company match

Generous paid time off program

Professional development and career advancement opportunities

Physical Demands/Work Environment:

The physical demands and work environment characteristics described here are representative of those that must be met by an employee to successfully perform the essential functions of this job.

Reasonable accommodations may be made to enable individuals with disabilities to perform the essential functions.

While performing the duties of this job, the employee may be regularly required to sit, stand, bend, reach and move about the facility.

The environmental characteristic for this position is an office setting.

Candidates should be able to adapt to a traditional business environment.

AAR provides accommodation in accordance with applicable laws through all stages of the hiring process. If you require accommodation for any part of the application and/or hiring process, please advise Human Resources.

Compensation:

The anticipated salary range for this position is $48,000 to $58,000 annually. This range reflects the base salary for candidates who meet the requirements of the role, including experience, education, and location. AAR offers a competitive benefits package, including medical/dental/vision/life/and AD&D insurance, 401(k) savings plan with employer match, paid time off and holiday pay, as well as opportunities for professional development and growth.

#LI_SA2

Job: Information Technology
Primary Location: United States-Illinois-Rockford
Schedule: Full-time
Overtime Status: Exempt

We are an equal opportunity employer. All qualified applicants will receive consideration for employment without regard to race, color, religion, sex, sexual orientation, gender identity, national origin, disability or veteran status."
AAR Corp,"Supervisor, Quality",321807,"United States, Illinois, Rockford",United States of America,,onsite,Mid,unknown,unknown,unknown,taleo,N/A,2026-06-16T21:36:25Z,https://aarcorp.taleo.net/careersection/2/jobdetail.ftl?job=321807,"Job Description - Supervisor, Quality (18311)
About Us: AAR Corp. (NYSE: AIR) is a global aerospace and defense aftermarket solutions company that employs more than 6,000 people across over 60 sites in over 20 countries. Headquartered in the Chicago, Illinois area, AAR supports commercial and government customers in more than 100 countries through four operating segments: Parts Supply, Integrated Solutions, Repair and Engineering and Expeditionary Services. AAR’s purpose is to empower people to build innovative aerospace solutions today so you can safely reach your destination tomorrow. The company’s mission is to go above and beyond to provide value-driven aerospace aftermarket solutions to meet the evolving needs of our customers worldwide. AAR constantly searches for the right thing to do for its customers, employees, partners and for society.
 
Supervisor, Quality - 18311

Description
 

Quality Supervisor. Responsible for the supervision of the Inspection Department employees and the operations on his/her shift. Additionally, the Quality Control Supervisor is responsible for performing assigned inspections on civil aviation articles in accordance with technical data provided by the manufacturers for continued airworthiness, service bulletins, service letters, airworthiness directives, government, and industry standard practices.

What you will be responsible for: 

Supervise all Inspection personnel and operations on shift.
Assure that established policy, rules, regulations, and procedures are followed.
Meets with vendors, customers, quality representatives, and company personnel to discuss and resolve quality problems as required.
Prepares for and represents the company during all customer on-site audits.
Suggests alternative methods and procedures for solving problems and meeting changing market opportunities.
Reviews technical problems and procedures of departments and recommends solutions to problems or changes in procedures.
Assist On-Site Team Leader in reviewing and updating department standards.
All other duties as assigned.
 

Qualifications
 

What you will need to be successful in this role: 

FAA Airframe & Powerplant License required.
5+ years aviation experience required; 2+ years in a leadership role required; 3+ years QC experience required.
In-depth knowledge and prior experience with FAR Part 121 or Part 145.

The rewards of your career at AAR go far beyond just your salary: 

Competitive salary and bonus package
Comprehensive benefits package including medical, dental, and vision coverage.
401(k) retirement plan with company match
Generous paid time off program
Professional development and career advancement opportunities

Physical Demands/Work Environment:
The physical demands and work environment characteristics described here are representative of those that must be met by an employee to successfully perform the essential functions of this job.

Reasonable accommodations may be made to enable individuals with disabilities to perform the essential functions.
While performing the duties of this job, the employee may be regularly required to sit, stand, bend, reach and move about the facility.
The environmental characteristic for this position is an office setting.

Candidates should be able to adapt to a traditional business environment.

 


AAR provides accommodation in accordance with applicable laws through all stages of the hiring process. If you require accommodation for any part of the application and/or hiring process, please advise Human Resources.

Compensation: 
The anticipated salary range for this position is $38 to $47 hourly. This range reflects the base pay for candidates who meet the requirements of the role, including experience, education, and location. AAR offers a competitive benefits package, including medical/dental/vision/life/and AD&D insurance, 401(k) savings plan with employer match, paid time off and holiday pay, as well as opportunities for professional development and growth.

#LI-SA2
 

Job: Operations
Primary Location: United States-Illinois-Rockford
Schedule: Full-time
Overtime Status: Exempt

We are an equal opportunity employer. All qualified applicants will receive consideration for employment without regard to race, color, religion, sex, sexual orientation, gender identity, national origin, disability or veteran status."
AAR Corp,F-16 Avionics or Electrical / Environmental Technician III,322087,"United States, South Dakota, Sioux Falls",United States of America,,onsite,Mid,us_person,Secret,unknown,taleo,N/A,2026-06-16T21:36:25Z,https://aarcorp.taleo.net/careersection/2/jobdetail.ftl?job=322087,"Job Description - F-16 Avionics or Electrical / Environmental Technician III (18345)
About Us: AAR Corp. (NYSE: AIR) is a global aerospace and defense aftermarket solutions company that employs more than 6,000 people across over 60 sites in over 20 countries. Headquartered in the Chicago, Illinois area, AAR supports commercial and government customers in more than 100 countries through four operating segments: Parts Supply, Integrated Solutions, Repair and Engineering and Expeditionary Services. AAR’s purpose is to empower people to build innovative aerospace solutions today so you can safely reach your destination tomorrow. The company’s mission is to go above and beyond to provide value-driven aerospace aftermarket solutions to meet the evolving needs of our customers worldwide. AAR constantly searches for the right thing to do for its customers, employees, partners and for society.
 
F-16 Avionics or Electrical / Environmental Technician III - 18345

Description
 

Responsible for depot-level modification, upgrade, & test of aircraft sub-systems, ensuring airworthiness. Duties include, but are not limited to, inspecting, testing, modifying, and repairing avionic as well as other electrical systems/sub-systems.  Examples include radar, radio, navigation, and aircraft power systems/sub-systems.

What you will be responsible for:

Modifies, upgrades, inspects, tests, adjusts, and repairs aircraft avionic and electrical systems, such as aircraft installed radar, radio, navigation, and power systems using hand tools and test equipment
Inspects components of avionic and electrical systems and equipment for defects, such as loose connections and frayed wire, and for accuracy of assembly and installation
Tests avionic and electrical systems under simulated or actual operating conditions to determine performance and airworthiness, using test equipment, such as oscilloscopes, digital meters and counters, and circuit analyzers
Using hand tools, adjusts, repairs, and/or replaces defective components based on analysis of test results, following blueprints, schematics, handbooks, and other technical documents
When required, calibrates installed, modified, or repaired systems and/or equipment to prescribed specifications
When required, operates ground servicing equipment to operationally test, inspect, and verify functionality and air worthiness of avionic and other electrical systems
When required, assist in fabricating wiring harnesses
Accurately document all required U.S. Government and program forms and documents, including electronic records 
Must effectively interact with program and customer representatives as well as on-site business or military representatives
Perform other duties as assigned

Qualifications
 

What you will need to be successful in this role:  

Must meet one of the following requirements:
A Bachelor's degree plus 3 years of related experience in avionics or electro-environmental maintenance.
An Associate's degree plus 4 years of related experience in avionics or electro-environmental maintenance.
High School Diploma plus 8 years of related experience in avionics or electro-environmental maintenance or achieved a 7 Level in the specialty.
F-16 or F-15 experience are strongly preferred, but other fighter jet experience may be considered.
At least a 7 Skill Level or equivalent is strongly preferred.
5th generation aircraft experience is a plus.
Microsoft Office Suite skills are preferred.
Ability to obtain and maintain a Secret Clearance is required. 

The rewards of your career at AAR go far beyond just your salary:  

Competitive pay
Comprehensive benefits package including medical, dental, and vision coverage.
401(k) retirement plan with company match
Generous paid time off program
Professional development and career advancement opportunities

Physical Demands/Work Environment:

Must be able to lift and carry parts, tooling, and other awkward items sometimes weighing greater than 50 lbs, including walking up and down stairs, aircraft maintenance stands, and platforms
Requires intermittent standing, walking, sitting, squatting, stretching, and bending throughout the workday
Must be able to see and hear or use prosthetics that will enable these senses to function adequately to assure that the requirements of this position can be fully met.
The standard schedule is Monday through Friday, 40 hours a week.  Must be able to work 1st or 2nd shift. Overtime may be required as necessary to meet the mission.

#LI-VR1   #LI-Onsite

Job: Defense
Primary Location: United States-South Dakota-Sioux Falls
Schedule: Full-time
Overtime Status: Non-exempt

We are an equal opportunity employer. All qualified applicants will receive consideration for employment without regard to race, color, religion, sex, sexual orientation, gender identity, national origin, disability or veteran status."
AAR Corp,Buyer,321806,"United States, Florida, Miami",United States of America,,onsite,Mid,unknown,unknown,unknown,taleo,N/A,2026-06-16T21:36:25Z,https://aarcorp.taleo.net/careersection/2/jobdetail.ftl?job=321806,"Job Description - Buyer (18312)
About Us: AAR Corp. (NYSE: AIR) is a global aerospace and defense aftermarket solutions company that employs more than 6,000 people across over 60 sites in over 20 countries. Headquartered in the Chicago, Illinois area, AAR supports commercial and government customers in more than 100 countries through four operating segments: Parts Supply, Integrated Solutions, Repair and Engineering and Expeditionary Services. AAR’s purpose is to empower people to build innovative aerospace solutions today so you can safely reach your destination tomorrow. The company’s mission is to go above and beyond to provide value-driven aerospace aftermarket solutions to meet the evolving needs of our customers worldwide. AAR constantly searches for the right thing to do for its customers, employees, partners and for society.
 
Buyer - 18312

Description
 

Will ensure that AAR is receiving the best overall price and continues to build strong relationships with the company's vendors.

What you will be responsible for:

Check requisitions as necessary for any inbound part.
Develop a strong relationship with all vendors and ensure that AAR is getting the best possible price.
Get quotes on goods, services, and parts to determine if AAR is receiving the best possible price.
Solicit bids, analyze those quotes, and recommend to Management who is the best overall vendor, looking at price, reputations, etc.
Travel may be required.
Full knowledge of AAR policies and procedures.

Experience with:

All paperwork related and necessary of the parts and ensure that it meets AARs quality requirement.
Expedites and monitors materials shipments from freight forwarders and suppliers to ensure prompt delivery
Liaise and provide prompt feedback with internal and external customers in a timely manner
Follow Up and coordinate all material discrepancies and payment issues with vendor, product lines and accounts payable.
All other duties as assigned.

Qualifications
 

What you need to be successful in this role: 

Bachelor of Arts degree (B.A.) or Bachelor of Science degree (B.S.) from four-year college or university; or eight years related experience and/or training; or equivalent combination of education and experience.
Emphasis in Logistic and Supply Chain Management or Business Administration preferred Aviation experience preferred
PC literate (Word, Excel, Access)

The rewards of your career at AAR go far beyond just your salary: 

Competitive salary and bonus package
Comprehensive benefits package including medical, dental, and vision coverage.
401(k) retirement plan with company match
Generous paid time off program
Professional development and career advancement opportunities

PHYSICAL DEMANDS/WORK ENVIRONMENT:

The physical demands and work environment characteristics described here are representative of those that must be met by an employee to successfully perform the essential functions of this job. Reasonable accommodations may be made to enable individuals with disabilities to perform the essential functions.

While performing the duties of this job, the employee may be regularly required to sit, stand, bend, reach and move about the facility.
The environmental characteristic for this position is an office setting.
Candidates should be able to adapt to a traditional business environment.

#LI-MA1 #LI-ONSITE  

Job: Operations
Primary Location: United States-Florida-Miami-Miami- Aircraft Services
Schedule: Full-time
Overtime Status: Exempt

We are an equal opportunity employer. All qualified applicants will receive consideration for employment without regard to race, color, religion, sex, sexual orientation, gender identity, national origin, disability or veteran status."
AAR Corp,Sr. Accountant,321446,"United States, Illinois, Wood Dale",United States of America,,onsite,Senior,unknown,unknown,yes,taleo,N/A,2026-06-16T21:36:25Z,https://aarcorp.taleo.net/careersection/2/jobdetail.ftl?job=321446,"Job Description - Sr. Accountant (18277)
About Us: AAR Corp. (NYSE: AIR) is a global aerospace and defense aftermarket solutions company that employs more than 6,000 people across over 60 sites in over 20 countries. Headquartered in the Chicago, Illinois area, AAR supports commercial and government customers in more than 100 countries through four operating segments: Parts Supply, Integrated Solutions, Repair and Engineering and Expeditionary Services. AAR’s purpose is to empower people to build innovative aerospace solutions today so you can safely reach your destination tomorrow. The company’s mission is to go above and beyond to provide value-driven aerospace aftermarket solutions to meet the evolving needs of our customers worldwide. AAR constantly searches for the right thing to do for its customers, employees, partners and for society.
 
Sr. Accountant - 18277

Description
 

Supports a wide scope of accounting processes, including Inventory, Accounts Payable, Fixed Assets, Accounts Receivable, Prepaids, Accruals, and Intercompany/general reconciliations.

This position is based at our Corporate Headquarters in Wood Dale, IL, with a planned relocation to the Merchandise Mart (Chicago) in early 2027.

What you will be responsible for:

Maintains the accuracy of the perpetual inventory system and the reconciliation to the general ledger accounts. 
Responsible for reviewing interface transactions and adjustments from various ERP systems into Infor Lawson.
Responsible for preparation of journal entries, account reconciliations and account variance analysis.
Provides transactional processing support to the department for routine transactions, such as accounts receivables/ billing/invoicing, GL.
Assists management with deliverables to Corporate and external auditors on a quarterly and annual basis.
All other duties as assigned.

Qualifications
 

What you will need to be successful in this role: 

Bachelor of Arts degree (B.A.) or Bachelor of Science degree (B.S.) from four-year college or university; or eight years related experience and/or training; or equivalent combination of education and experience. 
2 - 4 years of previous experience in a corporate accounting environment.

The rewards of your career at AAR go far beyond just your salary:

The rewards of your career at AAR go far beyond just your salary:
Competitive salary and bonus package
Comprehensive benefits package including medical, dental, and vision coverage.
401(k) retirement plan with company match
Generous paid time off program
Professional development and career advancement opportunities

Physical Demands/Work Environment:
The physical demands and work environment characteristics described here are representative of those that must be met by an employee to successfully perform the essential functions of this job.

Reasonable accommodations may be made to enable individuals with disabilities to perform the essential functions.
While performing the duties of this job, the employee may be regularly required to sit, stand, bend, reach and move about the facility.
The environmental characteristic for this position is an office setting.
Candidates should be able to adapt to a traditional business environment.

AAR provides accommodation in accordance with applicable laws through all stages of the hiring process. If you require accommodation for any part of the application and/or hiring process, please advise Human Resources.

 

Compensation:
The anticipated salary range for this position is $75,000 to $85,000 annually. This range reflects the base salary for candidates who meet the requirements of the role, including experience, education, and location. In addition to base pay, this role is eligible for a bonus. AAR offers a competitive benefits package, including medical/dental/vision/life/and AD&D insurance, 401(k) savings plan with employer match, paid time off and holiday pay, as well as opportunities for professional development and growth.

#LI-MA1 #LI-ONSITE

Job: Finance
Primary Location: United States-Illinois-Wood Dale
Schedule: Full-time
Overtime Status: Exempt

We are an equal opportunity employer. All qualified applicants will receive consideration for employment without regard to race, color, religion, sex, sexual orientation, gender identity, national origin, disability or veteran status."
AAR Corp,Material Handler,322166,Multiple Locations,United States of America,,onsite,Mid,us_person,unknown,unknown,taleo,N/A,2026-06-16T21:36:25Z,https://aarcorp.taleo.net/careersection/2/jobdetail.ftl?job=322166,"Job Description - Material Handler (18348)
About Us: AAR Corp. (NYSE: AIR) is a global aerospace and defense aftermarket solutions company that employs more than 6,000 people across over 60 sites in over 20 countries. Headquartered in the Chicago, Illinois area, AAR supports commercial and government customers in more than 100 countries through four operating segments: Parts Supply, Integrated Solutions, Repair and Engineering and Expeditionary Services. AAR’s purpose is to empower people to build innovative aerospace solutions today so you can safely reach your destination tomorrow. The company’s mission is to go above and beyond to provide value-driven aerospace aftermarket solutions to meet the evolving needs of our customers worldwide. AAR constantly searches for the right thing to do for its customers, employees, partners and for society.
 
Material Handler - 18348

Description
 

Description:
The material handler is responsible for the picking, delivery and inventory management of parts and materials within an aircraft hangar environment.

What you will be responsible for:
•    Pick materials per picking assignments generated by customer orders.
•    Deliver materials to assigned customers via forklift and or motorized cart.
•    Assign materials to locations in hangars and associated aircraft.
•    Operate forklift to move materials.
•    Un-load trucks and count receipts for accuracy Inventory materials.
•    Report damage upon receipts.
•    Other duties as assigned
 

Qualifications
 

What you need to be successful in this role:
•    This position requires compliance with International Traffic in Arms Regulations (ITAR). Candidates must be a U.S. Person as defined by ITAR (U.S. citizen, U.S. national, lawful permanent resident, or individual admitted as a refugee or granted asylum).
•    High school diploma or general education degree GED required.
•    Two years warehouse shipping, receiving or inventory picking experience preferred.
•    Must possess computer skills and be able to work with minimal supervision.
•    Familiarity with warehousing and supply chain management programs preferred
•    Able to communicate effectively verbally in writing in standard English.

The rewards of your career at AAR go far beyond just your salary:
•    Competitive salary and bonus package.
•    Comprehensive benefits package including medical, dental, and vision coverage.
•    401(k) retirement plan with company match.
•    Generous paid time off program.
•    Professional development and career advancement opportunities

Physical Demands/Work Environment:
•    The physical demands and work environment characteristics described here are representative of those that must be met by an employee to successfully perform the essential functions of this job.
•    Reasonable accommodations may be made to enable individuals with disabilities to perform the essential functions.
•    While performing the duties of this job, the employee may be regularly required to sit, stand, bend, reach, bend, twist, lift, and move about the facility.
•    Must be able to lift and carry up to 75 pounds and comply with OSHA standards
•    The employee frequently is required to reach with hands and arms.
•    The environmental characteristic for this position is a warehouse setting.

AAR provides accommodation in accordance with applicable laws through all stages of the hiring process. If you require accommodation for any part of the application and/or hiring process, please advise Human Resources.
 

Job: Operations
Primary Location: United States-North Carolina-Greensboro-AAR Aircraft Services Greensboro
Other Locations: United States
Schedule: Full-time
Overtime Status: Non-exempt

We are an equal opportunity employer. All qualified applicants will receive consideration for employment without regard to race, color, religion, sex, sexual orientation, gender identity, national origin, disability or veteran status."
AAR Corp,"Technician I, R&E",322107,Multiple Locations,United States of America,,onsite,Mid,us_person,unknown,unknown,taleo,N/A,2026-06-16T21:36:25Z,https://aarcorp.taleo.net/careersection/2/jobdetail.ftl?job=322107,"Job Description - Technician I, R&E (18344)
About Us: AAR Corp. (NYSE: AIR) is a global aerospace and defense aftermarket solutions company that employs more than 6,000 people across over 60 sites in over 20 countries. Headquartered in the Chicago, Illinois area, AAR supports commercial and government customers in more than 100 countries through four operating segments: Parts Supply, Integrated Solutions, Repair and Engineering and Expeditionary Services. AAR’s purpose is to empower people to build innovative aerospace solutions today so you can safely reach your destination tomorrow. The company’s mission is to go above and beyond to provide value-driven aerospace aftermarket solutions to meet the evolving needs of our customers worldwide. AAR constantly searches for the right thing to do for its customers, employees, partners and for society.
 
Technician I, R&E - 18344

Description
 

Description:
Technician I, R/E is responsible for effectively performing R&E routine work associated with heavy aircraft A, B, C and D checks.

What you will be responsible for:
•    Detailed knowledge of aircraft avionics and electrical systems. 
•    Understand engineering methodology for systems installations. 
•    Demonstrated proficiency in performing avionics and electrical modifications with little supervision.
•    All other duties as assigned.
 

Qualifications
 

What you will need to be successful in this role:
•    This position requires compliance with International Traffic in Arms Regulations (ITAR). Candidates must be a U.S. Person as defined by ITAR (U.S. citizen, U.S. national, lawful permanent resident, or individual admitted as a refugee or granted asylum).
•    High school diploma or general education degree GED required.
•    Must have an A&P, FCC license or repairman certificate.
•    Knowledge of FAA regulations including 14 CFR.
•    Minimum three (3) years previous experience required.
•    Fluent in English (speech, reading, writing)

The rewards of your career at AAR go far beyond just your salary:
•    Competitive salary and bonus package.
•    Comprehensive benefits package including medical, dental, and vision coverage.
•    401(k) retirement plan with company match.
•    Generous paid time off program.
•    Professional development and career advancement opportunities

Physical Demands/Work Environment:
•    The physical demands and work environment characteristics described here are representative of those that must be met by an employee to successfully perform the essential functions of this job.
•    Reasonable accommodations may be made to enable individuals with disabilities to perform the essential functions.
•    While performing the duties of this job, the employee may be regularly required to sit, stand, bend, reach and move about the facility.
•    Ability to use required safety equipment for the handling of hazardous materials.

AAR provides accommodation in accordance with applicable laws through all stages of the hiring process. If you require accommodation for any part of the application and/or hiring process, please advise Human Resources.
 

Job: Operations
Primary Location: United States-North Carolina-Greensboro-AAR Aircraft Services Greensboro
Other Locations: United States
Schedule: Full-time
Overtime Status: Non-exempt

We are an equal opportunity employer. All qualified applicants will receive consideration for employment without regard to race, color, religion, sex, sexual orientation, gender identity, national origin, disability or veteran status."
AAR Corp,Machinist II,322126,"United States, Texas, Grand Prairie",United States of America,,onsite,Mid,unknown,unknown,unknown,taleo,N/A,2026-06-16T21:36:25Z,https://aarcorp.taleo.net/careersection/2/jobdetail.ftl?job=322126,"Job Description - Machinist II (18343)
About Us: AAR Corp. (NYSE: AIR) is a global aerospace and defense aftermarket solutions company that employs more than 6,000 people across over 60 sites in over 20 countries. Headquartered in the Chicago, Illinois area, AAR supports commercial and government customers in more than 100 countries through four operating segments: Parts Supply, Integrated Solutions, Repair and Engineering and Expeditionary Services. AAR’s purpose is to empower people to build innovative aerospace solutions today so you can safely reach your destination tomorrow. The company’s mission is to go above and beyond to provide value-driven aerospace aftermarket solutions to meet the evolving needs of our customers worldwide. AAR constantly searches for the right thing to do for its customers, employees, partners and for society.
 
Machinist II - 18343

Description
 

*READ FULL JOB DESCRIPTION BEFORE YOU APPLY

*DO NOT APPLY FOR MULTIPLE POSITIONS*

SUMMARY:

A Machinist's job involves operating manual and computer-controlled machine tools to produce precision metal and plastic parts, often using blueprints, sketches, or CAD/CAM files. Previous CNC Machine Experience is required. They set up, operate, and maintain various machines like lathes, milling machines, and grinders, ensuring the parts meet specific requirements. Machinists also inspect finished parts for quality and accuracy, using precision instruments. This is not a CNC Operator position.

ESSENTIAL DUTIES AND RESPONSIBILITIES

Setting up and operating machine tools 
Producing Precision Parts.
Interpreting technical drawings. 
Maintaining machine tools. 
Manual Machine experience
Problem Solving. 
All other duties as assigned. 

CORE COMPETENCIES

Commitment to company values and ethics 
Dependability: personally responsible, completes work in a timely manner, and performs tasks accurately
Motivation: must maintain a positive attitude and strong work energy
Communication: excellent interpersonal and oral and written communication skills
Organization: very detail oriented and always comes prepared Initiative: plans work and carries out tasks without detailed instructions, prepares for problems or opportunities in advance, undertakes additional responsibilities
Analytical skills: must be able to gather information and use data to determine cause and effect for complex problem solving

Qualifications
 

QUALIFICATIONS To perform this job successfully, an individual must be able to perform each essential duty satisfactorily. The requirements listed below are representative of the knowledge, skill, and/or ability required. Qualified candidates must have manual machine experience and CNC machine experience. Must be able to read blueprint/drawings and make necessary modifications or repairs on the drawing. You must be able to run a manual lathe and manual mill as well as CNC mill and lathes.

EDUCATION and/or EXPERIENCE

High School Diploma/ GED. 

Four years related experience and/or training; or equivalent combination of education and experience. 

PHYSICAL DEMANDS/WORK ENVIRONMENT

The physical demands and work environment characteristics described here are representative of those that must be met by an employee to successfully perform the essential functions of this job. Reasonable accommodations may be made to enable individuals with disabilities to perform the essential functions. While performing the duties of this job, the employee may be regularly required to sit, stand, bend, reach and move about the facility. The environmental characteristic for this position is an office setting. Candidates should be able to adapt to a traditional business environment.

this position is located in a climate controlled environment.

Job: Operations
Primary Location: United States-Texas-Grand Prairie-Triumph Accessory Services
Schedule: Full-time
Overtime Status: Non-exempt

We are an equal opportunity employer. All qualified applicants will receive consideration for employment without regard to race, color, religion, sex, sexual orientation, gender identity, national origin, disability or veteran status."
AAR Corp,"Technician, Assembly Test II",322106,"United States, Texas, Grand Prairie",United States of America,,onsite,Mid,us_person,unknown,unknown,taleo,N/A,2026-06-16T21:36:25Z,https://aarcorp.taleo.net/careersection/2/jobdetail.ftl?job=322106,"Job Description - Technician, Assembly Test II (18342)
About Us: AAR Corp. (NYSE: AIR) is a global aerospace and defense aftermarket solutions company that employs more than 6,000 people across over 60 sites in over 20 countries. Headquartered in the Chicago, Illinois area, AAR supports commercial and government customers in more than 100 countries through four operating segments: Parts Supply, Integrated Solutions, Repair and Engineering and Expeditionary Services. AAR’s purpose is to empower people to build innovative aerospace solutions today so you can safely reach your destination tomorrow. The company’s mission is to go above and beyond to provide value-driven aerospace aftermarket solutions to meet the evolving needs of our customers worldwide. AAR constantly searches for the right thing to do for its customers, employees, partners and for society.
 
Technician, Assembly Test II - 18342

Description
 

THIS POSITION IS FOR FIRST SHIFT. START TIMES VARY FROM 5AM - 7AM MONDAY-FRIDAY DEPENDING ON YOUR DEPARTMENT. *DO NOT APPLY FOR MULTIPLE POSITIONS* 

YOU MUST BE A US CITIZEN FOR THIS POSITION

 

Description 

Performs maintenance, adjustment, and/or certify/test of various aircraft systems in accordance with technical specifications, engineering instructions and FAA regulations.

Responsibilities

Performs maintenance, adjustment, and/or certify/test of various aircraft systems in accordance with technical specifications, engineering instructions and FAA regulations
Tear down, cleans parts and assemblies as required
Prepares documentation, including service reports and test data
Operates test equipment as required by the OEM maintenance manuals and other work instructions
Paints parts
Performs minor repairs operations to piece parts
Reads, interprets and executes OEM manual, mechanical drawings, service bulletins and work instructions in English
Comply with all company policies, including attendance
Other duties may be assigned

Qualifications
 

Qualifications *THIS POSITION IS FOR 1ST SHIFT Monday-Friday various start times depending on department of 5am - 7am

*YOU DO NOT HAVE TO APPLY FOR MULTIPLE POSITIONS 

Two years of mechanical experience involving similar equipment processes, measuring tools and assembly operations (preferred)
Entry level positions available. On the job training provided.
Able to read and interpret documents such as safety rules, operating and maintenance instructions, procedure manuals, mechanical drawings, standard gages and other measuring devices in ENGLISH
Able to write routine reports and correspondence
Knowledgeable with a wide range of tools
Computer proficient in Microsoft office products
Good mechanical knowledge

 

Pursuant to International Traffic Arms Regulations (“ITAR”) and the Export Administration Regulations (“EAR”), applicants for SELECT positions will be required to provide proof of U.S. Citizenship, U.S. Permanent Residence, or U.S. Immigration Status in order to meet the minimum qualifications for those select positions. All inquiries related to citizenship are asked solely to comply with ITAR and EAR export licensing requirements.

Legally authorized to work in the United States without company sponsorship.

 

Job: Warehouse
Primary Location: United States-Texas-Grand Prairie-Triumph Accessory Services
Schedule: Full-time
Overtime Status: Non-exempt

We are an equal opportunity employer. All qualified applicants will receive consideration for employment without regard to race, color, religion, sex, sexual orientation, gender identity, national origin, disability or veteran status."
AAR Corp,"Technician, Assembly Test II",322086,"United States, Texas, Grand Prairie",United States of America,,onsite,Mid,us_person,unknown,unknown,taleo,N/A,2026-06-16T21:36:25Z,https://aarcorp.taleo.net/careersection/2/jobdetail.ftl?job=322086,"Job Description - Technician, Assembly Test II (18341)
About Us: AAR Corp. (NYSE: AIR) is a global aerospace and defense aftermarket solutions company that employs more than 6,000 people across over 60 sites in over 20 countries. Headquartered in the Chicago, Illinois area, AAR supports commercial and government customers in more than 100 countries through four operating segments: Parts Supply, Integrated Solutions, Repair and Engineering and Expeditionary Services. AAR’s purpose is to empower people to build innovative aerospace solutions today so you can safely reach your destination tomorrow. The company’s mission is to go above and beyond to provide value-driven aerospace aftermarket solutions to meet the evolving needs of our customers worldwide. AAR constantly searches for the right thing to do for its customers, employees, partners and for society.
 
Technician, Assembly Test II - 18341

Description
 

**READ THE JOB DESCRIPTION**

*THIS POSITION IS FOR 2ND SHIFT:      Mon - Thursday 3pm - 11:30PM, Friday 2pm - 10:30pm *DO NOT APPLY FOR MULTIPLE POSITIONS*

Description:

Performs maintenance, adjustment, and/or certify/test of various aircraft systems in accordance with technical specifications, engineering instructions and FAA regulations.

Responsibilities

Performs maintenance, adjustment, and/or certify/test of various aircraft systems in accordance with technical specifications, engineering instructions and FAA regulations
Tear down, cleans parts and assemblies as required
Prepares documentation, including service reports and test data
Operates test equipment as required by the OEM maintenance manuals and other work instructions
Paints parts
Performs minor repairs operations to piece parts
Reads, interprets and executes OEM manual, mechanical drawings, service bulletins and work instructions in English
Comply with all company policies, including attendance
Other duties may be assigned
shift times may change per site objectives

Qualifications
 

Qualifications

Two years of mechanical experience involving similar equipment processes, measuring tools and assembly operations (preferred)
Entry level positions available. On the job training provided.
Able to read and interpret documents such as safety rules, operating and maintenance instructions, procedure manuals, mechanical drawings, standard gages and other measuring devices in English.
Able to write routine reports and correspondence
Knowledgeable with a wide range of tools
Computer proficient in Microsoft office products
Good mechanical knowledge

 

Pursuant to International Traffic Arms Regulations (“ITAR”) and the Export Administration Regulations (“EAR”), applicants for SELECT positions will be required to provide proof of U.S. Citizenship, U.S. Permanent Residence, or U.S. Immigration Status in order to meet the minimum qualifications for those select positions. All inquiries related to citizenship are asked solely to comply with ITAR and EAR export licensing requirements.

Legally authorized to work in the United States without company sponsorship.

Diversity Tagline

We are an equal opportunity employer. All qualified applicants will receive consideration for employment without regard to race, color, religion, sex, sexual orientation, gender identity, national origin, disability or veteran status.

Job: Warehouse
Primary Location: United States-Texas-Grand Prairie-Triumph Accessory Services
Schedule: Full-time
Overtime Status: Non-exempt

We are an equal opportunity employer. All qualified applicants will receive consideration for employment without regard to race, color, religion, sex, sexual orientation, gender identity, national origin, disability or veteran status."
AAR Corp,"Clerk, Warehouse",322007,"United States, North Carolina, Greensboro",United States of America,,onsite,Mid,us_person,unknown,unknown,taleo,N/A,2026-06-16T21:36:25Z,https://aarcorp.taleo.net/careersection/2/jobdetail.ftl?job=322007,"Job Description - Clerk, Warehouse (18333)
About Us: AAR Corp. (NYSE: AIR) is a global aerospace and defense aftermarket solutions company that employs more than 6,000 people across over 60 sites in over 20 countries. Headquartered in the Chicago, Illinois area, AAR supports commercial and government customers in more than 100 countries through four operating segments: Parts Supply, Integrated Solutions, Repair and Engineering and Expeditionary Services. AAR’s purpose is to empower people to build innovative aerospace solutions today so you can safely reach your destination tomorrow. The company’s mission is to go above and beyond to provide value-driven aerospace aftermarket solutions to meet the evolving needs of our customers worldwide. AAR constantly searches for the right thing to do for its customers, employees, partners and for society.
 
Clerk, Warehouse - 18333

Description
 

Description:
Ensure that all inventory is properly categorized and accounted for. Receive inventory as needed and ensure that the entire shipment is unloaded.

What you will be responsible for:
•    Unload incoming inventory from trucks. 
•    Stock inventory onto shelf locations. 
•    Pick inventory for shipment to customers or repair vendors. 
•    Perform inventory cycle counts. 
•    Research missing parts and report any discrepancies. 
•    Operate forklift equipment. 
•    All other duties as assigned.
 

Qualifications
 

What you need to be successful in this role:
•    This position requires compliance with International Traffic in Arms Regulations (ITAR). Candidates must be a U.S. Person as defined by ITAR (U.S. citizen, U.S. national, lawful permanent resident, or individual admitted as a refugee or granted asylum).
•    High school diploma or general education degree GED required.
•    Must have a minimum of 1 year related experience and or training.
•    Able to communicate effectively verbally in writing in standard English.

The rewards of your career at AAR go far beyond just your salary:
•    Competitive salary and bonus package.
•    Comprehensive benefits package including medical, dental, and vision coverage.
•    401(k) retirement plan with company match.
•    Generous paid time off program.
•    Professional development and career advancement opportunities

Physical Demands/Work Environment:
•    The physical demands and work environment characteristics described here are representative of those that must be met by an employee to successfully perform the essential functions of this job.
•    Reasonable accommodations may be made to enable individuals with disabilities to perform the essential functions.
•    While performing the duties of this job, the employee may be regularly required to sit, stand, bend, reach, bend, twist, lift, and move about the facility.
•    Must be able to lift and carry up to 75 pounds and comply with OSHA standards
•    The employee frequently is required to reach with hands and arms.
•    The environmental characteristic for this position is an warehouse setting.

AAR provides accommodation in accordance with applicable laws through all stages of the hiring process. If you require accommodation for any part of the application and/or hiring process, please advise Human Resources.
 

Job: Operations
Primary Location: United States-North Carolina-Greensboro-AAR Aircraft Services Greensboro
Schedule: Full-time
Overtime Status: Non-exempt

We are an equal opportunity employer. All qualified applicants will receive consideration for employment without regard to race, color, religion, sex, sexual orientation, gender identity, national origin, disability or veteran status."
AAR Corp,Production Control Data Entry,321926,"Peru, Pucallpa",United States of America,,onsite,Mid,unknown,unknown,unknown,taleo,N/A,2026-06-16T21:36:25Z,https://aarcorp.taleo.net/careersection/2/jobdetail.ftl?job=321926,"Job Description - Production Control Data Entry (18321)
About Us: AAR Corp. (NYSE: AIR) is a global aerospace and defense aftermarket solutions company that employs more than 6,000 people across over 60 sites in over 20 countries. Headquartered in the Chicago, Illinois area, AAR supports commercial and government customers in more than 100 countries through four operating segments: Parts Supply, Integrated Solutions, Repair and Engineering and Expeditionary Services. AAR’s purpose is to empower people to build innovative aerospace solutions today so you can safely reach your destination tomorrow. The company’s mission is to go above and beyond to provide value-driven aerospace aftermarket solutions to meet the evolving needs of our customers worldwide. AAR constantly searches for the right thing to do for its customers, employees, partners and for society.
 
Production Control Data Entry - 18321

Description
 

About Us:

AAR’s purpose is to empower people to build innovative aerospace solutions today so you can safely reach your destination tomorrow. The company’s mission is to go above and beyond to provide value-driven aerospace aftermarket solutions to meet the evolving needs of our customers worldwide. AAR constantly searches for the right thing to do for its customers, employees, partners and for society.

The Worldwide Aviation Support Services (WASS) program, an AAR business, headquartered in Rockledge, FL, provides global, world-class expeditionary and conventional aviation solutions to the US Department of State Air Wing.

Role Description:

This is a temporary position. Assist the host nation production control data entry clerk in maintaining aircraft logbooks, track and forecasting schedule maintenance, TBOs, monitor aircraft parts orders and collect fleet production metrics. Prepare daily, weekly, monthly and annual reports based on production data compiled. 

Key Responsibility:

Perform OJT on the job training, assist, and monitor the host nation production control technician to create production reports based on data compiled. 
Perform OJT on the job training, assist, and monitor the host nation production control technician to enter data into the MIS maintenance and operation information system. 
Perform OJT on the job training, assist, and monitor the host nation production control technician to create and records work orders to the workshops. 
Ensure the host nation production control technician comply with Standard Operating Procedures SOP and program policies. 
Ensure the host nation production control technician coordinate with Logistic regarding parts and requirement. 
Perform OJT on the job training, assist, and monitor the host nation production control technician manage the controlled exchange program and coordinate with Maintenance, Quality Control and Logistic on the availability of parts and aircraft. 
Ensure the host nation production control technician work closely with Maintenance Lead to assign aircraft maintenance works and work priorities. 
Ensure the host nation production control technician track and forecast all Time Between Overhaul TBO aircraft components. 
Perform other duties as assigned. 

Qualifications
 

Basic Qualifications:

High School Diploma or equivalent. 
2 years of experience in aviation production control programs and minimum of one 1 year of experience working with the U.S. Government aviation program. 
1 year of experience working with fleets of more than five aircraft. 
Demonstrated successful judgment and decision-making considering the relative costs, benefits, and drawbacks of potential courses of action to choose the most appropriate recommendation. 
Interpersonal skills working effectively as part of a team while communicating information and ideas orally so others will understand. 
Active listening skills giving full attention to what other people are saying, taking time to understand the points being made, asking questions as appropriate, and not interrupting at inappropriate times. 
Communicating effectively in writing reports. 
Possess good communication skills capable of training, adaptable, diversified, and able to solve problems as a team. 
Must have experience working with Quality Control, Maintenance, and Supply procedures required to perform job assignment. 
Must be proficient in Microsoft Office Excel, PowerPoint, Word. 
Must have experience working with MIS maintenance information system, e.g. AWIS, WinAir, Flightdocs. 
“This role is designated as a Local National (LN) position under program requirements. Candidates must be legally authorized to work in Peru and reside locally. Do you meet these requirements?”

Preferred 

5 years of experience working on DoD or DoS aviation programs. 
5 years of experience working with MIS systems like AWIS, WinAir or Flightdocs. 
1 year of professional experience in INL programs, U.S. Embassy environments.

Compensation and Benefits: 

Peruvian Mandatory benefits
48 hour work week

AAR is committed to building a diverse and inclusive workforce. We encourage applications from people of all races, ethnic origins, religions, abilities, sexual orientations, gender identities, or expressions. We are dedicated to the health and safety of our people, our customers, and the communities where we live and work.

AAR provides accommodation in accordance with applicable laws through all stages of the hiring process. If you require accommodation for any part of the application and/or hiring process, please advise Human Resources.

 

Job: WASS MAINTENANCE
Primary Location: Peru-Pucallpa
Schedule: Full-time
Overtime Status: Exempt

AAR is an equal opportunity employer. All qualified applicants will receive consideration for employment without regard to race, color, religion, sex, sexual orientation, gender identity, national origin, disability or veteran status."
AAR Corp,Material Coordinator (SCA),321708,"United States, Texas, Fort Worth",United States of America,,onsite,Mid,unknown,Secret,unknown,taleo,N/A,2026-06-16T21:36:25Z,https://aarcorp.taleo.net/careersection/2/jobdetail.ftl?job=321708,"Job Description - Material Coordinator (SCA) (18303)
About Us: AAR Corp. (NYSE: AIR) is a global aerospace and defense aftermarket solutions company that employs more than 6,000 people across over 60 sites in over 20 countries. Headquartered in the Chicago, Illinois area, AAR supports commercial and government customers in more than 100 countries through four operating segments: Parts Supply, Integrated Solutions, Repair and Engineering and Expeditionary Services. AAR’s purpose is to empower people to build innovative aerospace solutions today so you can safely reach your destination tomorrow. The company’s mission is to go above and beyond to provide value-driven aerospace aftermarket solutions to meet the evolving needs of our customers worldwide. AAR constantly searches for the right thing to do for its customers, employees, partners and for society.
 
Material Coordinator (SCA) - 18303

Description
 

Work Schedule: 

Qualified candidates must be able to work any of the following schedules:

Sunday through Wednesday with a double shift on Sunday (0700-2300) and off Thu, Fri and Sat.
Wednesday through Saturday with a double shift on Saturday (0700-2300) and off Sun, Mon and Tue.
Monday through Friday night shift, with hours of 1500-2300.

During training, approximately 4 to 6 months, the shift will be Monday through Friday 0800 to 1630. Once ready to work independently, the employee will then work one of the above mentioned shifts.

Summary:

This position performs limited aspects of technical supply management work (e.g., inventory management, storage management, cataloging, and property utilization) related to depot, local, or other supply activities.

Essential Duties and Responsibilities

Anticipates problems and works to proactively mitigate them.
Reports to Site Lead (Quality Manager for advisement)
The work generally involves individual case problems or supply actions.
Ensures product shipped to/from the site meet all applicable 14 CFR Part 121/145 requirements
Inspects the in-bound/out-bound material for damage and proper documentation
Packages out-bound shipments by using best commercial practices
Inspects OEM or FAA Form 8130-3 / certificate of conformance documentation for originality and serial number
Manage and control Government property and materials in IMOPS.
Package materials for transportation, including HAZMAT materials IAW PWS requirements.
Establish initial material control records in IMOPS.
Requisition new or refurbished/repair assets through IMOPS.
All other duties as assigned.

Qualifications
 

To perform this job successfully, an individual must be able to perform each essential duty satisfactorily. The requirements listed are representative of the knowledge, skill, and/or ability required.

Education and Experience

High school diploma or equivalent required.
Minimum of three (3) years’ experience in a warehouse or aviation-related environment.
Must have the ability to obtain a Common Access Card (CAC).  
Must be able to obtain and maintain a Secret Clearance. 
In order to obtain / maintain a Secret Clearance, US Citizenship is required.

Physical Demands / Work Environment

The physical demands and work environment characteristics described here are representative of those that must be met be an employee to successfully perform the essential functions of this job. Reasonable accommodations may be made to enable individuals with disabilities to perform the essential functions. While performing the duties of this job, the employee is regularly required to sit, stand, bend, reach, and move about the facility. 
Candidates should be able to adapt to a traditional business environment. 
In addition, this position requires the use of a computer, intermittent standing, walking, sitting, squatting, stretching, and bending throughout the workday. 
Must be able to see and hear, or use prosthetics that will enable these senses to function adequately to assure that the requirements of this position can be fully met.

#LI-LM1

#LI-Onsite

Job: Warehouse
Primary Location: United States-Texas-Fort Worth-Fort Worth - NASFW
Schedule: Full-time
Overtime Status: Non-exempt

We are an equal opportunity employer. All qualified applicants will receive consideration for employment without regard to race, color, religion, sex, sexual orientation, gender identity, national origin, disability or veteran status."
AAR Corp,Material Coordinator (SCA),321929,"United States, Washington, Oak Harbor",United States of America,,onsite,Mid,unknown,Secret,unknown,taleo,N/A,2026-06-16T21:36:25Z,https://aarcorp.taleo.net/careersection/2/jobdetail.ftl?job=321929,"Job Description - Material Coordinator (SCA) (18326)
About Us: AAR Corp. (NYSE: AIR) is a global aerospace and defense aftermarket solutions company that employs more than 6,000 people across over 60 sites in over 20 countries. Headquartered in the Chicago, Illinois area, AAR supports commercial and government customers in more than 100 countries through four operating segments: Parts Supply, Integrated Solutions, Repair and Engineering and Expeditionary Services. AAR’s purpose is to empower people to build innovative aerospace solutions today so you can safely reach your destination tomorrow. The company’s mission is to go above and beyond to provide value-driven aerospace aftermarket solutions to meet the evolving needs of our customers worldwide. AAR constantly searches for the right thing to do for its customers, employees, partners and for society.
 
Material Coordinator (SCA) - 18326

Description
 

Schedule:

Our team provides coverage from 7:00 a.m. to 11:00 p.m., seven days per week. Employees will be assigned a 40‑hour weekly schedule and must be available to work any shift within this coverage window to ensure full operational support.

Description:

This position performs limited aspects of technical supply management work (e.g., inventory management, storage management, cataloging, and property utilization) related to depot, local, or other supply activities.

What you will be responsible for:

Anticipates problems and works to proactively mitigate them.
Reports to Site Lead (Quality Manager for advisement)
The work generally involves individual case problems or supply actions.
Ensures product shipped to/from the site meet all applicable 14 CFR Part 121/145 requirements
Inspects the in-bound/out-bound material for damage and proper documentation
Packages out-bound shipments by using best commercial practices
Inspects OEM or FAA Form 8130-3 / certificate of conformance documentation for originality and serial number
Manage and control Government property and materials in IMOPS.
Package materials for transportation, including HAZMAT materials IAW PWS requirements.
Establish initial material control records in IMOPS.
Requisition new or refurbished/repair assets through IMOPS.
All other duties as assigned.

Qualifications
 

What you will need to be successful in this role:

High school diploma or equivalent required.
Minimum of three (3) years’ experience in a warehouse environment.
Must have the ability to obtain a Common Access Card (CAC) and a Secret Clearance.  In order to obtain a secret clearance, US Citizenship is required. 

The rewards of your career at AAR go far beyond just your salary:

Competitive salary 
Comprehensive benefits package including medical, dental, and vision coverage.
401(k) retirement plan with company match
Generous paid time off program
Professional development and career advancement opportunities

Physical Demands/Work Environment:

The physical demands and work environment characteristics described here are representative of those that must be met be an employee to successfully perform the essential functions of this job. Reasonable accommodations may be made to enable individuals with disabilities to perform the essential functions. While performing the duties of this job, the employee is regularly required to sit, stand, bend, reach, and move about the facility. 
Candidates should be able to adapt to a traditional business environment. 
In addition, this position requires the use of a computer, intermittent standing, walking, sitting, squatting, stretching, and bending throughout the workday. 
Must be able to see and hear, or use prosthetics that will enable these senses to function adequately to assure that the requirements of this position can be fully met.
Must be able to lift and carry up to  40 pounds and comply with OSHA standards.

Compensation and Benefits

The anticipated pay rate for this position is $26.06 per hour. This rate reflects the base pay for candidates who meet the requirements of the role, including experience, education, and location. AAR offers a competitive benefits package, including medical/dental/vision/life/and AD&D insurance, 401(k) savings plan with employer match, paid time off and holiday pay, as well as opportunities for professional development and growth.

#LI-LM1  #LI-Onsite 

Job: Warehouse
Primary Location: United States-Washington-Oak Harbor
Schedule: Full-time
Overtime Status: Non-exempt

We are an equal opportunity employer. All qualified applicants will receive consideration for employment without regard to race, color, religion, sex, sexual orientation, gender identity, national origin, disability or veteran status."
AAR Corp,General Production,321887,"United States, Michigan, Cadillac",United States of America,,onsite,Mid,us_person,unknown,unknown,taleo,N/A,2026-06-16T21:36:25Z,https://aarcorp.taleo.net/careersection/2/jobdetail.ftl?job=321887,"Job Description - General Production (18327)
About Us: AAR Corp. (NYSE: AIR) is a global aerospace and defense aftermarket solutions company that employs more than 6,000 people across over 60 sites in over 20 countries. Headquartered in the Chicago, Illinois area, AAR supports commercial and government customers in more than 100 countries through four operating segments: Parts Supply, Integrated Solutions, Repair and Engineering and Expeditionary Services. AAR’s purpose is to empower people to build innovative aerospace solutions today so you can safely reach your destination tomorrow. The company’s mission is to go above and beyond to provide value-driven aerospace aftermarket solutions to meet the evolving needs of our customers worldwide. AAR constantly searches for the right thing to do for its customers, employees, partners and for society.
 
General Production - 18327

Description
 

Summary:

General Production positions assemble rapid deployment equipment, mobile tactical shelters, air mobile containers and palletized

 systems for the military’s ability to mobilize, deploy, maneuver, and sustain forces.

ESSENTIAL DUTIES AND RESPONSIBILITIES:

Use air grinder, sanders, hammers and various other assorted hand tools.
Grind and sand parts to remove burrs and smooth rough spots. Use steam cleaner and/or power washing equipment as needed. Complete paperwork such as logs and part ticket numbers with information related to part such as quantities, descriptions, part numbers, destination, etc.
Perform painting and gluing operations that do not require a respirator. (touch-up, roll coat etc.) Various assembly jobs.
Work from verbal & written instructions.
Perform operations that may require heavy lifting.
Maintain good housekeeping and safety standards and be quality conscious.
Maintain good attendance record, be self-motivated, and demonstrate a willingness to learn.
Comply will all requirements of the waste handling training & procedures.
Comply with all requirements of the Job Safety Analysis for this position.
Comply with all requirements related to the care & maintenance of your required PPE.
All other duties as assigned.

Qualifications
 

QUALIFICATIONS:

Experience or familiarity with hand tools and assembly techniques.
Must be able to keep accurate records, as required.
Must be able to perform lifting operations including jobs that may have some heavy lifting.
Must be safety conscious and oriented, quality conscious and oriented, and dependable.
High school diploma or GED equivalent preferred. 

 

Job: Union
Primary Location: United States-Michigan-Cadillac
Schedule: Full-time
Overtime Status: Non-exempt

We are an equal opportunity employer. All qualified applicants will receive consideration for employment without regard to race, color, religion, sex, sexual orientation, gender identity, national origin, disability or veteran status."
AAR Corp,"Supervisor, Maintenance",321826,"United States, North Carolina, Greensboro",United States of America,,onsite,Mid,us_person,unknown,unknown,taleo,N/A,2026-06-16T21:36:25Z,https://aarcorp.taleo.net/careersection/2/jobdetail.ftl?job=321826,"Job Description - Supervisor, Maintenance (18314)
About Us: AAR Corp. (NYSE: AIR) is a global aerospace and defense aftermarket solutions company that employs more than 6,000 people across over 60 sites in over 20 countries. Headquartered in the Chicago, Illinois area, AAR supports commercial and government customers in more than 100 countries through four operating segments: Parts Supply, Integrated Solutions, Repair and Engineering and Expeditionary Services. AAR’s purpose is to empower people to build innovative aerospace solutions today so you can safely reach your destination tomorrow. The company’s mission is to go above and beyond to provide value-driven aerospace aftermarket solutions to meet the evolving needs of our customers worldwide. AAR constantly searches for the right thing to do for its customers, employees, partners and for society.
 
Supervisor, Maintenance - 18314

Description
 

Description:
The Maintenance Supervisor is responsible for providing technical assistance and will coordinate efforts with production teams in order to achieve the planned work and production goals.

What you will be responsible for:
•    Coordinate Operations activities between hangars. 
•    Coordinate Operations activities between shifts. 
•    Perform hangar audits. 
•    Provide technical support as required. 
•    Communicate to Management any problems and suggested solutions.
•    Ensure overall customer satisfaction.
•    Travel may be required. 
•    Carries out supervisory responsibilities in accordance with the organization’s policies and applicable laws. 
•    Responsibilities include interviewing, hiring, and training employees; planning, assigning, and directing work; appraising performance; rewarding and disciplining employees; addressing complaints and resolving problems. 
•    All other duties as assigned. 
 

Qualifications
 

What you need to be successful in this role:
•    This position requires compliance with International Traffic in Arms Regulations (ITAR). Candidates must be a U.S. Person as defined by ITAR (U.S. citizen, U.S. national, lawful permanent resident, or individual admitted as a refugee or granted asylum).
•    High school diploma or general education degree GED required.
•    Bachelor of Arts degree (B.A.) or Bachelor of Science degree (B.S.) from four-year college or university; or eight years related experience and/or training; or equivalent combination of education and experience. 
•    Strong leadership, interpersonal and communication skills required. 
•    Must possess a current and active FAA A&P License.
•    Fluent in English (speech, reading, writing).

The rewards of your career at AAR go far beyond just your salary:
•    Competitive salary and bonus package.
•    Comprehensive benefits package including medical, dental, and vision coverage.
•    401(k) retirement plan with company match.
•    Generous paid time off program.
•    Professional development and career advancement opportunities

Physical Demands/Work Environment:
•    The physical demands and work environment characteristics described here are representative of those that must be met by an employee to successfully perform the essential functions of this job.
•    Reasonable accommodations may be made to enable individuals with disabilities to perform the essential functions.
•    While performing the duties of this job, the employee may be regularly required to sit, stand, bend, reach and move about the facility.
•    Ability to use required safety equipment.

AAR provides accommodation in accordance with applicable laws through all stages of the hiring process. If you require accommodation for any part of the application and/or hiring process, please advise Human Resources.
 

Job: Operations
Primary Location: United States-North Carolina-Greensboro-AAR Aircraft Services Greensboro
Schedule: Full-time
Overtime Status: Exempt

We are an equal opportunity employer. All qualified applicants will receive consideration for employment without regard to race, color, religion, sex, sexual orientation, gender identity, national origin, disability or veteran status."
AAR Corp,"Technician II, Avionics",320025,"United States, Florida, Miami",United States of America,,onsite,Mid,unknown,unknown,unknown,taleo,N/A,2026-06-16T21:36:25Z,https://aarcorp.taleo.net/careersection/2/jobdetail.ftl?job=320025,"Job Description - Technician II, Avionics (18119)
About Us: AAR Corp. (NYSE: AIR) is a global aerospace and defense aftermarket solutions company that employs more than 6,000 people across over 60 sites in over 20 countries. Headquartered in the Chicago, Illinois area, AAR supports commercial and government customers in more than 100 countries through four operating segments: Parts Supply, Integrated Solutions, Repair and Engineering and Expeditionary Services. AAR’s purpose is to empower people to build innovative aerospace solutions today so you can safely reach your destination tomorrow. The company’s mission is to go above and beyond to provide value-driven aerospace aftermarket solutions to meet the evolving needs of our customers worldwide. AAR constantly searches for the right thing to do for its customers, employees, partners and for society.
 
Technician II, Avionics - 18119

Description
 
SUMMARY The Technician B, R&E is responsible for effectively performing R&E routine work associated with heavy aircraft A, B, C and D checks. ESSENTIAL DUTIES AND RESPONSIBILITIES - Able to troubleshoot aircraft avionics and electrical systems using approved technical data and minimal supervision. - Understand engineering methodology for systems installations. - Demonstrated proficiency in performing avionics and electrical modifications with little supervision. - All other duties as assigned. CORE COMPETENCIES Commitment to company values and ethics Dependability: personally responsible, completes work in a timely manner, and performs tasks accurately Motivation: must maintain a positive attitude and strong work energy Communication: excellent interpersonal and oral and written communication skills Initiative: plans work and carries out tasks without detailed instructions, prepares for problems or opportunities in advance, undertakes additional responsibilities Strong judgment and decision making

Qualifications
 

QUALIFICATIONS To perform this job successfully, an individual must be able to perform each essential duty satisfactorily. The requirements listed below are representative of the knowledge, skill, and/or ability required. EDUCATION and/or EXPERIENCE High school diploma or general education degree (GED) required. Must have a minimum of 1 year related experience and/or training. - 2 years previous experience required. - Must have an A&P, FCC license or repairman certificate. - Computer keypunch experience - Previous experience in warehousing, handling inventory, and bar code equipment. PHYSICAL DEMANDS/WORK ENVIRONMENT The physical demands and work environment characteristics described here are representative of those that must be met by an employee to successfully perform the essential functions of this job. Reasonable accommodations may be made to enable individuals with disabilities to perform the essential functions. While performing the duties of this job, the employee may be regularly required to sit, stand, bend, reach and move about the facility. The environmental characteristic for this position is a warehouse setting. Candidates should be able to adapt to a traditional warehouse environment. 

Job: Operations
Primary Location: United States-Florida-Miami-Miami- Aircraft Services
Schedule: Full-time
Overtime Status: Non-exempt

We are an equal opportunity employer. All qualified applicants will receive consideration for employment without regard to race, color, religion, sex, sexual orientation, gender identity, national origin, disability or veteran status."
AAR Corp,Certified Flight Instructor-Instrument (CFII) Entry,321827,"United States, Alabama, Fort Rucker",United States of America,,onsite,Mid,us_person,unknown,unknown,taleo,N/A,2026-06-16T21:36:25Z,https://aarcorp.taleo.net/careersection/2/jobdetail.ftl?job=321827,"Job Description - Certified Flight Instructor-Instrument (CFII) Entry (18316)
About Us: AAR Corp. (NYSE: AIR) is a global aerospace and defense aftermarket solutions company that employs more than 6,000 people across over 60 sites in over 20 countries. Headquartered in the Chicago, Illinois area, AAR supports commercial and government customers in more than 100 countries through four operating segments: Parts Supply, Integrated Solutions, Repair and Engineering and Expeditionary Services. AAR’s purpose is to empower people to build innovative aerospace solutions today so you can safely reach your destination tomorrow. The company’s mission is to go above and beyond to provide value-driven aerospace aftermarket solutions to meet the evolving needs of our customers worldwide. AAR constantly searches for the right thing to do for its customers, employees, partners and for society.
 
Certified Flight Instructor-Instrument (CFII) Entry - 18316

Description
 

AAR instructors teach, coach, and mentor student pilots through intensive training designed to prepare them for their future roles as military aviators. Despite flight training’s inherent risk, safety remains paramount in every aspect of our Rotary Wing Flight Training culture.

What you will be responsible for:  
•    Remove and install aircraft subsystem assemblies such as engines, rotors, gearboxes, transmissions, mechanical flight controls and their components.
•    Service and lubricate aircraft and subsystems.
•    Prepare aircraft for inspections and maintenance checks.
•    Perform scheduled inspections and assist in performing special inspections.
•    Perform limited maintenance operational checks and assist with diagnosing and troubleshooting aircraft subsystems using special tools and equipment as required.
•    Use and perform operator maintenance on tools, special tools and aircraft ground support equipment. 
•    Prepare forms and records related to aircraft maintenance. 
•    Remove and disassemble defective parts of the aircraft.
•    Maintain the supplies and perform preventive maintenance.
•    Perform supervisory duties over Aircraft Mechanic I and II personnel, as required.
•    Perform additional duties, including maintenance duties, as assigned.
•    Adhere to company policies and safety programs (safety-first mentality)

Qualifications
 

What you will need to be successful in this role:  
•    High School Diploma or equivalent is required.
•    Must possess one of the following:
     o    ICAO equivalent or FAA commercial pilot certificate and an ICAO equivalent or FAA flight instructor certificate with rotorcraft category, helicopter class, and instrument helicopter ratings on both certificates.
     o    Graduate of any DOD rotary wing instructor pilot course for rotary wing aircraft.
•    Total Flight Time - 500 hours. Flight time as pilot-in-command or second-in-command (per FAR 61.51); as Pilot in Command (PIC) or Pilot (PI) (Per AR 95-1) in aircraft of any weight or category is creditable for this requirement.
•    Must certify having a combination of 75 hours of hooded instrument, flight simulator instrument, or weather pilot time.
•     Must have instructed students in instrument flight training.
•    Instructor Time - 150 hours.
•     Must have a current FAA Second Class Medical Certificate prior to beginning training.
•    US Citizenship is required for facility credentials/authorization to work at this facility
 

The rewards of your career at AAR go far beyond just your salary: 
•    Competitive salary 
•    Comprehensive benefits package including medical, dental, and vision coverage.
•    401(k) retirement plan with company match
•    Generous paid time off program
•    Professional development and career advancement opportunities

Physical Demands/Work Environment:
The physical demands and work environment characteristics described here are representative of those that must be met by an employee to successfully perform the essential functions of this job. Reasonable accommodations may be made to enable individuals with disabilities to perform the essential functions.

•    Must be physically able to perform duties and responsibilities of the classification. 
•    Must be able to work with required materials without debilitating irritation to skin, eyes or respiratory system while wearing the required personal protective equipment
•    Ability to lift and carry up to 50 pounds, including flight bags and operational equipment.
•    Sufficient strength and dexterity to operate aircraft controls, doors, and emergency systems.
•    Good vision (correctable to 20/20) and hearing, as required by FAA standards.
•    Ability to sit for extended periods while supporting flight operations.
•    Primarily onboard aircraft with periods in airport terminals and operational facilities.
•    Exposure to varying ambient conditions during pre-flight, flight, and post-flight.

AAR provides accommodation in accordance with applicable laws through all stages of the hiring process. If you require accommodation for any part of the application and/or hiring process, please advise Human Resources.

This position is being recruited in support of a proposal and is contingent upon contract award.

Job: Operations
Primary Location: United States-Alabama-Fort Rucker
Schedule: Full-time
Overtime Status: Exempt

We are an equal opportunity employer. All qualified applicants will receive consideration for employment without regard to race, color, religion, sex, sexual orientation, gender identity, national origin, disability or veteran status."
AAR Corp,Line Maintenance Level III (R-66),321846,"United States, Alabama, Fort Rucker",United States of America,,onsite,Mid,us_person,unknown,unknown,taleo,N/A,2026-06-16T21:36:25Z,https://aarcorp.taleo.net/careersection/2/jobdetail.ftl?job=321846,"Job Description - Line Maintenance Level III (R-66) (18315)
About Us: AAR Corp. (NYSE: AIR) is a global aerospace and defense aftermarket solutions company that employs more than 6,000 people across over 60 sites in over 20 countries. Headquartered in the Chicago, Illinois area, AAR supports commercial and government customers in more than 100 countries through four operating segments: Parts Supply, Integrated Solutions, Repair and Engineering and Expeditionary Services. AAR’s purpose is to empower people to build innovative aerospace solutions today so you can safely reach your destination tomorrow. The company’s mission is to go above and beyond to provide value-driven aerospace aftermarket solutions to meet the evolving needs of our customers worldwide. AAR constantly searches for the right thing to do for its customers, employees, partners and for society.
 
Line Maintenance Level III (R-66) - 18315

Description
 

The Line Maintenance Level III Mechanic (R66) performs maintenance on helicopters, including repair of systems according to drawings, blueprints, directives, technical manuals and safety procedures.

What you will be responsible for:  
•    Remove and install aircraft subsystem assemblies such as engines, rotors, gearboxes, transmissions, mechanical flight controls and their components.
•    Service and lubricate aircraft and subsystems.
•    Prepare aircraft for inspections and maintenance checks.
•    Perform scheduled inspections and assist in performing special inspections.
•    Perform limited maintenance operational checks and assist with diagnosing and troubleshooting aircraft subsystems using special tools and equipment as required.
•    Use and perform operator maintenance on tools, special tools and aircraft ground support equipment. 
•    Prepare forms and records related to aircraft maintenance. 
•    Remove and disassemble defective parts of the aircraft.
•    Maintain the supplies and perform preventive maintenance.
•    Perform supervisory duties over Aircraft Mechanic I and II personnel, as required.
•    Perform additional duties, including maintenance duties, as assigned.
•    Adhere to company policies and safety programs (safety-first mentality)

Qualifications
 

What you will need to be successful in this role: 
•    High School Diploma or equivalent is required.
•    U.S. military technical school or specialized training course is desired; certification of education level is required.
•    Must have five years of aircraft experience with turbine powered rotary wing aircraft. All experience must be within the ten most recent years.
•    Experience with Robinson R66 aircraft is highly preferred. 
•    Valid up-to-date FAA Airframe & Powerplant (A&P) license
•    Advanced knowledge of aircraft unique tools such as test equipment, torque wrenches, dial indicators, micrometers, hydraulic press machines, and those listed in the assigned MDS Maintenance Allocation Chart (MAC).
•    Working knowledge of technical publications and Logistics Information Systems.
•    Valid Driver’s License
•    Must be able to travel for R66 TDY assignments as required for mission needs.
•    Must be able to obtain and maintain a NACI(T1) Public Trust Security Clearance. Must be able to obtain and maintain facility credentials/authorization. 
•    US Citizenship is required for facility credentials/authorization to work at this site.

The rewards of your career at AAR go far beyond just your salary:  
•    Competitive compensation  
•    Comprehensive benefits package including medical, dental, and vision coverage.
•    401(k) retirement plan with company match
•    Generous paid time off program
•    Professional development and career advancement opportunities

Physical Demands/Work Environment:
The physical demands and work environment characteristics described here are representative of those required by an employee to successfully perform the essential functions of this job. Reasonable accommodations may be made to enable individuals with disabilities to perform the essential functions.
•    Must be able to walk and stand on level and/or inclined surfaces for extended periods.
•    Must be able to climb stairs, ramps, ladders, and work stands.
•    Must be able to crouch, crawl, grasp or handle objects, use finger dexterity, bend elbows/knees and reach above/below shoulders.
•    May be required to lift/push/pull heavy objects exceeding 50 pounds.
•    Must be able to type using a standard keyboard to communicate through e-mail and various software applications.
•    Will handle aircraft parts and lubricants.
•    Will be required to wear proper Personal Protective Equipment (PPE).
•    Must be able to pass a Respirator Physical and Fit Test qualification as required.
•    May be required to operate power vehicles, machinery, hand tools, ground support equipment, forklift, etc.
•    May work in maintenance hangar or outside in support of required maintenance activities.
•    Must be able to work in a shop where the environment is drafty, noisy, and dirty.
•    May be exposed to extreme noise from operating equipment.
•    May be exposed to electrical shock hazards or work near moving mechanical parts or vehicles.
•    May be expected to work in austere environments and all-weather conditions.

AAR provides accommodation in accordance with applicable laws throughout all stages of the hiring process. If you require accommodation for any part of the application and/or hiring process, please advise Human Resources. 

This position is being recruited in support of a proposal and is contingent upon contract award.

Job: Operations
Primary Location: United States-Alabama-Fort Rucker
Schedule: Full-time
Overtime Status: Non-exempt

We are an equal opportunity employer. All qualified applicants will receive consideration for employment without regard to race, color, religion, sex, sexual orientation, gender identity, national origin, disability or veteran status."
AAR Corp,Bonder III,321667,"United States, Arkansas, Hot Springs",United States of America,,onsite,Mid,unknown,unknown,unknown,taleo,N/A,2026-06-16T21:36:25Z,https://aarcorp.taleo.net/careersection/2/jobdetail.ftl?job=321667,"Job Description - Bonder III (18296)
About Us: AAR Corp. (NYSE: AIR) is a global aerospace and defense aftermarket solutions company that employs more than 6,000 people across over 60 sites in over 20 countries. Headquartered in the Chicago, Illinois area, AAR supports commercial and government customers in more than 100 countries through four operating segments: Parts Supply, Integrated Solutions, Repair and Engineering and Expeditionary Services. AAR’s purpose is to empower people to build innovative aerospace solutions today so you can safely reach your destination tomorrow. The company’s mission is to go above and beyond to provide value-driven aerospace aftermarket solutions to meet the evolving needs of our customers worldwide. AAR constantly searches for the right thing to do for its customers, employees, partners and for society.
 
Bonder III - 18296

Description
 

Bonds a variety of dissimilar materials (composite or metal) assemblies, parts, skins, components, or structures into semi-finished or finished products. Lays out articles, cuts parts or materials to size. Applies liquid or solid bonding agents.  Performs bagging and debulking processes.  May operate autoclave, hot bonders, and ovens to complete bonding cycle. Controls conditions of heat, pressure, and timing by setting and operating various controls according to the specifications for the materials and the bonding agent being used. Sands, deburrs, and smooths over areas; applies sealing resins to cut or exposed edges. Monitors and verifies quality of finished product. Completes repairs on composite, metal, or laminate bonded products using inspection and rework instructions.

§  Follow company policies and procedures.

§  Follow directions and/or instructions, as directed.

§  Familiar with Internal Customer Interfaces, as defined by the process assigned.

§  Process forms and document work by utilizing their endorsement, in accordance with the Quality Management System.

§  Notify immediate supervisor of any suspected un-airworthy condition noted while performing their duties.

§  Acquire and maintain hand tools, if necessary, to complete work assigned.

§  Clean, disassemble and identify components, with normal supervision.

§  Have a good understanding of blueprints, technical manuals, and planning documents with normal supervision.

§  Apply different types of conversion coatings and sealants using different types of tools and methods with normal supervision.

§  Works in conjunction with higher grade mechanics to further their job knowledge base through OJT with normal supervision.

§  Cleans work area, when required with minimal supervision.

§  Read and understand blueprints and technical manuals.

§  Accomplish basic repairs with normal supervision.

§  Have a basic understanding of computer processes involved in daily operations.

§  Other various duties, as assigned.

Qualifications
 

§  Read, write, and understand English fluently.

§  Ability to learn and understand and communicate effectively in writing and verbally.

 

Job: Operations
Primary Location: United States-Arkansas-Hot Springs-Triumph Airborne Structures
Schedule: Full-time
Overtime Status: Non-exempt

We are an equal opportunity employer. All qualified applicants will receive consideration for employment without regard to race, color, religion, sex, sexual orientation, gender identity, national origin, disability or veteran status."
AAR Corp,"Technician II, S/M",306141,"United States, Florida, Miami",United States of America,,onsite,Mid,unknown,unknown,unknown,taleo,N/A,2026-06-16T21:36:25Z,https://aarcorp.taleo.net/careersection/2/jobdetail.ftl?job=306141,"Job Description - Technician II, S/M (17124)
About Us: AAR Corp. (NYSE: AIR) is a global aerospace and defense aftermarket solutions company that employs more than 6,000 people across over 60 sites in over 20 countries. Headquartered in the Chicago, Illinois area, AAR supports commercial and government customers in more than 100 countries through four operating segments: Parts Supply, Integrated Solutions, Repair and Engineering and Expeditionary Services. AAR’s purpose is to empower people to build innovative aerospace solutions today so you can safely reach your destination tomorrow. The company’s mission is to go above and beyond to provide value-driven aerospace aftermarket solutions to meet the evolving needs of our customers worldwide. AAR constantly searches for the right thing to do for its customers, employees, partners and for society.
 
Technician II, S/M - 17124

Description
 
SUMMARY The Technician B, SM is responsible for being proficient in minor and intermediate repairs, modifications and service bulletins. ESSENTIAL DUTIES AND RESPONSIBILITIES -Highly proficient in fabrication, cold working, flap peening and jacking, shoring aircraft. -Highly proficient in using technical data and drawings to locate part numbers and accomplish repairs. -Insure work performed adheres to high quality standards. -Effectively direct the work of less experienced mechanics. -All other duties as assigned. CORE COMPETENCIES Commitment to company values and ethics Dependability: personally responsible, completes work in a timely manner, and performs tasks accurately Motivation: must maintain a positive attitude and strong work energy Communication: excellent interpersonal and oral and written communication skills Initiative: plans work and carries out tasks without detailed instructions, prepares for problems or opportunities in advance, undertakes additional responsibilities Strong judgment and decision making

Qualifications
 

QUALIFICATIONS To perform this job successfully, an individual must be able to perform each essential duty satisfactorily. The requirements listed below are representative of the knowledge, skill, and/or ability required. EDUCATION and/or EXPERIENCE High school diploma or general education degree required. Must have a minimum of 1 year related experience and/or training. -May or may not have an Airframe and Powerplant license. -Computer keypunch experience -Previous experience in warehousing, handling inventory, and bar code equipment. PHYSICAL DEMANDS/WORK ENVIRONMENT The physical demands and work environment characteristics described here are representative of those that must be met by an employee to successfully perform the essential functions of this job. Reasonable accommodations may be made to enable individuals with disabilities to perform the essential functions. While performing the duties of this job, the employee may be regularly required to sit, stand, bend, reach and move about the facility. The environmental characteristic for this position is a warehouse setting. Candidates should be able to adapt to a traditional warehouse environment. 

Job: Operations
Primary Location: United States-Florida-Miami-Miami- Aircraft Services
Schedule: Full-time
Overtime Status: Non-exempt

We are an equal opportunity employer. All qualified applicants will receive consideration for employment without regard to race, color, religion, sex, sexual orientation, gender identity, national origin, disability or veteran status."
AAR Corp,"Technician II, A&P",319945,"United States, Florida, Miami",United States of America,,onsite,Mid,unknown,unknown,unknown,taleo,N/A,2026-06-16T21:36:25Z,https://aarcorp.taleo.net/careersection/2/jobdetail.ftl?job=319945,"Job Description - Technician II, A&P (18110)
About Us: AAR Corp. (NYSE: AIR) is a global aerospace and defense aftermarket solutions company that employs more than 6,000 people across over 60 sites in over 20 countries. Headquartered in the Chicago, Illinois area, AAR supports commercial and government customers in more than 100 countries through four operating segments: Parts Supply, Integrated Solutions, Repair and Engineering and Expeditionary Services. AAR’s purpose is to empower people to build innovative aerospace solutions today so you can safely reach your destination tomorrow. The company’s mission is to go above and beyond to provide value-driven aerospace aftermarket solutions to meet the evolving needs of our customers worldwide. AAR constantly searches for the right thing to do for its customers, employees, partners and for society.
 
Technician II, A&P - 18110

Description
 

SUMMARY The Technician II, A&P is responsible for performing basic maintenance tasks without supervision. 

ESSENTIAL DUTIES AND RESPONSIBILITIES - Able to perform intermediate/heavy maintenance tasks with little supervision. - Perform flight control and engine throttle rigging. - Able to use FAA approved data (i.e. IPC, M/M, OHM, SRM) proficiently. - Insure work performed adheres to high quality standards. - Effectively direct the work of less experienced mechanics - All other duties as assigned. 

CORE COMPETENCIES Commitment to company values and ethics Dependability: personally responsible, completes work in a timely manner, and performs tasks accurately Motivation: must maintain a positive attitude and strong work energy Organization: very detail oriented and always comes prepared Communication: excellent interpersonal and oral and written communication skills Initiative: plans work and carries out tasks without detailed instructions, prepares for problems or opportunities in advance, undertakes additional responsibilities Analytical skills: must be able to gather information and use data to determine cause and effect for complex problem solving

Qualifications
 

QUALIFICATIONS To perform this job successfully, an individual must be able to perform each essential duty satisfactorily. The requirements listed below are representative of the knowledge, skill, and/or ability required. EDUCATION and/or EXPERIENCE High school diploma or general education degree (GED) required. Must have a minimum of 3 years related experience and/or training. - A&P License preferred, but not required. - Computer keypunch experience - Previous experience in warehousing, handling inventory, and bar code equipment. 

PHYSICAL DEMANDS/WORK ENVIRONMENT The physical demands and work environment characteristics described here are representative of those that must be met by an employee to successfully perform the essential functions of this job. Reasonable accommodations may be made to enable individuals with disabilities to perform the essential functions. While performing the duties of this job, the employee may be regularly required to sit, stand, bend, reach and move about the facility. The environmental characteristic for this position is a warehouse setting. Candidates should be able to adapt to a traditional warehouse environment.

 

#LI-VS1

Job: Operations
Primary Location: United States-Florida-Miami-Miami- Aircraft Services
Schedule: Full-time
Overtime Status: Non-exempt

We are an equal opportunity employer. All qualified applicants will receive consideration for employment without regard to race, color, religion, sex, sexual orientation, gender identity, national origin, disability or veteran status."
AAR Corp,"Supervisor, Production",321348,"United States, Illinois, Rockford",United States of America,,onsite,Mid,unknown,unknown,unknown,taleo,N/A,2026-06-16T21:36:25Z,https://aarcorp.taleo.net/careersection/2/jobdetail.ftl?job=321348,"Job Description - Supervisor, Production (18265)
About Us: AAR Corp. (NYSE: AIR) is a global aerospace and defense aftermarket solutions company that employs more than 6,000 people across over 60 sites in over 20 countries. Headquartered in the Chicago, Illinois area, AAR supports commercial and government customers in more than 100 countries through four operating segments: Parts Supply, Integrated Solutions, Repair and Engineering and Expeditionary Services. AAR’s purpose is to empower people to build innovative aerospace solutions today so you can safely reach your destination tomorrow. The company’s mission is to go above and beyond to provide value-driven aerospace aftermarket solutions to meet the evolving needs of our customers worldwide. AAR constantly searches for the right thing to do for its customers, employees, partners and for society.
 
Supervisor, Production - 18265

Description
 

Production Supervisor. The Production Supervisor is responsible for the supervision of employees and must comply with all safety, quality, quantity, and housekeeping standards.

What you will be responsible for:

Supervise all personnel and operations on shift.

Maintain thorough knowledge of all processes and equipment.

Report any process and equipment problems.

Organize work for smooth operation.

Assure that established policy, rules, regulations, and procedures are followed.

Responsible for all processes, equipment, employees, safety, and housekeeping of the area.

Meet production quality and quantity standards on the shift.

Carry out supervisory responsibilities in accordance with the organization’s policies and applicable laws.

Planning, assigning, and directing work.

Appraising performance.

Rewarding and disciplining employees.

Addressing complaints and resolving problems.

All other duties as assigned.

Qualifications
 

What you will need to be successful in this role:

Associate of Arts degree (AA) or equivalent from 2-year college or technical school, or 4 years related experience and/or training, or equivalent combination of education and experience.

Must possess coaching and development skills.

Strong judgment and decision making.

Prior experience in the Aviation industry, required.

FAA Airframe & Powerplant (A&P) license, required.

The rewards of your career at AAR go far beyond just your salary:

Competitive salary and quarterly bonus package

Comprehensive benefits package including medical, dental, and vision coverage.

401(k) retirement plan with company match

Generous paid time off program

Professional development and career advancement opportunities

Physical Demands/Work Environment:

The physical demands and work environment characteristics described here are representative of those that must be met by an employee to successfully perform the essential functions of this job.

Reasonable accommodations may be made to enable individuals with disabilities to perform the essential functions.

While performing the duties of this job, the employee may be regularly required to sit, stand, bend, reach and move about the facility.

The environmental characteristic for this position is a warehouse setting.

Candidates should be able to adapt to a traditional warehouse environment.

AAR provides accommodation in accordance with applicable laws through all stages of the hiring process. If you require accommodation for any part of the application and/or hiring process, please advise Human Resources.

Compensation:

The anticipated salary range for this position is $32.17 to $39.72 hourly. This range reflects the base pay for candidates who meet the requirements of the role, including experience, education, and location. AAR offers a competitive benefits package, including medical/dental/vision/life/and AD&D insurance, 401(k) savings plan with employer match, paid time off and holiday pay, as well as opportunities for professional development and growth.

#LI-SA2

Job: Operations
Primary Location: United States-Illinois-Rockford
Schedule: Full-time
Overtime Status: Exempt

We are an equal opportunity employer. All qualified applicants will receive consideration for employment without regard to race, color, religion, sex, sexual orientation, gender identity, national origin, disability or veteran status."
AAR Corp,"Inspector, Chief",321406,"United States, Illinois, Rockford",United States of America,,onsite,Director,unknown,unknown,unknown,taleo,N/A,2026-06-16T21:36:25Z,https://aarcorp.taleo.net/careersection/2/jobdetail.ftl?job=321406,"Job Description - Inspector, Chief (18270)
About Us: AAR Corp. (NYSE: AIR) is a global aerospace and defense aftermarket solutions company that employs more than 6,000 people across over 60 sites in over 20 countries. Headquartered in the Chicago, Illinois area, AAR supports commercial and government customers in more than 100 countries through four operating segments: Parts Supply, Integrated Solutions, Repair and Engineering and Expeditionary Services. AAR’s purpose is to empower people to build innovative aerospace solutions today so you can safely reach your destination tomorrow. The company’s mission is to go above and beyond to provide value-driven aerospace aftermarket solutions to meet the evolving needs of our customers worldwide. AAR constantly searches for the right thing to do for its customers, employees, partners and for society.
 
Inspector, Chief - 18270

Description
 

Chief Inspector. Accountable to the Vice President of Quality and Safety for the overall operation of the Quality Control Department, and as such, will have the final authority in the releasing to service of airframes, engines, propellers, appliances, and the component parts thereof meeting AAR, customer and FAA specifications.

What you will be responsible for: 

Ensure the Repair Station maintains full compliance with FAA regulations, airworthiness requirements, and organizational policies.
Develop, implement, and maintain inspection standards, procedures, and technical data.
Oversee all phases of inspection and verify accuracy of required documentation prior to return-to-service authorization.
Ensure incoming materials meet airworthiness standards and verify quality of work performed by external vendors.
Prevent the installation or reuse of defective or unserviceable parts.
Oversee proper identification, tagging, and control of parts and components.
Maintain and oversee the Corrective and Preventative Action (CAPA) system.
Lead internal audits and support preparation for all external audits.
Ensure proper calibration and control of inspection tools and precision test equipment.
Collaborate with Quality Assurance and other departments to resolve quality-related issues.
Lead, supervise, and develop personnel assigned to the Quality Control Department.
Conduct hiring, training, performance evaluations, and ongoing employee development.
Chair the facility’s Review Board and drive improvements in inspection processes, quality systems, and procedures.
Promote continuous improvement initiatives across the facility.
Prepare and present required reports to customers, leadership, and internal departments.
Foster strong communication and collaboration with vendors, customers, and internal teams to address quality concerns.
Perform all other duties as assigned.
 

Qualifications
 

What you will need to be successful in this role: 

B.S. or B.A. (or equivalent experience).
Have at least 5 years’ experience working in the Quality Assurance/Quality Control Department for an entity certificated under 14 CFR Part-121, Part-135 or Part-145. FAA.
Airframe and Powerplant license required and must be in good standing.
Sufficient working knowledge and understanding of Repair Station operations certificated under 14 CFR Part-145.
Experience conducting internal and external audits; familiarity with audit standards and methodologies.
Prior supervisory or team leadership experience with a team of 30 or more.
Strong understanding of quality management systems and industry regulatory requirements.
Proficiency in Corrective and Preventative Action (CAPA) processes.
Strong leadership and interpersonal skills with the ability to supervise, coach, and develop team members.
High attention to detail and commitment to accuracy and regulatory compliance.
Must understand, read, and write English.

Year One Critical Success Factors: 

Ascertains that all inspections are properly performed on all completed work and that the proper inspection records, reports, and forms used by the Repair Station are properly executed prior to releasing the article for return to service.

The rewards of your career at AAR go far beyond just your salary: 

Competitive salary 
Comprehensive benefits package including medical, dental, and vision coverage.
401(k) retirement plan with company match
Generous paid time off program
Professional development and career advancement opportunities

Physical Demands/Work Environment:
The physical demands and work environment characteristics described here are representative of those that must be met by an employee to successfully perform the essential functions of this job.

Reasonable accommodations may be made to enable individuals with disabilities to perform the essential functions.
While performing the duties of this job, the employee may be regularly required to sit, stand, bend, reach and move about the facility.
The environmental characteristic for this position is an office/warehouse setting.

Candidates should be able to adapt to a traditional business/warehouse environment.

 


AAR provides accommodation in accordance with applicable laws through all stages of the hiring process. If you require accommodation for any part of the application and/or hiring process, please advise Human Resources.

Compensation: 
The anticipated salary range for this position is $108,000 to $135,000 annually. This range reflects the base salary for candidates who meet the requirements of the role, including experience, education, and location. AAR offers a competitive benefits package, including medical/dental/vision/life/and AD&D insurance, 401(k) savings plan with employer match, paid time off and holiday pay, as well as opportunities for professional development and growth.

#LI_SA2
 

Job: Operations
Primary Location: United States-Illinois-Rockford
Schedule: Full-time
Overtime Status: Exempt

We are an equal opportunity employer. All qualified applicants will receive consideration for employment without regard to race, color, religion, sex, sexual orientation, gender identity, national origin, disability or veteran status."
AAR Corp,F-16 Avionics Technician III,321369,"United States, Florida, Homestead",United States of America,,onsite,Mid,us_person,Secret,unknown,taleo,N/A,2026-06-16T21:36:25Z,https://aarcorp.taleo.net/careersection/2/jobdetail.ftl?job=321369,"Job Description - F-16 Avionics Technician III (18271)
About Us: AAR Corp. (NYSE: AIR) is a global aerospace and defense aftermarket solutions company that employs more than 6,000 people across over 60 sites in over 20 countries. Headquartered in the Chicago, Illinois area, AAR supports commercial and government customers in more than 100 countries through four operating segments: Parts Supply, Integrated Solutions, Repair and Engineering and Expeditionary Services. AAR’s purpose is to empower people to build innovative aerospace solutions today so you can safely reach your destination tomorrow. The company’s mission is to go above and beyond to provide value-driven aerospace aftermarket solutions to meet the evolving needs of our customers worldwide. AAR constantly searches for the right thing to do for its customers, employees, partners and for society.
 
F-16 Avionics Technician III - 18271

Description
 

Work Schedule: 

Monday through Friday

Currently 1st shift, but must be able to work 1st or 2nd shift

Description:

Responsible for depot-level modification, upgrade, & test of aircraft sub-systems, ensuring airworthiness. Duties include, but are not limited to, inspecting, testing, modifying, and repairing avionic as well as other electrical systems/sub-systems.  Examples include radar, radio, navigation, and aircraft power systems/sub-systems.

What you will be responsible for:

Modifies, upgrades, inspects, tests, adjusts, and repairs aircraft avionic and electrical systems, such as aircraft installed radar, radio, navigation, and power systems using hand tools and test equipment
Inspects components of avionic and electrical systems and equipment for defects, such as loose connections and frayed wire, and for accuracy of assembly and installation
Tests avionic and electrical systems under simulated or actual operating conditions to determine performance and airworthiness, using test equipment, such as oscilloscopes, digital meters and counters, and circuit analyzers
Using hand tools, adjusts, repairs, and/or replaces defective components based on analysis of test results, following blueprints, schematics, handbooks, and other technical documents
When required, calibrates installed, modified, or repaired systems and/or equipment to prescribed specifications
When required, operates ground servicing equipment to operationally test, inspect, and verify functionality and air worthiness of avionic and other electrical systems
When required, assist in fabricating wiring harnesses
Accurately document all required U.S. Government and program forms and documents, including electronic records 
Must effectively interact with program and customer representatives as well as on-site business or military representatives
Perform other duties as assigned

Qualifications
 

What you will need to be successful in this role:  

Must meet one of the following requirements:
 
A Bachelor's degree plus 3 years of related experience in avionics maintenance.
An Associate's degree plus 4 years of related experience in avionics or electro-environmental maintenance.
High School Diploma plus 8 years of related experience in avionics or electro-environmental maintenance.
F-16 experience is strongly preferred, but other fighter jet experience may be considered.
At least a 7 Skill Level or equivalent is strongly preferred.
5th generation aircraft experience is a plus.
Microsoft Office Suite skills are preferred.
Ability to obtain and maintain a Secret Clearance is required. 

The rewards of your career at AAR go far beyond just your salary:  

Competitive pay
Comprehensive benefits package including medical, dental, and vision coverage.
401(k) retirement plan with company match
Generous paid time off program
Professional development and career advancement opportunities

Physical Demands/Work Environment:

Must be able to lift and carry parts, tooling, and other awkward items sometimes weighing greater than 50 lbs, including walking up and down stairs, aircraft maintenance stands, and platforms
Requires intermittent standing, walking, sitting, squatting, stretching, and bending throughout the workday

Must be able to see and hear or use prosthetics that will enable these senses to function adequately to assure that the requirements of this position can be fully met.

 

#LI-LM1   #LI-Onsite

Job: Defense
Primary Location: United States-Florida-Homestead-Homestead Air Reserve Base
Schedule: Full-time
Overtime Status: Non-exempt

We are an equal opportunity employer. All qualified applicants will receive consideration for employment without regard to race, color, religion, sex, sexual orientation, gender identity, national origin, disability or veteran status."
AAR Corp,F-16 Avionics / Electrical Technician,321407,"Republic of Korea, Osan Air Base",United States of America,,onsite,Mid,us_person,Secret,unknown,taleo,N/A,2026-06-16T21:36:25Z,https://aarcorp.taleo.net/careersection/2/jobdetail.ftl?job=321407,"Job Description - F-16 Avionics / Electrical Technician (18272)
About Us: AAR Corp. (NYSE: AIR) is a global aerospace and defense aftermarket solutions company that employs more than 6,000 people across over 60 sites in over 20 countries. Headquartered in the Chicago, Illinois area, AAR supports commercial and government customers in more than 100 countries through four operating segments: Parts Supply, Integrated Solutions, Repair and Engineering and Expeditionary Services. AAR’s purpose is to empower people to build innovative aerospace solutions today so you can safely reach your destination tomorrow. The company’s mission is to go above and beyond to provide value-driven aerospace aftermarket solutions to meet the evolving needs of our customers worldwide. AAR constantly searches for the right thing to do for its customers, employees, partners and for society.
 
F-16 Avionics / Electrical Technician - 18272

Description
 

 

WORK LOCATION

Position is located OCONUS at Osan AB, South Korea; work is being performed at an aircraft depot facility, including occasional flight line operations, hangar and/or aviation field environment.  

Description: 

Responsible for depot-level modification, upgrade, & test of aircraft sub-systems, ensuring airworthiness. Duties include, but are not limited to, inspecting, testing, modifying, and repairing avionic as well as other electrical systems/sub-systems.  Examples include radar, radio, navigation, and aircraft power systems/sub-systems.

What you will be responsible for:

Modifies, upgrades, inspects, tests, adjusts, and repairs aircraft avionic and electrical systems, such as aircraft installed radar, radio, navigation, and power systems using hand tools and test equipment
Inspects components of avionic and electrical systems and equipment for defects, such as loose connections and frayed wire, and for accuracy of assembly and installation
Tests avionic and electrical systems under simulated or actual operating conditions to determine performance and airworthiness, using test equipment, such as oscilloscopes, digital meters and counters, and circuit analyzers
Using hand tools, adjusts, repairs, and/or replaces defective components based on analysis of test results, following blueprints, schematics, handbooks, and other technical documents
When required, calibrates installed, modified, or repaired systems and/or equipment to prescribed specifications
When required, operates ground servicing equipment to operationally test, inspect, and verify functionality and air worthiness of avionic and other electrical systems
When required, assist in fabricating wiring harnesses
Accurately document all required U.S. Government and program forms and documents, including electronic records 
Must effectively interact with program and customer representatives as well as on-site business or military representatives
Perform other duties as assigned

Qualifications
 

What you will need to be successful in this role:  

Must meet one of the following requirements:
A bachelor's degree plus 3 years of recent specialized related experience in avionics or electro-environmental maintenance.
An associate's degree, A&P license, FCC license, or USAF 7 Skill Level plus 4 years of recent specialized related experience in avionics or electro-environmental maintenance.
High School Diploma plus 8 years of recent specialized related experience in avionics or electro-environmental maintenance.
F-16 experience is strongly preferred, but other fighter jet experience may be considered.
5th generation aircraft experience is a plus
Microsoft Office Suite skills is preferred
Ability to obtain and maintain a Secret Clearance is required. 
Due to the Secret Clearance requirement, US Citizenship is required.

The rewards of your career at AAR go far beyond just your salary: 

Competitive compensation package 
Comprehensive benefits package including medical, dental, and vision coverage.
401(k) retirement plan with company match
Generous paid time off program
Professional development and career advancement opportunities

Physical Demands/Work Environment:

Must be able to lift and carry parts, tooling, and other awkward items sometimes weighing greater than 50 lbs, including walking up and down stairs, aircraft maintenance stands, and platforms
Requires intermittent standing, walking, sitting, squatting, stretching, and bending throughout the workday
Must be able to see and hear or use prosthetics that will enable these senses to function adequately to assure that the requirements of this position can be fully met.
Candidates must be able to work 1st or 2nd shift, as needed.

#LI-LM1  #LI-Onsite

#LI-LM1

Job: Defense
Primary Location: Republic of Korea-Osan Air Base
Schedule: Full-time
Overtime Status: Exempt

We are an equal opportunity employer. All qualified applicants will receive consideration for employment without regard to race, color, religion, sex, sexual orientation, gender identity, national origin, disability or veteran status."
AAR Corp,"Technician III, S/M",321267,"United States, North Carolina, Greensboro",United States of America,,onsite,Mid,us_person,unknown,unknown,taleo,N/A,2026-06-16T21:36:25Z,https://aarcorp.taleo.net/careersection/2/jobdetail.ftl?job=321267,"Job Description - Technician III, S/M (18256)
About Us: AAR Corp. (NYSE: AIR) is a global aerospace and defense aftermarket solutions company that employs more than 6,000 people across over 60 sites in over 20 countries. Headquartered in the Chicago, Illinois area, AAR supports commercial and government customers in more than 100 countries through four operating segments: Parts Supply, Integrated Solutions, Repair and Engineering and Expeditionary Services. AAR’s purpose is to empower people to build innovative aerospace solutions today so you can safely reach your destination tomorrow. The company’s mission is to go above and beyond to provide value-driven aerospace aftermarket solutions to meet the evolving needs of our customers worldwide. AAR constantly searches for the right thing to do for its customers, employees, partners and for society.
 
Technician III, S/M - 18256

Description
 

Description:
Technician III, S/M  is an entry level position ideal for new graduates from Technical or A&P school. Also ideal for mechanics with less than five years of heavy aircraft experience.

What you will be responsible for:
•    Able to perform basic maintenance tasks under supervision.
•    Able to use FAA approved data (i.e. IPC, M/M, OHM, SRM) proficiently. 
•    Ensure work performed adheres to high quality standards. 
•    All other duties as assigned.
 

Qualifications
 

What you need to be successful in this role:
•    This position requires compliance with International Traffic in Arms Regulations (ITAR). Candidates must be a U.S. Person as defined by ITAR (U.S. citizen, U.S. national, lawful permanent resident, or individual admitted as a refugee or granted asylum).
•    High school diploma or general education degree GED required.
•    Must have a minimum of 1 year related experience and/or training.
•    May or may not have an A and/or P license or Repairman’s Certificate. 
•    Fluent in English (speech, reading, writing).
•    Some sheet metal experience (including relative experience outside of Aviation)
•    Must possess and be able to skillfully use the minimum tools required.
•    Six (6) months Helper experience with successful completion of 40 hour Sheetmetal class.
•    Candidates without experience in Aviation Sheetmetal must successfully complete 120 hours of General Aviation Training (OJT).
•    Must possess the ability to learn.

The rewards of your career at AAR go far beyond just your salary:
•    Competitive salary and bonus package.
•    Comprehensive benefits package including medical, dental, and vision coverage.
•    401(k) retirement plan with company match.
•    Generous paid time off program.
•    Professional development and career advancement opportunities

Physical Demands/Work Environment:
•    The physical demands and work environment characteristics described here are representative of those that must be met by an employee to successfully perform the essential functions of this job.
•    Reasonable accommodations may be made to enable individuals with disabilities to perform the essential functions.
•    While performing the duties of this job, the employee may be regularly required to sit, stand, bend, reach and move about the facility.
•    Ability to use required safety equipment.

AAR provides accommodation in accordance with applicable laws through all stages of the hiring process. If you require accommodation for any part of the application and/or hiring process, please advise Human Resources.
 

Job: Operations
Primary Location: United States-North Carolina-Greensboro-AAR Aircraft Services Greensboro
Schedule: Full-time
Overtime Status: Non-exempt

We are an equal opportunity employer. All qualified applicants will receive consideration for employment without regard to race, color, religion, sex, sexual orientation, gender identity, national origin, disability or veteran status."
AAR Corp,"Tech, Cabin I",321285,"United States, North Carolina, Greensboro",United States of America,,onsite,Mid,us_person,unknown,unknown,taleo,N/A,2026-06-16T21:36:25Z,https://aarcorp.taleo.net/careersection/2/jobdetail.ftl?job=321285,"Job Description - Tech, Cabin I (18257)
About Us: AAR Corp. (NYSE: AIR) is a global aerospace and defense aftermarket solutions company that employs more than 6,000 people across over 60 sites in over 20 countries. Headquartered in the Chicago, Illinois area, AAR supports commercial and government customers in more than 100 countries through four operating segments: Parts Supply, Integrated Solutions, Repair and Engineering and Expeditionary Services. AAR’s purpose is to empower people to build innovative aerospace solutions today so you can safely reach your destination tomorrow. The company’s mission is to go above and beyond to provide value-driven aerospace aftermarket solutions to meet the evolving needs of our customers worldwide. AAR constantly searches for the right thing to do for its customers, employees, partners and for society.
 
Tech, Cabin I - 18257

Description
 

Description:
The Cabin/Interiors Technician I has more than 3 years of experience in heavy aircraft maintenance.

What you will be responsible for:
•    Removal, disassembly, cleaning, inspecting, repairing and reinstalling as needed of aircraft cabin furnishings and equipment such as galleys, lavatories, seats, overhead compartments, panels and carpeting. 
•    Repairs, adjusts and installs aircraft seats. 
•    Able to read and understand blueprints, engineering documents, service bulletins, aircraft manuals and catalogs and be able to perform complex cabin reconfigurations. 
•    Has general knowledge of tools. 
•    Understands how to read a micrometer, depth gauge or dial calipers. 
•    Identifies interior fasteners and determines grip lengths required and has basic knowledge of their installation methods. 
•    Understands and practices correctly basic sealing procedures of aircraft structures. Identifies the locations of pressurized areas of the aircraft. 
•    Opens and closes areas on the aircraft which are required to be opened for inspection. 
•    Work performed must meet FAA and customer standards. Follows standards of behavior and appearance for all staff members. 
•    Asks questions as necessary to increase knowledge or skill. 
•    Maintains her or his work area in an orderly and clean manner. 
•    Cleans and removes any foreign objects generated during the course of effecting repairs. 
•    Records her or his time worked as directed by her or his supervisor. 
•    Complies with all safety procedures at all times, without exception. 
•    Complies with all AAR Aircraft Services policies and procedures which apply to her or him. 
•    Keeps her or himself informed of such policies and procedures and asks her or his supervisor for explanations of anything which she or he does not fully understand. 
•    Takes those prudent actions appropriate to the preservation of Company and or customer assets, whether in monetary or other form. 
•    Attends work-related training as scheduled. 
•    Performs such other tasks as may be reasonably assigned by her or his supervisor.
 

Qualifications
 

What you need to be successful in this role:
•    This position requires compliance with International Traffic in Arms Regulations (ITAR). Candidates must be a U.S. Person as defined by ITAR (U.S. citizen, U.S. national, lawful permanent resident, or individual admitted as a refugee or granted asylum).
•    High school diploma or general education degree GED required.
•    Minimum three years of aircraft cabin experience required. 
•    FAA Airframe license in good standing, preferred but not required.
•    Able to communicate effectively verbally in writing in standard English. 
•    Able to interface in a professional manner with other AAR Aircraft Services employees at all levels and with customers if required. 
•    General mechanical aptitude. 
•    Able to comprehend and follow instructions.

The rewards of your career at AAR go far beyond just your salary:
•    Competitive salary and bonus package.
•    Comprehensive benefits package including medical, dental, and vision coverage.
•    401(k) retirement plan with company match.
•    Generous paid time off program.
•    Professional development and career advancement opportunities

Physical Demands/Work Environment:
•    The physical demands and work environment characteristics described here are representative of those that must be met by an employee to successfully perform the essential functions of this job.
•    Reasonable accommodations may be made to enable individuals with disabilities to perform the essential functions.
•    While performing the duties of this job, the employee may be regularly required to sit, stand, bend, reach, bend, twist, lift, and move about the facility.
•    Ability to use required safety equipment.
•    Exposed to high levels of noise, dust, vibration and chemical fumes. 
•    Able to lift fifty (50) pounds without mechanical assistance. 
•    Able to access and work in all areas of the aircraft to be worked on, including confined areas. 
•    Able to climb on ladders and platforms and work at heights up to fifty feet from the ground.

AAR provides accommodation in accordance with applicable laws through all stages of the hiring process. If you require accommodation for any part of the application and/or hiring process, please advise Human Resources.
 

Job: Operations
Primary Location: United States-North Carolina-Greensboro-AAR Aircraft Services Greensboro
Schedule: Full-time
Overtime Status: Non-exempt

We are an equal opportunity employer. All qualified applicants will receive consideration for employment without regard to race, color, religion, sex, sexual orientation, gender identity, national origin, disability or veteran status."
AAR Corp,Corporate Quality Organization Specialist,320486,"United States, Illinois, Wood Dale",United States of America,,onsite,Mid,unknown,unknown,yes,taleo,N/A,2026-06-16T21:36:25Z,https://aarcorp.taleo.net/careersection/2/jobdetail.ftl?job=320486,"Job Description - Corporate Quality Organization Specialist (18167)
About Us: AAR Corp. (NYSE: AIR) is a global aerospace and defense aftermarket solutions company that employs more than 6,000 people across over 60 sites in over 20 countries. Headquartered in the Chicago, Illinois area, AAR supports commercial and government customers in more than 100 countries through four operating segments: Parts Supply, Integrated Solutions, Repair and Engineering and Expeditionary Services. AAR’s purpose is to empower people to build innovative aerospace solutions today so you can safely reach your destination tomorrow. The company’s mission is to go above and beyond to provide value-driven aerospace aftermarket solutions to meet the evolving needs of our customers worldwide. AAR constantly searches for the right thing to do for its customers, employees, partners and for society.
 
Corporate Quality Organization Specialist  - 18167

Description
 

The Corporate Quality Organization Specialist will ensure that AARs Vendor Management Program is properly maintained and documented, will maintain the records / risk status of current vendors, will communicate vendor status to participating AAR business units and will perform internal audits on AAR departments to ensure AAR is adhering to its policy and documented procedures.  

This position is based at our Corporate Headquarters in Wood Dale, IL, with a planned relocation to the Merchandise Mart (Chicago) in early 2027.

What you need to be successful in this role:

 Receiving and processing vendor requests from business units.
Accomplishing vendor approvals, both initial and recurrent, to include Sending Postal Audits to potential vendor(s); Receiving, reviewing, and scoring returned postal audits and on-site audits to determine acceptability of vendor(s) 
Notifying participating business units of added vendors 
Managing the annual vendor audit schedule to determine need for requalification of vendors
Maintaining vendor files by entering all associated surveys, on-site records, and other associated vendor data into IMOPS
Monitoring the overall purchase activity of vendors 
Coordinating with the Quality department to address and obtain resolution on significant vendor issues identified by participating business units 
Notifying business units of significant issues associated with current vendors 
Participate in the planning, execution, and follow up of Internal Audits
Participate in the execution, and follow up of 3rd party and Customer Audits
All other duties as assigned. 

Qualifications
 

What you need to be successful in this role: 

Familiarity working with ERP systems
Proficiency with desktop Microsoft applications to include the ability to maintain databases in Excel 
Proficiency with Adobe
Ability to focus on details and perform all required functions with accuracy 
Self-motivated/self-directed 
Ability to work/coordinate with multiple departments/multiple locations 
Advanced computer proficiency
Bachelor of Arts degree (B.A.) or Bachelor of Science degree (B.S.) from four-year college or university; or eight years related experience and/or training; or equivalent combination of education and experience. 
Knowledge of Federal Aviation Regulations (FARs), ISO 9000, and AS91XX standards.
Aviation experience preferred. 
PC literate (Excel, Word, PowerPoint, Outlook). 
 

The rewards of your career at AAR go far beyond just your salary: 

Competitive salary and bonus package
Comprehensive benefits package including medical, dental, and vision coverage.
401(k) retirement plan with company match
Generous paid time off program
Professional development and career advancement opportunities

Physical Demands/Work Environment:
The physical demands and work environment characteristics described here are representative of those that must be met by an employee to successfully perform the essential functions of this job.
•    Reasonable accommodations may be made to enable individuals with disabilities to perform the essential functions.
•    While performing the duties of this job, the employee may be regularly required to sit, stand, bend, reach and move about the facility.
•    The environmental characteristic for this position is an office setting.
•    Candidates should be able to adapt to a traditional business environment.
AAR provides accommodation in accordance with applicable laws through all stages of the hiring process. If you require accommodation for any part of the application and/or hiring process, please advise Human Resources.

Compensation:
The anticipated salary range for this position is $75,300 to $78,000 annually. This range reflects the base salary for candidates who meet the requirements of the role, including experience, education, and location. [In addition to base pay, this role is eligible for a bonus.] AAR offers a competitive benefits package, including medical/dental/vision/life/and AD&D insurance, 401(k) savings plan with employer match, paid time off and holiday pay, as well as opportunities for professional development and growth.

#LI-MA1 #LI-ONSITE
 

Job: Operations
Primary Location: United States-Illinois-Wood Dale
Schedule: Full-time
Overtime Status: Exempt

We are an equal opportunity employer. All qualified applicants will receive consideration for employment without regard to race, color, religion, sex, sexual orientation, gender identity, national origin, disability or veteran status."
AAR Corp,Director of Capture Management,320925,"United States, District of Columbia, Washington DC",United States of America,,onsite,Director,unknown,Top Secret,unknown,taleo,N/A,2026-06-16T21:36:25Z,https://aarcorp.taleo.net/careersection/2/jobdetail.ftl?job=320925,"Job Description - Director of Capture Management (18206)
About Us: AAR Corp. (NYSE: AIR) is a global aerospace and defense aftermarket solutions company that employs more than 6,000 people across over 60 sites in over 20 countries. Headquartered in the Chicago, Illinois area, AAR supports commercial and government customers in more than 100 countries through four operating segments: Parts Supply, Integrated Solutions, Repair and Engineering and Expeditionary Services. AAR’s purpose is to empower people to build innovative aerospace solutions today so you can safely reach your destination tomorrow. The company’s mission is to go above and beyond to provide value-driven aerospace aftermarket solutions to meet the evolving needs of our customers worldwide. AAR constantly searches for the right thing to do for its customers, employees, partners and for society.
 
Director of Capture Management  - 18206

Description
 

LOCATION

The desire is for the Director of Capture Management to reside in Wood Dale IL.  Potential accommodations could be made to facilitate virtual performance of duties.  Individuals must have reasonable access to a major airport and must be able to travel domestically and internationally as needed.

SUMMARY

The Director of Capture Management is responsible for leading capture efforts, overseeing capture managers, conducting market analysis, and devising capture strategies to win contracts supporting DoD, US/foreign governments, and OEMs.  This leader will work closely with internal stakeholders, defense contractors, prime contractors, and OEMs in developing executable support and sustainment strategies resulting in lower life cycle costs for the customer, and reasonable profit for AAR.

What you will be responsible for:

Win contracts supporting DoW, US/foreign governments, and OEMs, and develop strategies to grow these markets

 

Interacts and collaborates across AAR’s functional staffs and other AAR business units to generate cost effective winning capture strategies

Develops and supports the creation and pursuit of a capture pipeline in accordance with AAR strategic goals

Contributes and recommends business and marketing strategies to achieve maximum penetration consistent with Company financial objectives

Prepares customer and internal presentations

Supports, communicates, reinforces, and defends the mission, values and culture of AAR

Ensures all capture activity is conducted in a compliant and ethical manner consistent with Government laws and the high standards of AAR

Qualifications
 

What you will need to be successful in this role:

8 years of related professional experience in defense or the defense industry with a focus on Product Support and Integration, Engineering Services, CLS, and/or supply chain management is required.

Knowledge of Shipley Capture and Proposal Management processes

Must have ability to obtain up to Top Secret level clearance.

Master’s degree (M.A.) or equivalent; or fifteen years’ related experience and/or training; or equivalent combination of education and experience

Year One Critical Success Factors:

Successfully lead end-to-end capture efforts for assigned opportunities

Drive consistent adherence to standardized capture and proposal SOPs

Consistently apply AAR’s structured capture methodology

Produce compliant and compelling, on-time, high-quality capture artifacts

Influence leaders, capture managers, and proposal managers to adopt standardized processes

The rewards of your career at AAR go far beyond just your salary:

Competitive salary and bonus package

 Comprehensive benefits package including medical, dental, and vision coverage.

401(k) retirement plan with company match

Generous paid time off program

 Professional development and career advancement opportunities

Physical Demands/Work Environment:
The physical demands and work environment characteristics described here are representative of those that must be met by an employee to successfully perform the essential functions of this job. Reasonable accommodations may be made to enable individuals with disabilities to perform the essential functions.

While performing the duties of this job, the employee may be regularly required to sit, stand, bend, reach and move about the facility.
The environmental characteristic for this position is an office setting.
Candidates should be able to adapt to a traditional business environment.

AAR provides accommodation in accordance with applicable laws through all stages of the hiring process. If you require accommodation for any part of the application and/or hiring process, please advise Human Resources.

Compensation:

The anticipated salary range for this position is $200,000 to $215,000 annually. This range reflects the base salary for candidates who meet the requirements of the role, including experience, education, and location. In addition to base pay, this role is eligible for a bonus. AAR offers a competitive benefits package, including medical/dental/vision/life/and AD&D insurance, 401(k) savings plan with employer match, paid time off and holiday pay, as well as opportunities for professional development and growth.

#LI-PI1 #LI-HYBRID

Job: Defense
Primary Location: United States-District of Columbia-Washington DC
Schedule: Full-time
Overtime Status: Exempt

AAR is an equal opportunity employer. All qualified applicants will receive consideration for employment without regard to race, color, religion, sex, sexual orientation, gender identity, national origin, disability or veteran status."
AAR Corp,Director of Capture Management,320865,"United States, Illinois, Wood Dale",United States of America,,onsite,Director,unknown,Top Secret,unknown,taleo,N/A,2026-06-16T21:36:25Z,https://aarcorp.taleo.net/careersection/2/jobdetail.ftl?job=320865,"Job Description - Director of Capture Management (18203)
About Us: AAR Corp. (NYSE: AIR) is a global aerospace and defense aftermarket solutions company that employs more than 6,000 people across over 60 sites in over 20 countries. Headquartered in the Chicago, Illinois area, AAR supports commercial and government customers in more than 100 countries through four operating segments: Parts Supply, Integrated Solutions, Repair and Engineering and Expeditionary Services. AAR’s purpose is to empower people to build innovative aerospace solutions today so you can safely reach your destination tomorrow. The company’s mission is to go above and beyond to provide value-driven aerospace aftermarket solutions to meet the evolving needs of our customers worldwide. AAR constantly searches for the right thing to do for its customers, employees, partners and for society.
 
Director of Capture Management  - 18203

Description
 

LOCATION

The desire is for the Director of Capture Management to reside in Wood Dale IL.  Potential accommodations could be made to facilitate virtual performance of duties.  Individuals must have reasonable access to a major airport and must be able to travel domestically and internationally as needed.

SUMMARY

The Director of Capture Management is responsible for leading capture efforts, overseeing capture managers, conducting market analysis, and devising capture strategies to win contracts supporting DoD, US/foreign governments, and OEMs.  This leader will work closely with internal stakeholders, defense contractors, prime contractors, and OEMs in developing executable support and sustainment strategies resulting in lower life cycle costs for the customer, and reasonable profit for AAR.

What you will be responsible for:

Win contracts supporting DoW, US/foreign governments, and OEMs, and develop strategies to grow these markets

 

Interacts and collaborates across AAR’s functional staffs and other AAR business units to generate cost effective winning capture strategies

Develops and supports the creation and pursuit of a capture pipeline in accordance with AAR strategic goals

Contributes and recommends business and marketing strategies to achieve maximum penetration consistent with Company financial objectives

Prepares customer and internal presentations

Supports, communicates, reinforces, and defends the mission, values and culture of AAR

Ensures all capture activity is conducted in a compliant and ethical manner consistent with Government laws and the high standards of AAR

Qualifications
 

What you will need to be successful in this role:

8 years of related professional experience in defense or the defense industry with a focus on Product Support and Integration, Engineering Services, CLS, and/or supply chain management is required.

Knowledge of Shipley Capture and Proposal Management processes

Must have ability to obtain up to Top Secret level clearance.

Master’s degree (M.A.) or equivalent; or fifteen years’ related experience and/or training; or equivalent combination of education and experience

Year One Critical Success Factors:

Successfully lead end-to-end capture efforts for assigned opportunities

Drive consistent adherence to standardized capture and proposal SOPs

Consistently apply AAR’s structured capture methodology

Produce compliant and compelling, on-time, high-quality capture artifacts

Influence leaders, capture managers, and proposal managers to adopt standardized processes

The rewards of your career at AAR go far beyond just your salary:

Competitive salary and bonus package

 Comprehensive benefits package including medical, dental, and vision coverage.

401(k) retirement plan with company match

Generous paid time off program

 Professional development and career advancement opportunities

Physical Demands/Work Environment:
The physical demands and work environment characteristics described here are representative of those that must be met by an employee to successfully perform the essential functions of this job. Reasonable accommodations may be made to enable individuals with disabilities to perform the essential functions.

While performing the duties of this job, the employee may be regularly required to sit, stand, bend, reach and move about the facility.
The environmental characteristic for this position is an office setting.
Candidates should be able to adapt to a traditional business environment.

AAR provides accommodation in accordance with applicable laws through all stages of the hiring process. If you require accommodation for any part of the application and/or hiring process, please advise Human Resources.

Compensation:

The anticipated salary range for this position is $190,000 to $210,000 annually. This range reflects the base salary for candidates who meet the requirements of the role, including experience, education, and location. In addition to base pay, this role is eligible for a bonus. AAR offers a competitive benefits package, including medical/dental/vision/life/and AD&D insurance, 401(k) savings plan with employer match, paid time off and holiday pay, as well as opportunities for professional development and growth.

#LI-PI1 #LI-HYBRID

Job: Defense
Primary Location: United States-Illinois-Wood Dale
Schedule: Full-time
Overtime Status: Exempt

AAR is an equal opportunity employer. All qualified applicants will receive consideration for employment without regard to race, color, religion, sex, sexual orientation, gender identity, national origin, disability or veteran status."
AAR Corp,"Technician II, S/M",321228,"United States, North Carolina, Greensboro",United States of America,,onsite,Mid,us_person,unknown,unknown,taleo,N/A,2026-06-16T21:36:25Z,https://aarcorp.taleo.net/careersection/2/jobdetail.ftl?job=321228,"Job Description - Technician II, S/M (18247)
About Us: AAR Corp. (NYSE: AIR) is a global aerospace and defense aftermarket solutions company that employs more than 6,000 people across over 60 sites in over 20 countries. Headquartered in the Chicago, Illinois area, AAR supports commercial and government customers in more than 100 countries through four operating segments: Parts Supply, Integrated Solutions, Repair and Engineering and Expeditionary Services. AAR’s purpose is to empower people to build innovative aerospace solutions today so you can safely reach your destination tomorrow. The company’s mission is to go above and beyond to provide value-driven aerospace aftermarket solutions to meet the evolving needs of our customers worldwide. AAR constantly searches for the right thing to do for its customers, employees, partners and for society.
 
Technician II, S/M - 18247

Description
 

Description:
Technician I, S/M is responsible for being proficient in all minor through intermediate repairs, modifications, and service bulletins.

What you will be responsible for:
•    Highly proficient in fabrication, cold working, flap peening and jacking/shoring aircraft. 
•    Highly proficient in using technical data and drawings to locate part numbers and accomplish repairs. 
•    Ensure work performed adheres to high quality standards. 
•    Effectively direct the work of less experienced mechanics. 
•    All other duties as assigned.
 

Qualifications
 

What you need to be successful in this role:
•    This position requires compliance with International Traffic in Arms Regulations (ITAR). Candidates must be a U.S. Person as defined by ITAR (U.S. citizen, U.S. national, lawful permanent resident, or individual admitted as a refugee or granted asylum).
•    High school diploma or general education degree GED required.
•    Must have a minimum of 1 year related experience and/or training.
•    May or may not have a Airframe and or Powerplant license 
•    Computer keypunch experience 
•    Fluent in English (speech, reading, writing)
•    General mechanical aptitude.
•    Able to comprehend and follow instructions. 
•    Must possess and be able to skillfully use the minimum tools required.

The rewards of your career at AAR go far beyond just your salary:
•    Competitive salary and bonus package.
•    Comprehensive benefits package including medical, dental, and vision coverage.
•    401(k) retirement plan with company match.
•    Generous paid time off program.
•    Professional development and career advancement opportunities

Physical Demands/Work Environment:
•    The physical demands and work environment characteristics described here are representative of those that must be met by an employee to successfully perform the essential functions of this job.
•    Reasonable accommodations may be made to enable individuals with disabilities to perform the essential functions.
•    While performing the duties of this job, the employee may be regularly required to sit, stand, bend, reach and move about the facility.

AAR provides accommodation in accordance with applicable laws through all stages of the hiring process. If you require accommodation for any part of the application and/or hiring process, please advise Human Resources.
 

Job: Operations
Primary Location: United States-North Carolina-Greensboro-AAR Aircraft Services Greensboro
Schedule: Full-time
Overtime Status: Non-exempt

We are an equal opportunity employer. All qualified applicants will receive consideration for employment without regard to race, color, religion, sex, sexual orientation, gender identity, national origin, disability or veteran status."
AAR Corp,"Technician II, R&E",321229,"United States, North Carolina, Greensboro",United States of America,,onsite,Mid,us_person,unknown,unknown,taleo,N/A,2026-06-16T21:36:25Z,https://aarcorp.taleo.net/careersection/2/jobdetail.ftl?job=321229,"Job Description - Technician II, R&E (18248)
About Us: AAR Corp. (NYSE: AIR) is a global aerospace and defense aftermarket solutions company that employs more than 6,000 people across over 60 sites in over 20 countries. Headquartered in the Chicago, Illinois area, AAR supports commercial and government customers in more than 100 countries through four operating segments: Parts Supply, Integrated Solutions, Repair and Engineering and Expeditionary Services. AAR’s purpose is to empower people to build innovative aerospace solutions today so you can safely reach your destination tomorrow. The company’s mission is to go above and beyond to provide value-driven aerospace aftermarket solutions to meet the evolving needs of our customers worldwide. AAR constantly searches for the right thing to do for its customers, employees, partners and for society.
 
Technician II, R&E - 18248

Description
 

Description:
Technician II, R/E is responsible for effectively performing R&E routine work associated with heavy aircraft A, B, C and D checks.

What you will be responsible for:
•    Able to troubleshoot aircraft avionics and electrical systems using approved technical data with minimal supervision.
•    Detailed knowledge of aircraft avionics and electrical systems. 
•    Understand engineering methodology for systems installations. 
•    Demonstrated proficiency in performing avionics and electrical modifications.
•    All other duties as assigned.
 

Qualifications
 

What you will need to be successful in this role:
·    This position requires compliance with International Traffic in Arms Regulations (ITAR). Candidates must be a U.S. Person as defined by ITAR (U.S. citizen, U.S. national, lawful permanent resident, or individual admitted as a refugee or granted asylum).
·    High school diploma or general education degree GED required.
·    Must have an A&P, FCC license or repairman certificate.
·    Knowledge of FAA regulations including 14 CFR.
·    Minimum Two (2) years previous experience required.
·    Fluent in English (speech, reading, writing)

The rewards of your career at AAR go far beyond just your salary:
·    Competitive salary and bonus package.
·    Comprehensive benefits package including medical, dental, and vision coverage.
·    401(k) retirement plan with company match.
·    Generous paid time off program.
·    Professional development and career advancement opportunities

Physical Demands/Work Environment:
·    The physical demands and work environment characteristics described here are representative of those that must be met by an employee to successfully perform the essential functions of this job.
·    Reasonable accommodations may be made to enable individuals with disabilities to perform the essential functions.
·    While performing the duties of this job, the employee may be regularly required to sit, stand, bend, reach and move about the facility.

AAR provides accommodation in accordance with applicable laws through all stages of the hiring process. If you require accommodation for any part of the application and/or hiring process, please advise Human Resources.
 

Job: Operations
Primary Location: United States-North Carolina-Greensboro-AAR Aircraft Services Greensboro
Schedule: Full-time
Overtime Status: Non-exempt

We are an equal opportunity employer. All qualified applicants will receive consideration for employment without regard to race, color, religion, sex, sexual orientation, gender identity, national origin, disability or veteran status."
AAR Corp,"Technician III, R&E",321189,"United States, North Carolina, Greensboro",United States of America,,onsite,Mid,us_person,unknown,unknown,taleo,N/A,2026-06-16T21:36:25Z,https://aarcorp.taleo.net/careersection/2/jobdetail.ftl?job=321189,"Job Description - Technician III, R&E (18239)
About Us: AAR Corp. (NYSE: AIR) is a global aerospace and defense aftermarket solutions company that employs more than 6,000 people across over 60 sites in over 20 countries. Headquartered in the Chicago, Illinois area, AAR supports commercial and government customers in more than 100 countries through four operating segments: Parts Supply, Integrated Solutions, Repair and Engineering and Expeditionary Services. AAR’s purpose is to empower people to build innovative aerospace solutions today so you can safely reach your destination tomorrow. The company’s mission is to go above and beyond to provide value-driven aerospace aftermarket solutions to meet the evolving needs of our customers worldwide. AAR constantly searches for the right thing to do for its customers, employees, partners and for society.
 
Technician III, R&E - 18239

Description
 

Description:
Technician III, R&E is an entry level position ideal for new graduates from Technical or A&P school. Also ideal for mechanics with less than five years of heavy aircraft experience.

What you will be responsible for:
•    Able to perform basic maintenance tasks under supervision. 
•    Able to use FAA approved data (i.e. IPC, M/M, OHM, SRM) proficiently. 
•    Insure work performed adheres to high quality standards. 
•    All other duties as assigned.
 

Qualifications
 

What you need to be successful in this role:
•    This position requires compliance with International Traffic in Arms Regulations (ITAR). Candidates must be a U.S. Person as defined by ITAR (U.S. citizen, U.S. national, lawful permanent resident, or individual admitted as a refugee or granted asylum).
•    High school diploma or general education degree GED required.
•    May or may not have an A and/or P license, FCC license, or Repairman's Certificate.
•    Some maintenance experience (including relative experience outside of Aviation).
•    Must possess and be able to skillfully use the minimum tools required
•    Must have 1 to 3 years aviation maintenance experience
•    Should have R&E experience (including relative experience outside of Aviation)
•    Must possess the ability to learn
•    Fluent in English (speech, reading, writing)

The rewards of your career at AAR go far beyond just your salary:
•    Competitive salary and bonus package.
•    Comprehensive benefits package including medical, dental, and vision coverage.
•    401(k) retirement plan with company match.
•    Generous paid time off program.
•    Professional development and career advancement opportunities

Physical Demands/Work Environment:
•    The physical demands and work environment characteristics described here are representative of those that must be met by an employee to successfully perform the essential functions of this job.
•    Reasonable accommodations may be made to enable individuals with disabilities to perform the essential functions.
•    While performing the duties of this job, the employee may be regularly required to sit, stand, bend, reach and move about the facility.
•    Ability to use required safety equipment.

AAR provides accommodation in accordance with applicable laws through all stages of the hiring process. If you require accommodation for any part of the application and/or hiring process, please advise Human Resources.
 

Job: Operations
Primary Location: United States-North Carolina-Greensboro-AAR Aircraft Services Greensboro
Schedule: Full-time
Overtime Status: Non-exempt

We are an equal opportunity employer. All qualified applicants will receive consideration for employment without regard to race, color, religion, sex, sexual orientation, gender identity, national origin, disability or veteran status."
AAR Corp,"Technician II, A&P",321187,"United States, North Carolina, Greensboro",United States of America,,onsite,Mid,us_person,unknown,unknown,taleo,N/A,2026-06-16T21:36:25Z,https://aarcorp.taleo.net/careersection/2/jobdetail.ftl?job=321187,"Job Description - Technician II, A&P (18236)
About Us: AAR Corp. (NYSE: AIR) is a global aerospace and defense aftermarket solutions company that employs more than 6,000 people across over 60 sites in over 20 countries. Headquartered in the Chicago, Illinois area, AAR supports commercial and government customers in more than 100 countries through four operating segments: Parts Supply, Integrated Solutions, Repair and Engineering and Expeditionary Services. AAR’s purpose is to empower people to build innovative aerospace solutions today so you can safely reach your destination tomorrow. The company’s mission is to go above and beyond to provide value-driven aerospace aftermarket solutions to meet the evolving needs of our customers worldwide. AAR constantly searches for the right thing to do for its customers, employees, partners and for society.
 
Technician II, A&P - 18236

Description
 

Description:
Technician II, A&P is responsible for performing basic maintenance tasks without supervision.

What you will be responsible for:
•    Able to perform intermediate/heavy maintenance tasks with little supervision.
•    Perform flight control and engine throttle rigging. 
•    Able to use FAA approved data (i.e. IPC, M/M, OHM, SRM) proficiently.
•    Ensure work performed adheres to high quality standards.
•    Effectively direct the work of less experienced mechanics.
•    All other duties as assigned. 
 

Qualifications
 

What you need to be successful in this role:
•    This position requires compliance with International Traffic in Arms Regulations (ITAR). Candidates must be a U.S. Person as defined by ITAR (U.S. citizen, U.S. national, lawful permanent resident, or individual admitted as a refugee or granted asylum).
•    High school diploma or general education degree GED required.
•    FAA Airframe and Powerplant Certificate.
•    Must have a minimum of 1 year related experience and/or training.
•    Fluent in English (speech, reading, writing)

The rewards of your career at AAR go far beyond just your salary:
•    Competitive salary.
•    Comprehensive benefits package including medical, dental, and vision coverage.
•    401(k) retirement plan with company match.
•    Generous paid time off program.
•    Professional development and career advancement opportunities

Physical Demands/Work Environment:
•    The physical demands and work environment characteristics described here are representative of those that must be met by an employee to successfully perform the essential functions of this job.
•    Reasonable accommodations may be made to enable individuals with disabilities to perform the essential functions.
•    While performing the duties of this job, the employee may be regularly required to sit, stand, bend, reach and move about the facility.
•    Ability to use required safety equipment.
 

AAR provides accommodation in accordance with applicable laws through all stages of the hiring process. If you require accommodation for any part of the application and/or hiring process, please advise Human Resources.

 

Job: Operations
Primary Location: United States-North Carolina-Greensboro-AAR Aircraft Services Greensboro
Schedule: Full-time
Overtime Status: Non-exempt

We are an equal opportunity employer. All qualified applicants will receive consideration for employment without regard to race, color, religion, sex, sexual orientation, gender identity, national origin, disability or veteran status."
AAR Corp,"Technician I, A&P",321205,"United States, North Carolina, Greensboro",United States of America,,onsite,Mid,us_person,unknown,unknown,taleo,N/A,2026-06-16T21:36:25Z,https://aarcorp.taleo.net/careersection/2/jobdetail.ftl?job=321205,"Job Description - Technician I, A&P (18235)
About Us: AAR Corp. (NYSE: AIR) is a global aerospace and defense aftermarket solutions company that employs more than 6,000 people across over 60 sites in over 20 countries. Headquartered in the Chicago, Illinois area, AAR supports commercial and government customers in more than 100 countries through four operating segments: Parts Supply, Integrated Solutions, Repair and Engineering and Expeditionary Services. AAR’s purpose is to empower people to build innovative aerospace solutions today so you can safely reach your destination tomorrow. The company’s mission is to go above and beyond to provide value-driven aerospace aftermarket solutions to meet the evolving needs of our customers worldwide. AAR constantly searches for the right thing to do for its customers, employees, partners and for society.
 
Technician I, A&P - 18235

Description
 

Description:
Technician I, A/P is responsible for performing intermediate/heavy maintenance tasks without supervision.

What you will be responsible for:
•    Perform flight control and engine throttle rigging.
•    Able to use FAA approved data (i.e. IPC, AMM, OHM, SRM) proficiently.
•    Ensure work performed adheres to high quality standards. 
•    Effectively direct the work of less experienced mechanics. 
•    All other duties as assigned.
 

Qualifications
 

What you need to be successful in this role:
•    This position requires compliance with International Traffic in Arms Regulations (ITAR). Candidates must be a U.S. Person as defined by ITAR (U.S. citizen, U.S. national, lawful permanent resident, or individual admitted as a refugee or granted asylum).
•    High school diploma or general education degree GED required.
•    FAA Airframe and Powerplant Certificate required.
•    Must have a minimum of 1 year related experience and/or training.
•    Fluent in English (speech, reading, writing)

The rewards of your career at AAR go far beyond just your salary:
•    Competitive salary.
•    Comprehensive benefits package including medical, dental, and vision coverage.
•    401(k) retirement plan with company match.
•    Generous paid time off program.
•    Professional development and career advancement opportunities

Physical Demands/Work Environment:
•    The physical demands and work environment characteristics described here are representative of those that must be met by an employee to successfully perform the essential functions of this job.
•    Reasonable accommodations may be made to enable individuals with disabilities to perform the essential functions.
•    While performing the duties of this job, the employee may be regularly required to sit, stand, bend, reach and move about the facility.
•    Ability to use required safety equipment.

AAR provides accommodation in accordance with applicable laws through all stages of the hiring process. If you require accommodation for any part of the application and/or hiring process, please advise Human Resources.

 

Job: Operations
Primary Location: United States-North Carolina-Greensboro-AAR Aircraft Services Greensboro
Schedule: Full-time
Overtime Status: Non-exempt

We are an equal opportunity employer. All qualified applicants will receive consideration for employment without regard to race, color, religion, sex, sexual orientation, gender identity, national origin, disability or veteran status."
AAR Corp,"Tech II, Cabin",321190,"United States, North Carolina, Greensboro",United States of America,,onsite,Mid,us_person,unknown,unknown,taleo,N/A,2026-06-16T21:36:25Z,https://aarcorp.taleo.net/careersection/2/jobdetail.ftl?job=321190,"Job Description - Tech II, Cabin (18241)
About Us: AAR Corp. (NYSE: AIR) is a global aerospace and defense aftermarket solutions company that employs more than 6,000 people across over 60 sites in over 20 countries. Headquartered in the Chicago, Illinois area, AAR supports commercial and government customers in more than 100 countries through four operating segments: Parts Supply, Integrated Solutions, Repair and Engineering and Expeditionary Services. AAR’s purpose is to empower people to build innovative aerospace solutions today so you can safely reach your destination tomorrow. The company’s mission is to go above and beyond to provide value-driven aerospace aftermarket solutions to meet the evolving needs of our customers worldwide. AAR constantly searches for the right thing to do for its customers, employees, partners and for society.
 
Tech II, Cabin - 18241

Description
 

Description:
The Cabin/Interiors Technician II has less than 5 years of experience in heavy aircraft maintenance. This is an ideal position for new graduates from technical or A&P schools.

What you will be responsible for:
•    Removal, disassembly, cleaning, inspecting, repairing and reinstalling as needed of aircraft cabin furnishings and equipment such as galleys, lavatories, seats, overhead compartments, panels and carpeting. 
•    Repair, adjustments and installation of aircraft seats. 
•    Read and understand blueprints, engineering documents, service bulletins, aircraft manuals and catalogs and perform complex cabin reconfigurations. 
•    Hold general knowledge of tools. 
•    Understand how to read a micrometer, depth gauge or dial calipers. 
•    Identify interior fasteners and determine grip lengths required and possess basic knowledge of installation methods. 
•    Clean corrosion and treat metal surfaces by the manufacturer’s instructions and specifications. 
•    Apply corrosion preventatives and know to which areas of the aircraft corrosion inhibiting liquids may not be applied. 
•    Accomplish simple sheet metal repairs or simple replacements of structural parts.
•    Fabricate replacement covering, panels or fairings by using the removed parts as samples. 
•    Understand and practice correctly basic sealing procedures of aircraft structures.
•    Identify the locations of pressurized areas of the aircraft. 
•    Open and close areas on the aircraft which are required to be opened for inspection. 
•    May affect bonded repairs of honeycomb structures. Ensure work performed meets FAA and customer standards. 
•    Follow standards of behavior and appearance for all staff members. 
•    Ask questions as necessary to increase knowledge or skill. 
•    Maintain work in an orderly and clean manner. 
•    Clean and remove any foreign objects generated during effecting repairs. 
•    Record time worked as directed by supervisor. 
•    Always comply with all safety procedures, without exception. 
•    Comply with all AAR policies and procedures. 
•    Stay informed of such policies and procedures and ask supervisor for explanations of anything not fully understood. 
•    Attend work-related training as scheduled. 
•    Perform such other tasks as may be reasonably assigned by supervisor.
 

Qualifications
 

What you need to be successful in this role:
•    This position requires compliance with International Traffic in Arms Regulations (ITAR). Candidates must be a U.S. Person as defined by ITAR (U.S. citizen, U.S. national, lawful permanent resident, or individual admitted as a refugee or granted asylum).
•    High school diploma or general education degree GED required.
•    Must have 1 to 3 years of aviation maintenance experience and/or be new graduate of aviation technical or A&P school. 
•    May or may not have an A and/or P license. 
•    Fluent in English (speech, reading, writing)
•    General mechanical aptitude.
•    Able to comprehend and follow instructions. 
•    Must possess and be able to skillfully use the minimum tools required. 
•    Able to learn.

The rewards of your career at AAR go far beyond just your salary:
•    Competitive salary.
•    Comprehensive benefits package including medical, dental, and vision coverage.
•    401(k) retirement plan with company match.
•    Generous paid time off program.
•    Professional development and career advancement opportunities

Physical Demands/Work Environment:
•    The physical demands and work environment characteristics described here are representative of those that must be met by an employee to successfully perform the essential functions of this job.
•    Reasonable accommodations may be made to enable individuals with disabilities to perform the essential functions.
•    While performing the duties of this job, the employee may be regularly required to sit, stand, bend, reach and move about the facility.
•    Ability to use required safety equipment for the handling of hazardous materials.
•    Duties require bending, stooping, reaching, stretching, climbing stairs/ladders, etc., handling supplies and equipment weighing up to 50 lbs.
•    Will be subjected to noise more than 85 db.
•    Must be able to access all areas of the aircraft.

AAR provides accommodation in accordance with applicable laws through all stages of the hiring process. If you require accommodation for any part of the application and/or hiring process, please advise Human Resources.
 

Job: Operations
Primary Location: United States-North Carolina-Greensboro-AAR Aircraft Services Greensboro
Schedule: Full-time
Overtime Status: Non-exempt

We are an equal opportunity employer. All qualified applicants will receive consideration for employment without regard to race, color, religion, sex, sexual orientation, gender identity, national origin, disability or veteran status."
AAR Corp,"Lead, Sheetmetal",321191,"United States, North Carolina, Greensboro",United States of America,,onsite,Lead,us_person,unknown,unknown,taleo,N/A,2026-06-16T21:36:25Z,https://aarcorp.taleo.net/careersection/2/jobdetail.ftl?job=321191,"Job Description - Lead, Sheetmetal (18246)
About Us: AAR Corp. (NYSE: AIR) is a global aerospace and defense aftermarket solutions company that employs more than 6,000 people across over 60 sites in over 20 countries. Headquartered in the Chicago, Illinois area, AAR supports commercial and government customers in more than 100 countries through four operating segments: Parts Supply, Integrated Solutions, Repair and Engineering and Expeditionary Services. AAR’s purpose is to empower people to build innovative aerospace solutions today so you can safely reach your destination tomorrow. The company’s mission is to go above and beyond to provide value-driven aerospace aftermarket solutions to meet the evolving needs of our customers worldwide. AAR constantly searches for the right thing to do for its customers, employees, partners and for society.
 
Lead, Sheetmetal - 18246

Description
 

Description:
Work on all minor through major repairs, modifications, E.A.s, etc. Monitor and accurately complete all aircraft paperwork to ensure safety and timely delivery.
 

What you will be responsible for:
•    Establish work priorities and supervise the work of up to 15 mechanics.
•    High proficiency in all minor through major repairs, modifications, E.A.s, etc.
•    Highly proficient with forms.
•    Effectively interact with customer representatives.
•    All other duties as assigned.


Qualifications
 

What you will need to be successful: 
•    This position requires compliance with International Traffic in Arms Regulations (ITAR). Candidates must be a U.S. Person as defined by ITAR (U.S. citizen, U.S. national, lawful permanent resident, or individual admitted as a refugee or granted asylum).
•    Must be able to perform each essential duty satisfactorily.
•    High school diploma or general education degree (GED) required. 
•    Must have a minimum of 1 year related experience and/or training.
•    Hold a minimum of an Airframe License.
•    May or may not have a Powerplant license
•    Computer keypunch experience
•    Previous experience in warehousing, handling inventory, and bar code equipment

The rewards of your career at AAR go far beyond just your salary:
•    Competitive salary.
•    Comprehensive benefits package including medical, dental, and vision coverage.
•    401(k) retirement plan with company match.
•    Generous paid time off program.
•    Professional development and career advancement opportunities

Physical Demands/Work Environment:
•    The physical demands and work environment characteristics described here are representative of those that must be met by an employee to successfully perform the essential functions of this job.
•    Reasonable accommodations may be made to enable individuals with disabilities to perform the essential functions.
•    While performing the duties of this job, the employee may be regularly required to sit, stand, bend, reach and move about the facility.
•    Ability to use required safety equipment.
 

AAR provides accommodation in accordance with applicable laws through all stages of the hiring process. If you require accommodation for any part of the application and/or hiring 
 

Job: Operations
Primary Location: United States-North Carolina-Greensboro-AAR Aircraft Services Greensboro
Schedule: Full-time
Overtime Status: Non-exempt

We are an equal opportunity employer. All qualified applicants will receive consideration for employment without regard to race, color, religion, sex, sexual orientation, gender identity, national origin, disability or veteran status."
AAR Corp,"Lead, Inspector",321209,"United States, North Carolina, Greensboro",United States of America,,onsite,Lead,us_person,unknown,unknown,taleo,N/A,2026-06-16T21:36:25Z,https://aarcorp.taleo.net/careersection/2/jobdetail.ftl?job=321209,"Job Description - Lead, Inspector (18244)
About Us: AAR Corp. (NYSE: AIR) is a global aerospace and defense aftermarket solutions company that employs more than 6,000 people across over 60 sites in over 20 countries. Headquartered in the Chicago, Illinois area, AAR supports commercial and government customers in more than 100 countries through four operating segments: Parts Supply, Integrated Solutions, Repair and Engineering and Expeditionary Services. AAR’s purpose is to empower people to build innovative aerospace solutions today so you can safely reach your destination tomorrow. The company’s mission is to go above and beyond to provide value-driven aerospace aftermarket solutions to meet the evolving needs of our customers worldwide. AAR constantly searches for the right thing to do for its customers, employees, partners and for society.
 
Lead, Inspector - 18244

Description
 

Description:
The Lead Inspector will ensure that all incoming and outgoing materials go through the proper levels of inspection, according to both AAR and ISO 9000 standards.

What you will be responsible for:
•    Lead outgoing and/or incoming inspection.
•    Process incoming and outgoing material.
•    Enforce Quality Control requirements per the ISO 9000 and customer requirements per the ISO 9000 and customer requirements manual.
•    Administer effective training and on the job training of Quality Control inspectors.
•    Assist Quality Manager in reviewing and updating department standards.
•    Interface with different departments in AAC/ATC
•    All other duties as assigned.
 

Qualifications
 

What you need to be successful:
•    This position requires compliance with International Traffic in Arms Regulations (ITAR). Candidates must be a U.S. Person as defined by ITAR (U.S. citizen, U.S. national, lawful permanent resident, or individual admitted as a refugee or granted asylum).
•    High School diploma or equivalent required.
•    FAA Airframe & Powerplant License required.
•    Associates degree (A.A.) or equivalent from two-year college or technical school; or four (4) years’ related experience and/or training; or equivalent combination of education and experience.
•    Previous aircraft inspection experience is a plus strong leadership, interpersonal and communication skills required.

The rewards of your career at AAR go far beyond just your salary:
•    Competitive salary.
•    Comprehensive benefits package including medical, dental, and vision coverage.
•    401(k) retirement plan with company match.
•    Generous paid time off program.
•    Professional development and career advancement opportunities

Physical Demands/Work Environment:
•    The physical demands and work environment characteristics described here are representative of those that must be met by an employee to successfully perform the essential functions of this job.
•    Reasonable accommodations may be made to enable individuals with disabilities to perform the essential functions.
•    While performing the duties of this job, the employee may be regularly required to sit, stand, bend, reach and move about the facility.
•    Ability to use required safety equipment.
•    Must be able to lift and carry up to 75 pounds and comply with OSHA standards
•    The environment characteristic for this position is an aircraft hangar setting.  
•    Candidates should be able to adapt to a traditional business setting.

AAR provides accommodation in accordance with applicable laws through all stages of the hiring process. If you require accommodation for any part of the application and/or hiring process, please advise Human Resources.
 

Job: Operations
Primary Location: United States-North Carolina-Greensboro-AAR Aircraft Services Greensboro
Schedule: Full-time
Overtime Status: Non-exempt

We are an equal opportunity employer. All qualified applicants will receive consideration for employment without regard to race, color, religion, sex, sexual orientation, gender identity, national origin, disability or veteran status."
AAR Corp,"Lead, Cabin",321225,"United States, North Carolina, Greensboro",United States of America,,onsite,Lead,us_person,unknown,unknown,taleo,N/A,2026-06-16T21:36:25Z,https://aarcorp.taleo.net/careersection/2/jobdetail.ftl?job=321225,"Job Description - Lead, Cabin (18242)
About Us: AAR Corp. (NYSE: AIR) is a global aerospace and defense aftermarket solutions company that employs more than 6,000 people across over 60 sites in over 20 countries. Headquartered in the Chicago, Illinois area, AAR supports commercial and government customers in more than 100 countries through four operating segments: Parts Supply, Integrated Solutions, Repair and Engineering and Expeditionary Services. AAR’s purpose is to empower people to build innovative aerospace solutions today so you can safely reach your destination tomorrow. The company’s mission is to go above and beyond to provide value-driven aerospace aftermarket solutions to meet the evolving needs of our customers worldwide. AAR constantly searches for the right thing to do for its customers, employees, partners and for society.
 
Lead, Cabin - 18242

Description
 

Description:
The Lead, Cabin establishes work priorities and supervises the work of up to 15 technicians while monitoring and accurately completing all aircraft paper work to ensure safety and timely delivery

What you will be responsible for:
•    Able to use FAA approved data (IPC, AMM, OHM, SRM, AD, SB, drawings) proficiently.
•    Able to perform and supervise maintenance on aircraft cabin components and systems, including but not limited to removal, installation, testing, adjustment, repair, modifications, and restorations.
•    Ensures that interior modifications, maintenance and repair work is properly performed and is legibly documented.
•    Ensures the correct use of tools and equipment, including but not limited to hand tools, required to accomplish assigned tasks efficiently, properly, and safely.
•    Ensures that work progress is documented on non-routine or routine paperwork.
•    Ensures the assigned work areas are organized to maximize capabilities.
•    Evaluate non-routine cards as required.
•    Able to identify necessary parts and materials for the tasks and ensure their proper order.
•    Documents turnovers as required 
•    All other duties as assigned.
 

Qualifications
 

What you will need to be successful in this role:
•    This position requires compliance with International Traffic in Arms Regulations (ITAR). Candidates must be a U.S. Person as defined by ITAR (U.S. citizen, U.S. national, lawful permanent resident, or individual admitted as a refugee or granted asylum).
•    High school diploma or general education degree GED required.
•    FAA Airframe License required, Powerplant License preferred.
•    Minimum five (5) years’ experience in aircraft maintenance.
•    Fluent in English (speech, reading, writing)

The rewards of your career at AAR go far beyond just your salary:
•    Competitive salary.
•    Comprehensive benefits package including medical, dental, and vision coverage.
•    401(k) retirement plan with company match.
•    Generous paid time off program.
•    Professional development and career advancement opportunities

Physical Demands/Work Environment:
•    The physical demands and work environment characteristics described here are representative of those that must be met by an employee to successfully perform the essential functions of this job.
•    Reasonable accommodations may be made to enable individuals with disabilities to perform the essential functions.
•    Able to bend, twist, squat, lift, and access all areas of the aircraft to the worked on, including confined spaces.While performing the duties of this job, the employee may be regularly required to sit, stand, bend, reach and move about the facility.
•    Ability to use required safety equipment for the handling of hazardous materials.
•    Exposed to high levels of noise, dust, vibration, and chemical fumes..
•    Maneuvers in, around, under and about hanger and/or equipment on a regular basis.
•    Must be able to lift up to 50 pounds and comply with OSHA standards.

•    Able to climb on ladders and platforms and work at heights up to fifty (50) feet from the ground.

•    Able to work in extreme climatic conditions.

AAR provides accommodation in accordance with applicable laws through all stages of the hiring process. If you require accommodation for any part of the application and/or hiring process, please advise Human Resources.
 

Job: Operations
Primary Location: United States-North Carolina-Greensboro-AAR Aircraft Services Greensboro
Schedule: Full-time
Overtime Status: Non-exempt

We are an equal opportunity employer. All qualified applicants will receive consideration for employment without regard to race, color, religion, sex, sexual orientation, gender identity, national origin, disability or veteran status."
AAR Corp,"Lead, Avionics",321208,"United States, North Carolina, Greensboro",United States of America,,onsite,Lead,us_person,unknown,unknown,taleo,N/A,2026-06-16T21:36:25Z,https://aarcorp.taleo.net/careersection/2/jobdetail.ftl?job=321208,"Job Description - Lead, Avionics (18240)
About Us: AAR Corp. (NYSE: AIR) is a global aerospace and defense aftermarket solutions company that employs more than 6,000 people across over 60 sites in over 20 countries. Headquartered in the Chicago, Illinois area, AAR supports commercial and government customers in more than 100 countries through four operating segments: Parts Supply, Integrated Solutions, Repair and Engineering and Expeditionary Services. AAR’s purpose is to empower people to build innovative aerospace solutions today so you can safely reach your destination tomorrow. The company’s mission is to go above and beyond to provide value-driven aerospace aftermarket solutions to meet the evolving needs of our customers worldwide. AAR constantly searches for the right thing to do for its customers, employees, partners and for society.
 
Lead, Avionics - 18240

Description
 

Description:
The Lead, Avionics R&E  Technician is responsible to his or her respective department supervisor for all functions assigned to provide airworthiness of the aircraft upon completion of maintenance at the facility

What you will be responsible for:
•    Being available for consultation on matters relating to work being accomplished on his or her assigned aircraft. 
•    Ensuring all required paperwork is satisfactorily completed and signed and comply with all existing regulations and procedures. 
•    Ensuring all equipment is properly used and adequate safeguards are in place to protect the customers’ aircraft and equipment. 
•    Monitoring and reporting to supervisors the work of personnel under his or her responsibility for proper work performance, productivity, quality and personnel safety. 
•    Assisting supervisors as requested in reviewing personnel for job qualifications and status and for maximizing manpower. 
•    Performing on the job training for personnel. 
•    Providing guidance and technical advice to assigned technicians. 
•    Coordinating with other appropriate departments to organize and control the customers’ work package and any special considerations. 
•    All other duties as assigned.
 

Qualifications
 

What you will need to be successful in this role:
•    This position requires compliance with International Traffic in Arms Regulations (ITAR). Candidates must be a U.S. Person as defined by ITAR (U.S. citizen, U.S. national, lawful permanent resident, or individual admitted as a refugee or granted asylum).
•    Associates degree AA or equivalent from two year college or technical school or four (4) years related experience and or training or equivalent combination of education and experience.
•    High school diploma or general education degree GED required.
•    Must have an FAA A&P License, FCC license or hold a Repairman Certificate, an FCC certificate, or a Radio Repairman Operator certificate as applicable to the work they are overseeing.
•    Fluent in English (speech, reading, writing).

The rewards of your career at AAR go far beyond just your salary:
•    Competitive salary.
•    Comprehensive benefits package including medical, dental, and vision coverage.
•    401(k) retirement plan with company match.
•    Generous paid time off program.
•    Professional development and career advancement opportunities

Physical Demands/Work Environment:
•    The physical demands and work environment characteristics described here are representative of those that must be met by an employee to successfully perform the essential functions of this job.
•    Reasonable accommodations may be made to enable individuals with disabilities to perform the essential functions.
•    While performing the duties of this job, the employee may be regularly required to sit, stand, bend, reach and move about the facility.
•    Ability to use required safety equipment.

AAR provides accommodation in accordance with applicable laws through all stages of the hiring process. If you require accommodation for any part of the application and/or hiring process, please advise Human Resources.
 

Job: Operations
Primary Location: United States-North Carolina-Greensboro-AAR Aircraft Services Greensboro
Schedule: Full-time
Overtime Status: Non-exempt

AAR is an equal opportunity employer. All qualified applicants will receive consideration for employment without regard to race, color, religion, sex, sexual orientation, gender identity, national origin, disability or veteran status."
AAR Corp,"Lead, A&P",321206,"United States, North Carolina, Greensboro",United States of America,,onsite,Lead,us_person,unknown,unknown,taleo,N/A,2026-06-16T21:36:25Z,https://aarcorp.taleo.net/careersection/2/jobdetail.ftl?job=321206,"Job Description - Lead, A&P (18238)
About Us: AAR Corp. (NYSE: AIR) is a global aerospace and defense aftermarket solutions company that employs more than 6,000 people across over 60 sites in over 20 countries. Headquartered in the Chicago, Illinois area, AAR supports commercial and government customers in more than 100 countries through four operating segments: Parts Supply, Integrated Solutions, Repair and Engineering and Expeditionary Services. AAR’s purpose is to empower people to build innovative aerospace solutions today so you can safely reach your destination tomorrow. The company’s mission is to go above and beyond to provide value-driven aerospace aftermarket solutions to meet the evolving needs of our customers worldwide. AAR constantly searches for the right thing to do for its customers, employees, partners and for society.
 
Lead, A&P - 18238

Description
 

Description:
Monitor and accurately complete all aircraft paperwork to insure safety and timely delivery.

What you will be responsible for:
•    Establish work priorities and supervise the work of up to 15 mechanics.
•    Ensure work performed adheres to high quality standards.
•    Able to use FAA approved data (i.e. IPC, AMM, OHM, SRM, A.Ds, S.Bs) proficiently.
•    Able to perform heavy maintenance tasks without supervision.
•    Able to perform aircraft rigging.
•    Effectively interact with customer representatives.
•    All other duties as assigned.
 

Qualifications
 

What you will need to be successful in this role:
•    This position requires compliance with International Traffic in Arms Regulations (ITAR). Candidates must be a U.S. Person as defined by ITAR (U.S. citizen, U.S. national, lawful permanent resident, or individual admitted as a refugee or granted asylum).
•    High school diploma or general education degree GED required.
•    Must have a minimum of 1 year related experience and or training.
•    FAA Airframe & Powerplant License required.
•    Fluent in English (speech, reading, writing)

The rewards of your career at AAR go far beyond just your salary:
•    Competitive salary.
•    Comprehensive benefits package including medical, dental, and vision coverage.
•    401(k) retirement plan with company match.
•    Generous paid time off program.
•    Professional development and career advancement opportunities

Physical Demands/Work Environment:
•    The physical demands and work environment characteristics described here are representative of those that must be met by an employee to successfully perform the essential functions of this job.
•    Reasonable accommodations may be made to enable individuals with disabilities to perform the essential functions.
•    While performing the duties of this job, the employee may be regularly required to sit, stand, bend, reach and move about the facility.
•    Ability to use required safety equipment.

AAR provides accommodation in accordance with applicable laws through all stages of the hiring process. If you require accommodation for any part of the application and/or hiring process, please advise Human Resources.
ss. If you require accommodation for any part of the application and/or hiring process, please advise Human Resources.


Job: Operations
Primary Location: United States-North Carolina-Greensboro-AAR Aircraft Services Greensboro
Schedule: Full-time
Overtime Status: Non-exempt

We are an equal opportunity employer. All qualified applicants will receive consideration for employment without regard to race, color, religion, sex, sexual orientation, gender identity, national origin, disability or veteran status."
AAR Corp,"Inspector, QC-Licensed",321226,"United States, North Carolina, Greensboro",United States of America,,onsite,Mid,us_person,unknown,unknown,taleo,N/A,2026-06-16T21:36:25Z,https://aarcorp.taleo.net/careersection/2/jobdetail.ftl?job=321226,"Job Description - Inspector, QC-Licensed (18243)
About Us: AAR Corp. (NYSE: AIR) is a global aerospace and defense aftermarket solutions company that employs more than 6,000 people across over 60 sites in over 20 countries. Headquartered in the Chicago, Illinois area, AAR supports commercial and government customers in more than 100 countries through four operating segments: Parts Supply, Integrated Solutions, Repair and Engineering and Expeditionary Services. AAR’s purpose is to empower people to build innovative aerospace solutions today so you can safely reach your destination tomorrow. The company’s mission is to go above and beyond to provide value-driven aerospace aftermarket solutions to meet the evolving needs of our customers worldwide. AAR constantly searches for the right thing to do for its customers, employees, partners and for society.
 
Inspector, QC-Licensed - 18243

Description
 

Description:
Inspectors are responsible for determining the airworthiness of work assigned. Inspection personnel must be thoroughly familiar with all inspection methods, techniques, and equipment used in their specialty to determine the quality of airworthiness of articles or Aircraft being maintained.

What you will be responsible for:
·    Carrying out all assigned duties on aircraft inspection, line operations and shop work necessary and required to maintain aircraft in a safe and airworthy condition in conformance to standards set forth in the FAR’s and manufacturers’ maintenance manuals.
·    Inspecting all parts and materials purchased for use in maintaining, modifying and the configuration of aircraft and equipment to see that quality, allowable tolerance, etc., meet the specifications and standards as set by the facility and the applicable manufacturer.
·    Recording all inspection data on forms, reports and inspection tags, and bringing to the attention of the Quality Director any irregularities in the standard practices used that could cause injury to personnel or make the aircraft unsafe.
·    Performing the function of receiving inspector for those parts or materials routed for checking.
·    Ensuring that all overhauls, checks and repairs are carried out in accordance with procedures as required in the applicable manuals and FAA regulations.
·    Ensuring that approved data is used for repairs and rework on aircraft and components.
·    Ensuring that a acceptable standard of workmanship is maintained and inform the Quality Director of faulty equipment and poor unsafe housekeeping areas.
·    Signing or stamping the serviceable tag attached to all parts and units when they are declared serviceable by him and ensuring that the tag is properly made out.
·    Signing the applicable paperwork prepared for units overhauled, repaired or functionally tested, and ensuring that the form is completed correctly.
·    Other duties as assigned.
 

Qualifications
 

What you need to be successful:
·    This position requires compliance with International Traffic in Arms Regulations (ITAR). Candidates must be a U.S. Person as defined by ITAR (U.S. citizen, U.S. national, lawful permanent resident, or individual admitted as a refugee or granted asylum).
·    High School diploma or equivalent required.
·    Must possess a current and active FAA A&P License.
·    Minimum of five (5) plus years heavy jet maintenance experience preferred.
·    Previous aircraft inspection experience is a plus strong leadership, interpersonal and communication skills required.

The rewards of your career at AAR go far beyond just your salary:
·    Competitive salary.
·    Comprehensive benefits package including medical, dental, and vision coverage.
·    401(k) retirement plan with company match.
·    Generous paid time off program.
·    Professional development and career advancement opportunities

Physical Demands/Work Environment:
·    The physical demands and work environment characteristics described here are representative of those that must be met by an employee to successfully perform the essential functions of this job.
·    Reasonable accommodations may be made to enable individuals with disabilities to perform the essential functions.
·    While performing the duties of this job, the employee may be regularly required to sit, stand, bend, reach, lift, squat, and walk about the facility.
·    Ability to use required safety equipment.
·    The environment characteristic for this position is an aircraft hangar setting.  Candidates should be able to adapt to a traditional business setting. Candidate must be able to work day or evening shifts, weekends and overtime.

AAR provides accommodation in accordance with applicable laws through all stages of the hiring process. If you require accommodation for any part of the application and/or hiring process, please advise Human Resources.
 

Job: Operations
Primary Location: United States-North Carolina-Greensboro-AAR Aircraft Services Greensboro
Schedule: Full-time
Overtime Status: Non-exempt

We are an equal opportunity employer. All qualified applicants will receive consideration for employment without regard to race, color, religion, sex, sexual orientation, gender identity, national origin, disability or veteran status."
AAR Corp,Warehouse Clerk,321025,"United States, Utah, Ogden",United States of America,,onsite,Mid,us_person,unknown,unknown,taleo,N/A,2026-06-16T21:36:25Z,https://aarcorp.taleo.net/careersection/2/jobdetail.ftl?job=321025,"Job Description - Warehouse Clerk (18216)
About Us: AAR Corp. (NYSE: AIR) is a global aerospace and defense aftermarket solutions company that employs more than 6,000 people across over 60 sites in over 20 countries. Headquartered in the Chicago, Illinois area, AAR supports commercial and government customers in more than 100 countries through four operating segments: Parts Supply, Integrated Solutions, Repair and Engineering and Expeditionary Services. AAR’s purpose is to empower people to build innovative aerospace solutions today so you can safely reach your destination tomorrow. The company’s mission is to go above and beyond to provide value-driven aerospace aftermarket solutions to meet the evolving needs of our customers worldwide. AAR constantly searches for the right thing to do for its customers, employees, partners and for society.
 
Warehouse Clerk - 18216

Description
 

Ensure that all inventory is properly categorized and accounted for. Receive inventory as needed and ensure that the entire shipment is unloaded.

What you will be responsible for:

Unload incoming inventory from trucks.
Stock inventory onto shelf locations.
Pick inventory for shipment to customers or repair vendors.
Perform inventory cycle counts.
Research missing parts and report any discrepancies.
Operate forklift equipment.
All other duties as assigned.

Qualifications
 

What you will need to be successful in this role:

High school diploma or General Education Degree (GED) required.
1 year of related experience and/or training is preferred. 
This position requires compliance with International Traffic in Arms Regulations (ITAR). Candidates must be a U.S. Person as defined by ITAR (U.S. citizen, U.S. national, lawful permanent resident, or individual admitted as a refugee or granted asylum).

Physical Demands/Work Environment:

The physical demands and work environment characteristics described here are representative of those that must be met by an employee to successfully perform the essential functions of this job. Reasonable accommodations may be made to enable individuals with disabilities to perform the essential functions.
While performing the duties of this job, the employee may be regularly required to sit, stand, bend, reach and move about the facility.
The environmental characteristic for this position is a warehouse setting. Candidates should be able to adapt to a traditional warehouse environment.
Must be able to lift and carry up to 35 pounds and comply with OSHA standards.

#LI-DNI 

Job: Warehouse
Primary Location: United States-Utah-Ogden
Schedule: Full-time
Overtime Status: Non-exempt

AAR is an equal opportunity employer. All qualified applicants will receive consideration for employment without regard to race, color, religion, sex, sexual orientation, gender identity, national origin, disability or veteran status."
AAR Corp,"Mechanic, Sheet Metal IV",321047,"United States, Arkansas, Hot Springs",United States of America,,onsite,Mid,unknown,unknown,unknown,taleo,N/A,2026-06-16T21:36:25Z,https://aarcorp.taleo.net/careersection/2/jobdetail.ftl?job=321047,"Job Description - Mechanic, Sheet Metal IV (18219)
About Us: AAR Corp. (NYSE: AIR) is a global aerospace and defense aftermarket solutions company that employs more than 6,000 people across over 60 sites in over 20 countries. Headquartered in the Chicago, Illinois area, AAR supports commercial and government customers in more than 100 countries through four operating segments: Parts Supply, Integrated Solutions, Repair and Engineering and Expeditionary Services. AAR’s purpose is to empower people to build innovative aerospace solutions today so you can safely reach your destination tomorrow. The company’s mission is to go above and beyond to provide value-driven aerospace aftermarket solutions to meet the evolving needs of our customers worldwide. AAR constantly searches for the right thing to do for its customers, employees, partners and for society.
 
Mechanic, Sheet Metal IV - 18219

Description
 

Plans, lays out, fabricates, assembles, installs, and repairs sheet metal parts, equipment, and products. Reads and interprets blueprints, sketches, or product specifications to determine sequence and methods of fabricating, assembling, and installing sheet metal products. Lays out and marks dimensions and reference lines on material to develop and trace patterns of product or parts or uses templates. Sets up and operates fabricating machines such as shears, brakes, presses, forming rolls, and routers, to cut, bend, block, and form, or straighten materials. Shapes metal material over anvils, blocks, or other forms. Inspects assemblies and installations for conformance to specifications.

§  Follow company policies and procedures.

§  Follow directions and / or instructions, as directed.

§  Familiar with Internal Customer Interfaces, as defined by the process assigned.

§  Process forms and document work by utilizing their endorsement, in accordance with the Quality Management System.

§  Notify immediate supervisor of any suspected un-airworthy condition noted while performing their duties.

§  Acquire and maintain hand tools, if necessary, to complete work assigned.

§  Clean, disassemble and identify components, with normal supervision.

§  Have a good understanding of blueprints, technical manuals, and planning documents with normal supervision.

§  Apply different type’s conversion coatings and sealants using different types of tools and methods with normal supervision.

§  Work in conjunction with higher grade Mechanics to further their job knowledge base through OJT with normal supervision.

§  Cleans work area, when required with minimal supervision.

§  Read and understand blueprints and technical manuals.

§  Accomplish basic repairs with normal supervision.

§  Have a basic understanding of computer processes involved in daily operations.

§  Other various duties, as assigned.

Qualifications
 
Read, write, and understand English fluently.
Ability to learn and understand and communicate effectively in writing and verbally.

Job: Operations
Primary Location: United States-Arkansas-Hot Springs-Triumph Airborne Structures
Schedule: Full-time
Overtime Status: Non-exempt

We are an equal opportunity employer. All qualified applicants will receive consideration for employment without regard to race, color, religion, sex, sexual orientation, gender identity, national origin, disability or veteran status."
AAR Corp,"Manager, Corporate Treasury",320825,"United States, Illinois, Wood Dale",United States of America,,onsite,Manager,unknown,unknown,yes,taleo,N/A,2026-06-16T21:36:25Z,https://aarcorp.taleo.net/careersection/2/jobdetail.ftl?job=320825,"Job Description - Manager, Corporate Treasury (18200)
About Us: AAR Corp. (NYSE: AIR) is a global aerospace and defense aftermarket solutions company that employs more than 6,000 people across over 60 sites in over 20 countries. Headquartered in the Chicago, Illinois area, AAR supports commercial and government customers in more than 100 countries through four operating segments: Parts Supply, Integrated Solutions, Repair and Engineering and Expeditionary Services. AAR’s purpose is to empower people to build innovative aerospace solutions today so you can safely reach your destination tomorrow. The company’s mission is to go above and beyond to provide value-driven aerospace aftermarket solutions to meet the evolving needs of our customers worldwide. AAR constantly searches for the right thing to do for its customers, employees, partners and for society.
 
Manager, Corporate Treasury - 18200

Description
 

This role reports to the Director of Treasury and plays a key role in managing global treasury operations, including cash and liquidity management, receipts and disbursements, outgoing disbursements, financial cash reporting, reconciliations, bank account management, borrowings/investments, and banking relationships. The ideal candidate will be passionate about process improvement and automation and will contribute to the efficiency and accuracy of our treasury functions.

This position is based at our Corporate Headquarters in Wood Dale, IL, with a planned relocation to the Merchandise Mart (Chicago) in early 2027.

What you will be responsible for: 

Actively manages the daily cash positioning function which includes disbursements, receipts, reconciliations, positive pay exceptions and balancing
Prepares and manages daily, weekly, and monthly reports on our global cash position
Monitors and analyzes the Company’s daily cash position to cover cash commitments and coordinates daily cash borrowing/investments
Reviews and improves existing internal cash management procedure and schedules
Computes and documents debt covenant compliance along with forecasting
Input, review, approve and/or release electronic disbursements such as ACHs and wires
Develop and support Treasury policies, procedures and controls
Assists with AR Monetization Finance Program
Monitor and oversee domestic and international bank account services and signatories including bank account administration for opening, migrating, closing of bank accounts and KYC requirements
Responsible for daily bank coordination, with respect to Cash Management, Debt Management, AR Monetization and issuance and collections on letters of credit
Serve as a primary administrator for online banking/financial platforms ensuring users have the appropriate access
Lead banking integration projects resulting from acquisitions
Troubleshoot daily transactions issue and recommend process improvements
Prepare, review and maintain SOX compliance within the department, ensure proper controls over cash receipts, disbursements and general 

Treasury activities:

Arranges foreign currency funding based on cash positioning needs
Apply incoming receipts to the appropriate customer and/or general ledger and one-off applications daily
Manage and administer our P-card, T/E Card and Credit Card programs
Adhere to month-end cut-off pertaining to Treasury schedules for reconciliations of all cash related accounts, month end processes and related journal entries
Assist in submitting and executing letters of credit, performance guarantees, bank guarantees and similar instruments based on business unit needs
Coordinates with bank personnel on all cash management matters while building positive banking relationships
Assists with debt and related interest expense/payments, debt compliance and other projects when needed
Act as a Treasury liaison with the business units, AP and AR operations in handling all banking matters and inquires
Support/collaborate with corporate accounting, corporate tax, financial planning, internal audit and other functions as they relate to Treasury
Lead and support treasury-related process improvement and automation initiatives
All other duties as assigned

Qualifications
 

What you need to be successful in this role: 

Bachelor of Arts degree (B.A.) or Bachelor of Science degree (B.S.) from four-year college or university; or eight years related experience and/or training; or equivalent combination of education and experience.
+5 years of broad domestic and international cash management, bank account management, and Treasury responsibilities in a large or mid-size public corporation with emphasis on banking portals and user entitlements
Outstanding communication skills, particularly with bank officials and senior company personnel
Strong Excel background
CTP preferred

The rewards of your career at AAR go far beyond just your salary: 
•    Competitive salary and bonus package
•    Comprehensive benefits package including medical, dental, and vision coverage.
•    401(k) retirement plan with company match
•    Generous paid time off program
•    Professional development and career advancement opportunities

Physical Demands/Work Environment:
The physical demands and work environment characteristics described here are representative of those that must be met by an employee to successfully perform the essential functions of this job.
•    Reasonable accommodations may be made to enable individuals with disabilities to perform the essential functions.
•    While performing the duties of this job, the employee may be regularly required to sit, stand, bend, reach and move about the facility.
•    The environmental characteristic for this position is an office setting.
•    Candidates should be able to adapt to a traditional business environment.
AAR provides accommodation in accordance with applicable laws through all stages of the hiring process. If you require accommodation for any part of the application and/or hiring process, please advise Human Resources.

Compensation:
The anticipated salary range for this position is $100,000 to $130,000 annually. This range reflects the base salary for candidates who meet the requirements of the role, including experience, education, and location. In addition to base pay, this role is eligible for a bonus. AAR offers a competitive benefits package, including medical/dental/vision/life/and AD&D insurance, 401(k) savings plan with employer match, paid time off and holiday pay, as well as opportunities for professional development and growth.

#LI-MA1 #LI-ONSITE

Job: Finance
Primary Location: United States-Illinois-Wood Dale
Schedule: Full-time
Overtime Status: Exempt

We are an equal opportunity employer. All qualified applicants will receive consideration for employment without regard to race, color, religion, sex, sexual orientation, gender identity, national origin, disability or veteran status."
AAR Corp,Warehouse Shipping Lead,321026,"United States, Florida, Jacksonville",United States of America,,onsite,Mid,us_person,Secret,unknown,taleo,N/A,2026-06-16T21:36:25Z,https://aarcorp.taleo.net/careersection/2/jobdetail.ftl?job=321026,"Job Description - Warehouse Shipping Lead (18218)
About Us: AAR Corp. (NYSE: AIR) is a global aerospace and defense aftermarket solutions company that employs more than 6,000 people across over 60 sites in over 20 countries. Headquartered in the Chicago, Illinois area, AAR supports commercial and government customers in more than 100 countries through four operating segments: Parts Supply, Integrated Solutions, Repair and Engineering and Expeditionary Services. AAR’s purpose is to empower people to build innovative aerospace solutions today so you can safely reach your destination tomorrow. The company’s mission is to go above and beyond to provide value-driven aerospace aftermarket solutions to meet the evolving needs of our customers worldwide. AAR constantly searches for the right thing to do for its customers, employees, partners and for society.
 
Warehouse Shipping Lead - 18218

Description
 

Oversee daily warehouse staff/operations ensuring that all outgoing orders are accurate, packed correctly, shipped correctly and processed in the system of record. 

What you will be responsible for:  

Ensure that all warehouse personnel follow policies and procedures for inventory-handling. Direct warehouse personnel as necessary. 
Inspect outgoing material against shipping paperwork.
Ensure material is packed according to the requirement of the order.
Verify outgoing orders to repair vendors are accurate
Schedule pickup from commercial carriers 
Responsible for maintaining accuracy of the MIS and accuracy of the physical inventory. 
All other duties as assigned

Qualifications
 

What you will need to be successful in this role:  

High school diploma or general education degree (GED) required. 
Must have at least 4 years of related experience and/or training. 
Experience in supply management and logistical support functions
Must have an understanding of Military Supply Chain processes and inventory practices.
Ability to obtain a government CAC and a Secret Security Clearance (as required).
Previous experience in warehousing, handling inventory, and bar code equipment. 
Must have great organization, communications and time management skills. 

The rewards of your career at AAR go far beyond just your salary: 

Competitive pay
Comprehensive benefits package including medical, dental, and vision coverage.
401(k) retirement plan with company match
Generous paid time off program
Professional development and career advancement opportunities

Physical Demands/Work Environment:

The physical demands and work environment characteristics described here are representative of those that must be met by an employee to successfully perform the essential functions of this job.

While performing the duties of this job, the employee may be regularly required to sit, stand, bend, reach and move about the facility. 
The environmental characteristic for this position is a warehouse setting. Candidates should be able to adapt to a traditional warehouse environment. 
Must be able to lift and carry up to 50 pounds, climb ladders and comply with OSHA standards 
Must be able to work 1st shift, and must be able to work overtime as needed.

AAR provides accommodation in accordance with applicable laws through all stages of the hiring process. If you require accommodation for any part of the application and/or hiring process, please advise Human Resources. 

#LI-VR1 #LI-Onsite

Job: Warehouse
Primary Location: United States-Florida-Jacksonville
Schedule: Full-time
Overtime Status: Non-exempt

We are an equal opportunity employer. All qualified applicants will receive consideration for employment without regard to race, color, religion, sex, sexual orientation, gender identity, national origin, disability or veteran status."
AAR Corp,General Manager III - Mobility Systems,320826,"United States, Michigan, Cadillac",United States of America,,onsite,Manager,unknown,unknown,unknown,taleo,N/A,2026-06-16T21:36:25Z,https://aarcorp.taleo.net/careersection/2/jobdetail.ftl?job=320826,"Job Description - General Manager III - Mobility Systems (18201)
About Us: AAR Corp. (NYSE: AIR) is a global aerospace and defense aftermarket solutions company that employs more than 6,000 people across over 60 sites in over 20 countries. Headquartered in the Chicago, Illinois area, AAR supports commercial and government customers in more than 100 countries through four operating segments: Parts Supply, Integrated Solutions, Repair and Engineering and Expeditionary Services. AAR’s purpose is to empower people to build innovative aerospace solutions today so you can safely reach your destination tomorrow. The company’s mission is to go above and beyond to provide value-driven aerospace aftermarket solutions to meet the evolving needs of our customers worldwide. AAR constantly searches for the right thing to do for its customers, employees, partners and for society.
 
General Manager III - Mobility Systems - 18201

Description
 

SUMMARY

The General Manager will have profit and loss accountability and is responsible for the overall direction, sales, design, development and launch of products as well as administration of the products and services provided by the specific division(s) with a sales volume over 100 million dollars that he/she is responsible for.

ESSENTIAL DUTIES AND RESPONSIBILITIES

Manage the overall operations and objective of the business unit(s).

Successful implementation of any Business Plan Objectives.

Grow the business unit through organic growth, including increased capabilities, development of product lines and market relationships while ensuring profitability.

Develop strategic and tactical plans for product design and development.

Develop strategic and tactical plans to improve operations, customer satisfaction, cash generation, productivity and return on investment.

Manage proposal efforts to assure compliance and competitive position.

Review and approve pricing for all products.

Develop the annual budget and meet the associated commitments. Monitor this in conjunction with the budget and finance manager.

Recommend annual program goals to senior management. Ensure that an ongoing evaluation system is in place related to such goals and that progress reports are provided on a regular basis.

The accurate, complete and timely submission of required financial reports, forecasts, quotations, budgets, rates, and analyses.

The cost-effective maintenance, development, and implementation of centralized services, systems, and management tools which support divisional operations and contribute to improved cost, quality, productivity, and a competitive position.

Provision of competent, responsive, financial counsel to the executive staff, providing necessary coordination with financial, legal, and compliance staff.

The acquisition and maintenance of skilled staff and resources necessary to meet functional charter obligations.

Maintain a safe work environment.

Responsible for formulating and articulating new business opportunities identified from customer information and problem resolutions.

Promote the mission, vision, and values in order to maintain a strong relationship with employees, AARs customers, suppliers and stockholders.

Manage labor relations, UAW contract compliance and negotiations.

Ensure that AAR policies and procedures are developed, updated, implemented, and followed.

Monitor customer service ratings and always improve.

#LI-EF1

Qualifications
 

QUALIFICATIONS

To perform this job successfully, an individual must be able to perform each essential duty satisfactorily. The requirements listed below are representative of the knowledge, skill, and/or ability required.

EDUCATION and/or EXPERIENCE

Master’s degree (M.A.) or equivalent; or twelve years related experience and/or training; or equivalent combination of education and experience.

CORE COMPETENCIES

Global Business Acumen

Establishing Strategic Direction

Leading and Facilitating Change

Executive Presence

Identifying and Developing Talent

Driving Innovation for Operational Excellence

Creating a Culture of Inclusivity and Trust

Safety Leadership

Detailed understanding of ISO 9001

Assure compliance with all applicable FAR clauses

Assure FCPA and trade compliance

Job: General Managers
Primary Location: United States-Michigan-Cadillac
Schedule: Full-time
Overtime Status: Exempt

We are an equal opportunity employer. All qualified applicants will receive consideration for employment without regard to race, color, religion, sex, sexual orientation, gender identity, national origin, disability or veteran status."
AAR Corp,Technician I Composite Repair,310321,"United States, Florida, Miami",United States of America,,onsite,Mid,unknown,unknown,unknown,taleo,N/A,2026-06-16T21:36:25Z,https://aarcorp.taleo.net/careersection/2/jobdetail.ftl?job=310321,"Job Description - Technician I Composite Repair (17374)
About Us: AAR Corp. (NYSE: AIR) is a global aerospace and defense aftermarket solutions company that employs more than 6,000 people across over 60 sites in over 20 countries. Headquartered in the Chicago, Illinois area, AAR supports commercial and government customers in more than 100 countries through four operating segments: Parts Supply, Integrated Solutions, Repair and Engineering and Expeditionary Services. AAR’s purpose is to empower people to build innovative aerospace solutions today so you can safely reach your destination tomorrow. The company’s mission is to go above and beyond to provide value-driven aerospace aftermarket solutions to meet the evolving needs of our customers worldwide. AAR constantly searches for the right thing to do for its customers, employees, partners and for society.
 
Technician I Composite Repair - 17374

Description
 

SUMMARY: Performs in depth composite repairs related to molds, wet and prepreg layup, repair of existing structures pertaining to Honeycomb, Carbon Kevlar and Fiberglass construction.

ESSENTIAL DUTIES AND RESPONSIBILITIES -Ability to perform hot and or cold bond repairs per the Aircraft SRM, EAs & other approved documentation. -Ability to identify damaged components by visual or tapping method. -Ability to determine proper repair technique and materials required. -Ability to sand, trim, prime and fit repairs to parts. -Ability to follow directions for repair sequences, and document complete all necessary forms. -Ability to understand and observe all safety procedures and maintain a clean work environment -Cleans and removes any foreign objects generated during the course of effecting repairs. -Records her or his time worked as directed by her or his supervisor. -Complies with all safety procedures at all times, without exception. -Document all work accomplished on a daily bases. -Performs such other tasks as may be reasonably assigned by her or his supervisor.

CORE COMPETENCIES -Commitment to company values and ethics -Dependability: personally responsible, completes work in a timely manner, and performs tasks accurately -Motivation: must maintain a positive attitude and strong work energy -Communication: excellent interpersonal and oral and written communication skills -Continuous learning: ability to learn new procedures and adapt to change -Creativity: makes constructive suggestions and creates novel solutions to problems evaluates new technology as potential solutions to existing problems -Independent: must have the ability to carry out and follow through on tasks with minimal supervision

Qualifications
 

QUALIFICATIONS To perform this job successfully, an individual must be able to perform each essential duty satisfactorily. The requirements listed below are representative of the knowledge, skill, and or ability required. Reasonable accommodations may be made to enable individuals with disabilities to perform the essential functions. -Ability to speak, read and comprehend standard English. -Have a general mechanical aptitude. -Able to comprehend and follow instructions.

EDUCATION AND EXPERIENCE -High school diploma or general education degree (GED) required. -Minimum five years experience working in composite repairs on commercial aircraft -FAA Airframe OR Airframe & Powerplant license required.

PHYSICAL DEMANDS WORK ENVIRONMENT The physical demands and work environment characteristics described here are representative of those that must be met by an employee to successfully perform the essential functions of this job. Reasonable accommodations may be made to enable individuals with disabilities to perform the essential functions. -Exposed to high levels of noise, dust, vibration and chemical fumes. -Able to lift fifty (50) pounds without mechanical assistance. -Able to bend, twist, squat and lift. -Able to access and work in all areas of the aircraft to be worked on, including confined areas. -Able to work a flexible schedule -Able to climb on ladders and platforms and work at heights up to fifty feet from the ground. -Able to work in extreme climatic conditions. The environmental characteristic for this position is a warehouse setting. Candidates should be able to adapt to a traditional warehouse environment. 

 

 

#LI-VS1

Job: Operations
Primary Location: United States-Florida-Miami-Miami- Aircraft Services
Schedule: Full-time
Overtime Status: Non-exempt

We are an equal opportunity employer. All qualified applicants will receive consideration for employment without regard to race, color, religion, sex, sexual orientation, gender identity, national origin, disability or veteran status."
AAR Corp,F-16 Sheetmetal Mechanic,317421,"Italy, Aviano Air Force Base",United States of America,,onsite,Mid,unknown,Secret,unknown,taleo,N/A,2026-06-16T21:36:25Z,https://aarcorp.taleo.net/careersection/2/jobdetail.ftl?job=317421,"Job Description - F-16 Sheetmetal Mechanic (17881)
About Us: AAR Corp. (NYSE: AIR) is a global aerospace and defense aftermarket solutions company that employs more than 6,000 people across over 60 sites in over 20 countries. Headquartered in the Chicago, Illinois area, AAR supports commercial and government customers in more than 100 countries through four operating segments: Parts Supply, Integrated Solutions, Repair and Engineering and Expeditionary Services. AAR’s purpose is to empower people to build innovative aerospace solutions today so you can safely reach your destination tomorrow. The company’s mission is to go above and beyond to provide value-driven aerospace aftermarket solutions to meet the evolving needs of our customers worldwide. AAR constantly searches for the right thing to do for its customers, employees, partners and for society.
 
F-16 Sheetmetal Mechanic  - 17881

Description
 

Works closely with other mechanics and maintenance personnel on aircraft structural modifications, upgrades, and repairs. Locates cracks, breaks, holes, and dents in aircraft sheet metal structures and determines appropriate repairs from technical data to restore components to original strength. Identifies damaged or weakened structures, including skins, stringers, bulkheads, and ribs and develops appropriate repair plan to restore component airworthiness. Reads and interprets blueprints and determines dimensions, angles, and contours in performance of structural repair.

What you will be responsible for:

Reports on work order status to the Lead Mechanic.

Heavy Depot Level Maintenance, Repair and modification of the aircraft structure and major subassemblies.

Plan, lay out, fabricate, assemble, install, and repair various sheet metal and structural assemblies and sub-assemblies utilizing precision measuring equipment.

Must be able to read and speak English. Comprehend documents such as safety rules, operating maintenance instructions and procedure manuals.

Exposed to repetitive movements and work overhead. Required to use hands to grasp, handle, and/or feel, reach with hands and arms, talk, and hear.

Ensures all work is done according to specification, regulation, and company policy.

Ensures that all tools and associated equipment are 100% accounted for.

Responds to work orders in a timely manner with emphasis on operations support.

Able to communicate effectively and work well as a member of a team

Assists with other duties as required to support the customer and mission.

Conducts oneself professionally through appearance and conduct.

All other duties as assigned.

Qualifications
 

What you will need to be successful in this role: 

Ability to obtain and maintain a secret clearance is required.

Ability to obtain a Common Access Card (CAC) is required.

Due to the Secret Clearance requirement, US Citizenship is required.

High School Diploma

6 years of F-16 or fighter aircraft structural repair or aircraft sheet metal experience

Must have a craftsman level (7-Level USAF) in a like position, system or equivalent i.e.… Navy, Army or A&P experience

Must meet one of the following requirements: 

A bachelor's degree plus 3 years of recent specialized experience

 An associate's degree plus 7 years of recent specialized experience

 A major certification plus 7 years of recent specialized experience

11 years of recent specialized experience

Desired Skills

Ability to read and interpret engineering drawings, technical manuals, understanding symbols, flags, and general notes

Ability to identify aircraft locations by station, butt-line, and waterline as shown or engineering documentation and technical orders

Ability to solve practical problems and deal with a variety of concrete variables in situations where only limited standardization exists

Knowledge and ability to perform multiple skill requirements

Willing to be trained and/or certified in special skills


The rewards of your career at AAR go far beyond just your salary: (Adjust as needed per location)

Competitive salary and bonus package

Comprehensive benefits package including medical, dental, and vision coverage.

401(k) retirement plan with company match

Generous paid time off program

Professional development and career advancement opportunities

PHYSICAL REQUIREMENTS/WORKING ENVIRONMENT:

Location of duty is Aviano AB, Italy
Must be able to lift 50 pounds to waist level and 30 pounds to shoulder height.
Must be able to lift and carry parts, tooling, and other awkward items sometimes weighing up to 50 pounds including walking up and down stairs, aircraft maintenance stands, and platforms
Requires intermittent standing, walking, sitting, squatting, stretching, and bending throughout the workday
Must be able to see and hear or use prosthetics that will enable these senses to function adequately to assure that the requirements of this position can be fully met.
Specific vision abilities required by this job include close vision, peripheral vision, depth perception and ability to adjust focus.
The employee will be required to wear Personal Protective Equipment as needed to perform job tasks. 
The employee is regularly exposed to vibration. 
The employee will be frequently exposed to moving mechanic parts, fumes, or airborne particles. 
The employee must be able to properly use, handle and dispose of hazardous material, and toxic or caustic chemicals per Government regulations and company procedures. 
The employee is occasionally exposed to wet and/or humid conditions, high, precarious places, outside weather conditions and risk of electrical shock.
The employee is required to work in a safe and efficient manner while maintaining a clean, FOD-free work area. 

AAR provides accommodation in accordance with applicable laws through all stages of the hiring process. If you require accommodation for any part of the application and/or hiring process, please advise Human Resources.

#LI-PI1 #LI-ONSITE1

Job: Defense
Primary Location: Italy-Aviano Air Force Base
Schedule: Full-time
Overtime Status: Exempt

AAR is an equal opportunity employer. All qualified applicants will receive consideration for employment without regard to race, color, religion, sex, sexual orientation, gender identity, national origin, disability or veteran status."
AAR Corp,"Manager, Business Development (Remote)",320766,"United States, Arkansas, Hot Springs",United States of America,,onsite,Manager,unknown,unknown,unknown,taleo,N/A,2026-06-16T21:36:25Z,https://aarcorp.taleo.net/careersection/2/jobdetail.ftl?job=320766,"Job Description - Manager, Business Development (Remote) (18194)
About Us: AAR Corp. (NYSE: AIR) is a global aerospace and defense aftermarket solutions company that employs more than 6,000 people across over 60 sites in over 20 countries. Headquartered in the Chicago, Illinois area, AAR supports commercial and government customers in more than 100 countries through four operating segments: Parts Supply, Integrated Solutions, Repair and Engineering and Expeditionary Services. AAR’s purpose is to empower people to build innovative aerospace solutions today so you can safely reach your destination tomorrow. The company’s mission is to go above and beyond to provide value-driven aerospace aftermarket solutions to meet the evolving needs of our customers worldwide. AAR constantly searches for the right thing to do for its customers, employees, partners and for society.
 
Manager, Business Development (Remote) - 18194

Description
 

The Manager, Business Development plays a central role in driving AAR Component Services’ global commercial success. This position leads the coordination, development, and delivery of bid and proposal activity across multiple ACS sites, ensuring accuracy, competitiveness, and alignment with customer requirements. The role also owns key business development data systems, pricing intelligence, and capability management for the global ACS network.

This is a highly visible, cross‑functional role that supports strategic growth initiatives and will increasingly provide leadership and guidance to new team members as ACS expands its business development and data operations footprint.

What you will be responsible for: 

    Lead end‑to‑end bid and proposal activity for all ACS sites and global customers.

●      Conduct kickoff meetings, define requirements, and coordinate capability alignment across facilities.

●      Develop bidding instructions, collect pricing inputs, and assemble complete proposal packages.

●      Maintain the ACS RFP database, business development pipeline, and opportunity tracker.

●      Build and update the ACS MRO pricing catalog using historical bid data.

●      Maintain and update the global ACS capability list.

●      Support data analysis, reporting, and other business development projects.

●      Collaborate cross‑functionally with operations, pricing, and commercial teams.

●      Provide guidance to new team members as ACS expands its data and business development functions.

 

Qualifications
 

●      Bachelor’s degree preferred (Business, Aviation, Finance, or related field).

●      5-7 years of experience in pricing, proposals, business development, or commercial operations.

●      Strong analytical, organizational, and project management skills

●      Experience coordinating multi‑site or multi‑stakeholder commercial activity.

●      Excellent communication and cross‑functional collaboration abilities

Year One Critical Success Factors:

·         Reliable, High‑Quality Bid & Proposal Execution

·         Strengthened Business Development Data Infrastructure

·         Improved Visibility and Accuracy of ACS Capabilities

·         Demonstrated Cross‑Functional Coordination Across ACS Sites

·         Data‑Driven Insights That Support ACS Growth

Job: Sales
Primary Location: United States-Arkansas-Hot Springs-Triumph Airborne Structures
Schedule: Full-time
Overtime Status: Exempt

We are an equal opportunity employer. All qualified applicants will receive consideration for employment without regard to race, color, religion, sex, sexual orientation, gender identity, national origin, disability or veteran status."
AAR Corp,"Mechanic, Sheet Metal IV",320526,"United States, Arkansas, Hot Springs",United States of America,,onsite,Mid,unknown,unknown,unknown,taleo,N/A,2026-06-16T21:36:25Z,https://aarcorp.taleo.net/careersection/2/jobdetail.ftl?job=320526,"Job Description - Mechanic, Sheet Metal IV (18171)
About Us: AAR Corp. (NYSE: AIR) is a global aerospace and defense aftermarket solutions company that employs more than 6,000 people across over 60 sites in over 20 countries. Headquartered in the Chicago, Illinois area, AAR supports commercial and government customers in more than 100 countries through four operating segments: Parts Supply, Integrated Solutions, Repair and Engineering and Expeditionary Services. AAR’s purpose is to empower people to build innovative aerospace solutions today so you can safely reach your destination tomorrow. The company’s mission is to go above and beyond to provide value-driven aerospace aftermarket solutions to meet the evolving needs of our customers worldwide. AAR constantly searches for the right thing to do for its customers, employees, partners and for society.
 
Mechanic, Sheet Metal IV - 18171

Description
 

Plans, lays out, fabricates, assembles, installs, and repairs sheet metal parts, equipment, and products. Reads and interprets blueprints, sketches, or product specifications to determine sequence and methods of fabricating, assembling, and installing sheet metal products. Lays out and marks dimensions and reference lines on material to develop and trace patterns of product or parts or uses templates. Sets up and operates fabricating machines such as shears, brakes, presses, forming rolls, and routers, to cut, bend, block, and form, or straighten materials. Shapes metal material over anvils, blocks, or other forms. Inspects assemblies and installations for conformance to specifications.

§  Follow company policies and procedures.

§  Follow directions and / or instructions, as directed.

§  Familiar with Internal Customer Interfaces, as defined by the process assigned.

§  Process forms and document work by utilizing their endorsement, in accordance with the Quality Management System.

§  Notify immediate supervisor of any suspected un-airworthy condition noted while performing their duties.

§  Acquire and maintain hand tools, if necessary, to complete work assigned.

§  Clean, disassemble and identify components, with normal supervision.

§  Have a good understanding of blueprints, technical manuals, and planning documents with normal supervision.

§  Apply different type’s conversion coatings and sealants using different types of tools and methods with normal supervision.

§  Work in conjunction with higher grade Mechanics to further their job knowledge base through OJT with normal supervision.

§  Cleans work area, when required with minimal supervision.

§  Read and understand blueprints and technical manuals.

§  Accomplish basic repairs with normal supervision.

§  Have a basic understanding of computer processes involved in daily operations.

§  Other various duties, as assigned.

Qualifications
 
Read, write, and understand English fluently.
Ability to learn and understand and communicate effectively in writing and verbally.

Job: Operations
Primary Location: United States-Arkansas-Hot Springs-Triumph Airborne Structures
Schedule: Full-time
Overtime Status: Non-exempt

We are an equal opportunity employer. All qualified applicants will receive consideration for employment without regard to race, color, religion, sex, sexual orientation, gender identity, national origin, disability or veteran status."
AAR Corp,"Sr. Analyst, Contracts",320465,"United States, Illinois, Wood Dale",United States of America,,onsite,Senior,unknown,unknown,yes,taleo,N/A,2026-06-16T21:36:25Z,https://aarcorp.taleo.net/careersection/2/jobdetail.ftl?job=320465,"Job Description - Sr. Analyst, Contracts (18165)
About Us: AAR Corp. (NYSE: AIR) is a global aerospace and defense aftermarket solutions company that employs more than 6,000 people across over 60 sites in over 20 countries. Headquartered in the Chicago, Illinois area, AAR supports commercial and government customers in more than 100 countries through four operating segments: Parts Supply, Integrated Solutions, Repair and Engineering and Expeditionary Services. AAR’s purpose is to empower people to build innovative aerospace solutions today so you can safely reach your destination tomorrow. The company’s mission is to go above and beyond to provide value-driven aerospace aftermarket solutions to meet the evolving needs of our customers worldwide. AAR constantly searches for the right thing to do for its customers, employees, partners and for society.
 
Sr. Analyst, Contracts - 18165

Description
 

The Senior Contracts Analyst manages and administers the full contract life cycle, from solicitation through contract close-out. Responsibilities include solicitation review, proposal preparation and submission, negotiation with government customers, and post-award administration. The Senior Contracts Analyst will interface directly with the Defense Logistics Agency (DLA) and other customers to achieve business objectives and advance customer satisfaction.

This position is based at our Corporate Headquarters in Wood Dale, IL, with a planned relocation to the Merchandise Mart (Chicago) in early 2027.

What you need to be successful in the role:

Independently analyze and respond to solicitations and contract awards for products issued through DLA’s Internet Bid Board System (DIBBS) and other procurement platforms
Lead negotiation on price/cost analysis, commercial item determinations, and contract exceptions with the Government customer.
Respond to and independently resolve customer issues and concerns.
Manage workflow and contracts within AAR’s ERP system (IFS).
Prepare and administer routine correspondence, negotiation memoranda, and contract documentation to ensure timely and coordinated submission.
Establish and maintain strong relationships with internal teams and external customers.
Identify, communicate, and escalate risks and opportunities to business leadership.
Ensure compliance with federal regulations and internal company standards.
Maintain organized contract records and files documenting contract performance and compliance.
Serve as a focal point for communication with cross-functional teams.
Identify and implement opportunities for process improvement.
Provide training and guidance to members of the contracts team and broader business division.
Perform all other duties as assigned.

Qualifications
 

What you need to be successful in this role: 

Bachelor of Arts (B.A.) or Bachelor of Science (B.S.) from a four-year college or university, or equivalent combination of education and experience.
Prior experience with commercial or non-Department of Defense (non-DoD) contracting environments preferred.
Experience working in compliance, regulatory, audit, or governance-related functions.
Prior experience supporting state, municipal, civic, or corporate organizations.
Demonstrated customer service orientation with strong interpersonal and relationship-building skills.
Advanced proficiency with Microsoft Office applications, including the ability to create professional PowerPoint presentations, develop and analyze PivotTables in Excel, and prepare business documents and reports.
3–5 years of experience in federal contract administration (experience as a Prime Contractor or Contracting Officer preferred).
Demonstrated experience managing T, U, Q, and R type solicitations and contracts.
Advanced proficiency in Microsoft Office applications.
Experience managing contracts within an ERP system (IFS experience a plus).
Proven experience leading negotiations on Commercial Item Determinations, pricing/cost analysis, and compliance with federal regulations.
Excellent oral and written communication skills, with the ability to interface effectively with all levels of employees and management.
Consistent experience in proposal preparation, contract review, and negotiation
Knowledge of the Federal Acquisition Regulation (FAR), Defense Federal Acquisition Regulation Supplement (DFARS), and other regulations relevant to federal contracting. - Preferred 
Understanding of FAR Part 15 concepts and federal contracting principles. - Preferred

The rewards of your career at AAR go far beyond just your salary: 

Competitive salary and bonus package
Comprehensive benefits package including medical, dental, and vision coverage.
401(k) retirement plan with company match
Generous paid time off program

Professional development and career advancement opportunities

 

Physical Demands/Work Environment:
The physical demands and work environment characteristics described here are representative of those that must be met by an employee to successfully perform the essential functions of this job. Reasonable accommodations may be made to enable individuals with disabilities to perform the essential functions.
•    While performing the duties of this job, the employee may be regularly required to sit, stand, bend, reach and move about the facility.
•    The environmental characteristic for this position is an office setting.
•    Candidates should be able to adapt to a traditional business environment.
AAR provides accommodation in accordance with applicable laws through all stages of the hiring process. If you require accommodation for any part of the application and/or hiring process, please advise Human Resources.

Compensation:
The anticipated salary range for this position is $75,000 to $90,000 annually. This range reflects the base salary for candidates who meet the requirements of the role, including experience, education, and location. [In addition to base pay, this role is eligible for a bonus.] AAR offers a competitive benefits package, including medical/dental/vision/life/and AD&D insurance, 401(k) savings plan with employer match, paid time off and holiday pay, as well as opportunities for professional development and growth.

#LI-MA1 #LI-ONSITE

Job: Defense
Primary Location: United States-Illinois-Wood Dale
Schedule: Full-time
Overtime Status: Exempt

We are an equal opportunity employer. All qualified applicants will receive consideration for employment without regard to race, color, religion, sex, sexual orientation, gender identity, national origin, disability or veteran status."
AAR Corp,Aviation MRO Evaluation/Engineering Planner,320405,"United States, Arkansas, Hot Springs",United States of America,,onsite,Mid,unknown,unknown,unknown,taleo,N/A,2026-06-16T21:36:25Z,https://aarcorp.taleo.net/careersection/2/jobdetail.ftl?job=320405,"Job Description - Aviation MRO Evaluation/Engineering Planner (18161)
About Us: AAR Corp. (NYSE: AIR) is a global aerospace and defense aftermarket solutions company that employs more than 6,000 people across over 60 sites in over 20 countries. Headquartered in the Chicago, Illinois area, AAR supports commercial and government customers in more than 100 countries through four operating segments: Parts Supply, Integrated Solutions, Repair and Engineering and Expeditionary Services. AAR’s purpose is to empower people to build innovative aerospace solutions today so you can safely reach your destination tomorrow. The company’s mission is to go above and beyond to provide value-driven aerospace aftermarket solutions to meet the evolving needs of our customers worldwide. AAR constantly searches for the right thing to do for its customers, employees, partners and for society.
 
Aviation MRO Evaluation/Engineering Planner - 18161

Description
 

The Aviation MRO Engineering Planner/Evaluator role has duties and responsibilities related to technical evaluation, inspection, and workscope planning of aircraft components, assemblies, and systems in a Maintenance, Repair, and Overhaul (MRO) environment. This position ensures that all incoming and in-process components are correctly identified, evaluated, documented, and planned for a specific workscope in strict compliance with OEM technical data, FAA regulations, EASA requirements, customer requirements, and company quality standards.

This role involves working closely with various departments such as Production, Quality, Engineering, Customer Program Management, and supply chain ensuring that all workscopes are technically accurate, cost-effective, and executable.

·         Perform detailed inspection and evaluation of aircraft components, accessories, and assemblies.

·         Know and understand the Repair Station Manuals to ensure inspections / evaluations and associated elements follow company requirements, regulatory requirements, and customer requirements.

·         Interpret and apply Component Maintenance Manuals (CMMs), Illustrated Parts Catalogs (IPCs), Structural Repair Manuals (SRMs), Aircraft Maintenance Manuals (AMMs), Service Bulletins (SBs), Engineering Drawings, Airworthiness Directives (ADs), and applicable OEM Technical Data to generate accurate workscopes, planning, reports, bill of materials, labor hours, engineering requirements, identification of tools and test equipment, and routing plans for components, subassemblies, and details.

·         Identify, verify, and document all discrepancies, defects, damage, wear limits, corrosion, missing data, incorrect configurations, non-conforming conditions, and missing or incorrect parts.

·         Technical decision-making to determine serviceability, repairability (repair vs. replace, alternate repairs), part interchangeability, and alternate / approved substitutions based on all the applicable requirements and approved data.

·         Validate part numbers, serial numbers, modification status, and configuration against technical documentation.

·         Interpret and apply customer requirements flowed through the contracts, purchase orders, and customer airworthiness programs.

·         Utilize ERP (Syteline) to enter discrepancy data, routing plans (to support shops, outside vendors), material requirements, and to track parts, processes, and labor.

·         Utilize Microsoft Office tools (Excel, Word, Outlook, Power Point) to analyze data, build planning tools, communicate with engineering, quality, customer program manager, purchasing, and production.

·         Know and understand company / department policies and safety procedures.

·         Other duties as needed or as assigned.

Qualifications
 

·         Bachelor’s degree with 3 to 5 years of experience preferred or 5 to 7 years of relevant experience.

·         Strong analytical and problem-solving skills.

·         High attention to detail and documentation accuracy to translate inspection results into executable maintenance plans.

·         Excellent written and oral communication skills

·         Proficiency in spreadsheet, word processing and Internet software.

·         Strong knowledge of aircraft systems, mechanical assemblies, component repair principles and practices.

·         Ability to organize and manage large amounts of technical and planning data accurately.

·         Flexibility to manage multiple projects simultaneously and prioritize work to meet deadlines.

Ability to work in a team environment with minimal supervision

Job: Operations
Primary Location: United States-Arkansas-Hot Springs-Triumph Airborne Structures
Schedule: Full-time
Overtime Status: Non-exempt

We are an equal opportunity employer. All qualified applicants will receive consideration for employment without regard to race, color, religion, sex, sexual orientation, gender identity, national origin, disability or veteran status."
AAR Corp,Database Administrator,319987,"United States, Illinois, Wood Dale",United States of America,,onsite,Mid,unknown,unknown,yes,taleo,N/A,2026-06-16T21:36:25Z,https://aarcorp.taleo.net/careersection/2/jobdetail.ftl?job=319987,"Job Description - Database Administrator (18114)
About Us: AAR Corp. (NYSE: AIR) is a global aerospace and defense aftermarket solutions company that employs more than 6,000 people across over 60 sites in over 20 countries. Headquartered in the Chicago, Illinois area, AAR supports commercial and government customers in more than 100 countries through four operating segments: Parts Supply, Integrated Solutions, Repair and Engineering and Expeditionary Services. AAR’s purpose is to empower people to build innovative aerospace solutions today so you can safely reach your destination tomorrow. The company’s mission is to go above and beyond to provide value-driven aerospace aftermarket solutions to meet the evolving needs of our customers worldwide. AAR constantly searches for the right thing to do for its customers, employees, partners and for society.
 
Database Administrator - 18114

Description
 

The Database Administrator will be responsible for managing all aspects of database administration, including design, installation, configuration, upgrades, capacity planning, performance tuning, backup and recovery, and patch management to ensure reliable, secure, and high-performing systems. This role requires the ability to work across multiple database management platforms such as Oracle, PostgreSQL, Microsoft SQL Server, and MySQL, supporting diverse environments and business needs. The ideal candidate will also bring extensive experience with cloud-based database solutions and have a strong track record of successfully migrating applications and data from legacy systems to modern cloud infrastructures while maintaining data integrity and minimizing downtime.

This position is based at our Corporate Headquarters in Wood Dale, IL, with a planned relocation to the Merchandise Mart (Chicago) in early 2027.

What you will be responsible for: 

Fully support, configure, maintain, and upgrade database environments on-premise and in the cloud
Manage all database efforts including day-to-day workloads and large, high-impact projects
Monitor and support Oracle WebLogic Middleware
Develop and maintain standards and procedures for the DBA team and automate routine tasks 
Lead migration efforts of legacy on-prem databases to SaaS or IaaS options
Responsible for application deployments, configurations, certificate management, analyzing error logs, tuning, and http server troubleshooting
Performs database modifications as required to support system enhancements, implementations, maintenance, and data recovery
Monitors database integrity in a proactive manner with respect to hardware corruption, software malfunctions, and user error
Supports the AAR development staff in the areas of database design as it relates to reliability, resource utilization, practical operations, database environment, bug fixes, and interaction with vendor support
Database backup and recovery 
Disaster recovery planning and testing
Provide analysis for system updates
Monitor environment performance 
Resolve problems reported by end users and remote admins
Research and make recommendations on environment administration

Qualifications
 

To perform this job successfully, an individual must be able to perform each essential duty satisfactorily.  A Database Administrator should have advanced knowledge of administration of but not limited to Oracle and PostgreSQL for performing maintenance of the databases and upgrading the system, including patches, service packs, security configurations, hot fixes and disaster recovery. They must be capable of acquiring more knowledge by continuing education or through other avenues. The requirements listed below are representative of the knowledge, skill, and/or ability required.

What you need to be successful in this role:

Strong interpersonal skills; the ability to work well with people from many disciplines and with varying degrees of business and technical experience
Strong, recent database administration technical skills, knowledge and background
Excellent knowledge of best practices around management, control, and monitoring of database infrastructure
Excellent written and oral communication skills; ability to describe complex, highly technical issues using simple, clear, and precise language
Great at organizing, prioritizing, and multitasking
Strong troubleshooting skills
Technical writing skills are required for database management documentation and procedures
Bachelor’s degree in related field or 5+ years' work experience in database administration and other related database technologies 
Travel to other AAR locations when needed.

Additional Positives for the Position:

Holding credentials that demonstrates ability to perform a specific level of tasks related to database administration
Able to review and make decisions regarding the software and hardware required to meet the organization's needs. 
Training users in the proper use of company computer technology. 
Troubleshoot database operation errors and slowness
Experience working with RHEL and Windows environments

The rewards of your career at AAR go far beyond just your salary: 
 
Competitive salary and bonus package
Comprehensive benefits package including medical, dental, and vision coverage.
401(k) retirement plan with company match
Generous paid time off program
Professional development and career advancement opportunities

Physical Demands/Work Environment:
The physical demands and work environment characteristics described here are representative of those that must be met by an employee to successfully perform the essential functions of this job.
•    Reasonable accommodations may be made to enable individuals with disabilities to perform the essential functions.
•    While performing the duties of this job, the employee may be regularly required to sit, stand, bend, reach and move about the facility.
•    The environmental characteristic for this position is an office setting.
•    Candidates should be able to adapt to a traditional business environment.
AAR provides accommodation in accordance with applicable laws through all stages of the hiring process. If you require accommodation for any part of the application and/or hiring process, please advise Human Resources.

Compensation:
The anticipated salary range for this position is $110,000 to $130,000 annually. This range reflects the base salary for candidates who meet the requirements of the role, including experience, education, and location. [In addition to base pay, this role is eligible for a 10% bonus.] AAR offers a competitive benefits package, including medical/dental/vision/life/and AD&D insurance, 401(k) savings plan with employer match, paid time off and holiday pay, as well as opportunities for professional development and growth.

#LI-MA1 #LI-ONSITE
 

Job: Information Technology
Primary Location: United States-Illinois-Wood Dale
Schedule: Full-time
Overtime Status: Exempt

We are an equal opportunity employer. All qualified applicants will receive consideration for employment without regard to race, color, religion, sex, sexual orientation, gender identity, national origin, disability or veteran status."
AAR Corp,Packaging Specialist,318541,"United States, Florida, Jacksonville",United States of America,,onsite,Mid,us_person,unknown,unknown,taleo,N/A,2026-06-16T21:36:25Z,https://aarcorp.taleo.net/careersection/2/jobdetail.ftl?job=318541,"Job Description - Packaging Specialist (17981)
About Us: AAR Corp. (NYSE: AIR) is a global aerospace and defense aftermarket solutions company that employs more than 6,000 people across over 60 sites in over 20 countries. Headquartered in the Chicago, Illinois area, AAR supports commercial and government customers in more than 100 countries through four operating segments: Parts Supply, Integrated Solutions, Repair and Engineering and Expeditionary Services. AAR’s purpose is to empower people to build innovative aerospace solutions today so you can safely reach your destination tomorrow. The company’s mission is to go above and beyond to provide value-driven aerospace aftermarket solutions to meet the evolving needs of our customers worldwide. AAR constantly searches for the right thing to do for its customers, employees, partners and for society.
 
Packaging Specialist - 17981

Description
 

The Packaging Specialist will function as a support element by reviewing incoming packaging cases for Department of Defense solicitations.  

What you will be responsible for: 

Ensuring that military packaging is developed and documented according to the processes outlined in Military Standards, e.g., MIL-STD-2073-1D, MIL-STD-2073-1E w/Change 4, MIL-STD-129, MIL-STD-3010, and Commercial Packaging Standards, ASTM-D3951 and ATA SPEC 300.
Conducting packaging validation tests and inspections to ensure compliance with the standards. 
Utilizing appropriate instrumentation to measure the effectiveness of the packaging design. 
Reviewing packaging cases to ensure compliance with contract preservation, packaging and marking, preservation codes, correct specification packaging material, packing levels, Unit-intermediate and shipping container items, bar code and special marking (Shelf-life, Hazmat and ESD)
All other duties as assigned

Qualifications
 

What you will need to be successful in this role:

High School Diploma

3 years Logistics Experience preferred.

Microsoft Word, Excel preferred.

Knowledge of AES filling processes preferred.

US military logistics experience preferred.

Understanding of Military packaging requirements experience preferred.

Hazardous Materials handling preferred. 

This position requires compliance with International Traffic in Arms Regulations (ITAR). Candidates must be a U.S. Person as defined by ITAR (U.S. citizen, U.S. national, lawful permanent resident, or individual admitted as a refugee or granted asylum).


The rewards of your career at AAR go far beyond just your salary: 

Competitive pay
Comprehensive benefits package including medical, dental, and vision coverage.
401(k) retirement plan with company match
Generous paid time off program
Professional development and career advancement opportunities

Physical Demands/Work Environment:

The physical demands and work environment characteristics described here are representative of those that must be met by an employee to successfully perform the essential functions of this job. Reasonable accommodation may be made to enable individuals with disabilities to perform the essential functions. 

While performing the duties of this job, the employee may be regularly required to sit, stand, bend, reach and move about the facility. 

The environmental characteristic for this position is a warehouse setting. Candidates should be able to adapt to an industrial business environment.

Typical hours are 8:00 am to 4:30 pm, Monday through Friday.
 

Job: Warehouse
Primary Location: United States-Florida-Jacksonville
Schedule: Full-time
Overtime Status: Non-exempt

We are an equal opportunity employer. All qualified applicants will receive consideration for employment without regard to race, color, religion, sex, sexual orientation, gender identity, national origin, disability or veteran status."
AAR Corp,Warehouse Order Picking Lead,318762,"United States, Florida, Jacksonville",United States of America,,onsite,Mid,us_person,Secret,unknown,taleo,N/A,2026-06-16T21:36:25Z,https://aarcorp.taleo.net/careersection/2/jobdetail.ftl?job=318762,"Job Description - Warehouse Order Picking Lead (18000)
About Us: AAR Corp. (NYSE: AIR) is a global aerospace and defense aftermarket solutions company that employs more than 6,000 people across over 60 sites in over 20 countries. Headquartered in the Chicago, Illinois area, AAR supports commercial and government customers in more than 100 countries through four operating segments: Parts Supply, Integrated Solutions, Repair and Engineering and Expeditionary Services. AAR’s purpose is to empower people to build innovative aerospace solutions today so you can safely reach your destination tomorrow. The company’s mission is to go above and beyond to provide value-driven aerospace aftermarket solutions to meet the evolving needs of our customers worldwide. AAR constantly searches for the right thing to do for its customers, employees, partners and for society.
 
Warehouse Order Picking Lead - 18000

Description
 

Oversee daily warehouse staff/operations ensuring that all orders are picked, packed and staged for processing according to the assigned metrics.

What you will be responsible for:  

Ensure that all warehouse personnel follow policies and procedures for picking orders for customers. Direct warehouse personnel as necessary. 
Inspect orders against picking paperwork.
Process incoming receipts for stock and/or direct turn-over to the customer.
Verify outgoing orders to repair orders for accuracy
Responsible for maintaining accuracy of the MIS and accuracy of the physical inventory. 
All other duties as assigned

Qualifications
 

What you will need to be successful in this role:  

High school diploma or general education degree (GED) required. 
Must have at least 4 years of related experience and/or training. 
Experience in supply management and logistical support functions
Must have an understanding of Military Supply Chain processes and inventory practices.
Ability to obtain a government CAC and a Secret Security Clearance (as required).
Previous experience in warehousing, handling inventory, and bar code equipment. 
Must have great organization, communications and time management skills. 

The rewards of your career at AAR go far beyond just your salary: 

Competitive pay
Comprehensive benefits package including medical, dental, and vision coverage.
401(k) retirement plan with company match
Generous paid time off program
Professional development and career advancement opportunities

Physical Demands/Work Environment:

The physical demands and work environment characteristics described here are representative of those that must be met by an employee to successfully perform the essential functions of this job.

While performing the duties of this job, the employee may be regularly required to sit, stand, bend, reach and move about the facility. 
The environmental characteristic for this position is a warehouse setting. Candidates should be able to adapt to a traditional warehouse environment. 
Must be able to lift and carry up to 50 pounds, climb ladders and comply with OSHA standards 
Must be able to work 1st shift, and must be able to work overtime as needed.

AAR provides accommodation in accordance with applicable laws through all stages of the hiring process. If you require accommodation for any part of the application and/or hiring process, please advise Human Resources. 

#LI-VR1 LI-Onsite

Job: Warehouse
Primary Location: United States-Florida-Jacksonville
Schedule: Full-time
Overtime Status: Non-exempt

We are an equal opportunity employer. All qualified applicants will receive consideration for employment without regard to race, color, religion, sex, sexual orientation, gender identity, national origin, disability or veteran status."
AAR Corp,System Administrator,319986,"United States, Illinois, Wood Dale",United States of America,,onsite,Mid,unknown,unknown,yes,taleo,N/A,2026-06-16T21:36:25Z,https://aarcorp.taleo.net/careersection/2/jobdetail.ftl?job=319986,"Job Description - System Administrator (18112)
About Us: AAR Corp. (NYSE: AIR) is a global aerospace and defense aftermarket solutions company that employs more than 6,000 people across over 60 sites in over 20 countries. Headquartered in the Chicago, Illinois area, AAR supports commercial and government customers in more than 100 countries through four operating segments: Parts Supply, Integrated Solutions, Repair and Engineering and Expeditionary Services. AAR’s purpose is to empower people to build innovative aerospace solutions today so you can safely reach your destination tomorrow. The company’s mission is to go above and beyond to provide value-driven aerospace aftermarket solutions to meet the evolving needs of our customers worldwide. AAR constantly searches for the right thing to do for its customers, employees, partners and for society.
 
System Administrator - 18112

Description
 

The System Administrator will serve as an integral member of the infrastructure management and support team, with a primary focus on Windows servers, backup solutions, Microsoft 365 (O365), and VMware environments. In this role, the individual will collaborate with team members to design, deploy, oversee, and support technology infrastructure across a 75+ site organization. Responsibilities include installing and configuring hardware and software, deploying and maintaining application infrastructure, and providing comprehensive support for both cloud-based and on-premises systems to ensure reliability, security, and optimal performance across the enterprise.

This position is based at our Corporate Headquarters in Wood Dale, IL, with a planned relocation to the Merchandise Mart (Chicago) in early 2027.

What you will be responsible for:

Builds, installs, and manages physical and virtual server environments. 
Knowledge of the Microsoft Server platform and its components including Active Directory, certificate services, IIS, and other related technologies.
Remediates vulnerabilities in the environment.
Install and configure applications.
Ensure data availability by monitoring backups and testing recovery plans.
Utilize system monitoring software to build dashboards, reports, and alerts. 
Consistently communicate with customers and team members
Review and resolve server and networking issues. 
Automate redundant tasks and improve processes. 
Escalate issues when necessary. 
Collaborate with other IT professionals on intradepartmental projects. 
Perform other duties as assigned.

Qualifications
 

To perform this job successfully, an individual must be able to perform each essential duty satisfactorily.  A System Administrator should have knowledge of VMware, Windows Server, and SAN technologies for performing maintenance and upgrading the systems, including patches, service packs, security configurations, hot fixes and disaster recovery. They must be capable of acquiring more knowledge by continuing education or through other avenues. The requirements listed below are representative of the knowledge, skill, and/or ability required.

What you need to be successful in this role:

Solid Experience with configuration, installation, and administration of VMWare.
In-depth working experience in Windows Server 2016-2025.
Experience with data storage and SAN technologies.
PowerShell scripting.
Motivated, self-starting individual with strong quantitative and problem-solving skills. 
Strong interpersonal skills to effectively communicate with others to achieve improved business processes. 
Strong IT customer service skills for supporting end user application issues. 
Strong focus on creativity, attention to detail, and productivity. 
Capable and motivated to pursue technical issues to resolution. 

Motivation and vision for applying advanced automation techniques to manual systems. 

 

Travel to other AAR locations when needed.

Additional Positives for the Position:

Holding credentials that demonstrates ability to perform a specific level of tasks related to Windows server and VMware.
Able to review and make decisions regarding the software and hardware required to meet the organization's needs. 
Linux experience 
Strong IT customer service skills for supporting end user application issues. 
Strong focus on creativity, attention to detail, and productivity. 
Capable and motivated to pursue technical issues to resolution. 
Motivation and vision for applying advance automation techniques to manual systems. 

The rewards of your career at AAR go far beyond just your salary: 

Competitive salary and bonus package
Comprehensive benefits package including medical, dental, and vision coverage.
401(k) retirement plan with company match
Generous paid time off program

Professional development and career advancement opportunities

 

Physical Demands/Work Environment:
The physical demands and work environment characteristics described here are representative of those that must be met by an employee to successfully perform the essential functions of this job.

Reasonable accommodations may be made to enable individuals with disabilities to perform the essential functions.
While performing the duties of this job, the employee may be regularly required to sit, stand, bend, reach and move about the facility.
The environmental characteristic for this position is an office setting.
Candidates should be able to adapt to a traditional business environment.
AAR provides accommodation in accordance with applicable laws through all stages of the hiring process. If you require accommodation for any part of the application and/or hiring process, please advise Human Resources.

Compensation:
The anticipated salary range for this position is $90,000 to $120,000 annually. This range reflects the base salary for candidates who meet the requirements of the role, including experience, education, and location. [In addition to base pay, this role is eligible for a 10% bonus.] AAR offers a competitive benefits package, including medical/dental/vision/life/and AD&D insurance, 401(k) savings plan with employer match, paid time off and holiday pay, as well as opportunities for professional development and growth.

#LI-MA1 #LI-ONSITE

Job: Information Technology
Primary Location: United States-Illinois-Wood Dale
Schedule: Full-time
Overtime Status: Exempt

We are an equal opportunity employer. All qualified applicants will receive consideration for employment without regard to race, color, religion, sex, sexual orientation, gender identity, national origin, disability or veteran status."
AAR Corp,Senior Staff Engineer - FEA,320085,"United States, Michigan, Cadillac",United States of America,,onsite,Principal,us_person,unknown,unknown,taleo,N/A,2026-06-16T21:36:25Z,https://aarcorp.taleo.net/careersection/2/jobdetail.ftl?job=320085,"Job Description - Senior Staff Engineer - FEA (18124)
About Us: AAR Corp. (NYSE: AIR) is a global aerospace and defense aftermarket solutions company that employs more than 6,000 people across over 60 sites in over 20 countries. Headquartered in the Chicago, Illinois area, AAR supports commercial and government customers in more than 100 countries through four operating segments: Parts Supply, Integrated Solutions, Repair and Engineering and Expeditionary Services. AAR’s purpose is to empower people to build innovative aerospace solutions today so you can safely reach your destination tomorrow. The company’s mission is to go above and beyond to provide value-driven aerospace aftermarket solutions to meet the evolving needs of our customers worldwide. AAR constantly searches for the right thing to do for its customers, employees, partners and for society.
 
Senior Staff Engineer - FEA - 18124

Description
 

Summary: The ideal candidate will possess expertise in structural finite element analysis of multi-component assembly systems for military environments.  Ensures reliability, efficiency, and compliance with demanding operational and transportability conditions. Performs a variety of engineering work including such areas as production design, manufacturing processing, test, analysis, development, and efficiency. 

What you will be responsible for:

Structural and Component Design: Proficiency in analyzing complete container and shelter designs. Conducts engineering analysis using FEA software to determine and certify the safety and performance of new designs. Works with design team to evaluate and refine initial engineering designs before full-scale production. Performs calculations and simulations to identify potential design issues and recommends solutions. Analytically proves out new engineering designs to verify customer requirements and industry standards are met. Strong experience with Nastran, FEMAP, Ansys (or equivalent FEA software) for structural analysis including static stress, modal, response spectrum, random vibration, frequency response, transient stress, and critical buckling.  Writes detailed engineering test reports for customer and government approval and certification. Familiarity with Creo, AutoCAD, Solidworks, SpaceClaim CAD 3D, or equivalent software models for structure analysis. Experience in Excel, Mathcad, Mathematica, or equivalent. Performs and directs testing to ensure compliance with engineering specifications.
Environmental and Durability Engineering: Knowledge of designing systems to withstand shock, vibration, extreme temperatures, blowing sand/dust, and blowing rain tests. Familiarity with many aerospace, industry, and DoD standards including ISO 1496 or Convention for Safe Containers (CSC), MIL-STD-810, ASTM 1925, MIL-STD-1791 for transportability, and environmental testing. Expertise in material selection for corrosion resistance, lightweight construction, and overall robustness to ensure structural integrity under limited maintenance and harsh conditions.
Integration and Optimization: Awareness of system integration challenges for military platforms. Ability to balance compact sizing for efficiency, and lightweight design while meeting performance requirements and maintaining operational redundancy for mission-critical reliability.
Prototyping, Testing, and Validation: Hands-on experience building and validating prototypes, including testing at non-standard conditions.  Skills (including special considerations for stringent requirements), for Failure Mode and Effects Analysis (FMEA), ensuring structure meets or exceeds ratings under military-specific demands.
Troubleshooting and Field Support: Proven ability as a primary troubleshooter for systems in production and field settings, including root cause analysis and iterative design optimizations based on feedback.
Regulatory Compliance and Documentation: Understanding of DoD regulations on transportability and environmental standards. Experience reviewing government technical specifications and designing equipment from the ground up to meet the requirements.
Collaboration and Project Management: Ability to gather requirements through technical meetings and collaborate on cross-functional aspects like interface design. Useful skills in project tracking (e.g., using tools like Microsoft Project) and preparing status updates or reports.

Qualifications
 

What you will need to be successful in this role:

·         BSME or Engineering Bachelors Degree from ABET accredited school or equivalent, may have a Master Degree and may be a registered professional engineer.

·         Minimum 5 years of relevant work experience.

·         Strong knowledge of Lean Manufacturing, Six Sigma, and continuous improvement tools.

The rewards of your career at AAR go far beyond just your salary:  

·         Competitive salary

·         Comprehensive benefits package including medical, dental, and vision coverage.

·         401(k) retirement plan with company match

·         Generous paid time off program

·         Professional development and career advancement opportunities

Physical Demands/Work Environment:

The physical demands and work environment characteristics described here are representative of those that must be met by an employee to successfully perform the essential functions of this job.

Reasonable accommodations may be made to enable individuals with disabilities to perform the essential functions.

·         While performing the duties of this job, the employee is regularly required to sit; use hands to finger, handle, or feel; and talk or hear.  The employee frequently is required to reach with hands and arms.  The employee is occasionally required to stand and walk.

·         Some of work time is spent standing, lifting- up to 15 pounds, and bending.

·         Works within a manufacturing office setting and is occasionally exposed to heat, cold wet, and fumes/chemicals.

·         May be required to travel to customers’/suppliers’ sites.

·         While performing the duties of this job, the employee may be regularly required to sit, stand, bend, reach and move about the facility.

AAR provides accommodation in accordance with applicable laws through all stages of the hiring process. If you require accommodation for any part of the application and/or hiring process, please advise Human Resources.

#LI-EF1

Job: Engineering
Primary Location: United States-Michigan-Cadillac
Schedule: Full-time
Overtime Status: Exempt

We are an equal opportunity employer. All qualified applicants will receive consideration for employment without regard to race, color, religion, sex, sexual orientation, gender identity, national origin, disability or veteran status."
AAR Corp,"Sr Inspector, NDT- Level 2",320125,"United States, Illinois, Rockford",United States of America,,onsite,Senior,unknown,unknown,unknown,taleo,N/A,2026-06-16T21:36:25Z,https://aarcorp.taleo.net/careersection/2/jobdetail.ftl?job=320125,"Job Description - Sr Inspector, NDT- Level 2 (18127)
About Us: AAR Corp. (NYSE: AIR) is a global aerospace and defense aftermarket solutions company that employs more than 6,000 people across over 60 sites in over 20 countries. Headquartered in the Chicago, Illinois area, AAR supports commercial and government customers in more than 100 countries through four operating segments: Parts Supply, Integrated Solutions, Repair and Engineering and Expeditionary Services. AAR’s purpose is to empower people to build innovative aerospace solutions today so you can safely reach your destination tomorrow. The company’s mission is to go above and beyond to provide value-driven aerospace aftermarket solutions to meet the evolving needs of our customers worldwide. AAR constantly searches for the right thing to do for its customers, employees, partners and for society.
 
Sr Inspector, NDT- Level 2 - 18127

Description
 

NDT Inspector. Services, repairs, and overhauls aircraft and aircraft engines to ensure airworthiness by performing the following duties:

What you will be responsible for: 

Process daily incoming and outgoing material to meet Quality Control requirements as stated in the AAR ISO 9000 Procedures Manual and Customer Requirements Manual.
Record all inspection functions on applicable paperwork in accordance with the customer and company policies and procedures.
Assist the Director of Quality Control in reviewing and updating departmental standards.
Conduct NDT for the acceptance of parts and document the results if a demonstration of proficiency in this ability was included in the practical examination.
Interface with suppliers/product line in disposition rejects.
Perform NDT inspections in compliance with customer work instructions, and AAR procedures and policies.
Record all inspection functions on applicable paperwork in accordance with the customer policies and procedures.
Responsible for Non-Destructive Testing (NDT) of Aircraft and Components.
Have the skills and knowledge to interpret codes, standards, and other contractual documents that control the NDT method(s) as used by the employer.
Shall be capable of assuming technical responsibility for the NDT facility and staff.
Selecting the method and technique for a specific inspection.
Preparing and verifying the adequacy of procedures and work instructions.
Approve NDT procedures and work instructions for technical adequacy.
All other duties as assigned.
 

Qualifications
 

What you will need to be successful in this role: 

Have a general knowledge of other NDT methods, product manufacturing, and inspection technologies used by the employer
When specified in written practice, have a basic knowledge of aircraft maintenance.
Be capable of providing or directing training, examination, and certification of personnel.
When specified in the written practice, be capable of auditing outside agencies to ensure the requirements of the written practice are met.
Level II certification for one or more applicable NDT disciplines.
Ability to correctly use one or more types of applicable NDT equipment.
3-4 years’ experience in aircraft NDT.
Familiar with aircraft manufacturers technical documentation.
Ability to read and interpret Ads, S/Bs, SRMs, industry NDT specifications and other work instructions.
Familiar with regulatory requirements of FAR 145 repair station.
FAA A&P License required.
Associate’s degree or equivalent from two-year college or technical school; or four years related experience and/or training; or equivalent combination of education and experience. 
Ability to speak, read and comprehend standard English.

The rewards of your career at AAR go far beyond just your salary: 

Competitive salary 
Comprehensive benefits package including medical, dental, and vision coverage.
401(k) retirement plan with company match
Generous paid time off program
Professional development and career advancement opportunities

Physical Demands/Work Environment:
The physical demands and work environment characteristics described here are representative of those that must be met by an employee to successfully perform the essential functions of this job.

Reasonable accommodations may be made to enable individuals with disabilities to perform the essential functions.
While performing the duties of this job, the employee may be regularly required to sit, stand, bend, reach and move about the facility.
The environmental characteristic for this position is an office setting.

Candidates should be able to adapt to a traditional business environment.

 


AAR provides accommodation in accordance with applicable laws through all stages of the hiring process. If you require accommodation for any part of the application and/or hiring process, please advise Human Resources.

Compensation: 
The anticipated salary range for this position is $27.15 to $33.68 hourly. This range reflects the base pay for candidates who meet the requirements of the role, including experience, education, and location. AAR offers a competitive benefits package, including medical/dental/vision/life/and AD&D insurance, 401(k) savings plan with employer match, paid time off and holiday pay, as well as opportunities for professional development and growth.

#LI_SA2
 

Job: Operations
Primary Location: United States-Illinois-Rockford
Schedule: Full-time
Overtime Status: Non-exempt

We are an equal opportunity employer. All qualified applicants will receive consideration for employment without regard to race, color, religion, sex, sexual orientation, gender identity, national origin, disability or veteran status."
AAR Corp,Warehouse Clerk,319965,"United States, Florida, Jacksonville",United States of America,,onsite,Mid,us_person,unknown,unknown,taleo,N/A,2026-06-16T21:36:25Z,https://aarcorp.taleo.net/careersection/2/jobdetail.ftl?job=319965,"Job Description - Warehouse Clerk (18111)
About Us: AAR Corp. (NYSE: AIR) is a global aerospace and defense aftermarket solutions company that employs more than 6,000 people across over 60 sites in over 20 countries. Headquartered in the Chicago, Illinois area, AAR supports commercial and government customers in more than 100 countries through four operating segments: Parts Supply, Integrated Solutions, Repair and Engineering and Expeditionary Services. AAR’s purpose is to empower people to build innovative aerospace solutions today so you can safely reach your destination tomorrow. The company’s mission is to go above and beyond to provide value-driven aerospace aftermarket solutions to meet the evolving needs of our customers worldwide. AAR constantly searches for the right thing to do for its customers, employees, partners and for society.
 
Warehouse Clerk - 18111

Description
 

Ensure that all inventory is properly categorized and accounted for. Receive inventory as needed and ensure that the entire shipment is unloaded.

What you will be responsible for: 

Unload incoming inventory from trucks.
Stock inventory onto shelf locations.
Pick inventory for shipment to customers or repair vendors.
Perform inventory cycle counts.
Research missing parts and report any discrepancies.
Operate forklift equipment.
All other duties as assigned.

Qualifications
 

What you will need to be successful in this role: 

High school diploma or General Education Degree (GED) required.
1 year of related experience and/or training is preferred.
This position requires compliance with International Traffic in Arms Regulations (ITAR). Candidates must be a U.S. Person as defined by ITAR (U.S. citizen, U.S. national, lawful permanent resident, or individual admitted as a refugee or granted asylum).

Physical Demands/Work Environment:

The physical demands and work environment characteristics described here are representative of those that must be met by an employee to successfully perform the essential functions of this job. Reasonable accommodations may be made to enable individuals with disabilities to perform the essential functions.

While performing the duties of this job, the employee may be regularly required to sit, stand, bend, reach and move about the facility.
The environmental characteristic for this position is a warehouse setting. Candidates should be able to adapt to a traditional warehouse environment.
Must be able to lift and carry up to  35 pounds and comply with OSHA standards.

The rewards of your career at AAR go far beyond just your salary: 

Comprehensive benefits package including medical, dental, and vision coverage.
401(k) retirement plan with company match
Generous paid time off program

#LI-DNI

Job: Warehouse
Primary Location: United States-Florida-Jacksonville
Schedule: Full-time
Overtime Status: Non-exempt

We are an equal opportunity employer. All qualified applicants will receive consideration for employment without regard to race, color, religion, sex, sexual orientation, gender identity, national origin, disability or veteran status."
AAR Corp,F-16 Sheetmetal Mechanic,319668,"United States, Maryland, Joint Base Andrews",United States of America,,onsite,Mid,unknown,Secret,unknown,taleo,N/A,2026-06-16T21:36:25Z,https://aarcorp.taleo.net/careersection/2/jobdetail.ftl?job=319668,"Job Description - F-16 Sheetmetal Mechanic (18086)
About Us: AAR Corp. (NYSE: AIR) is a global aerospace and defense aftermarket solutions company that employs more than 6,000 people across over 60 sites in over 20 countries. Headquartered in the Chicago, Illinois area, AAR supports commercial and government customers in more than 100 countries through four operating segments: Parts Supply, Integrated Solutions, Repair and Engineering and Expeditionary Services. AAR’s purpose is to empower people to build innovative aerospace solutions today so you can safely reach your destination tomorrow. The company’s mission is to go above and beyond to provide value-driven aerospace aftermarket solutions to meet the evolving needs of our customers worldwide. AAR constantly searches for the right thing to do for its customers, employees, partners and for society.
 
F-16 Sheetmetal Mechanic - 18086

Description
 

** $10,000 sign-on bonus offered for Andrews AFB site **

 Description:

Works closely with other mechanics and maintenance personnel on aircraft structural modifications, upgrades, and repairs. Locates cracks, breaks, holes, and dents in aircraft sheet metal structures and determines appropriate repairs from technical data to restore components to original strength. Identifies damaged or weakened structures, including skins, stringers, bulkheads, and ribs and develops appropriate repair plan to restore component airworthiness. Reads and interprets blueprints and determines dimensions, angles, and contours in performance of structural repair.

 What you will be responsible for: 

Reports on work order status to the Lead Mechanic.
Ensures all work is done according to specification, regulation, and company policy.
Ensures that all tools and associated equipment are 100% accounted for.
Responds to work orders in a timely manner with emphasis on operations support.
Able to communicate effectively and work well as a member of a team
 Assists with other duties as required to support the customer and mission.
Conducts oneself professionally through appearance and conduct.
All other duties as assigned.

Qualifications
 

What you will need to be successful in this role: 

Ability to obtain and maintain a secret clearance is required.
Must meet one of the following requirements:
A Bachelor's degree plus 3 years of related structural aircraft maintenance experience.
An Associate's degree plus 4 years of related structural aircraft maintenance experience.
High School Diploma plus 8 years of related structural aircraft maintenance experience.
F-16 experience is strongly preferred, but other fighter jet experience may be considered.
Experience in reading, comprehending, and interpreting technical documents, including manuals, technical data, and blueprints.
Basic knowledge of various computer applications such as Microsoft Office applications (i.e. Excel, Word, Power Point, and Outlook) is a plus.

The rewards of your career at AAR go far beyond just your salary: 

Competitive salary and bonus package
Comprehensive benefits package including medical, dental, and vision coverage.
401(k) retirement plan with company match
Generous paid time off program
Professional development and career advancement opportunities

 Physical Demands/Work Environment:
The physical demands and work environment characteristics described here are representative of those that must be met by an employee to successfully perform the essential functions of this job.

Reasonable accommodations may be made to enable individuals with disabilities to perform the essential functions.
While performing the duties of this job, the employee may be regularly required to sit, stand, bend, reach and move about the facility.
The environmental characteristic for this position is an office setting.
Candidates should be able to adapt to a traditional business environment.
Must be able to work 1st or 2nd shifts as needed.

AAR provides accommodation in accordance with applicable laws through all stages of the hiring process. If you require accommodation for any part of the application and/or hiring process, please advise Human Resources. 

Compensation:

The anticipated salary for this position is $50.15 hourly. This range reflects the base pay for candidates who meet the requirements of the role, including experience, education, and location. AAR offers a competitive benefits package, including medical/dental/vision/life/and AD&D insurance, 401(k) savings plan with employer match, paid time off and holiday pay, as well as opportunities for professional development and growth.

#LI-PI1  #LI-Onsite

Job: Defense
Primary Location: United States-Maryland-Joint Base Andrews
Schedule: Full-time
Overtime Status: Non-exempt

AAR is an equal opportunity employer. All qualified applicants will receive consideration for employment without regard to race, color, religion, sex, sexual orientation, gender identity, national origin, disability or veteran status."
AAR Corp,F-16 Quality Assurance Inspector,319647,"United States, Maryland, Joint Base Andrews",United States of America,,onsite,Mid,unknown,Secret,unknown,taleo,N/A,2026-06-16T21:36:25Z,https://aarcorp.taleo.net/careersection/2/jobdetail.ftl?job=319647,"Job Description - F-16 Quality Assurance Inspector (18085)
About Us: AAR Corp. (NYSE: AIR) is a global aerospace and defense aftermarket solutions company that employs more than 6,000 people across over 60 sites in over 20 countries. Headquartered in the Chicago, Illinois area, AAR supports commercial and government customers in more than 100 countries through four operating segments: Parts Supply, Integrated Solutions, Repair and Engineering and Expeditionary Services. AAR’s purpose is to empower people to build innovative aerospace solutions today so you can safely reach your destination tomorrow. The company’s mission is to go above and beyond to provide value-driven aerospace aftermarket solutions to meet the evolving needs of our customers worldwide. AAR constantly searches for the right thing to do for its customers, employees, partners and for society.
 
F-16 Quality Assurance Inspector - 18085

Description
 

** $10,000 sign-on bonus offered for Andrews AFB site **

 Description:

Perform inspections, checks, tests, and sampling procedures of maintenance procedures and incoming materials, parts, and components.  When required, inspect products supplied to the program to ensure that they meet customer requirements and AAR specifications to achieve superior quality.

 What you will be responsible for: 

 Assist the Quality Control (QC) Manager in preparation of all ISO 9001:2008, U.S. Government, defense department, and customer quality audits.
Prepares all necessary reports as required by customer and staff personnel.
Operates according to QC program to ensure services are performed accurately.
Execute the Quality Assurance Program Plan (QAPP) and all quality control operations.
Work closely with Sustaining Engineering Service (SES) Manager on aircraft/equipment trend analysis, material reliability and maintainability, product quality, and Diminishing Manufacturing Sources and Material Shortages (DMSMS) issues.
Manage On-site Safety/Environmental Program and Technical Order Distribution Office (TODO). 
Administer effective training and on the job training of the QC team.
Assist QC Manager to develop and maintain an effective QC program to ensure services are performed.
Conduct detailed Quality Control Inspection (QCI) and program audits IAW Technical Orders (TOs), Performance Work Statement (PWS), and
Standard Operating Procedures (SOP).
All other duties as assigned.

Qualifications
 

What you will need to be successful in this role:  

 Ability to obtain and maintain a secret clearance is required.
 Must meet one of the following requirements:
A bachelor's degree plus 2 years of related experience in Quality Assurance.
An associate's degree plus 4 years of related experience in Quality Assurance.
High School Diploma plus 8 years of related experience in Quality Assurance.
 At least 2 years of Quality Assurance experience on fighter aircraft in a modification and/or maintenance environment.
 Ability to read/interpret engineering drawings/instructions; system schematics/blueprints; and technical policy/maintenance instructions.
Demonstrated ability to identify and understand non-conformities as they relate to safety-of-flight inspections, procedural breakdowns, and/or program (process) audits.
Experience with Quality Management System (QMS) internal audit processes.


The rewards of your career at AAR go far beyond just your salary: 

Competitive salary and bonus package
Comprehensive benefits package including medical, dental, and vision coverage.
401(k) retirement plan with company match
Generous paid time off program
Professional development and career advancement opportunities

Physical Demands/Work Environment:
The physical demands and work environment characteristics described here are representative of those that must be met by an employee to successfully perform the essential functions of this job.

Reasonable accommodations may be made to enable individuals with disabilities to perform the essential functions.
While performing the duties of this job, the employee may be regularly required to sit, stand, bend, reach and move about the facility.
The environmental characteristic for this position is an office setting.
Candidates should be able to adapt to a traditional business environment.
Must be able to work 1st or 2nd shifts as needed.

AAR provides accommodation in accordance with applicable laws through all stages of the hiring process. If you require accommodation for any part of the application and/or hiring process, please advise Human Resources. 

Compensation:

The anticipated salary for this position is $52.79 hourly. This range reflects the base pay for candidates who meet the requirements of the role, including experience, education, and location. AAR offers a competitive benefits package, including medical/dental/vision/life/and AD&D insurance, 401(k) savings plan with employer match, paid time off and holiday pay, as well as opportunities for professional development and growth.

#LI-PI1 #LI-ONSITE

Job: Defense
Primary Location: United States-Maryland-Joint Base Andrews
Schedule: Full-time
Overtime Status: Non-exempt

AAR is an equal opportunity employer. All qualified applicants will receive consideration for employment without regard to race, color, religion, sex, sexual orientation, gender identity, national origin, disability or veteran status."
AAR Corp,F-16 Maintenance Supervisor,319646,"United States, Maryland, Joint Base Andrews",United States of America,,onsite,Mid,unknown,Secret,unknown,taleo,N/A,2026-06-16T21:36:25Z,https://aarcorp.taleo.net/careersection/2/jobdetail.ftl?job=319646,"Job Description - F-16 Maintenance Supervisor (18083)
About Us: AAR Corp. (NYSE: AIR) is a global aerospace and defense aftermarket solutions company that employs more than 6,000 people across over 60 sites in over 20 countries. Headquartered in the Chicago, Illinois area, AAR supports commercial and government customers in more than 100 countries through four operating segments: Parts Supply, Integrated Solutions, Repair and Engineering and Expeditionary Services. AAR’s purpose is to empower people to build innovative aerospace solutions today so you can safely reach your destination tomorrow. The company’s mission is to go above and beyond to provide value-driven aerospace aftermarket solutions to meet the evolving needs of our customers worldwide. AAR constantly searches for the right thing to do for its customers, employees, partners and for society.
 
F-16 Maintenance Supervisor - 18083

Description
 

** $10,000 sign-on bonus offered for Andrews AFB site **

The F-16 Maintenance Supervisor plans and directs maintenance operations and ensures policy and procedures are followed to achieve established goals and objectives.

What you will be responsible for: 

Supervise and assign program workloads as well as duties for entire shifts of workers performing aircraft maintenance repair, inspection, and modifications. 
Maintain knowledge of supply procedures, and Service Bulletins/Letters and Airworthiness Directives.
Must be highly proficient in using technical data and drawings to locate part numbers and accomplish repairs.
Must have knowledge of F-16 aircraft avionics and electrical systems.
Inspects, troubleshoots, repairs, overhauls and modifies aircraft systems and powerplants in accordance with established written procedures, specifications, and standards. 
Candidate must be knowledgeable in F-16 aircraft systems operation and maintenance to include landing gear, powerplants, flight controls, disassembly, reassembly, rigging and aircraft movement. 
Must be able to read and speak English. Comprehend documents such as safety rules, operating maintenance instructions and procedure manuals.
Carries out supervisory responsibilities in accordance with the organizations policies and applicable laws.
Responsibilities include training employees; planning, assigning, and directing work; appraising performance; rewarding and disciplining employees; addressing complaints and resolving problems.
All other duties as assigned.

Qualifications
 

What you will need to be successful in this role: 

Must be able to obtain and maintain a Secret Clearance
Must meet one of the following requirements:
A Bachelor's degree plus 5 years of related experience in aircraft maintenance
An Associate's degree plus 6 years of related experience in aircraft maintenance
High School Diploma plus 10 years of related experience in aircraft maintenance
At least 10 years working F-16 aircraft experience with thorough understanding of Fighter Aircraft Systems and Flight Line Operations.
Must have leadership experience in an F-16 aircraft maintenance environment.

 The rewards of your career at AAR go far beyond just your salary: 

Competitive salary and bonus package
Comprehensive benefits package including medical, dental, and vision coverage.
401(k) retirement plan with company match
Generous paid time off program
Professional development and career advancement opportunities

 Physical Demands/Work Environment:

The physical demands and work environment characteristics described here are representative of those that must be met by an employee to successfully perform the essential functions of this job.
Reasonable accommodations may be made to enable individuals with disabilities to perform the essential functions.
While performing the duties of this job, the employee may be regularly required to sit, stand, bend, reach and move about the facility.
The environmental characteristic for this position is an office setting.
Candidates should be able to adapt to a traditional business environment.
Must be able to work 1st or 2nd shifts as needed.

AAR provides accommodation in accordance with applicable laws through all stages of the hiring process. If you require accommodation for any part of the application and/or hiring process, please advise Human Resources. 

Compensation:

The anticipated salary for this position is $133,900 annually. This range reflects the base salary for candidates who meet the requirements of the role, including experience, education, and location. In addition to base pay, this role is eligible for a bonus. AAR offers a competitive benefits package, including medical/dental/vision/life/and AD&D insurance, 401(k) savings plan with employer match, paid time off and holiday pay, as well as opportunities for professional development and growth.

#LI-PI1  #LI-Onsite

Job: Defense
Primary Location: United States-Maryland-Joint Base Andrews
Schedule: Full-time
Overtime Status: Exempt

AAR is an equal opportunity employer. All qualified applicants will receive consideration for employment without regard to race, color, religion, sex, sexual orientation, gender identity, national origin, disability or veteran status."
AAR Corp,F-16 Avionics or Electrical / Environmental Technician III,319645,"United States, South Carolina, Shaw AFB",United States of America,,onsite,Mid,us_person,Secret,unknown,taleo,N/A,2026-06-16T21:36:25Z,https://aarcorp.taleo.net/careersection/2/jobdetail.ftl?job=319645,"Job Description - F-16 Avionics or Electrical / Environmental Technician III (18082)
About Us: AAR Corp. (NYSE: AIR) is a global aerospace and defense aftermarket solutions company that employs more than 6,000 people across over 60 sites in over 20 countries. Headquartered in the Chicago, Illinois area, AAR supports commercial and government customers in more than 100 countries through four operating segments: Parts Supply, Integrated Solutions, Repair and Engineering and Expeditionary Services. AAR’s purpose is to empower people to build innovative aerospace solutions today so you can safely reach your destination tomorrow. The company’s mission is to go above and beyond to provide value-driven aerospace aftermarket solutions to meet the evolving needs of our customers worldwide. AAR constantly searches for the right thing to do for its customers, employees, partners and for society.
 
F-16 Avionics or Electrical / Environmental Technician III - 18082

Description
 

Responsible for depot-level modification, upgrade, & test of aircraft sub-systems, ensuring airworthiness. Duties include, but are not limited to, inspecting, testing, modifying, and repairing avionic as well as other electrical systems/sub-systems.  Examples include radar, radio, navigation, and aircraft power systems/sub-systems.

What you will be responsible for:

Modifies, upgrades, inspects, tests, adjusts, and repairs aircraft avionic and electrical systems, such as aircraft installed radar, radio, navigation, and power systems using hand tools and test equipment
Inspects components of avionic and electrical systems and equipment for defects, such as loose connections and frayed wire, and for accuracy of assembly and installation
Tests avionic and electrical systems under simulated or actual operating conditions to determine performance and airworthiness, using test equipment, such as oscilloscopes, digital meters and counters, and circuit analyzers
Using hand tools, adjusts, repairs, and/or replaces defective components based on analysis of test results, following blueprints, schematics, handbooks, and other technical documents
When required, calibrates installed, modified, or repaired systems and/or equipment to prescribed specifications
When required, operates ground servicing equipment to operationally test, inspect, and verify functionality and air worthiness of avionic and other electrical systems
When required, assist in fabricating wiring harnesses
Accurately document all required U.S. Government and program forms and documents, including electronic records 
Must effectively interact with program and customer representatives as well as on-site business or military representatives
Perform other duties as assigned

Qualifications
 

What you will need to be successful in this role:  

Must meet one of the following requirements:
A Bachelor's degree plus 3 years of related experience in avionics or electro-environmental maintenance.
An Associate's degree plus 4 years of related experience in avionics or electro-environmental maintenance.
High School Diploma plus 8 years of related experience in avionics or electro-environmental maintenance or achieved a 7 Level in the specialty.
F-16 or F-15 experience are strongly preferred, but other fighter jet experience may be considered.
At least a 7 Skill Level or equivalent is strongly preferred.
5th generation aircraft experience is a plus.
Microsoft Office Suite skills are preferred.
Ability to obtain and maintain a Secret Clearance is required. 

The rewards of your career at AAR go far beyond just your salary:  

Competitive pay
Comprehensive benefits package including medical, dental, and vision coverage.
401(k) retirement plan with company match
Generous paid time off program
Professional development and career advancement opportunities

Physical Demands/Work Environment:

Must be able to lift and carry parts, tooling, and other awkward items sometimes weighing greater than 50 lbs, including walking up and down stairs, aircraft maintenance stands, and platforms
Requires intermittent standing, walking, sitting, squatting, stretching, and bending throughout the workday
Must be able to see and hear or use prosthetics that will enable these senses to function adequately to assure that the requirements of this position can be fully met.
The standard schedule is Monday through Friday, 40 hours a week.  Must be able to work 1st or 2nd shift. Overtime may be required as necessary to meet the mission.

Please note: Estimated start is expected to be in August 2026.

#LI-LM1   #LI-Onsite

Job: Defense
Primary Location: United States-South Carolina-Shaw AFB
Schedule: Full-time
Overtime Status: Non-exempt

We are an equal opportunity employer. All qualified applicants will receive consideration for employment without regard to race, color, religion, sex, sexual orientation, gender identity, national origin, disability or veteran status."
AAR Corp,F-16 Avionics or Electrical/Environmental Technician II,319666,"United States, South Carolina, Shaw AFB",United States of America,,onsite,Mid,us_person,Secret,unknown,taleo,N/A,2026-06-16T21:36:25Z,https://aarcorp.taleo.net/careersection/2/jobdetail.ftl?job=319666,"Job Description - F-16 Avionics or Electrical/Environmental Technician II (18084)
About Us: AAR Corp. (NYSE: AIR) is a global aerospace and defense aftermarket solutions company that employs more than 6,000 people across over 60 sites in over 20 countries. Headquartered in the Chicago, Illinois area, AAR supports commercial and government customers in more than 100 countries through four operating segments: Parts Supply, Integrated Solutions, Repair and Engineering and Expeditionary Services. AAR’s purpose is to empower people to build innovative aerospace solutions today so you can safely reach your destination tomorrow. The company’s mission is to go above and beyond to provide value-driven aerospace aftermarket solutions to meet the evolving needs of our customers worldwide. AAR constantly searches for the right thing to do for its customers, employees, partners and for society.
 
F-16 Avionics or Electrical/Environmental Technician II - 18084

Description
 

Description:  

Responsible for supporting depot-level modification, upgrade, & test of aircraft sub-systems under the guidance of Lead or Level III Technicians. Duties may include, but are not limited to, inspecting, testing, modifying, and repairing avionic as well as other electrical systems/sub-systems. Examples include radar, radio, navigation, and aircraft power systems/sub-systems.

What you will be responsible for:  

Modifies, upgrades, inspects, tests, adjusts, and repairs aircraft avionic and electrical systems, such as aircraft installed radar, radio, navigation, and power systems using hand tools and test equipment
Inspects components of avionic and electrical systems and equipment for defects, such as loose connections and frayed wire, and for accuracy of assembly and installation
Tests avionic and electrical systems under simulated or actual operating conditions to determine performance and airworthiness, using test equipment, such as oscilloscopes, digital meters and counters, and circuit analyzers
Using hand tools, adjusts, repairs, and/or replaces defective components based on analysis of test results, following blueprints, schematics, handbooks, and other technical documents
When required, calibrates installed, modified, or repaired systems and/or equipment to prescribed specifications
When required, operates ground servicing equipment to operationally test, inspect, and verify functionality and air worthiness of avionic and other electrical systems
When required, assist in fabricating wiring harnesses
Accurately document all required U.S. Government and program forms and documents, including electronic records 
Must effectively interact with program and customer representatives as well as on-site business or military representatives
Perform other duties as assigned

Qualifications
 

What you will need to be successful in this role: 

High School Diploma / GED  
4 years of related experience in avionics or electro-environmental maintenance.
F-16, F-15, or other fighter jet experience is strongly preferred, but other aircraft experience may be considered.
5th generation aircraft experience is a plus.
Microsoft Office Suite skills are a plus.

Ability to obtain and maintain a Secret Clearance is required.

 

The rewards of your career at AAR go far beyond just your salary: 

Competitive compensation package 
Comprehensive benefits package including medical, dental, and vision coverage.
401(k) retirement plan with company match
Generous paid time off program
Professional development and career advancement opportunities

Physical Demands/Work Environment:

Must be able to lift and carry parts, tooling, and other awkward items sometimes weighing greater than 50 lbs, including walking up and down stairs, aircraft maintenance stands, and platforms
Requires intermittent standing, walking, sitting, squatting, stretching, and bending throughout the workday
Must be able to see and hear or use prosthetics that will enable these senses to function adequately to assure that the requirements of this position can be fully met.
Must be able to work 1st or 2nd shifts as-needed.
Positions are expected to start in March or April.

#LI-LM1

#LI-ONSITE

Job: Defense
Primary Location: United States-South Carolina-Shaw AFB
Schedule: Full-time
Overtime Status: Non-exempt

AAR is an equal opportunity employer. All qualified applicants will receive consideration for employment without regard to race, color, religion, sex, sexual orientation, gender identity, national origin, disability or veteran status."
AAR Corp,Sr Engineer - Refrigerant / HVAC,319548,"United States, Michigan, Cadillac",United States of America,,onsite,Senior,us_person,unknown,unknown,taleo,N/A,2026-06-16T21:36:25Z,https://aarcorp.taleo.net/careersection/2/jobdetail.ftl?job=319548,"Job Description - Sr Engineer - Refrigerant / HVAC (18070)
About Us: AAR Corp. (NYSE: AIR) is a global aerospace and defense aftermarket solutions company that employs more than 6,000 people across over 60 sites in over 20 countries. Headquartered in the Chicago, Illinois area, AAR supports commercial and government customers in more than 100 countries through four operating segments: Parts Supply, Integrated Solutions, Repair and Engineering and Expeditionary Services. AAR’s purpose is to empower people to build innovative aerospace solutions today so you can safely reach your destination tomorrow. The company’s mission is to go above and beyond to provide value-driven aerospace aftermarket solutions to meet the evolving needs of our customers worldwide. AAR constantly searches for the right thing to do for its customers, employees, partners and for society.
 
Sr Engineer - Refrigerant / HVAC - 18070

Description
 

Summary: 

The title of the position. A summary of the role’s overall purpose and how it fits into the organization. Information on who the role reports to and any direct reports the position might have.

What you will be responsible for:

●      System Design and Component Selection: Proficiency in designing complete air conditioning systems, including heat exchanger design, compressor selection, refrigerant selection (with emphasis on low-GWP options compliant with DoD regulations), air flow design, static pressure calculations, and fan selection. Experience optimizing system COP (Coefficient of Performance) using specialized air conditioner design software. Experience with Excel and macros a plus.

●      Electrical and Control Systems: Expertise in electrical control design, including safety timers and switch selection, and controller programming in ladder logic and structured text. Skilled in electrical power design, such as wire size and type selection, with a focus on minimizing inrush currents to accommodate generator-based power budgets.

●      Mechanical and Structural Design: Strong experience with SolidWorks/Creo (or equivalent 3D CAD software) for part and assembly design, generating bills of materials (BOMs), assembly drawings, and part drawings, particularly for sheet metal components. Familiarity with AutoCAD for electrical and plumbing schematic design. Limited use of CFD (Computational Fluid Dynamics) for airflow simulations.

●      Environmental and Durability Engineering: Knowledge of designing systems to withstand shock, vibration, extreme temperatures, blowing sand/dust, and blowing rain tests. Basic familiarity with MIL-STD-810 for environmental testing and MIL-STD-461 for EMI/EMC compliance. Expertise in material selection for corrosion resistance, lightweight construction, and overall robustness to ensure fault-tolerant operation under poor maintenance and harsh conditions.

●      Integration and Optimization: Awareness of system integration challenges, including power budgeting for military platforms. Ability to balance compact sizing with low noise levels, efficiency, and lightweight design while meeting air flow requirements and maintaining operational redundancy for mission-critical reliability.

●      Prototyping, Testing, and Validation: Hands-on experience building and validating prototypes, including thermal performance testing at non-standard conditions.  Skills in noise reduction (including special considerations for stringent requirements), and occasional Failure Mode and Effects Analysis (FMEA). Ensuring cooling capacity meets or exceeds ratings under military-specific demands.

Qualifications
 

What you will need to be successful in this role:

·         BSME or Engineering Bachelors Degree from ABET accredited school or equivalent, may have a Master Degree and may be a registered professional engineer.

·         Minimum 3-5 years of relevant work experience.

·         Strong knowledge of Lean Manufacturing, Six Sigma, and continuous improvement tools.

The rewards of your career at AAR go far beyond just your salary:  

·         Competitive salary

·         Comprehensive benefits package including medical, dental, and vision coverage.

·         401(k) retirement plan with company match

·         Generous paid time off program

·         Professional development and career advancement opportunities

Physical Demands/Work Environment:
The physical demands and work environment characteristics described here are representative of those that must be met by an employee to successfully perform the essential functions of this job.

Reasonable accommodations may be made to enable individuals with disabilities to perform the essential functions.

·         While performing the duties of this job, the employee is regularly required to sit; use hands to finger, handle, or feel; and talk or hear.  The employee frequently is required to reach with hands and arms.  The employee is occasionally required to stand and walk.

·         Some of work time is spent standing, lifting- up to 15 pounds, and bending.

·         Works within a manufacturing office setting and is occasionally exposed to heat, cold wet, and fumes/chemicals.

·         May be required to travel to customers’/suppliers’ sites.

·         While performing the duties of this job, the employee may be regularly required to sit, stand, bend, reach and move about the facility.

AAR provides accommodation in accordance with applicable laws through all stages of the hiring process. If you require accommodation for any part of the application and/or hiring process, please advise Human Resources.

#LI-EF1

Job: Engineering
Primary Location: United States-Michigan-Cadillac
Schedule: Full-time
Overtime Status: Exempt

We are an equal opportunity employer. All qualified applicants will receive consideration for employment without regard to race, color, religion, sex, sexual orientation, gender identity, national origin, disability or veteran status."
AAR Corp,"Director, Global Warehouse Operations",319585,"United States, Illinois, Wood Dale",United States of America,,onsite,Director,unknown,unknown,yes,taleo,N/A,2026-06-16T21:36:25Z,https://aarcorp.taleo.net/careersection/2/jobdetail.ftl?job=319585,"Job Description - Director, Global Warehouse Operations (18073)
About Us: AAR Corp. (NYSE: AIR) is a global aerospace and defense aftermarket solutions company that employs more than 6,000 people across over 60 sites in over 20 countries. Headquartered in the Chicago, Illinois area, AAR supports commercial and government customers in more than 100 countries through four operating segments: Parts Supply, Integrated Solutions, Repair and Engineering and Expeditionary Services. AAR’s purpose is to empower people to build innovative aerospace solutions today so you can safely reach your destination tomorrow. The company’s mission is to go above and beyond to provide value-driven aerospace aftermarket solutions to meet the evolving needs of our customers worldwide. AAR constantly searches for the right thing to do for its customers, employees, partners and for society.
 
Director, Global Warehouse Operations - 18073

Description
 

The Warehouse Operations Director is responsible for the operational excellence of all aspects of AAR’s Global warehouse operations; provides overall guidance and oversight in the areas of execution, technology, infrastructure, safety, streamlining and interfacing with AAR business and operational entities, internal and external customers, continuous process improvements, and developing and monitoring related key performance indicators. This role blends leadership with active participation, requiring someone who can interact, manage and guide people and contribute directly to the success and growth of the organization. This position may require up to 75% travel, both domestically and internationally, until steady-state operations are achieved.

This position is based at our Corporate Headquarters in Wood Dale, IL, with a planned relocation to the Merchandise Mart (Chicago) in early 2027.

What you will be responsible for: 

Take lead on operational excellence and logistical functions of AAR’s global warehouses, with a focus on streamlines processes, efficiencies, productivity, infrastructure requirements, technology, hands-on management and compliance. 
Actively assist in overseeing warehouse operations, including inventory management.
Own operational strategy, execution, and continuous improvement for internal and third-party logistics (3PL) warehouses, ensuring efficient, compliant, and cost-effective movement of goods worldwide.
In depth understanding of global import and export operations and requirements, ensuring compliance with all customs, trade, and regulatory requirements.
Customs filings and documentation to ensure timely and accurate clearance.
Partner with Legal, Finance, and Compliance teams on trade regulations, audits, duty optimization, and risk mitigation.
Monitor and adapt to changes in global trade laws, tariffs, and regulations.
Develop dashboards and reports to provide visibility into global performance and risks.
Define, implement, and monitor global KPIs and metrics; adjust activities to improve efficiency and workflows. 
Develop and execute strategies aligned with business growth, customer service, and cost objectives.
Ensure safe, efficient, and compliant operations in accordance with local regulations and company standards.
Performs the duties of associates supervised and all other duties as assigned. 

Leadership Responsibilities:

Supervise, mentor, and develop staff, fostering a culture of accountability and growth.
Act as a point of escalation to resolve daily operational issues and discrepancies.
Develop and communicate daily/weekly/monthly goals to staff and management.
Monitor performance and ensure deadlines are met consistently.
Enforce safety guidelines and operational best practices.
Advocate for continuous improvement and foster team buy-in for policy changes.
Suggest efficiency ideas, cost reduction measures and assist with the implementation of changes within inbound and outbound warehouse operations.
Identify problems, propose solutions to other members of management, and promote cooperation with other departments.
Keep open communication channels with associates by answering questions and explaining policies and procedures.

Qualifications
 

What you need to be successful in this role: 

10+ years of experience in global supply chain, warehouse management or logistics management, with at least 5 years in a supervisory role.
Ability to lead global operations, ensuring compliance with international trade laws, managing customs, documentation, tariffs, and optimizing cross-border processes. 
Strong understanding of import/export management and customs filing. 
Experience supporting 3PL warehouses and management of inventory.
Demonstrated ability to define, analyze, and report on warehouse metrics. 
Proven ability to lead, train, and motivate teams while actively participating in warehouse operations.
 Ability to effectively communicate to leadership, peers and team members. Must be able to shift communication styles to interact successfully across departments.
Critical thinking, problem solving and reasoning skills.
Enthusiastic about building efficiency and driving continuous improvement.


The rewards of your career at AAR go far beyond just your salary: 

Competitive salary and bonus package
Comprehensive benefits package including medical, dental, and vision coverage
401(k) retirement plan with company match
Generous paid time off program
Professional development and career advancement opportunities

Physical Demands/Work Environment:
The physical demands and work environment characteristics described here are representative of those that must be met by an employee to successfully perform the essential functions of this job.
•    Reasonable accommodations may be made to enable individuals with disabilities to perform the essential functions.
•    While performing the duties of this job, the employee may be regularly required to sit, stand, bend, reach and move about the facility.
•    The environmental characteristic for this position is an office setting.
•    Candidates should be able to adapt to a traditional business environment.
AAR provides accommodation in accordance with applicable laws through all stages of the hiring process. If you require accommodation for any part of the application and/or hiring process, please advise Human Resources.

Compensation:
The anticipated salary range for this position is $140,000 to $170,000 annually. This range reflects the base salary for candidates who meet the requirements of the role, including experience, education, and location. [In addition to base pay, this role is eligible for a bonus.] AAR offers a competitive benefits package, including medical/dental/vision/life/and AD&D insurance, 401(k) savings plan with employer match, paid time off and holiday pay, as well as opportunities for professional development and growth.

#LI-MA1 #LI-ONSITE

Job: Warehouse
Primary Location: United States-Illinois-Wood Dale
Schedule: Full-time
Overtime Status: Exempt

We are an equal opportunity employer. All qualified applicants will receive consideration for employment without regard to race, color, religion, sex, sexual orientation, gender identity, national origin, disability or veteran status."
AAR Corp,"Sr. Analyst, Procurement",319421,"United States, Illinois, Wood Dale",United States of America,,onsite,Senior,unknown,unknown,yes,taleo,N/A,2026-06-16T21:36:25Z,https://aarcorp.taleo.net/careersection/2/jobdetail.ftl?job=319421,"Job Description - Sr. Analyst, Procurement (18052)
About Us: AAR Corp. (NYSE: AIR) is a global aerospace and defense aftermarket solutions company that employs more than 6,000 people across over 60 sites in over 20 countries. Headquartered in the Chicago, Illinois area, AAR supports commercial and government customers in more than 100 countries through four operating segments: Parts Supply, Integrated Solutions, Repair and Engineering and Expeditionary Services. AAR’s purpose is to empower people to build innovative aerospace solutions today so you can safely reach your destination tomorrow. The company’s mission is to go above and beyond to provide value-driven aerospace aftermarket solutions to meet the evolving needs of our customers worldwide. AAR constantly searches for the right thing to do for its customers, employees, partners and for society.
 
Sr. Analyst, Procurement - 18052

Description
 

The Senior Procurement Analyst will support and execute data-driven sourcing strategies for consumable and expendable (C&E) materials, rotable and repair components for different business groups within the company. This role sits at the intersection of sourcing, analytics, and supply planning leveraging supplier data, forecasting outputs, and inventory planning concepts to inform sourcing decisions. 

The ideal candidate has prior hands-on sourcing and contracts experience and is comfortable working with spend management software such as Coupa, SAP Ariba and Zycus, forecasting tools, and BI tools such as Domo, Power BI and Tableau, to support supplier strategy and sourcing decisions in a fast-paced environment. 

This position is based at our Corporate Headquarters in Wood Dale, IL, with a planned relocation to the Merchandise Mart (Chicago) in early 2027.

What you will be responsible for: 

Own direct strategic sourcing for MRO materials and repair services, translating forecast demand and supply plans into multi-year sourcing strategies rather than transactional buying. 
Lead and support RFQs/RFPs, supplier negotiations, and award recommendations, ensuring alignment with cost targets, capacity constraints, quality requirements and contractual terms. 
Evaluate sourcing options using a Total Cost of Ownership (TCO) lens cost, lead time, MOQ, validity to support informed supplier selection decisions. 
Interpret outputs from internal forecasting tools and historical demand data to inform direct sourcing strategies, supplier capacity discussions and volume-based or long-term agreements. 
Demonstrate working knowledge of time-series concepts such as trend, seasonality, variability and forecast error. 
Apply a practical understanding of supply chain planning concepts safety stock, reorder point (ROP), lead time variability, and service levels - to evaluate sourcing options and understand their implications for cost, availability, and supplier strategy. 
Use SQL to extract and analyze spend, demand, pricing, lead time, and supplier performance data from ERP and planning systems. 
Use Python for data analysis, automation, and modeling related to pricing trends, demand variability, and sourcing scenarios. 
Develop and maintain BI dashboards (Power BI, Tableau, or similar) to track KPIs including cost savings, supplier OTD, contract coverage, pricing compliance and contract performance. 
Translate analytical insights into clear, actionable recommendations for sourcing and operations leadership.
Monitor supplier performance against cost, quality, delivery, turnaround, and capacity commitments. 
Identify risks related to forecast volatility, long lead times, single-source suppliers, and constrained repair capacity. 
Support supplier performance reviews and continuous improvement initiatives. 
Work closely with Maintenance, Planning, Engineering, Quality, and Finance teams to align sourcing with operational and customer requirements. 
Assist with contract reviews, pricing agreements, and service-level terms informed by forecasted volumes. 
Ensure sourcing activities comply with FAA, EASA, AS9110, and internal quality standards. 
Maintain sourcing documentation to support audits and customer requirements. 
Adhere to ethical sourcing and procurement policies. 

Qualifications
 

What you need to be successful in this role: 

Bachelor's degree in supply chain management, Business, Engineering, Data Analytics or related fields. 
1-3 years of experience in strategic sourcing, procurement or supply chain roles. 
Prior hands-on sourcing experience is required (RFPs, supplier negotiations, supplier selection). 
Working knowledge of forecasting concepts and supply chain planning fundamentals (e.g. safety stock, ROP, EOQ, lead time variability and service levels). 
Experience using spend management software (Coupa, SAP Ariba, Zycus). 
Experience using or supporting demand planning/forecasting and inventory planning tools 
Experience using BI tools (Domo, Power BI, Tableau) 
Strong proficiency in SQL for data extraction and analysis. 
Working proficiency in Python for data analysis and automation. 

Preferred:  

Master's degree preferred. Experience in aviation MRO, aerospace aftermarket, or similarly regulated environments. 
Familiarity with MRO ERP and Planning Systems (AMOS, Ramco, Trax, SAP, Oracle). 
Familiarity with FAA, EASA and AS9110 quality requirements. 
Professional certification (CPSM, CSCP, CIPS) a plus. 

The rewards of your career at AAR go far beyond just your salary: 

Competitive salary and bonus package 
Comprehensive benefits package including medical, dental, and vision coverage. 
401(k) retirement plan with company match 
Generous paid time off program 
Professional development and career advancement opportunities 

Physical Demands/Work Environment: The physical demands and work environment characteristics described here are representative of those that must be met by an employee to successfully perform the essential functions of this job. Reasonable accommodation may be made to enable individuals with disabilities to perform the essential functions. While performing the duties of this job, the employee may be regularly required to sit, stand, bend, reach and move about the facility. The environmental characteristic for this position is an office setting. Candidates should be able to adapt to a traditional business environment. AAR provides accommodation in accordance with applicable laws through all stages of the hiring process. If you require accommodation for any part of the application and/or hiring process, please advise Human Resources.

Compensation:
The anticipated salary range for this position is $85,000 to $99,000 annually. This range reflects the base salary for candidates who meet the requirements of the role, including experience, education, and location. [In addition to base pay, this role is eligible for a bonus.] AAR offers a competitive benefits package, including medical/dental/vision/life/and AD&D insurance, 401(k) savings plan with employer match, paid time off and holiday pay, as well as opportunities for professional development and growth.

#LI-MA1 #LI-ONSITE

Job: Purchasing
Primary Location: United States-Illinois-Wood Dale
Schedule: Full-time
Overtime Status: Exempt

We are an equal opportunity employer. All qualified applicants will receive consideration for employment without regard to race, color, religion, sex, sexual orientation, gender identity, national origin, disability or veteran status."
AAR Corp,Director of Logistics,319382,"United States, Alabama, Fort Rucker",United States of America,,onsite,Director,us_person,unknown,unknown,taleo,N/A,2026-06-16T21:36:25Z,https://aarcorp.taleo.net/careersection/2/jobdetail.ftl?job=319382,"Job Description - Director of Logistics (18048)
About Us: AAR Corp. (NYSE: AIR) is a global aerospace and defense aftermarket solutions company that employs more than 6,000 people across over 60 sites in over 20 countries. Headquartered in the Chicago, Illinois area, AAR supports commercial and government customers in more than 100 countries through four operating segments: Parts Supply, Integrated Solutions, Repair and Engineering and Expeditionary Services. AAR’s purpose is to empower people to build innovative aerospace solutions today so you can safely reach your destination tomorrow. The company’s mission is to go above and beyond to provide value-driven aerospace aftermarket solutions to meet the evolving needs of our customers worldwide. AAR constantly searches for the right thing to do for its customers, employees, partners and for society.
 
Director of Logistics - 18048

Description
 

The Logistics Director is responsible for developing, overseeing, and sustaining an effective logistics and supply chain program that ensures the uninterrupted availability of materials, tools, and equipment required to support flight operations.

What you will be responsible for:  

Ensure that new programs are timely and effectively implemented in accordance with budgetary objectives and all contractual requirements.
Maintain and foster highly responsive coordination and communication activities and initiatives among top logistics/supply chain management staff of each assigned military and/or Department of Defense customer organization.
Provide direct leadership of staff carrying out on-site tasks required to satisfy contractual requirements and cost targets of certain Department of Defense support programs.
Manage resources of all assigned programs effectively and efficiently to ensure business unit profit goals are achieved.
Assist in preparing routine correspondence (i.e., letters, memos and route sheets), spreadsheets, Gantt charts, presentations and meeting minutes.
Coordinate program activity with the Directors of other programs to ensure that common resources and skills are leveraged across all programs whenever feasible.
Provide inventory acquisition, forecasting, and disbursement advice to management.
Provide Department of Defense-specific inputs for the development, implementation, and execution of the overall business plan.
Work with the leadership of other business units and programs to support customers and programs whenever and wherever needed.
All other duties as assigned.

Qualifications
 

What you will need to be successful in this role:  

Bachelor of Arts (BA), Bachelor of Business Administration (BBA) or Bachelor of Science (BS) from four-year college or university.
Minimum ten (10) years logistics management experience of which five (5) must be specialized in the aerospace/aviation industry.
Leadership experience in Performance-Based Logistics (PBL) programs and closed-loop supply chains supporting aircraft operations.
Proficiency with CAMP (or equivalent) for predictive maintenance / parts planning; and working knowledge of ISO 9001 / AS9100 frameworks for logistics processes.
Proficient in the Microsoft O365 Suite
This position requires compliance with International Traffic in Arms Regulations (ITAR). Candidates must be a U.S. Person as defined by ITAR (U.S. citizen, U.S. national, lawful permanent resident, or individual admitted as a refugee or granted asylum).
 

 

 

The rewards of your career at AAR go far beyond just your salary:

Competitive compensation package
Comprehensive benefits package including medical, dental, and vision coverage.
401(k) retirement plan with company match
Generous paid time off program
Professional development and career advancement opportunities

 

Physical Demands/Work Environment:
The physical demands and work environment characteristics described here are representative of those that must be met by an employee to successfully perform the essential functions of this job. Reasonable accommodations may be made to enable individuals with disabilities to perform the essential functions.

While performing the duties of this job, the employee may be regularly required to sit, stand, bend, reach and move about the facility.
The environmental characteristic for this position is an office setting.
Candidates should be able to adapt to a traditional business environment.
This position is required to work on-site and is not eligible for hybrid or remote work.

AAR provides accommodation in accordance with applicable laws through all stages of the hiring process. If you require accommodation for any part of the application and/or hiring process, please advise Human Resources.

This position is being recruited in support of a proposal and is contingent upon contract award.

#LI-VR1 #LI-Onsite

Job: Defense
Primary Location: United States-Alabama-Fort Rucker
Schedule: Full-time
Overtime Status: Exempt

We are an equal opportunity employer. All qualified applicants will receive consideration for employment without regard to race, color, religion, sex, sexual orientation, gender identity, national origin, disability or veteran status."
AAR Corp,Director of Labor Relations,319341,"United States, Alabama, Fort Rucker",United States of America,,onsite,Director,us_person,unknown,unknown,taleo,N/A,2026-06-16T21:36:25Z,https://aarcorp.taleo.net/careersection/2/jobdetail.ftl?job=319341,"Job Description - Director of Labor Relations (18046)
About Us: AAR Corp. (NYSE: AIR) is a global aerospace and defense aftermarket solutions company that employs more than 6,000 people across over 60 sites in over 20 countries. Headquartered in the Chicago, Illinois area, AAR supports commercial and government customers in more than 100 countries through four operating segments: Parts Supply, Integrated Solutions, Repair and Engineering and Expeditionary Services. AAR’s purpose is to empower people to build innovative aerospace solutions today so you can safely reach your destination tomorrow. The company’s mission is to go above and beyond to provide value-driven aerospace aftermarket solutions to meet the evolving needs of our customers worldwide. AAR constantly searches for the right thing to do for its customers, employees, partners and for society.
 
Director of Labor Relations  - 18046

Description
 

This position is being recruited in support of a proposal and is contingent upon contract award.

Description:

The Director of Labor Relations is responsible for managing, overseeing, and maintaining Collective Bargaining Agreements, liaising with union representatives, and establishing an effective workforce. This role will be responsible for negotiating CBAs, maintaining effective relationships with relevant labor unions, and fostering a positive and productive relationship between labor and management.

What you will be responsible for:  

Direct and manage the Division(s) disciplinary process, including advising General Managers, Division Chiefs, and departmental managers in assessing appropriate action and drafting disciplinary charges; recommend and provide guidance regarding necessary investigation.
Provide advice and guidance regarding Departmental responses to contract and other labor disputes; negotiate resolution of labor disputes within contractual parameters.
Represent the Division(s) and serve as hearing officer for all pre-arbitration hearings provided for under the various Collective Bargaining Agreements and agency policy where applicable; research and prepare written responses on behalf of the General Managers, Chief Officers, or other Departmental/Division Chiefs; participate in the preparation and presentation of cases at arbitration.
Direct and manage review of attendance records, sick documentation, and related investigations; provide advice and guidance to General Managers and other divisional managers regarding employee availability issues, including appropriate strategy and disciplinary charges, where appropriate.
Participate in collective bargaining negotiations and implementation of labor contracts; ensure overall and consistent application of labor relations agreements and policies Authority wide.
Supervise support staff and administer work. Manage and direct the timely processing of disciplinary and grievance matters and ensure time notice of hearings and accurate system tracking.
Select, develop, and motivate personnel within the department. Provide career development for subordinates. Provide prompt and effective coaching and counseling. Responsible for discipline/termination of employees when necessary. Review performance of staff. Create a professional environment that respects individual differences and enables all employees to develop and contribute to their full potential. 
Other duties as assigned

Qualifications
 

What you will need to be successful in this role: 

Bachelor’s degree from an accredited university in Labor Management, Psychology, Aviation, Business or other applicable discipline.
Minimum ten (10) years of labor management experience.
This position requires compliance with International Traffic in Arms Regulations (ITAR). Candidates must be a U.S. Person as defined by ITAR (U.S. citizen, U.S. national, lawful permanent resident, or individual admitted as a refugee or granted asylum).

The rewards of your career at AAR go far beyond just your salary:

Competitive compensation package
Comprehensive benefits package including medical, dental, and vision coverage.
401(k) retirement plan with company match
Generous paid time off program
Professional development and career advancement opportunities

Physical Demands/Work Environment:
The physical demands and work environment characteristics described here are representative of those that must be met by an employee to successfully perform the essential functions of this job. Reasonable accommodations may be made to enable individuals with disabilities to perform the essential functions.

While performing the duties of this job, the employee may be regularly required to sit, stand, bend, reach and move about the facility.
The environmental characteristic for this position is an office setting.
Candidates should be able to adapt to a traditional business environment.
This position is required to be on-site and is not eligible for hybrid or remote.

AAR provides accommodation in accordance with applicable laws through all stages of the hiring process. If you require accommodation for any part of the application and/or hiring process, please advise Human Resources.

#LI-LM1   #LI-Onsite

Job: Human Resources
Primary Location: United States-Alabama-Fort Rucker
Schedule: Full-time
Overtime Status: Exempt

We are an equal opportunity employer. All qualified applicants will receive consideration for employment without regard to race, color, religion, sex, sexual orientation, gender identity, national origin, disability or veteran status."
AAR Corp,"Lead, Avionics",319281,"United States, Florida, Miami",United States of America,,onsite,Lead,unknown,unknown,unknown,taleo,N/A,2026-06-16T21:36:25Z,https://aarcorp.taleo.net/careersection/2/jobdetail.ftl?job=319281,"Job Description - Lead, Avionics (18042)
About Us: AAR Corp. (NYSE: AIR) is a global aerospace and defense aftermarket solutions company that employs more than 6,000 people across over 60 sites in over 20 countries. Headquartered in the Chicago, Illinois area, AAR supports commercial and government customers in more than 100 countries through four operating segments: Parts Supply, Integrated Solutions, Repair and Engineering and Expeditionary Services. AAR’s purpose is to empower people to build innovative aerospace solutions today so you can safely reach your destination tomorrow. The company’s mission is to go above and beyond to provide value-driven aerospace aftermarket solutions to meet the evolving needs of our customers worldwide. AAR constantly searches for the right thing to do for its customers, employees, partners and for society.
 
Lead, Avionics - 18042

Description
 

SUMMARY The Avionics Lead Technician is responsible to his or her respective department supervisor for all functions assigned to provide airworthiness of the aircraft upon completion of maintenance at the facility. A Lead Technician is required to be a certified A&P Technician or hold a Repairman Certificate, an FCC certificate, or a Radio Repairman Operator certificate as applicable to the work they are supervising. 

ESSENTIAL DUTIES AND RESPONSIBILITIES Being available for consultation on matters relating to work being accomplished on his or her assigned aircraft. Ensuring all required paperwork is satisfactorily completed and signed and complies with all existing regulations and procedures. Ensuring all equipment is properly used and adequate safeguards are in place to protect the customers aircraft and equipment. Monitoring and reporting to supervisors the work of personnel under his or her responsibility for proper work performance, productivity, quality and personnel safety. Assisting supervisors as requested in reviewing personnel for job qualifications and status and for maximizing manpower. Performing on the job training for personnel. Providing guidance and technical advice to assigned technicians. Coordinating with other appropriate departments to organize and control the customers work package and any special considerations. All other duties as assigned. 

CORE COMPETENCIES Commitment to company values and ethics Dependability personally responsible, completes work in a timely manner, and performs tasks accurately Motivation must maintain a positive attitude and strong work energy Organization very detail oriented and always comes prepared Communication excellent interpersonal and oral and written communication skills Initiative plans work and carries out tasks without detailed instructions, prepares for problems or opportunities in advance, undertakes additional responsibilities Leadership demonstrated ability to lead people and get results through others

Qualifications
 

QUALIFICATIONS To perform this job successfully, an individual must be able to perform each essential duty satisfactorily. The requirements listed below are representative of the knowledge, skill, and or ability required. 

EDUCATION and or EXPERIENCE Associates degree AA or equivalent from two year college or technical school or four years related experience and or training or equivalent combination of education and experience. Must possess a current and active FAA A P License or hold a Repairman Certificate, an FCC certificate, or a Radio Repairman Operator certificate as applicable to the work they are overseeing. 

PHYSICAL DEMANDS WORK ENVIRONMENT The physical demands and work environment characteristics described here are representative of those that must be met by an employee to successfully perform the essential functions of this job. Reasonable accommodations may be made to enable individuals with disabilities to perform the essential functions. While performing the duties of this job, the employee may be regularly required to sit, stand, bend, reach and move about the facility. The environmental characteristic for this position is a warehouse setting. Candidates should be able to adapt to a traditional warehouse environment.

#LI-VS1

Job: Operations
Primary Location: United States-Florida-Miami-Miami- Aircraft Services
Schedule: Full-time
Overtime Status: Non-exempt

We are an equal opportunity employer. All qualified applicants will receive consideration for employment without regard to race, color, religion, sex, sexual orientation, gender identity, national origin, disability or veteran status."
AAR Corp,Warehouse Lead (2nd Shift),319161,"United States, Florida, Jacksonville",United States of America,,onsite,Lead,us_person,unknown,unknown,taleo,N/A,2026-06-16T21:36:25Z,https://aarcorp.taleo.net/careersection/2/jobdetail.ftl?job=319161,"Job Description - Warehouse Lead (2nd Shift) (18030)
About Us: AAR Corp. (NYSE: AIR) is a global aerospace and defense aftermarket solutions company that employs more than 6,000 people across over 60 sites in over 20 countries. Headquartered in the Chicago, Illinois area, AAR supports commercial and government customers in more than 100 countries through four operating segments: Parts Supply, Integrated Solutions, Repair and Engineering and Expeditionary Services. AAR’s purpose is to empower people to build innovative aerospace solutions today so you can safely reach your destination tomorrow. The company’s mission is to go above and beyond to provide value-driven aerospace aftermarket solutions to meet the evolving needs of our customers worldwide. AAR constantly searches for the right thing to do for its customers, employees, partners and for society.
 
Warehouse Lead (2nd Shift) - 18030

Description
 

Oversee daily warehouse staff/operations ensuring that all inventory is properly categorized and accounted for. Receive, stock, issue, ship inventory and process transactions in the system of record. 

What you will be responsible for:  

•    Ensure that all warehouse personnel follow policies and procedures for inventory-handling. Direct warehouse personnel as necessary. 
•    Inspect incoming material against receiving paperwork.
•    Process incoming receipts for stock and/or direct turn-over to the customer.
•    Verify outgoing orders to repair vendors
•    Stock inventory into shelf locations. 
•    Responsible for maintaining accuracy of the MIS and accuracy of the physical inventory. 
•    All other duties as assigned

Qualifications
 

What you will need to be successful in this role:  

•    High school diploma or general education degree (GED) required. 
•    Must have at least 4 years of related experience and/or training. 
•    Experience in supply management and logistical support functions
•    Must have an understanding of Military Supply Chain processes and inventory practices.
•    Previous experience in warehousing, handling inventory, and bar code equipment. 
•    Must have great organization, communications and time management skills. 
•    This position requires compliance with International Traffic in Arms Regulations (ITAR). Candidates must be a U.S. Person as defined by ITAR (U.S. citizen, U.S. national, lawful permanent resident, or individual admitted as a refugee or granted asylum).

The rewards of your career at AAR go far beyond just your salary: 

•    Competitive pay
•    Comprehensive benefits package including medical, dental, and vision coverage.
•    401(k) retirement plan with company match
•    Generous paid time off program
•    Professional development and career advancement opportunities

Physical Demands/Work Environment:

The physical demands and work environment characteristics described here are representative of those that must be met by an employee to successfully perform the essential functions of this job.

•    While performing the duties of this job, the employee may be regularly required to sit, stand, bend, reach and move about the facility. 
•    The environmental characteristic for this position is a warehouse setting. Candidates should be able to adapt to a traditional warehouse environment. 
•    Must be able to lift and carry up to 50 pounds, climb ladders and comply with OSHA standards 
•    The standard hours are Monday - Friday, 2:30 to 11:00 pm, but may be required to work additional hours as-needed.

AAR provides accommodation in accordance with applicable laws through all stages of the hiring process. If you require accommodation for any part of the application and/or hiring process, please advise Human Resources. 

Please note: This is a proactive job posting to identify potential candidates because we are getting ready to add a 2nd shift to this warehouse. There are no current vacancies, but we expect openings in the very near future.

#LI-VR1 LI-Onsite

Job: Warehouse
Primary Location: United States-Florida-Jacksonville
Schedule: Full-time
Overtime Status: Non-exempt

We are an equal opportunity employer. All qualified applicants will receive consideration for employment without regard to race, color, religion, sex, sexual orientation, gender identity, national origin, disability or veteran status."
AAR Corp,Warehouse Supervisor (2nd Shift),319142,"United States, Florida, Jacksonville",United States of America,,onsite,Mid,us_person,unknown,unknown,taleo,N/A,2026-06-16T21:36:25Z,https://aarcorp.taleo.net/careersection/2/jobdetail.ftl?job=319142,"Job Description - Warehouse Supervisor (2nd Shift) (18029)
About Us: AAR Corp. (NYSE: AIR) is a global aerospace and defense aftermarket solutions company that employs more than 6,000 people across over 60 sites in over 20 countries. Headquartered in the Chicago, Illinois area, AAR supports commercial and government customers in more than 100 countries through four operating segments: Parts Supply, Integrated Solutions, Repair and Engineering and Expeditionary Services. AAR’s purpose is to empower people to build innovative aerospace solutions today so you can safely reach your destination tomorrow. The company’s mission is to go above and beyond to provide value-driven aerospace aftermarket solutions to meet the evolving needs of our customers worldwide. AAR constantly searches for the right thing to do for its customers, employees, partners and for society.
 
Warehouse Supervisor (2nd Shift) - 18029

Description
 

The Warehouse Supervisor, under the direction of the Site Manager, will work with the Warehouse personnel in conjunction with the Program / Operations Manager, to monitor, direct, and ensure that all incoming shipments are received properly, and all outgoing shipments are sent in a timely and proper fashion.

What you will be responsible for: 

Design and implement work methods and procedures to increase productivity and improve service in the warehouse.
Ensure cross training of duties is conducted to the lowest level.
Ensure support equipment is maintained and serviceable.
Work with Management to ensure program metrics are met.
Motivate warehouse and shipping personnel to ensure that predetermined productivity, cost and quality standards are achieved or exceeded.
Ensure safety and housekeeping
All other duties as assigned.

Qualifications
 

What you will need to be successful in this role:

Associates degree (A.A.) or equivalent from two-year college or technical school; or four years related experience and/or training; or equivalent combination of education and experience.
Minimum three (3) years’ of aviation logistics experience.
Lead/supervisory experience preferred.
This position requires compliance with International Traffic in Arms Regulations (ITAR). Candidates must be a U.S. Person as defined by ITAR (U.S. citizen, U.S. national, lawful permanent resident, or individual admitted as a refugee or granted asylum).

The rewards of your career at AAR go far beyond just your salary:

Competitive salary and bonus package
Comprehensive benefits package including medical, dental, and vision coverage.
401(k) retirement plan with company match
Generous paid time off program
Professional development and career advancement opportunities

Physical Demands/Work Environment:

The physical demands and work environment characteristics described here are representative of those that must be met by an employee to successfully perform the essential functions of this job. Reasonable accommodations may be made to enable individuals with disabilities to perform the essential functions.
While performing the duties of this job, the employee may be regularly required to sit, stand, bend, reach and move about the facility. The environmental characteristic for this position is a warehouse setting. Candidates should be able to adapt to a traditional warehouse environment.
Must be able to lift and carry up to 40 pounds and comply with OSHA standards.
The standard hours are Monday - Friday, 2:30 to 11:00 pm, but may be required to work additional hours as-needed.

Please note: This is a proactive job posting to identify potential candidates because we are getting ready to add a 2nd shift to this warehouse. There are no current vacancies, but we expect openings in the very near future.

#LI-VR1 #LI-Onsite

Job: Warehouse
Primary Location: United States-Florida-Jacksonville
Schedule: Full-time
Overtime Status: Exempt

We are an equal opportunity employer. All qualified applicants will receive consideration for employment without regard to race, color, religion, sex, sexual orientation, gender identity, national origin, disability or veteran status."
AAR Corp,Senior Warehouse Clerk (2nd Shift),319121,"United States, Florida, Jacksonville",United States of America,,onsite,Senior,us_person,unknown,unknown,taleo,N/A,2026-06-16T21:36:25Z,https://aarcorp.taleo.net/careersection/2/jobdetail.ftl?job=319121,"Job Description - Senior Warehouse Clerk (2nd Shift) (18027)
About Us: AAR Corp. (NYSE: AIR) is a global aerospace and defense aftermarket solutions company that employs more than 6,000 people across over 60 sites in over 20 countries. Headquartered in the Chicago, Illinois area, AAR supports commercial and government customers in more than 100 countries through four operating segments: Parts Supply, Integrated Solutions, Repair and Engineering and Expeditionary Services. AAR’s purpose is to empower people to build innovative aerospace solutions today so you can safely reach your destination tomorrow. The company’s mission is to go above and beyond to provide value-driven aerospace aftermarket solutions to meet the evolving needs of our customers worldwide. AAR constantly searches for the right thing to do for its customers, employees, partners and for society.
 
Senior Warehouse Clerk (2nd Shift) - 18027

Description
 

Ensure that all inventory is properly categorized and accounted for. Receive, stock, issue, ship inventory and process transactions in the system of record.

What you will be responsible for:  

Inspect incoming material against receiving paperwork.
Process incoming receipts for stock and/or direct turn-over to the customer.
Stock inventory onto shelf locations accurately.
Pick inventory for movement to customer/vendors.
Perform inventory cycle counts. 
Package material according to standards and process shipments of material to repair vendors.
All other duties as assigned.

Qualifications
 

What you will need to be successful in this role:  

High school diploma or general education degree GED required.
Must have at least 3 years of related experience and/or training.
Computer data entry experience.
Experience in supply management and logistical support functions
Must have an understanding of Supply Chain processes and inventory practices.
This position requires compliance with International Traffic in Arms Regulations (ITAR). Candidates must be a U.S. Person as defined by ITAR (U.S. citizen, U.S. national, lawful permanent resident, or individual admitted as a refugee or granted asylum).

The rewards of your career at AAR go far beyond just your salary:  

Competitive pay
Comprehensive benefits package including medical, dental, and vision coverage.
401(k) retirement plan with company match
Generous paid time off program
Professional development and career advancement opportunities

Physical Demands/Work Environment:
The physical demands and work environment characteristics described here are representative of those that must be met by an employee to successfully perform the essential functions of this job.

While performing the duties of this job, the employee may be regularly required to sit, stand, bend, reach and move about the facility. 2nd and 3rd shift operations.
The environmental characteristic for this position is a warehouse setting. Candidates should be able to adapt to a traditional warehouse environment. 
Must be able to lift and carry up to 50 pounds and comply with OSHA standards
The standard hours are Monday - Friday, 2:30 to 11:00 pm, but may be required to work additional hours as-needed.

AAR provides accommodation in accordance with applicable laws through all stages of the hiring process. If you require accommodation for any part of the application and/or hiring process, please advise Human Resources.

Please note: This is a proactive job posting to identify potential candidates because we are getting ready to add a 2nd shift to this warehouse. There are no current vacancies, but we expect openings in the very near future.

#LI-VR1 #LI-Onsite

Job: Warehouse
Primary Location: United States-Florida-Jacksonville
Schedule: Full-time
Overtime Status: Non-exempt

We are an equal opportunity employer. All qualified applicants will receive consideration for employment without regard to race, color, religion, sex, sexual orientation, gender identity, national origin, disability or veteran status."
AAR Corp,Quality Assurance Specialist (2nd Shift),319101,"United States, Florida, Jacksonville",United States of America,,onsite,Mid,us_person,unknown,unknown,taleo,N/A,2026-06-16T21:36:25Z,https://aarcorp.taleo.net/careersection/2/jobdetail.ftl?job=319101,"Job Description - Quality Assurance Specialist (2nd Shift) (18025)
About Us: AAR Corp. (NYSE: AIR) is a global aerospace and defense aftermarket solutions company that employs more than 6,000 people across over 60 sites in over 20 countries. Headquartered in the Chicago, Illinois area, AAR supports commercial and government customers in more than 100 countries through four operating segments: Parts Supply, Integrated Solutions, Repair and Engineering and Expeditionary Services. AAR’s purpose is to empower people to build innovative aerospace solutions today so you can safely reach your destination tomorrow. The company’s mission is to go above and beyond to provide value-driven aerospace aftermarket solutions to meet the evolving needs of our customers worldwide. AAR constantly searches for the right thing to do for its customers, employees, partners and for society.
 
Quality Assurance Specialist (2nd Shift) - 18025

Description
 

Performs visual and electronic, electrical and mechanical inspection and testing of parts and products. Works to achieve minimum defect levels while improving overall quality and customer satisfaction levels.

What you will be responsible for: 

Observes and monitors production operations for functioning, operation, and accuracy to verify adherence to functional specifications.
Ensures compliance with ISO and assigned governmental and divisional quality policies, programs, plans, and procedures and applies them consistently and accurately.
Audits work policies, practices, processes, records and documentation for compliance and makes corrections as required. Ensures compliance with governmental regulations.
Executes changes in methods, sampling techniques and control procedures and processes to ensure maximum quality for cost.
Coordinates with other departments, including operations, engineering, HR, accounting and sales to implement approved programs.
Prepares accurate and timely preparation of error and/or salvage reports. Makes recommendations to minimize such errors.
Continually works to achieve short-term and long-term quality objectives, goals and measurements.
Performs such individual assignments as supervisors and superiors may direct; establishes and maintains effective work relationships within the department, the corporation, and the community. 
Maintains the professional competence, knowledge and skills necessary for the satisfactory performance of all assigned responsibilities.
All other duties as assigned.

Qualifications
 

What you will need to be successful in this role: 

High School Diploma or GED
At least 3 years of related experience.
Aerospace industry experience is strongly preferred
ISO9001 experience is preferred
Ability to perform internal audits
This position requires compliance with International Traffic in Arms Regulations (ITAR). Candidates must be a U.S. Person as defined by ITAR (U.S. citizen, U.S. national, lawful permanent resident, or individual admitted as a refugee or granted asylum).

The rewards of your career at AAR go far beyond just your salary: 

Competitive salary 
Comprehensive benefits package including medical, dental, and vision coverage.
401(k) retirement plan with company match
Generous paid time off program
Professional development and career advancement opportunities

Physical Demands/Work Environment:

The physical demands and work environment characteristics described here are representative of those that must be met by an employee to successfully perform the essential functions of this job. Reasonable accommodations may be made to enable individuals with disabilities to perform the essential functions.
While performing the duties of this job, the employee may be regularly required to sit, stand, bend, reach and move about the facility. 
The environmental characteristic for this position is an office setting. Candidates should be able to adapt to a traditional business environment.
Must be able to lift and carry up to 30 pounds and comply with OSHA standards
This position is an on-site role, and is not eligible to work hybrid or remote.
The standard hours are Monday - Friday, 2:30 to 11:00 pm, but may be required to work additional hours as-needed.

Please note: This is a proactive job posting to identify potential candidates because we expect to add a 2nd shift to this warehouse soon. There are no current vacancies, but we expect openings in the very near future. 

#LI-VR1 #LI-Onsite

Job: Operations
Primary Location: United States-Florida-Jacksonville
Schedule: Full-time
Overtime Status: Exempt

We are an equal opportunity employer. All qualified applicants will receive consideration for employment without regard to race, color, religion, sex, sexual orientation, gender identity, national origin, disability or veteran status."
AAR Corp,Warehouse Clerk (2nd Shift),319102,"United States, Florida, Jacksonville",United States of America,,onsite,Mid,us_person,unknown,unknown,taleo,N/A,2026-06-16T21:36:25Z,https://aarcorp.taleo.net/careersection/2/jobdetail.ftl?job=319102,"Job Description - Warehouse Clerk (2nd Shift) (18026)
About Us: AAR Corp. (NYSE: AIR) is a global aerospace and defense aftermarket solutions company that employs more than 6,000 people across over 60 sites in over 20 countries. Headquartered in the Chicago, Illinois area, AAR supports commercial and government customers in more than 100 countries through four operating segments: Parts Supply, Integrated Solutions, Repair and Engineering and Expeditionary Services. AAR’s purpose is to empower people to build innovative aerospace solutions today so you can safely reach your destination tomorrow. The company’s mission is to go above and beyond to provide value-driven aerospace aftermarket solutions to meet the evolving needs of our customers worldwide. AAR constantly searches for the right thing to do for its customers, employees, partners and for society.
 
Warehouse Clerk (2nd Shift) - 18026

Description
 

Ensure that all inventory is properly categorized and accounted for. Receive inventory as needed and ensure that the entire shipment is unloaded.

What you will be responsible for: 

Unload incoming inventory from trucks.
Stock inventory onto shelf locations.
Pick inventory for shipment to customers or repair vendors.
Perform inventory cycle counts.
Research missing parts and report any discrepancies.
Operate forklift equipment.
All other duties as assigned.

Qualifications
 

What you will need to be successful in this role: 

High school diploma or General Education Degree (GED) required.
1 year of related experience and/or training is preferred.
This position requires compliance with International Traffic in Arms Regulations (ITAR). Candidates must be a U.S. Person as defined by ITAR (U.S. citizen, U.S. national, lawful permanent resident, or individual admitted as a refugee or granted asylum).

Physical Demands/Work Environment:

The physical demands and work environment characteristics described here are representative of those that must be met by an employee to successfully perform the essential functions of this job. Reasonable accommodations may be made to enable individuals with disabilities to perform the essential functions.

While performing the duties of this job, the employee may be regularly required to sit, stand, bend, reach and move about the facility.
The environmental characteristic for this position is a warehouse setting. Candidates should be able to adapt to a traditional warehouse environment.
Must be able to lift and carry up to  35 pounds and comply with OSHA standards.
The standard hours are Monday - Friday, 2:30 to 11:00 pm, but may be required to work additional hours as-needed.

The rewards of your career at AAR go far beyond just your salary: 

Comprehensive benefits package including medical, dental, and vision coverage.
401(k) retirement plan with company match
Generous paid time off program

Please note: This is a proactive job posting to identify potential candidates because we are getting ready to add a 2nd shift to this warehouse. There are no current vacancies, but we expect openings in the very near future.

#LI-LM1

Job: Warehouse
Primary Location: United States-Florida-Jacksonville
Schedule: Full-time
Overtime Status: Non-exempt

We are an equal opportunity employer. All qualified applicants will receive consideration for employment without regard to race, color, religion, sex, sexual orientation, gender identity, national origin, disability or veteran status."
AAR Corp,Warehouse Clerk,318602,"United States, Florida, Jacksonville",United States of America,,onsite,Mid,us_person,unknown,unknown,taleo,N/A,2026-06-16T21:36:25Z,https://aarcorp.taleo.net/careersection/2/jobdetail.ftl?job=318602,"Job Description - Warehouse Clerk (17985)
About Us: AAR Corp. (NYSE: AIR) is a global aerospace and defense aftermarket solutions company that employs more than 6,000 people across over 60 sites in over 20 countries. Headquartered in the Chicago, Illinois area, AAR supports commercial and government customers in more than 100 countries through four operating segments: Parts Supply, Integrated Solutions, Repair and Engineering and Expeditionary Services. AAR’s purpose is to empower people to build innovative aerospace solutions today so you can safely reach your destination tomorrow. The company’s mission is to go above and beyond to provide value-driven aerospace aftermarket solutions to meet the evolving needs of our customers worldwide. AAR constantly searches for the right thing to do for its customers, employees, partners and for society.
 
Warehouse Clerk - 17985

Description
 

Ensure that all inventory is properly categorized and accounted for. Receive inventory as needed and ensure that the entire shipment is unloaded.

What you will be responsible for: 

Unload incoming inventory from trucks.
Stock inventory onto shelf locations.
Pick inventory for shipment to customers or repair vendors.
Perform inventory cycle counts.
Research missing parts and report any discrepancies.
Operate forklift equipment.
All other duties as assigned.

Qualifications
 

What you will need to be successful in this role: 

High school diploma or General Education Degree (GED) required.
1 year of related experience and/or training is preferred.
This position requires compliance with International Traffic in Arms Regulations (ITAR). Candidates must be a U.S. Person as defined by ITAR (U.S. citizen, U.S. national, lawful permanent resident, or individual admitted as a refugee or granted asylum).

Physical Demands/Work Environment:

The physical demands and work environment characteristics described here are representative of those that must be met by an employee to successfully perform the essential functions of this job. Reasonable accommodations may be made to enable individuals with disabilities to perform the essential functions.

While performing the duties of this job, the employee may be regularly required to sit, stand, bend, reach and move about the facility.
The environmental characteristic for this position is a warehouse setting. Candidates should be able to adapt to a traditional warehouse environment.
Must be able to lift and carry up to  35 pounds and comply with OSHA standards.

The rewards of your career at AAR go far beyond just your salary: 

Comprehensive benefits package including medical, dental, and vision coverage.
401(k) retirement plan with company match
Generous paid time off program

#LI-DNI

Job: Warehouse
Primary Location: United States-Florida-Jacksonville
Schedule: Full-time
Overtime Status: Non-exempt

We are an equal opportunity employer. All qualified applicants will receive consideration for employment without regard to race, color, religion, sex, sexual orientation, gender identity, national origin, disability or veteran status."
AAR Corp,Warehouse Clerk (1st Shift),318041,"United States, Oklahoma, Oklahoma City",United States of America,,onsite,Mid,unknown,unknown,unknown,taleo,N/A,2026-06-16T21:36:25Z,https://aarcorp.taleo.net/careersection/2/jobdetail.ftl?job=318041,"Job Description - Warehouse Clerk (1st Shift) (17934)
About Us: AAR Corp. (NYSE: AIR) is a global aerospace and defense aftermarket solutions company that employs more than 6,000 people across over 60 sites in over 20 countries. Headquartered in the Chicago, Illinois area, AAR supports commercial and government customers in more than 100 countries through four operating segments: Parts Supply, Integrated Solutions, Repair and Engineering and Expeditionary Services. AAR’s purpose is to empower people to build innovative aerospace solutions today so you can safely reach your destination tomorrow. The company’s mission is to go above and beyond to provide value-driven aerospace aftermarket solutions to meet the evolving needs of our customers worldwide. AAR constantly searches for the right thing to do for its customers, employees, partners and for society.
 
Warehouse Clerk (1st Shift) - 17934

Description
 

The Warehouse Clerk ensures that all inventory is properly categorized and accounted for. This position receives inventory as needed and ensure that the entire shipment is unloaded.

 

What you will be responsible for:

Unload incoming inventory from trucks.
Stock inventory onto shelf locations.
Pick inventory for shipment to customers or repair vendors.
Perform inventory cycle counts.
Research missing parts and report any discrepancies.
Operate forklift equipment.
All other duties as assigned.

Qualifications
 

What you will need to be successful in this role: 

High school diploma or general education degree, GED, required.
1 year related experience and or training is preferred. 

 

The rewards of your career at AAR go far beyond just your salary: 

Competitive salary and bonus package 

Comprehensive benefits package including medical, dental, and vision coverage 

401(k) retirement plan with company match 

Generous paid time off program 

Professional development and career advancement opportunities

 

PHYSICAL DEMANDS and WORK ENVIRONMENT

The physical demands and work environment characteristics described here are representative of those that must be met by an employee to successfully perform the essential functions of this job.

Reasonable accommodations may be made to enable individuals with disabilities to perform the essential functions.
While performing the duties of this job, the employee may be regularly required to sit, stand, bend, reach and move about the facility.
The environmental characteristic for this position is an office setting.
Candidates should be able to adapt to a traditional business environment.

AAR provides accommodation in accordance with applicable laws through all stages of the hiring process. If you require accommodation for any part of the application and/or hiring process, please advise Human Resources.

 

#LI-PI1 #LI-ONSITE

Job: Defense
Primary Location: United States-Oklahoma-Oklahoma City-Oklahoma City - Boeing
Schedule: Full-time
Overtime Status: Non-exempt

AAR is an equal opportunity employer. All qualified applicants will receive consideration for employment without regard to race, color, religion, sex, sexual orientation, gender identity, national origin, disability or veteran status."
AAR Corp,"Lead, A&P",317521,"United States, Illinois, Rockford",United States of America,,onsite,Lead,unknown,unknown,unknown,taleo,N/A,2026-06-16T21:36:25Z,https://aarcorp.taleo.net/careersection/2/jobdetail.ftl?job=317521,"Job Description - Lead, A&P (17891)
About Us: AAR Corp. (NYSE: AIR) is a global aerospace and defense aftermarket solutions company that employs more than 6,000 people across over 60 sites in over 20 countries. Headquartered in the Chicago, Illinois area, AAR supports commercial and government customers in more than 100 countries through four operating segments: Parts Supply, Integrated Solutions, Repair and Engineering and Expeditionary Services. AAR’s purpose is to empower people to build innovative aerospace solutions today so you can safely reach your destination tomorrow. The company’s mission is to go above and beyond to provide value-driven aerospace aftermarket solutions to meet the evolving needs of our customers worldwide. AAR constantly searches for the right thing to do for its customers, employees, partners and for society.
 
Lead, A&P - 17891

Description
 

Lead Technician, A&P. The Lead Technician, A&P is responsible for monitoring and accurately completing all aircraft paperwork to ensure safety and timely delivery.

What you will be responsible for:

Establish work priorities and supervise the work of up to 15 mechanics.

Ensure work performed adheres to high quality standards.

Ensure direct reports comply with policies and procedures in accordance with our EHS policies, AAR Rockford Repair Station Manual and SMS Program.

Perform heavy maintenance tasks without supervision.

Perform any type of aircraft rigging.

All other duties as assigned.

Qualifications
 

What you will need to be successful in this role:

High school diploma or General Education Degree (GED), required.

Must have a minimum of 5 years’ related experience and/or training (heavy equipment maintenance).

FAA Airframe license, required.

FAA Powerplant license, preferred.

Computer keypunch experience.

The rewards of your career at AAR go far beyond just your salary:

Competitive salary

Comprehensive benefits package including medical, dental, and vision coverage.

401(k) retirement plan with company match

Generous paid time off program

Professional development and career advancement opportunities

Physical Demands/Work Environment:

The physical demands and work environment characteristics described here are representative of those that must be met by an employee to successfully perform the essential functions of this job.

Reasonable accommodations may be made to enable individuals with disabilities to perform the essential functions.

While performing the duties of this job, the employee may be regularly required to sit, stand, bend, reach and move about the facility.

The environmental characteristic for this position is a warehouse setting.

Candidates should be able to adapt to a traditional warehouse environment.

AAR provides accommodation in accordance with applicable laws through all stages of the hiring process. If you require accommodation for any part of the application and/or hiring process, please advise Human Resources.

Compensation:

The anticipated salary range for this position is $27.15 to $33.68 hourly. This range reflects the base pay for candidates who meet the requirements of the role, including experience, education, and location. AAR offers a competitive benefits package, including medical/dental/vision/life/and AD&D insurance, 401(k) savings plan with employer match, paid time off and holiday pay, as well as opportunities for professional development and growth.

#LI-SA2

Job: Operations
Primary Location: United States-Illinois-Rockford
Schedule: Full-time
Overtime Status: Non-exempt

We are an equal opportunity employer. All qualified applicants will receive consideration for employment without regard to race, color, religion, sex, sexual orientation, gender identity, national origin, disability or veteran status."
AAR Corp,"Supervisor, Sheetmetal",317441,"United States, Illinois, Rockford",United States of America,,onsite,Mid,unknown,unknown,unknown,taleo,N/A,2026-06-16T21:36:25Z,https://aarcorp.taleo.net/careersection/2/jobdetail.ftl?job=317441,"Job Description - Supervisor, Sheetmetal (17884)
About Us: AAR Corp. (NYSE: AIR) is a global aerospace and defense aftermarket solutions company that employs more than 6,000 people across over 60 sites in over 20 countries. Headquartered in the Chicago, Illinois area, AAR supports commercial and government customers in more than 100 countries through four operating segments: Parts Supply, Integrated Solutions, Repair and Engineering and Expeditionary Services. AAR’s purpose is to empower people to build innovative aerospace solutions today so you can safely reach your destination tomorrow. The company’s mission is to go above and beyond to provide value-driven aerospace aftermarket solutions to meet the evolving needs of our customers worldwide. AAR constantly searches for the right thing to do for its customers, employees, partners and for society.
 
Supervisor, Sheetmetal - 17884

Description
 

Sheetmetal Supervisor. The Sheetmetal Supervisor is responsible for providing technical assistance and will coordinate efforts with production teams to achieve the planned work and production goals.

What you will be responsible for:

Coordinate Operations activities between shifts.

Perform hangar audits.

Provide technical support as required.

Communicate to Management any problems and suggested solutions.

Ensure overall customer satisfaction.

Carries out supervisory responsibilities in accordance with the organization’s policies and applicable laws.

Responsibilities include interviewing, hiring, and training employees; planning, assigning, and directing work; appraising performance; rewarding and disciplining employees; addressing complaints and resolving problems.

All other duties as assigned.

Qualifications
 

What you will need to be successful in this role:

Bachelor of Arts degree (B.A.) or Bachelor of Science (B.S.) from four-year college or university; or eight years related experience and/or training; or equivalent combination of education and experience.

Strong leadership, interpersonal and communication skills required.

Must possess a current and active FAA A&P License.

 

The rewards of your career at AAR go far beyond just your salary:

Competitive salary and quarterly bonus package.

Comprehensive benefits package including medical, dental, and vision coverage.

401(k) retirement plan with company match.

Generous paid time off program

Professional development and career advancement opportunities

Physical Demands/Work Environment:

The physical demands and work environment characteristics described here are representative of those that must be met by an employee to successfully perform the essential functions of this job.

Reasonable accommodations may be made to enable individuals with disabilities to perform the essential functions.

While performing the duties of this job, the employee may be regularly required to sit, stand, bend, reach and move about the facility.

The environmental characteristic for this position is a warehouse setting.

Candidates should be able to adapt to a traditional warehouse environment.

AAR provides accommodation in accordance with applicable laws through all stages of the hiring process. If you require accommodation for any part of the application and/or hiring process, please advise Human Resources.

Compensation:

The anticipated salary range for this position is $32.17 to $39.72 hourly. This range reflects the base pay for candidates who meet the requirements of the role, including experience, education, and location. AAR offers a competitive benefits package, including medical/dental/vision/life/and AD&D insurance, 401(k) savings plan with employer match, paid time off and holiday pay, as well as opportunities for professional development and growth.

#LI-SA2

Job: Operations
Primary Location: United States-Illinois-Rockford
Schedule: Full-time
Overtime Status: Exempt

We are an equal opportunity employer. All qualified applicants will receive consideration for employment without regard to race, color, religion, sex, sexual orientation, gender identity, national origin, disability or veteran status."
AAR Corp,Repairs Representative- Trading,316741,"United States, Illinois, Wood Dale",United States of America,,onsite,Mid,unknown,unknown,yes,taleo,N/A,2026-06-16T21:36:25Z,https://aarcorp.taleo.net/careersection/2/jobdetail.ftl?job=316741,"Job Description - Repairs Representative- Trading (17829)
About Us: AAR Corp. (NYSE: AIR) is a global aerospace and defense aftermarket solutions company that employs more than 6,000 people across over 60 sites in over 20 countries. Headquartered in the Chicago, Illinois area, AAR supports commercial and government customers in more than 100 countries through four operating segments: Parts Supply, Integrated Solutions, Repair and Engineering and Expeditionary Services. AAR’s purpose is to empower people to build innovative aerospace solutions today so you can safely reach your destination tomorrow. The company’s mission is to go above and beyond to provide value-driven aerospace aftermarket solutions to meet the evolving needs of our customers worldwide. AAR constantly searches for the right thing to do for its customers, employees, partners and for society.
 
Repairs Representative- Trading  - 17829

Description
 

As a Repairs Representative at AAR, you’ll play an important role in supporting the repair process that keeps the aviation industry moving. In this position, you’ll gain hands-on experience managing repair orders, working with vendors, and helping ensure repairs are completed on time and efficiently. You’ll learn how to review vendor quotes, support inventory and supply chain programs, and help make smart business decisions that improve efficiency and reduce costs. You’ll also collaborate with internal teams and customers, keeping them informed of important updates such as pricing and delivery timelines. This is a great opportunity to build real-world business, operations, and supply chain experience while developing valuable skills and growing your career at AAR.

This position is based at our Corporate Headquarters in Wood Dale, IL, with a planned relocation to the Merchandise Mart (Chicago) in early 2027. 

What you will be responsible for:

Coordinate and track repair orders from start to finish, helping ensure everything stays on schedule
Review vendor quotes and learn how to make cost-effective business decisions
Communicate with vendors and internal teams to resolve questions and keep projects moving forward
Keep customers and internal partners informed of important updates, such as pricing or delivery changes
Help connect sales orders to repair activity and support overall program success
Serve as a key point of contact for program updates, performance, and reporting
Support the launch of new programs and gain exposure to how large-scale operations are implemented
Identify ways to improve efficiency with the use of performance metrics
Assist with vendor onboarding and learn how supplier partnerships are managed
Help improve internal processes and contribute ideas that make operations more effective
Support shipping and logistics coordination, including drop shipments
Document processes and help ensure teams have the information they need to succeed
Collaboration within the organization for process improvement and resolution of issues 

Qualifications
 

What you need to be successful in this role: 

Bachelor’s degree or equivalent work or internship experience
Basic proficiency in Microsoft Office tools such as Excel, Word, and PowerPoint
Strong attention to detail, organization, and communication skills
A positive attitude and willingness to learn and grow

Bonus if you have:

Internship, coursework, or exposure to supply chain, logistics, or business operations
Any aviation or aerospace exposure 
A desire to learn about the aviation industry. Experience is not necessary as we’ll provide training and support to help you succeed.

The rewards of your career at AAR go far beyond just your salary: 

Competitive salary and bonus package
Comprehensive benefits package including medical, dental, and vision coverage.
401(k) retirement plan with company match
Generous paid time off program
Professional development and career advancement opportunities

Physical Demands/Work Environment:
The physical demands and work environment characteristics described here are representative of those that must be met by an employee to successfully perform the essential functions of this job.
•    Reasonable accommodation may be made to enable individuals with disabilities to perform the essential functions.
•    While performing the duties of this job, the employee may be regularly required to sit, stand, bend, reach and move about the facility.
•    The environmental characteristic for this position is an office setting.
•    Candidates should be able to adapt to a traditional business environment.
AAR provides accommodation in accordance with applicable laws through all stages of the hiring process. If you require accommodation for any part of the application and/or hiring process, please advise Human Resources.

Compensation:
The anticipated salary range for this position is $63,000 to $65,000 annually. This range reflects the base salary for candidates who meet the requirements of the role, including experience, education, and location. [In addition to base pay, this role is eligible for a bonus.] AAR offers a competitive benefits package, including medical/dental/vision/life/and AD&D insurance, 401(k) savings plan with employer match, paid time off and holiday pay, as well as opportunities for professional development and growth.
 

#LI-MA1 #LI-ONSITE
 

Job: Product Line
Primary Location: United States-Illinois-Wood Dale
Schedule: Full-time
Overtime Status: Exempt

We are an equal opportunity employer. All qualified applicants will receive consideration for employment without regard to race, color, religion, sex, sexual orientation, gender identity, national origin, disability or veteran status."
AAR Corp,"Lead, Avionics",316321,"United States, Illinois, Rockford",United States of America,,onsite,Lead,unknown,unknown,unknown,taleo,N/A,2026-06-16T21:36:25Z,https://aarcorp.taleo.net/careersection/2/jobdetail.ftl?job=316321,"Job Description - Lead, Avionics (17798)
About Us: AAR Corp. (NYSE: AIR) is a global aerospace and defense aftermarket solutions company that employs more than 6,000 people across over 60 sites in over 20 countries. Headquartered in the Chicago, Illinois area, AAR supports commercial and government customers in more than 100 countries through four operating segments: Parts Supply, Integrated Solutions, Repair and Engineering and Expeditionary Services. AAR’s purpose is to empower people to build innovative aerospace solutions today so you can safely reach your destination tomorrow. The company’s mission is to go above and beyond to provide value-driven aerospace aftermarket solutions to meet the evolving needs of our customers worldwide. AAR constantly searches for the right thing to do for its customers, employees, partners and for society.
 
Lead, Avionics - 17798

Description
 

The Avionics R&E Lead Technician is responsible to his or her respective department supervisor for all functions assigned to provide airworthiness of the aircraft upon completion of maintenance at the facility.
What you will be responsible for: 

Provide Technical Support and Oversight: Be available for consultation on work-related matters, provide guidance and technical advice to assigned technicians, and assist supervisors in reviewing personnel qualifications and maximizing manpower.
Aircraft and Job Proficiency: Be accomplished on assigned aircraft and perform on-the-job training to support team development and proficiency.
Paperwork and Compliance: Ensure all paperwork is completed accurately, signed, and in compliance with regulations and procedures.
Policy and Procedure Enforcement: Ensure direct reports follow company policies and procedures, including EHS policy, AAR Rockford Repair Station Manual, and the SMS Program.
Equipment and Aircraft Protection: Ensure proper use of equipment and safeguards to protect customer aircraft and equipment.
Performance Monitoring: Monitor and report personnel performance, productivity, quality, and safety to supervisors, ensuring proper work execution. 
Coordination and Additional Duties: Coordinate with relevant departments to manage customer work packages and special considerations and perform all other duties as assigned.

Qualifications
 

What you will need to be successful in this role: 

Associate of Arts degree (AA) or equivalent from a 2-year college or technical school or 5-years related experience and/or training or equivalent combination of education and experience.
Must possess a current and active FAA A&P License or hold a Repairman Certificate, an FCC certificate, or a Radio Repairman Operator certificate as applicable to the work they are overseeing.

The rewards of your career at AAR go far beyond just your salary: 

Competitive salary 
Comprehensive benefits package including medical, dental, and vision coverage.
401(k) retirement plan with company match
Generous paid time off program
Professional development and career advancement opportunities

Physical Demands/Work Environment:
The physical demands and work environment characteristics described here are representative of those that must be met by an employee to successfully perform the essential functions of this job.

Reasonable accommodations may be made to enable individuals with disabilities to perform the essential functions.
While performing the duties of this job, the employee may be regularly required to sit, stand, bend, reach and move about the facility.
The environmental characteristic for this position is a warehouse setting.

Candidates should be able to adapt to a traditional warehouse environment.


AAR provides accommodation in accordance with applicable laws through all stages of the hiring process. If you require accommodation for any part of the application and/or hiring process, please advise Human Resources.

Compensation: 
The anticipated salary range for this position is $27.15 to $33.68 hourly. This range reflects the base pay for candidates who meet the requirements of the role, including experience, education, and location. AAR offers a competitive benefits package, including medical/dental/vision/life/and AD&D insurance, 401(k) savings plan with employer match, paid time off and holiday pay, as well as opportunities for professional development and growth.

#LI-SA2

Job: Operations
Primary Location: United States-Illinois-Rockford
Schedule: Full-time
Overtime Status: Non-exempt

We are an equal opportunity employer. All qualified applicants will receive consideration for employment without regard to race, color, religion, sex, sexual orientation, gender identity, national origin, disability or veteran status."
AAR Corp,Facility Security Officer,312661,"United States, Illinois, Wood Dale",United States of America,,onsite,Mid,unknown,Top Secret,unknown,taleo,N/A,2026-06-16T21:36:25Z,https://aarcorp.taleo.net/careersection/2/jobdetail.ftl?job=312661,"Job Description - Facility Security Officer (17511)
About Us: AAR Corp. (NYSE: AIR) is a global aerospace and defense aftermarket solutions company that employs more than 6,000 people across over 60 sites in over 20 countries. Headquartered in the Chicago, Illinois area, AAR supports commercial and government customers in more than 100 countries through four operating segments: Parts Supply, Integrated Solutions, Repair and Engineering and Expeditionary Services. AAR’s purpose is to empower people to build innovative aerospace solutions today so you can safely reach your destination tomorrow. The company’s mission is to go above and beyond to provide value-driven aerospace aftermarket solutions to meet the evolving needs of our customers worldwide. AAR constantly searches for the right thing to do for its customers, employees, partners and for society.
 
Facility Security Officer - 17511

Description
 

SUMMARY

The Facility Security Officer (FSO) will provide onsite support for all security actions in accordance with NISPOM and other Federal government security regulations. The FSO will serve as the liaison with US government counterparts, conduct security briefings and debriefings, monitor classified controlled areas, and perform periodic self-inspections.

ESSENTIAL DUTIES AND RESPONSIBILITIES

Perform all security operations including personnel clearance processing , tracking, education, reporting, debriefs and any other duties administratively.
Process necessary badges, visit requests and certifications for government facilities.
Daily use of personnel clearance data systems – DISS/NBIS and E-qip and other security software in the performance of assigned duties.  
Prepare, issue and maintain DD254s. 
Maintain classified materials receipt, logging, control, and dissemination. 
Maintain accountability of classified government-furnished information and equipment.
Participate in and perform inspections and audits. 
Maintain certification and accreditation of the facilities eligibility as well as personnel.
Create and update security plans, procedures, and instructions.
Develop and administer a comprehensive security education training program.
Maintain and coordinate excellent working relationships with government agencies.
Assure compliance with all government and company security regulations.
This position requires U.S. Security Clearance.
Perform other duties as assigned.
Oversee all duties assigned to the Security Clerk front desk for all locations.

CORE COMPETENCIES

Focus on Results - Able to plan and organize work to achieve goals; achieves targeted results with minimal supervision; is accountable for own actions

Communications - Possess excellent verbal & written communications skills; Provides timely, well organized verbal & written information that is audience appropriate; listens attentively to others and retains/processes information.

Teamwork - Builds alliances, partnerships & collaboration with others including those different from him/her; deals tactfully with others; assumes helps with a variety of team roles.

Strategic Planning & Decision-Making - Develops strategic short & long term plans; arranges priorities, distinguishing urgent, important and unimportant in order to meet goals & deadlines; consults & collaborates with appropriate people.


Qualifications
 

To perform this job successfully, an individual must be able to perform each essential duty satisfactorily. The requirements listed below are representative of the knowledge, skill, and/or ability required.

Must possess and maintain an active Top Secret security clearance.
Must have experience implementing NISPOM requirements

EDUCATION AND/OR EXPERIENCE

REQUIRED: 

This position requires a BA or BS degree and at least 5 years of experience with industrial security, NISPOM, COMSEC programs, clearance processing, document control, and physical security; or equivalent combination of education and experience.
Successful completion of the following CDSE courses: Essentials of Industrial Security Management, Protecting Secret and Classified Documents, FSO Program Management, NSA COMSEC Custodian Academy, FSO Program Management for Possessing Facilities.


SKILLS & EXPERIENCE:

Minimum of five years of experience in the U.S. Government, DoD, Intelligence, or contractor community in security management.
Minimum of five years of experience in Industrial Security with associated training and credentials.  
Experience as a Facility Security Officer (FSO) preferred.  
Familiarity with NISPOM and DCID guidance documents.
Significant experience with DCSA Defense Information Security System (DISS)
Proficient with Microsoft applications. 
Excellent interpersonal, written and verbal communication skills.

PHYSICAL DEMANDS/WORK ENVIRONMENT 

The physical demands and work environment characteristics described here are representative of those that must be met by an employee to successfully perform the essential functions of this job.  Reasonable accommodations may be made to enable individuals with disabilities to perform the essential functions.
While performing the duties of this job, the employee may be regularly required to sit, stand, bend, reach and move about the facility. 
The environmental characteristic for this position is an office setting. Candidates should be able to adapt to a traditional business environment.
The anticipated salary range for this position is $104,052 to $118,000 annually. This range reflects the base salary for candidates who meet the requirements of the role, including experience, education, and location. In addition to base pay, this role is eligible for a bonus. AAR offers a competitive benefits package, including medical/dental/vision/life/and AD&D insurance, 401(k) savings plan with employer match, paid time off and holiday pay, as well as opportunities for professional development and growth.
#LI-PI1

Job: Defense
Primary Location: United States-Illinois-Wood Dale
Schedule: Full-time
Overtime Status: Exempt

AAR is an equal opportunity employer. All qualified applicants will receive consideration for employment without regard to race, color, religion, sex, sexual orientation, gender identity, national origin, disability or veteran status."
AAR Corp,"Procurement Specialist, Repairs",309222,"United States, Illinois, Wood Dale",United States of America,,onsite,Mid,us_person,unknown,unknown,taleo,N/A,2026-06-16T21:36:25Z,https://aarcorp.taleo.net/careersection/2/jobdetail.ftl?job=309222,"Job Description - Procurement Specialist, Repairs (17315)
About Us: AAR Corp. (NYSE: AIR) is a global aerospace and defense aftermarket solutions company that employs more than 6,000 people across over 60 sites in over 20 countries. Headquartered in the Chicago, Illinois area, AAR supports commercial and government customers in more than 100 countries through four operating segments: Parts Supply, Integrated Solutions, Repair and Engineering and Expeditionary Services. AAR’s purpose is to empower people to build innovative aerospace solutions today so you can safely reach your destination tomorrow. The company’s mission is to go above and beyond to provide value-driven aerospace aftermarket solutions to meet the evolving needs of our customers worldwide. AAR constantly searches for the right thing to do for its customers, employees, partners and for society.
 
Procurement Specialist, Repairs  - 17315

Description
 

The Procurement Specialist, Repairs will be responsible for overseeing all phases of outsourcing part maintenance, repair, overhaul, and delivery, as well as adherence to all AAR policies and procedures.

What you will be responsible for:   

Manages, Plans, creates, organizes, tracks, and expedites the outsourcing of part repair
Develops, evaluates, recommends, and manages repair vendors, ongoing relationships, and quality. 
Review, negotiate, approve vendor quotes, and support management of vendor contractual obligations
Periodically analyze and discuss program performance periodically
Meet or exceed all Procurement Key Performance Indicators
Communicate with various departments to manage the timely flow of parts (e.g. Program Management, Operations, Accounts Payable, Shipping, Quality, etc.)
Perform vendor and order management for assigned parts to proactively ensure customer commitments are maintained
Ensure each transaction is compliant with all purchasing policies and procedures
Support various departments with and participate in government and regulatory audits
Suggest and participate in continuous improvement activities to drive process efficiencies
All other duties as assigned

Qualifications
 

What you will need to be successful in this role: 

Bachelor of Arts degree (B.A.) or Bachelor of Science degree (B.S.) from four-year college or university; or 6 years related experience and/or training; or equivalent combination of education and experience.
Experience with FAR, DFARS, ITAR, Government contracting, or aviation procurement strongly preferred
PC literate (Excel, Word, Power Point, & Access)

The rewards of your career at AAR go far beyond just your salary:


Competitive salary and bonus package
Comprehensive benefits package including medical, dental, and vision coverage.
401(k) retirement plan with company match
Generous paid time off program
Professional development and career advancement opportunities


Physical Demands/Work Environment: 

The physical demands and work environment characteristics described here are representative of those that must be met by an employee to successfully perform the essential functions of this job.  Reasonable accommodations may be made to enable individuals with disabilities to perform the essential functions.
While performing the duties of this job, the employee may be regularly required to sit, stand, bend, reach and move about the facility. 
The environmental characteristic for this position is an office setting. Candidates should be able to adapt to a traditional business environment.
This position will work on-site five days per week.  

Compensation:

The anticipated salary range for this position is $55,000 to $65,000 annually. This range reflects the base salary for candidates who meet the requirements of the role, including experience, education, and location. AAR offers a competitive benefits package, including medical/dental/vision/life/and AD&D insurance, 401(k) savings plan with employer match, paid time off and holiday pay, as well as opportunities for professional development and growth.

#LI-VR1 #LI-Onsite

Job: Defense
Primary Location: United States-Illinois-Wood Dale
Schedule: Full-time
Overtime Status: Non-exempt

AAR is an equal opportunity employer. All qualified applicants will receive consideration for employment without regard to race, color, religion, sex, sexual orientation, gender identity, national origin, disability or veteran status."
AAR Corp,"Inspector, QC-Licensed",308401,"United States, Illinois, Rockford",United States of America,,onsite,Mid,unknown,unknown,unknown,taleo,N/A,2026-06-16T21:36:25Z,https://aarcorp.taleo.net/careersection/2/jobdetail.ftl?job=308401,"Job Description - Inspector, QC-Licensed (17256)
About Us: AAR Corp. (NYSE: AIR) is a global aerospace and defense aftermarket solutions company that employs more than 6,000 people across over 60 sites in over 20 countries. Headquartered in the Chicago, Illinois area, AAR supports commercial and government customers in more than 100 countries through four operating segments: Parts Supply, Integrated Solutions, Repair and Engineering and Expeditionary Services. AAR’s purpose is to empower people to build innovative aerospace solutions today so you can safely reach your destination tomorrow. The company’s mission is to go above and beyond to provide value-driven aerospace aftermarket solutions to meet the evolving needs of our customers worldwide. AAR constantly searches for the right thing to do for its customers, employees, partners and for society.
 
Inspector, QC-Licensed - 17256

Description
 

Inspector, QC Licensed.  Responsible for performing assigned inspections on civil aviation articles in accordance with technical data provided by the manufacturers for continued airworthiness, service bulletins, service letters, airworthiness directives, government, and industry standard practices.

What you will be responsible for: 

Verifies work performed on aviation articles is performed in compliance with manufacturer data and customer data.
Performs incoming, primary, hidden damage, in-process, and final inspections.
Review maintenance records, documentation, and logbooks to ensure all necessary repairs, inspections, Op-checks, and documentation have been completed in accordance with the current approved/accepted technical data. Will be authorized to approve work performed for the return to service. 
Perform task as assigned relating to the privileges granted under 14 CFR Part 65.
Always observing company safety requirements while carrying out assigned tasks.

Qualifications
 

What you will need to be successful in this role: 

FAA Airframe & Powerplant (A&P) license, required.
1-2 Years aviation experience required; 1+ years QC experience preferred.
Associate of Arts (AA) degree or equivalent from 2-year college or technical school, preferred.
Have been exercising their airmen privileges and actively engaged, for the last 2 years.

The rewards of your career at AAR go far beyond just your salary: 

Competitive salary 
Comprehensive benefits package including medical, dental, and vision coverage.
401(k) retirement plan with company match
Generous paid time off program
Professional development and career advancement opportunities

Physical Demands/Work Environment:
The physical demands and work environment characteristics described here are representative of those that must be met by an employee to successfully perform the essential functions of this job.

Reasonable accommodations may be made to enable individuals with disabilities to perform the essential functions.
While performing the duties of this job, the employee may be regularly required to sit, stand, bend, reach and move about the facility.
The environmental characteristic for this position is a warehouse setting.
Candidates should be able to adapt to a traditional manufacturing environment.

AAR provides accommodation in accordance with applicable laws through all stages of the hiring process. If you require accommodation for any part of the application and/or hiring process, please advise Human Resources. 

Compensation: 
The anticipated salary range for this position is $26.75 to $33.19 hourly. This range reflects the base pay for candidates who meet the requirements of the role, including experience, education, and location. AAR offers a competitive benefits package, including medical/dental/vision/life/and AD&D insurance, 401(k) savings plan with employer match, paid time off and holiday pay, as well as opportunities for professional development and growth.

#LI-SA2

Job: Operations
Primary Location: United States-Illinois-Rockford
Schedule: Full-time
Overtime Status: Non-exempt

We are an equal opportunity employer. All qualified applicants will receive consideration for employment without regard to race, color, religion, sex, sexual orientation, gender identity, national origin, disability or veteran status."
AAR Corp,Warehouse Manager,305961,"United States, Utah, Hill Air Force Base",United States of America,,onsite,Manager,unknown,Secret,unknown,taleo,N/A,2026-06-16T21:36:25Z,https://aarcorp.taleo.net/careersection/2/jobdetail.ftl?job=305961,"Job Description - Warehouse Manager (17111)
About Us: AAR Corp. (NYSE: AIR) is a global aerospace and defense aftermarket solutions company that employs more than 6,000 people across over 60 sites in over 20 countries. Headquartered in the Chicago, Illinois area, AAR supports commercial and government customers in more than 100 countries through four operating segments: Parts Supply, Integrated Solutions, Repair and Engineering and Expeditionary Services. AAR’s purpose is to empower people to build innovative aerospace solutions today so you can safely reach your destination tomorrow. The company’s mission is to go above and beyond to provide value-driven aerospace aftermarket solutions to meet the evolving needs of our customers worldwide. AAR constantly searches for the right thing to do for its customers, employees, partners and for society.
 
Warehouse Manager - 17111

Description
 

**PENDING CONTRACT AWARD**

Description:

Direct warehouse activities for the organization by performing on site services in support of the Air Force Air Logistics Complex’s (ALC) supply chain management efforts This role is critical in ensuring the smooth operation of logistics support activities provided to ALC.

What you will be responsible for: 

Establish operational procedures for activities such as verification of incoming and outgoing shipments, handling and disposition of materials, and keeping warehouse inventory current. 
Ensure the smooth flow of incoming and outgoing material/orders to the customer or return of material to the OEMs for repair.
Complete all day-to-day operational requirements as assigned by the Program Manager or Operations Manager.
Develop and manage staffing requirements, implementation plans, and training schedules.
Coordinate with local USG representatives and AAR Procurement to expedite material for requirements.
All other duties as assigned.

Qualifications
 

What you will need to be successful in this role:

Bachelor of Arts degree (B.A.) or Bachelor of Science degree (B.S.) from four-year college or university; or minimum of ten years related experience as a supervisor. 
At least seven years of supervisory experience in a warehouse environment is preferred. 
Previous experience in warehousing, handling inventory, and leading a diverse staff. 
Ability to obtain a government CAC and a Secret Security Clearance (if necessary).

The rewards of your career at AAR go far beyond just your salary: 

Competitive salary 
Comprehensive benefits package including medical, dental, and vision coverage.
401(k) retirement plan with company match
Generous paid time off program
Professional development and career advancement opportunities

Physical Demands/Work Environment:

The physical demands and work environment characteristics described here are representative of those that must be met by an employee to successfully perform the essential functions of this job. Reasonable accommodations may be made to enable individuals with disabilities to perform the essential functions. 

While performing the duties of this job, the employee may be regularly required to sit, stand, bend, reach and move about the facility. 
The environmental characteristic for this position is a warehouse setting. Candidates should be able to adapt to a traditional warehouse environment.

#LI-VR1  #LI-Onsite

Job: Warehouse
Primary Location: United States-Utah-Hill Air Force Base
Schedule: Full-time
Overtime Status: Exempt

We are an equal opportunity employer. All qualified applicants will receive consideration for employment without regard to race, color, religion, sex, sexual orientation, gender identity, national origin, disability or veteran status."
AAR Corp,Warehouse Manager,305981,"United States, Oklahoma, Oklahoma City",United States of America,,onsite,Manager,unknown,Secret,unknown,taleo,N/A,2026-06-16T21:36:25Z,https://aarcorp.taleo.net/careersection/2/jobdetail.ftl?job=305981,"Job Description - Warehouse Manager (17112)
About Us: AAR Corp. (NYSE: AIR) is a global aerospace and defense aftermarket solutions company that employs more than 6,000 people across over 60 sites in over 20 countries. Headquartered in the Chicago, Illinois area, AAR supports commercial and government customers in more than 100 countries through four operating segments: Parts Supply, Integrated Solutions, Repair and Engineering and Expeditionary Services. AAR’s purpose is to empower people to build innovative aerospace solutions today so you can safely reach your destination tomorrow. The company’s mission is to go above and beyond to provide value-driven aerospace aftermarket solutions to meet the evolving needs of our customers worldwide. AAR constantly searches for the right thing to do for its customers, employees, partners and for society.
 
Warehouse Manager - 17112

Description
 

**PENDING CONTRACT AWARD**

Description:

Direct warehouse activities for the organization by performing on site services in support of the Air Force Air Logistics Complex’s (ALC) supply chain management efforts This role is critical in ensuring the smooth operation of logistics support activities provided to ALC.

What you will be responsible for: 

Establish operational procedures for activities such as verification of incoming and outgoing shipments, handling and disposition of materials, and keeping warehouse inventory current. 
Ensure the smooth flow of incoming and outgoing material/orders to the customer or return of material to the OEMs for repair.
Complete all day-to-day operational requirements as assigned by the Program Manager or Operations Manager.
Develop and manage staffing requirements, implementation plans, and training schedules.
Coordinate with local USG representatives and AAR Procurement to expedite material for requirements.
All other duties as assigned.

Qualifications
 

What you will need to be successful in this role:

Bachelor of Arts degree (B.A.) or Bachelor of Science degree (B.S.) from four-year college or university; or minimum of ten years related experience as a supervisor. 
At least seven years of supervisory experience in a warehouse environment is preferred. 
Previous experience in warehousing, handling inventory, and leading a diverse staff. 
Ability to obtain a government CAC and a Secret Security Clearance (if necessary).

The rewards of your career at AAR go far beyond just your salary: 

Competitive salary 
Comprehensive benefits package including medical, dental, and vision coverage.
401(k) retirement plan with company match
Generous paid time off program
Professional development and career advancement opportunities

Physical Demands/Work Environment:

The physical demands and work environment characteristics described here are representative of those that must be met by an employee to successfully perform the essential functions of this job. Reasonable accommodations may be made to enable individuals with disabilities to perform the essential functions. 

While performing the duties of this job, the employee may be regularly required to sit, stand, bend, reach and move about the facility. 
The environmental characteristic for this position is a warehouse setting. Candidates should be able to adapt to a traditional warehouse environment.
This position is located at Tinker AFB.

#LI-VR1  #LI-Onsite

Job: Warehouse
Primary Location: United States-Oklahoma-Oklahoma City
Schedule: Full-time
Overtime Status: Exempt

We are an equal opportunity employer. All qualified applicants will receive consideration for employment without regard to race, color, religion, sex, sexual orientation, gender identity, national origin, disability or veteran status."
AAR Corp,Warehouse Manager,305963,"United States, Georgia, Warner Robins",United States of America,,onsite,Manager,unknown,Secret,unknown,taleo,N/A,2026-06-16T21:36:25Z,https://aarcorp.taleo.net/careersection/2/jobdetail.ftl?job=305963,"Job Description - Warehouse Manager (17113)
About Us: AAR Corp. (NYSE: AIR) is a global aerospace and defense aftermarket solutions company that employs more than 6,000 people across over 60 sites in over 20 countries. Headquartered in the Chicago, Illinois area, AAR supports commercial and government customers in more than 100 countries through four operating segments: Parts Supply, Integrated Solutions, Repair and Engineering and Expeditionary Services. AAR’s purpose is to empower people to build innovative aerospace solutions today so you can safely reach your destination tomorrow. The company’s mission is to go above and beyond to provide value-driven aerospace aftermarket solutions to meet the evolving needs of our customers worldwide. AAR constantly searches for the right thing to do for its customers, employees, partners and for society.
 
Warehouse Manager - 17113

Description
 

**PENDING CONTRACT AWARD**

Description:

Direct warehouse activities for the organization by performing on site services in support of the Air Force Air Logistics Complex’s (ALC) supply chain management efforts This role is critical in ensuring the smooth operation of logistics support activities provided to ALC.

What you will be responsible for: 

Establish operational procedures for activities such as verification of incoming and outgoing shipments, handling and disposition of materials, and keeping warehouse inventory current. 
Ensure the smooth flow of incoming and outgoing material/orders to the customer or return of material to the OEMs for repair.
Complete all day-to-day operational requirements as assigned by the Program Manager or Operations Manager.
Develop and manage staffing requirements, implementation plans, and training schedules.
Coordinate with local USG representatives and AAR Procurement to expedite material for requirements.
All other duties as assigned.

Qualifications
 

What you will need to be successful in this role:

Bachelor of Arts degree (B.A.) or Bachelor of Science degree (B.S.) from four-year college or university; or minimum of ten years related experience as a supervisor. 
At least seven years of supervisory experience in a warehouse environment is preferred. 
Previous experience in warehousing, handling inventory, and leading a diverse staff. 
Ability to obtain a government CAC and a Secret Security Clearance (if necessary).

The rewards of your career at AAR go far beyond just your salary: 

Competitive salary 
Comprehensive benefits package including medical, dental, and vision coverage.
401(k) retirement plan with company match
Generous paid time off program
Professional development and career advancement opportunities

Physical Demands/Work Environment:

The physical demands and work environment characteristics described here are representative of those that must be met by an employee to successfully perform the essential functions of this job. Reasonable accommodations may be made to enable individuals with disabilities to perform the essential functions. 

While performing the duties of this job, the employee may be regularly required to sit, stand, bend, reach and move about the facility. 
The environmental characteristic for this position is a warehouse setting. Candidates should be able to adapt to a traditional warehouse environment.
This position is located at Robins AFB.

#LI-VR1  #LI-Onsite

Job: Warehouse
Primary Location: United States-Georgia-Warner Robins
Schedule: Full-time
Overtime Status: Exempt

We are an equal opportunity employer. All qualified applicants will receive consideration for employment without regard to race, color, religion, sex, sexual orientation, gender identity, national origin, disability or veteran status."
AAR Corp,Warehouse Manager,305964,"United States, Utah, Ogden",United States of America,,onsite,Manager,unknown,Secret,unknown,taleo,N/A,2026-06-16T21:36:25Z,https://aarcorp.taleo.net/careersection/2/jobdetail.ftl?job=305964,"Job Description - Warehouse Manager (17114)
About Us: AAR Corp. (NYSE: AIR) is a global aerospace and defense aftermarket solutions company that employs more than 6,000 people across over 60 sites in over 20 countries. Headquartered in the Chicago, Illinois area, AAR supports commercial and government customers in more than 100 countries through four operating segments: Parts Supply, Integrated Solutions, Repair and Engineering and Expeditionary Services. AAR’s purpose is to empower people to build innovative aerospace solutions today so you can safely reach your destination tomorrow. The company’s mission is to go above and beyond to provide value-driven aerospace aftermarket solutions to meet the evolving needs of our customers worldwide. AAR constantly searches for the right thing to do for its customers, employees, partners and for society.
 
Warehouse Manager - 17114

Description
 

**PENDING CONTRACT AWARD**

Description:

Direct warehouse activities for the organization by performing on site services in support of the Air Force Air Logistics Complex’s (ALC) supply chain management efforts This role is critical in ensuring the smooth operation of logistics support activities provided to ALC.

What you will be responsible for: 

Establish operational procedures for activities such as verification of incoming and outgoing shipments, handling and disposition of materials, and keeping warehouse inventory current. 
Ensure the smooth flow of incoming and outgoing material/orders to the customer or return of material to the OEMs for repair.
Complete all day-to-day operational requirements as assigned by the Program Manager or Operations Manager.
Develop and manage staffing requirements, implementation plans, and training schedules.
Coordinate with local USG representatives and AAR Procurement to expedite material for requirements.
All other duties as assigned.

Qualifications
 

What you will need to be successful in this role:

Bachelor of Arts degree (B.A.) or Bachelor of Science degree (B.S.) from four-year college or university; or minimum of ten years related experience as a supervisor. 
At least seven years of supervisory experience in a warehouse environment is preferred. 
Previous experience in warehousing, handling inventory, and leading a diverse staff. 
Ability to obtain a government CAC and a Secret Security Clearance (if necessary).

The rewards of your career at AAR go far beyond just your salary: 

Competitive salary 
Comprehensive benefits package including medical, dental, and vision coverage.
401(k) retirement plan with company match
Generous paid time off program
Professional development and career advancement opportunities

Physical Demands/Work Environment:

The physical demands and work environment characteristics described here are representative of those that must be met by an employee to successfully perform the essential functions of this job. Reasonable accommodations may be made to enable individuals with disabilities to perform the essential functions. 

While performing the duties of this job, the employee may be regularly required to sit, stand, bend, reach and move about the facility. 
The environmental characteristic for this position is a warehouse setting. Candidates should be able to adapt to a traditional warehouse environment.

#LI-VR1  #LI-Onsite

Job: Warehouse
Primary Location: United States-Utah-Ogden
Schedule: Full-time
Overtime Status: Exempt

We are an equal opportunity employer. All qualified applicants will receive consideration for employment without regard to race, color, religion, sex, sexual orientation, gender identity, national origin, disability or veteran status."
AAR Corp,Program Manager - Logistics,305921,"United States, Utah, Ogden",United States of America,,onsite,Manager,unknown,Secret,unknown,taleo,N/A,2026-06-16T21:36:25Z,https://aarcorp.taleo.net/careersection/2/jobdetail.ftl?job=305921,"Job Description - Program Manager - Logistics (17109)
About Us: AAR Corp. (NYSE: AIR) is a global aerospace and defense aftermarket solutions company that employs more than 6,000 people across over 60 sites in over 20 countries. Headquartered in the Chicago, Illinois area, AAR supports commercial and government customers in more than 100 countries through four operating segments: Parts Supply, Integrated Solutions, Repair and Engineering and Expeditionary Services. AAR’s purpose is to empower people to build innovative aerospace solutions today so you can safely reach your destination tomorrow. The company’s mission is to go above and beyond to provide value-driven aerospace aftermarket solutions to meet the evolving needs of our customers worldwide. AAR constantly searches for the right thing to do for its customers, employees, partners and for society.
 
Program Manager - Logistics - 17109

Description
 

**PENDING CONTRACT AWARD**

Description:

The Program Manager will support the Air Force Air Logistics Complex’s (ALC) located at Tinker AFB, Hill AFB and Robins AFB supply chain management efforts. This role involves building and managing a team of supply chain experts that will be located at the supported sites, coordinating between various organizations, and developing solutions to parts availability issues. The Program Manager will also be responsible for delivering analysis, reports, and briefings to leadership, while ensuring effective cooperation and communication among stakeholders.

What you will be responsible for:

Build, manage, and train a highly effective team of supply chain experts.
Manage the supply chain and mitigate parts-related risks/issues.
Serve as the key liaison with the customer.
Develop and advocate for solutions to parts availability issues.
Develop strategies to support customer initiatives in materiel planning and logistics.
Monitor DLA impact on fleet-wide weapon system readiness and analyze provisioning related degraders.
All other duties as assigned.

Qualifications
 

What you will need to be successful in this role:
Required:

Bachelor’s Degree from four-year college or university; or eight years related experience and/or training; or equivalent combination of education and experience.
12+ years of professional experience in supply chain/distribution
Seven (7) or more years' experience in a supervisor role.
Ability to obtain a government CAC and a Secret Security Clearance (as required).

Preferred:

Strong collaborative, communication, presentation, and negotiation skills
Proficiency in Microsoft productivity suites
5 years' experience working for DLA and/or working directly supporting a USG Repair Depot
Excellent relationship/interpersonal skills
Ability to work with incomplete information and ambiguity
Industry knowledge of Aerospace & Defense supply chains.

Physical Demands / Work Environment:

The physical demands and work environment characteristics described here are representative of those that must be met by an employee to successfully perform the essential functions of this job.  Reasonable accommodations may be made to enable individuals with disabilities to perform the essential functions.

While performing the duties of this job, the employee may be regularly required to sit, stand, bend, reach and move about the facility. 
The environmental characteristic for this position is an office setting. Candidates should be able to adapt to a traditional business environment.

#LI-VR1  #LI-Onsite

Job: Defense
Primary Location: United States-Utah-Ogden
Schedule: Full-time
Overtime Status: Exempt

We are an equal opportunity employer. All qualified applicants will receive consideration for employment without regard to race, color, religion, sex, sexual orientation, gender identity, national origin, disability or veteran status."
AAR Corp,Operations Manager,305941,"United States, Utah, Ogden",United States of America,,onsite,Manager,us_person,Secret,unknown,taleo,N/A,2026-06-16T21:36:25Z,https://aarcorp.taleo.net/careersection/2/jobdetail.ftl?job=305941,"Job Description - Operations Manager (17110)
About Us: AAR Corp. (NYSE: AIR) is a global aerospace and defense aftermarket solutions company that employs more than 6,000 people across over 60 sites in over 20 countries. Headquartered in the Chicago, Illinois area, AAR supports commercial and government customers in more than 100 countries through four operating segments: Parts Supply, Integrated Solutions, Repair and Engineering and Expeditionary Services. AAR’s purpose is to empower people to build innovative aerospace solutions today so you can safely reach your destination tomorrow. The company’s mission is to go above and beyond to provide value-driven aerospace aftermarket solutions to meet the evolving needs of our customers worldwide. AAR constantly searches for the right thing to do for its customers, employees, partners and for society.
 
Operations Manager - 17110

Description
 

**PENDING CONTRACT AWARD**

Description:

The Operations Manager will support the Air Force Air Logistics Complex’s (ALC) located at Tinker AFB, Hill AFB and Robins AFB. This position is responsible for the effective and successful management of labor, productivity, quality control and safety measures as established and set for the Program. Ensure safe and efficient operations. Serve as a company representative to the customer. Enhance the operational procedure, systems and principles in the areas of information flow and management, business processes, enhanced management reporting. Carry out supervisory responsibilities in accordance with the company’s policies.

What you will be responsible for:

Coordinate distribution efforts and warehousing objectives in accordance with safety, policy, and procedures established by Director of Operations and Program Manager to achieve division, customer objectives and KPI’s.
Works closely with Quality Department and Director’s to ensure compliance of the ISO/AS Quality System and ensure all sites are compliant. 
Ensures adequate and continuous controls are exercised over all assigned activities affecting environmental health and safety, as well as quality of product and services. 
Initiate, monitor and coordinate supply chain processes according to internal and external requirements. 
Work with internal and external auditing agencies to ensure compliance with standards.
All other duties as assigned.

Qualifications
 

What you will need to be successful in this role:

Bachelor of Arts degree (B.A.) or Bachelor of Science degree (B.S.) from four-year college or university; or ten years’ experience in an aviation logistics distribution environment.
8 years’ working in a military supply chain aviation environment focused on distribution, inventory and material accountability of USG material and systems involved.
Complete understanding of USG material management
Experience in Microsoft Office applications
Ability to obtain a government CAC and a Secret Security Clearance (as required).

The rewards of your career at AAR go far beyond just your salary:

Competitive salary 
Comprehensive benefits package including medical, dental, and vision coverage.
401(k) retirement plan with company match
Generous paid time off program
Professional development and career advancement opportunities

Physical Demands/Work Environment:

The physical demands and work environment characteristics described here are representative of those that must be met by an employee to successfully perform the essential functions of this job. Reasonable accommodations may be made to enable individuals with disabilities to perform the essential functions.

Must be able to lift a minimum of 5 to 15 pounds
Works at telephone answering equipment, design equipment, and at a PC for hours at a time
While performing the duties of this job, the employee may be regularly required to sit, stand, bend, reach and move about the facility.
The environmental characteristic for this position is a warehouse setting. Candidates should be able to adapt to a traditional warehouse environment.

#LI-VR1  #LI-Onsite

Job: Defense
Primary Location: United States-Utah-Ogden
Schedule: Full-time
Overtime Status: Exempt

We are an equal opportunity employer. All qualified applicants will receive consideration for employment without regard to race, color, religion, sex, sexual orientation, gender identity, national origin, disability or veteran status."
AAR Corp,Buyer,302801,"United States, Illinois, Wood Dale",United States of America,,onsite,Mid,unknown,unknown,unknown,taleo,N/A,2026-06-16T21:36:25Z,https://aarcorp.taleo.net/careersection/2/jobdetail.ftl?job=302801,"Job Description - Buyer (16942)
About Us: AAR Corp. (NYSE: AIR) is a global aerospace and defense aftermarket solutions company that employs more than 6,000 people across over 60 sites in over 20 countries. Headquartered in the Chicago, Illinois area, AAR supports commercial and government customers in more than 100 countries through four operating segments: Parts Supply, Integrated Solutions, Repair and Engineering and Expeditionary Services. AAR’s purpose is to empower people to build innovative aerospace solutions today so you can safely reach your destination tomorrow. The company’s mission is to go above and beyond to provide value-driven aerospace aftermarket solutions to meet the evolving needs of our customers worldwide. AAR constantly searches for the right thing to do for its customers, employees, partners and for society.
 
Buyer - 16942

Description
 

**Pending Contract Award**

SUMMARY 

Will ensure that AAR is receiving the best overall price and continues to build strong relationships with the company’s vendors. 

ESSENTIAL DUTIES AND RESPONSIBILITIES: 

Check requisitions as necessary for any inbound part. 
Develop a strong relationship with all vendors and ensure that AAR is getting the best possible price. 
Get quotes on goods, services, and parts to determine if AAR is receiving the best possible price. 
Solicit bids, analyze those quotes, and recommend to Management who is the best overall vendor, looking at price, reputations, etc. 
Travel may be required. 
Full knowledge of AAR policies and procedures. 
All other duties as assigned. 

Qualifications
 

To perform this job successfully, an individual must be able to perform each essential duty satisfactorily. The requirements listed below are representative of the knowledge, skill, and/or ability required. 

EDUCATION and/or EXPERIENCE 

Bachelor of Arts degree (B.A.) or Bachelor of Science degree (B.S.) from four-year college or university; or eight years related experience and/or training; or equivalent combination of education and experience. 
Emphasis in Logistic and Supply Chain Management or Business Administration preferred 
Aviation experience preferred 
PC literate (Word, Excel, Access) 

PHYSICAL DEMANDS/WORK ENVIRONMENT 

The physical demands and work environment characteristics described here are representative of those that must be met by an employee to successfully perform the essential functions of this job. Reasonable accommodations may be made to enable individuals with disabilities to perform the essential functions.
While performing the duties of this job, the employee may be regularly required to sit, stand, bend, reach and move about the facility. 
The environmental characteristic for this position is an office setting. Candidates should be able to adapt to a traditional business environment. 

COMPENSATION

The anticipated salary range for this position is $55,000 to $65,000 annually. This range reflects the base salary for candidates who meet the requirements of the role, including experience, education, and location. AAR offers a competitive benefits package, including medical/dental/vision/life/and AD&D insurance, 401(k) savings plan with employer match, paid time off and holiday pay, as well as opportunities for professional development and growth.

#LI-VR1 #LI-Onsite

Job: Defense
Primary Location: United States-Illinois-Wood Dale
Schedule: Full-time
Overtime Status: Non-exempt

AAR is an equal opportunity employer. All qualified applicants will receive consideration for employment without regard to race, color, religion, sex, sexual orientation, gender identity, national origin, disability or veteran status."
AAR Corp,Defense Subcontract Manager,301921,"United States, Texas, Corpus Christi",United States of America,,onsite,Manager,unknown,Secret,unknown,taleo,N/A,2026-06-16T21:36:25Z,https://aarcorp.taleo.net/careersection/2/jobdetail.ftl?job=301921,"Job Description - Defense Subcontract Manager (16891)
About Us: AAR Corp. (NYSE: AIR) is a global aerospace and defense aftermarket solutions company that employs more than 6,000 people across over 60 sites in over 20 countries. Headquartered in the Chicago, Illinois area, AAR supports commercial and government customers in more than 100 countries through four operating segments: Parts Supply, Integrated Solutions, Repair and Engineering and Expeditionary Services. AAR’s purpose is to empower people to build innovative aerospace solutions today so you can safely reach your destination tomorrow. The company’s mission is to go above and beyond to provide value-driven aerospace aftermarket solutions to meet the evolving needs of our customers worldwide. AAR constantly searches for the right thing to do for its customers, employees, partners and for society.
 
Defense Subcontract Manager - 16891

Description
 

**PENDING CONTRACT AWARD**

SUMMARY 

The Defense Subcontract Manager is responsible for managing the full contract life cycle from cradle to grave.  This includes analyzing and writing proposals, monitoring and ensuring compliance with all aspects of the contract requirements, including contract administration tasks, reviewing Statements of Work, and negotiating various contractual vehicles. The Subcontract Manager will also interface directly with the subcontractors to manage and effectively administer the subcontract for compliance with prime contract requirements. 

ESSENTIAL DUTIES AND RESPONSIBILITIES 

Review and administer new Customer contract requirements for Program as needed.
Review, comprehend, and be able to communicate government requirements and regulatory guidance from various sources (FAR, DFARS, DLA, etc.).
Assist Program Manager in identifying and proposing contract modifications and changes.
Communicate effectively to AAR staff and clients, orally and in writing, the requirements, provisions, clauses, and various factors surrounding the RFQ/RFP/IFB.
Negotiate prices with subcontractor when required as authorized by AAR Business Units.
Service as Small Business Liaison Officer, actively working with the Program Manager and Procurement team to ensure small business goals are met and reported in timely manner
Track, monitor, consolidate and manage quotation files to meet the due dates.  Verify and remove invalid requirements, and keep records current.
Document preparation including NDAs, Teaming Agreements, Contracts, Subcontracts, and other agreements (long and short term).
Work with Finance, Legal and Business staff to prepare and deliver proposals.
Advises Business Leaders on risks.
All other duties as assigned.

Qualifications
 

To perform this job successfully, an individual must be able to perform each essential duty satisfactorily. The requirements listed below are representative of the knowledge, skill, and/or ability required.

Ability to obtain a government CAC and a Secret Security Clearance (as required).

EDUCATION and/or EXPERIENCE 

Bachelor’s degree from four-year college or university; or eight years related experience and/or training; or equivalent combination of education and experience.
5-7 years of experience in contracts, government affairs, procurement/purchasing, business development, or similar government/defense business discipline preferred.
Experience with a Government agency is preferred.
Prior experience in the Defense industry is preferred.
Prior experience as SBLO is preferred.
Experience with FAR/DFARs requirements is preferred. 
A self-starting team player with multi-tasking ability and strong interpersonal skills is the ideal candidate for this position. 

PHYSICAL DEMANDS/WORK ENVIRONMENT 

The physical demands and work environment characteristics described here are representative of those that must be met by an employee to successfully perform the essential functions of this job.  Reasonable accommodations may be made to enable individuals with disabilities to perform the essential functions.
While performing the duties of this job, the employee may be regularly required to sit, stand, bend, reach and move about the facility. 
The environmental characteristic for this position is an office setting. Candidates should be able to adapt to a traditional business environment.

#LI-VR1  #LI-Onsite

Job: Defense
Primary Location: United States-Texas-Corpus Christi
Schedule: Full-time
Overtime Status: Exempt

We are an equal opportunity employer. All qualified applicants will receive consideration for employment without regard to race, color, religion, sex, sexual orientation, gender identity, national origin, disability or veteran status."
AAR Corp,Buyer,301221,"United States, Texas, Corpus Christi",United States of America,,onsite,Mid,unknown,Secret,unknown,taleo,N/A,2026-06-16T21:36:25Z,https://aarcorp.taleo.net/careersection/2/jobdetail.ftl?job=301221,"Job Description - Buyer (16860)
About Us: AAR Corp. (NYSE: AIR) is a global aerospace and defense aftermarket solutions company that employs more than 6,000 people across over 60 sites in over 20 countries. Headquartered in the Chicago, Illinois area, AAR supports commercial and government customers in more than 100 countries through four operating segments: Parts Supply, Integrated Solutions, Repair and Engineering and Expeditionary Services. AAR’s purpose is to empower people to build innovative aerospace solutions today so you can safely reach your destination tomorrow. The company’s mission is to go above and beyond to provide value-driven aerospace aftermarket solutions to meet the evolving needs of our customers worldwide. AAR constantly searches for the right thing to do for its customers, employees, partners and for society.
 
Buyer - 16860

Description
 

**PENDING CONTRACT AWARD**

SUMMARY

Will ensure that AAR receives goods in a timely manner at the best overall price and continues to develop and build strong relationships with the company’s vendors.

ESSENTIAL DUTIES AND RESPONSIBILITES  

Review requisitions, purchase orders, and vouchers for accuracy and conformance with established policies and procedures for any inbound part.
Develop strong relationships with all vendors and ensure that AAR is getting the best possible services, value, and prices on quotes against goods.
Make recommendation to management who is the overall best vendor by price, quality, performance, and lowest risk.
Identify and make improvements in overall inventory processes by reviewing and optimizing stock levels.
Effectively manage production materials to meet production goals, minimize shortages and maximize inventory turns.  Maintain a high level of inventory accuracy and data integrity. 
Confer with management in determining needs and delivery schedules.
Solicit bids and evaluate quotes.
Expedite purchase orders.
Decipher part prints and drawings.
Determine sourcing for any outside processing
Produce accurate monthly optimized forecasts, which combine the statistical forecast model and the logical forecast model into an overall forecast. 
Liaison with the Value Stream Managers and other departments to ensure that forecast and replenishment plans are accurate and are being utilized by the Value Stream Managers and other departments.
Ensure flow-down to suppliers of requirements from customer contracts and initiate terms reviews.
Promote a team environment with a positive attitude.
All other duties as assigned.

Site-specific Responsibilities 

Implement and oversee project mobilization activities including office set-up, site general arrangement, etc. 
Work with the material management department to ensure proper material receiving and control. 

Qualifications
 

To perform this job successfully, an individual must be able to perform each essential duty satisfactorily. The requirements listed below are representative of the knowledge, skill, and/or ability required.

Ability to obtain a government CAC and a Secret Security Clearance (as required).

EDUCATION and/or EXPERIENCE 

Bachelor of Arts degree (B.A.) or Bachelor of Science degree (B.S.) from four-year college or university; or eight years related experience and/or training; or equivalent combination of education and experience. 
Emphasis in Logistic and Supply Chain Management or Business Administration preferred 
Aviation experience preferred 
PC literate (Word, Excel, Access) 

PHYSICAL DEMANDS/WORK ENVIRONMENT 

The physical demands and work environment characteristics described here are representative of those that must be met by an employee to successfully perform the essential functions of this job.  Reasonable accommodations may be made to enable individuals with disabilities to perform the essential functions.
While performing the duties of this job, the employee may be regularly required to sit, stand, bend, reach and move about the facility. 
The environmental characteristic for this position is an office setting. Candidates should be able to adapt to a traditional business environment.

#LI-VR1 #LI-Onsite

Job: Purchasing
Primary Location: United States-Texas-Corpus Christi
Schedule: Full-time
Overtime Status: Non-exempt

We are an equal opportunity employer. All qualified applicants will receive consideration for employment without regard to race, color, religion, sex, sexual orientation, gender identity, national origin, disability or veteran status."
AAR Corp,Logistics Analyst,300441,"United States, Texas, Corpus Christi",United States of America,,onsite,Mid,us_person,Secret,unknown,taleo,N/A,2026-06-16T21:36:25Z,https://aarcorp.taleo.net/careersection/2/jobdetail.ftl?job=300441,"Job Description - Logistics Analyst (16819)
About Us: AAR Corp. (NYSE: AIR) is a global aerospace and defense aftermarket solutions company that employs more than 6,000 people across over 60 sites in over 20 countries. Headquartered in the Chicago, Illinois area, AAR supports commercial and government customers in more than 100 countries through four operating segments: Parts Supply, Integrated Solutions, Repair and Engineering and Expeditionary Services. AAR’s purpose is to empower people to build innovative aerospace solutions today so you can safely reach your destination tomorrow. The company’s mission is to go above and beyond to provide value-driven aerospace aftermarket solutions to meet the evolving needs of our customers worldwide. AAR constantly searches for the right thing to do for its customers, employees, partners and for society.
 
Logistics Analyst - 16819

Description
 

**PENDING CONTRACT AWARD**

Summary

The Logistics Analyst will function as the data collection focal supporting the Pre-Expended Bin services for the Corpus Christi Army Depot Corpus Christi TX. In this role the Logistics Analyst will work within the customer on daily and monthly reporting functions, forecasting of material levels, reporting material status and preparing briefs. Management parameters to make decisions, apply concepts to issues of moderate complexity, and resolve issues through immediate action or short-term planning. 

Essential Duties and Responsibilities

Maintains reports and performs administrative and technical duties that require knowledge of the department, facility, and the company along with current policies, practices and procedures.
Performs diversified duties including reports preparation, data collection, trend analysis, reconciliation reports, and business and process documentation.
Follow administrative processes within the site and makes recommendations to implement process improvements.
May work on confidential or sensitive information, typically of a technical or proprietary nature.
Possesses thorough knowledge of site and Company policies and procedures.
Establishes and maintains effective work relationships within the department, the company, and the community; maintains professional competence, knowledge, and skill necessary for the satisfactory performance of all assigned responsibilities.
Uses various software applications, such as spreadsheets, relational databases, statistical packages, and graphics packages to assemble, manipulate and/or format data and/or reports.
All other duties as assigned.

Core Competencies  

Being connected & Respectful
Diverse Mindset
Building relationships and partnerships
Focus 
Accountability
Building confidence & integrity

Qualifications
 

To perform this job successfully, an individual must be able to perform each essential duty satisfactorily.  The requirements listed herein are representative of the knowledge, skill, and/or ability required.

Ability to obtain a government CAC and a Secret Security Clearance.

Education and/or Experience

High School Diploma or equivalent.
Minimum 3 years Logistics Experience required.
Advanced Microsoft Word, Excel required.
Microsoft Access skills preferred.
US military logistics experience preferred.
MILSTRIP, MILSTRAP, DLMS experience preferred. 

Physical Demands / Work Environment

The physical demands and work environment characteristics described here are representative of those that must be met by an employee to successfully perform the essential functions of this job. Reasonable accommodations may be made to enable individuals with disabilities to perform the essential functions. 
While performing the duties of this job, the employee may be regularly required to sit, stand, bend, reach and move about the facility. 
The environmental characteristic for this position is an office setting.  Candidates should be able to adapt to an industrial business environment.

#LI-VR1

Job: Defense
Primary Location: United States-Texas-Corpus Christi
Schedule: Full-time
Overtime Status: Exempt

We are an equal opportunity employer. All qualified applicants will receive consideration for employment without regard to race, color, religion, sex, sexual orientation, gender identity, national origin, disability or veteran status."
AAR Corp,Warehouse Supervisor - Logistics,299261,"United States, Texas, Corpus Christi",United States of America,,onsite,Mid,unknown,Secret,unknown,taleo,N/A,2026-06-16T21:36:25Z,https://aarcorp.taleo.net/careersection/2/jobdetail.ftl?job=299261,"Job Description - Warehouse Supervisor - Logistics (16760)
About Us: AAR Corp. (NYSE: AIR) is a global aerospace and defense aftermarket solutions company that employs more than 6,000 people across over 60 sites in over 20 countries. Headquartered in the Chicago, Illinois area, AAR supports commercial and government customers in more than 100 countries through four operating segments: Parts Supply, Integrated Solutions, Repair and Engineering and Expeditionary Services. AAR’s purpose is to empower people to build innovative aerospace solutions today so you can safely reach your destination tomorrow. The company’s mission is to go above and beyond to provide value-driven aerospace aftermarket solutions to meet the evolving needs of our customers worldwide. AAR constantly searches for the right thing to do for its customers, employees, partners and for society.
 
Warehouse Supervisor - Logistics - 16760

Description
 

**PENDING CONTRACT AWARD**

Summary

The Warehouse Supervisor / Site Manager will assist in supervising a team and performing Pre-Expended Bin services for the Corpus Christi Army Depot Corpus Christi TX. This role is critical in ensuring the smooth operation of logistics support activities provided to CCAD under the DLA Industrial Product-Support Vendor (IPV) Contract. 

Essential Duties and Responsibilities

Supervising daily operational support activities 
Ensure the smooth flow of bench stock/kit parts to production lines.
Complete all day-to-day operational requirements as assigned by the Assistant/Program Manager.
Develop and manage staffing requirements, implementation plans, and training schedules.
Produce and provide input for all required reports submitted to the Government.
Brief the Program Manager and communicate with CCAD and DLA representatives as directed.
Supervise a team of AAR and subcontractor employees in processing orders and managing material movement.
Review and recommend changes to the master schedule of items (SOI) list.
Oversee placement of bench stock in bins and adjust bin levels to maximize customer fulfillment.
Coordinate with DLA representatives and AAR Procurement to expedite material for CCAD.
Develop processes to streamline material flows to increase processing times.
All other duties as assigned.

Qualifications
 

To perform this job successfully, an individual must be able to perform each essential duty satisfactorily. The requirements listed below are representative of the knowledge, skill, and/or ability required.

Ability to obtain a government CAC and a Secret Security Clearance (as required).

Education and/or Experience

Required:

High School Diploma or GED 
Seven (7) or more years' experience in the Logistics or Supply Chain field
Four (4) years in a Team Lead or Supervisor role.
Direct experience working on projects with or for the Defense Logistics Agency (DLA) or any
Department of Defense Agency/Repair Depot.
Good understanding of Supply Chain Management methodology and U.S Defense MILSTRIP process.

Preferred:

Bachelor’s Degree
Familiarity with ISO requirements, Safety, and training plans.
Experience with DoD systems such as FEDMALL and WEBVLIPS.

Physical Demands / Work Environment

The physical demands and work environment characteristics described here are representative of those that must be met by an employee to successfully perform the essential functions of this job.  Reasonable accommodations may be made to enable individuals with disabilities to perform the essential functions.
While performing the duties of this job, the employee may be regularly required to sit, stand, bend, reach and move about the facility. 
The environmental characteristic for this position is an office setting. Candidates should be able to adapt to a traditional business environment.

#LI-VR1 #LI-Onsite

Job: Defense
Primary Location: United States-Texas-Corpus Christi
Schedule: Full-time
Overtime Status: Exempt

We are an equal opportunity employer. All qualified applicants will receive consideration for employment without regard to race, color, religion, sex, sexual orientation, gender identity, national origin, disability or veteran status."
AAR Corp,Assistant Manager - Logistics,299241,"United States, Texas, Corpus Christi",United States of America,,onsite,Manager,unknown,Secret,unknown,taleo,N/A,2026-06-16T21:36:25Z,https://aarcorp.taleo.net/careersection/2/jobdetail.ftl?job=299241,"Job Description - Assistant Manager - Logistics (16759)
About Us: AAR Corp. (NYSE: AIR) is a global aerospace and defense aftermarket solutions company that employs more than 6,000 people across over 60 sites in over 20 countries. Headquartered in the Chicago, Illinois area, AAR supports commercial and government customers in more than 100 countries through four operating segments: Parts Supply, Integrated Solutions, Repair and Engineering and Expeditionary Services. AAR’s purpose is to empower people to build innovative aerospace solutions today so you can safely reach your destination tomorrow. The company’s mission is to go above and beyond to provide value-driven aerospace aftermarket solutions to meet the evolving needs of our customers worldwide. AAR constantly searches for the right thing to do for its customers, employees, partners and for society.
 
Assistant Manager - Logistics - 16759

Description
 

**PENDING CONTRACT AWARD**

Summary

The Assistant Manager will assist the Program Manager in supervising a team and performing Pre-Expended Bin services for the Corpus Christi Army Depot Corpus Christi TX. This role is critical in ensuring the smooth operation of logistics support activities provided to CCAD under the DLA Industrial Product-Support Vendor (IPV) Contract. The Assistant Program Manager will play a key role in customer satisfaction and the achievement of parts availability metrics, which are essential for the local site team's success. 

Essential Duties and Responsibilities

Assist the Program Manager in supervising daily operational support activities for CCAD
Responsible for daily interactions with CCAD and DLA Aviation representatives to facilitate the efficient flow of bench stock parts to production lines, ensuring that all operational requirements are met as per the contract specifications.
Complete all day-to-day operational requirements as assigned by the Program Manager.
Develop and manage staffing requirements, implementation plans, and training schedules.
Produce and provide input for all required reports submitted to the Government.
Brief the Site Manager and communicate with CCAD and DLA representatives as directed.
Supervise a team of AAR and subcontractor employees in processing orders and managing material movement.
Review and recommend changes to the master schedule of items (SOI) list.
Oversee placement of bench stock in bins and adjust bin levels to maximize customer fulfillment.
Coordinate with DLA representatives and AAR Procurement to expedite material for CCAD.
Produce and provide input for all required reports submitted to the Government, brief the Site Manager, and communicate with various stakeholders as directed.
Coordinate with DLA representatives and AAR Procurement to expedite material as needed, manage spot buys for critical items, and assist with the setup of new bench stock locations.
Reviewing and recommending changes to the master schedule of items, overseeing the placement of bench stock, and adjusting bin levels to maximize customer fulfillment while preventing production line stoppages.
All other duties as assigned.

Qualifications
 

To perform this job successfully, an individual must be able to perform each essential duty satisfactorily. The requirements listed below are representative of the knowledge, skill, and/or ability required.

Ability to obtain a government CAC and a Secret Security Clearance (as required).

Education and/or Experience

Required:

High School Diploma or GED
Five (5) or more years' experience in the Logistics or Supply Chain field.
Three (3) years in a Team Lead or Supervisor role. 
Direct experience working on projects with or for the Defense Logistics Agency (DLA) or any
Department of Defense Agency/Repair Depot.
Good understanding of Supply Chain Management methodology and U.S Defense MILSTRIP process.

Preferred:

Bachelor’s Degree
Familiarity with ISO requirements, Safety, and training plans.
Experience with DoD systems such as FEDMALL and WEBVLIPS.

Physical Demands / Work Environment

The physical demands and work environment characteristics described here are representative of those that must be met by an employee to successfully perform the essential functions of this job.  Reasonable accommodations may be made to enable individuals with disabilities to perform the essential functions.
While performing the duties of this job, the employee may be regularly required to sit, stand, bend, reach and move about the facility. 
The environmental characteristic for this position is an office setting. Candidates should be able to adapt to a traditional business environment.

#LI-VR1  #LI-Onsite

Job: Defense
Primary Location: United States-Texas-Corpus Christi
Schedule: Full-time
Overtime Status: Exempt

We are an equal opportunity employer. All qualified applicants will receive consideration for employment without regard to race, color, religion, sex, sexual orientation, gender identity, national origin, disability or veteran status."
AAR Corp,Program Manager - Logistics,299221,"United States, Texas, Corpus Christi",United States of America,,onsite,Manager,us_person,Secret,unknown,taleo,N/A,2026-06-16T21:36:25Z,https://aarcorp.taleo.net/careersection/2/jobdetail.ftl?job=299221,"Job Description - Program Manager - Logistics (16758)
About Us: AAR Corp. (NYSE: AIR) is a global aerospace and defense aftermarket solutions company that employs more than 6,000 people across over 60 sites in over 20 countries. Headquartered in the Chicago, Illinois area, AAR supports commercial and government customers in more than 100 countries through four operating segments: Parts Supply, Integrated Solutions, Repair and Engineering and Expeditionary Services. AAR’s purpose is to empower people to build innovative aerospace solutions today so you can safely reach your destination tomorrow. The company’s mission is to go above and beyond to provide value-driven aerospace aftermarket solutions to meet the evolving needs of our customers worldwide. AAR constantly searches for the right thing to do for its customers, employees, partners and for society.
 
Program Manager - Logistics - 16758

Description
 

**PENDING CONTRACT AWARD**

Summary

The Program Manager will support the Defense Logistics Agency's (DLA) Corpus Christi Army Depot supply chain management efforts. This role involves building and managing a team of supply chain experts, coordinating between various organizations, and developing solutions to parts availability issues. The Program Manager will also be responsible for delivering analysis, reports, and briefings to leadership, while ensuring effective cooperation and communication among stakeholders.

Essential Duties and Responsibilities

Build, manage, and train a highly effective team of supply chain experts.
Manage the supply chain and mitigate parts-related risks/issues.
Serve as the key liaison with the customer.
Develop and advocate for solutions to parts availability issues.
Develop strategies to support customer initiatives in materiel planning and logistics.
Monitor DLA impact on fleet-wide weapon system readiness and analyze provisioning related degraders.
All other duties as assigned.

Qualifications
 

To perform this job successfully, an individual must be able to perform each essential duty satisfactorily. The requirements listed below are representative of the knowledge, skill, and/or ability required.

Experience building, training, and managing a team 
Previous experience leading in a cross-functional team environment
Previous experience implementing lean and supply chain initiatives
Experience in supply management and logistical support functions
Broad understanding of the levels of repair philosophies for military services
Must have an understanding of Military Supply Chain processes and inventory practices.
Ability to obtain a government CAC and a Secret Security Clearance (as required).

Education and/or Experience

Required:

Bachelor’s Degree from four-year college or university; or eight years related experience and/or training; or equivalent combination of education and experience.
Twelve (12) years of professional experience in supply chain/distribution
Seven (7) or more years' experience in a supervisor role.

Preferred:

Strong collaborative, communication, presentation, and negotiation skills
Proficiency in Microsoft productivity suites
5 years' experience working for DLA and/or working directly supporting a USG Repair Depot
Excellent relationship/interpersonal skills
Ability to work with incomplete information and ambiguity
Industry knowledge of Aerospace & Defense supply chain.

Physical Demands / Work Environment

The physical demands and work environment characteristics described here are representative of those that must be met by an employee to successfully perform the essential functions of this job.  Reasonable accommodations may be made to enable individuals with disabilities to perform the essential functions.
While performing the duties of this job, the employee may be regularly required to sit, stand, bend, reach and move about the facility. 
The environmental characteristic for this position is an office setting. Candidates should be able to adapt to a traditional business environment

#LI-VR1

Job: Defense
Primary Location: United States-Texas-Corpus Christi
Schedule: Full-time
Overtime Status: Exempt

We are an equal opportunity employer. All qualified applicants will receive consideration for employment without regard to race, color, religion, sex, sexual orientation, gender identity, national origin, disability or veteran status."
