company,title,job_id,location,country,salary,remote,seniority,us_citizenship_required,security_clearance,relocation_assistance,source_platform,date_posted,scraped_at,apply_url,description_text,salary_currency
Vantor,Geospatial Analyst (Secret clearance),R24136,"Tampa, FL",United States of America,,onsite,Mid,unknown,unknown,unknown,workday,,2026-06-16T21:13:22Z,https://maxar.wd1.myworkdayjobs.com/en-US/Vantor/job/Tampa-FL/Geospatial-Analyst--Secret-clearance-_R24136,,
Vantor,Ontology Lead,R24130,"Bolling AFB, DC",United States of America,175000.0,onsite,Mid,yes,TS/SCI + Poly,unknown,workday,,2026-06-16T21:13:26Z,https://maxar.wd1.myworkdayjobs.com/en-US/Vantor/job/Bolling-AFB-DC/Ontology-Lead_R24130,"Vantor is forging the new frontier of spatial intelligence, helping decision makers and operators navigate what’s happening now and shape what’s coming next. Vantor is a place for problem solvers, changemakers, and go-getters—where people are working together to help our customers see the world differently, and in doing so, be seen differently. Come be part of a mission, not just a job, where you can: Shape your own future, build the next big thing, and change the world. To be eligible for this position, you must be a U.S. Citizen. This position requires an active U.S. Government security clearance, applicants who do not currently hold the required clearance will not be eligible for consideration. Employment for cleared roles is contingent upon verification of clearance status. Export Control/ITAR: Certain roles may be subject to U.S. export control laws, requiring U.S. person status as defined by 8 U.S.C. 1324b(a)(3). Please review the job details below. This position requires an active U.S. Government Security Clearance at the TS/SCI level with CI polygraph. Vantor is seeking an Ontology Lead to join our team. In this position you will design, develop, and maintain domain-specific ontologies and knowledge models in support of Object Based Intelligence (OBI) mission requirements. The Lead Ontologist serves as the technical authority for the design, development, and maintenance of domain-specific ontologies and knowledge models that support Object-Based Intelligence (OBI) mission requirements. This position applies semantic technologies and knowledge representation methodologies to enable data interoperability, advanced analytics, and knowledge integration across diverse data sources and object-management systems. Leveraging Semantic Web standards, including RDF, OWL, and SPARQL, the Lead Ontologist develops scalable knowledge frameworks that enhance data discoverability, support AI/ML applications, and facilitate effective knowledge transfer to Government stakeholders. Responsibilities: In coordination with domain experts, design, develop, and maintain domain-specific ontologies, taxonomies, and knowledge graphs that support Object-Based Intelligence mission objectives. Apply Semantic Web standards and technologies, including RDF, OWL, SHACL, and SPARQL, to model, represent, and query complex data relationships. Establish and maintain semantic data integration frameworks that enable interoperability across internal and external object-management systems. Collaborate with analysts, data scientists, engineers, and Government stakeholders to capture requirements and translate mission needs into formal knowledge models. Develop and maintain ontology governance processes, standards, documentation, and version-control practices to ensure consistency and scalability. Support AI/ML initiatives by providing structured knowledge representations that enhance model explainability, interpretability, and contextual reasoning. Conduct ontology validation, testing, and quality assurance activities to ensure accuracy, completeness, and alignment with mission requirements. Provide technical leadership, mentoring, and knowledge transfer activities to Government personnel and project team members on ontology development methodologies and semantic technologies. Minimum Qualifications: Must be a US citizen and have an active TS/SCI with CI poly. 12 years of experience and an advanced degree or 17 years of experience with a bachelor’s degree. Demonstrated experience designing and implementing ontologies, taxonomies, or knowledge graphs in operational or research environments. Experience applying Semantic Web technologies, including RDF, OWL, and SPARQL. Knowledge of ontology engineering methodologies, data modeling principles, and semantic interoperability frameworks. Ability to communicate complex technical concepts effectively to both technical and non-technical stakeholders. Preferred Qualifications: Experience developing and maintaining enterprise knowledge graphs and integrating heterogeneous data sources. Familiarity with AI/ML workflows and the use of ontologies to improve model explainability, reasoning, and decision support. Experience providing technical leadership, mentoring, and formal knowledge transfer to Government personnel or large multidisciplinary teams. Certified Data Management Professional (CDMP) or equivalent data architecture certification. Certified Knowledge Manager (CKM) or comparable knowledge management credential. Formal training or certification in Semantic Web technologies, knowledge graphs, ontology engineering, RDF, OWL, or SPARQL. Pay Transparency: In support of pay transparency at Vantor, we disclose salary ranges on all U.S. job postings. The successful candidate’s starting pay will fall within the salary range provided below and is determined based on job-related factors, including, but not limited to, the experience, qualifications, knowledge, skills, geographic work location, and market conditions. Candidates with the minimum necessary experience, qualifications, knowledge, and skillsets for the position should not expect to receive the upper end of the pay range. The base pay for this position ranges from our lowest geographic market up to our highest geographic market within California, Colorado, District of Columbia, Hawaii, Illinois, Maryland, Minnesota, New Jersey, New York, and Washington:$112,000.00 - $238,000.00 annually. We offer a comprehensive package of benefits including paid time off, health and welfare insurance, and 401(k) to eligible employees. You can find more information on our benefits at: https://www.vantor.com/careers The application window is three days from the date the job is posted and will remain posted until a qualified candidate has been identified for hire. If the job is reposted regardless of reason, it will remain posted three days from the date the job is reposted and will remain reposted until a qualified candidate has been identified for hire. The date of posting can be found on Vantor's Career page at the top of each job posting. To apply, submit your application via Vantor's Career page. Vantor values diversity in the workplace and is an equal opportunity/affirmative action employer. All qualified applicants will receive consideration for employment without regard to sex, gender identity, sexual orientation, race, color, religion, national origin, disability, protected veteran status, age, or any other characteristic protected by law.",USD
Vantor,Senior Front-End Software Development Engineer,R24135,"Herndon, VA",United States of America,159500.0,onsite,Senior,yes,TS/SCI + Poly,unknown,workday,,2026-06-16T21:13:30Z,https://maxar.wd1.myworkdayjobs.com/en-US/Vantor/job/Herndon-VA/Senior-Front-End-Software-Development-Engineer_R24135,"Vantor is forging the new frontier of spatial intelligence, helping decision makers and operators navigate what’s happening now and shape what’s coming next. Vantor is a place for problem solvers, changemakers, and go-getters—where people are working together to help our customers see the world differently, and in doing so, be seen differently. Come be part of a mission, not just a job, where you can: Shape your own future, build the next big thing, and change the world. To be eligible for this position, you must be a U.S. Citizen. This position requires an active U.S. Government security clearance, applicants who do not currently hold the required clearance will not be eligible for consideration. Employment for cleared roles is contingent upon verification of clearance status. Export Control/ITAR: Certain roles may be subject to U.S. export control laws, requiring U.S. person status as defined by 8 U.S.C. 1324b(a)(3). Please review the job details below. This position requires an active U.S. Government Security Clearance at the TS/SCI with CI poly level. We are seeking a Senior Front-End Software Engineer to support the development and modernization of a mission-critical big data analytics platform for a United States Government customer. The successful candidate will design and build secure, scalable, and intuitive web applications that enable analysts and decision-makers to access, visualize, and interact with large-scale datasets. This role requires close collaboration with product owners, UX designers, back-end engineers, data engineers, and cybersecurity personnel within an Agile development environment. Principal Responsibilities: Design, develop, test, and maintain modern web-based user interfaces for enterprise-scale analytics applications.
Build responsive, accessible, and high-performance front-end solutions using contemporary JavaScript frameworks.
Collaborate with back-end and data engineering teams to integrate APIs, data services, and visualization components.
Develop dashboards, reporting tools, and interactive data exploration capabilities for large and complex datasets.
Participate in architecture discussions and contribute to front-end technical strategy and best practices.
Ensure compliance with government security, accessibility, and software quality requirements.
Perform code reviews, mentor junior developers, and promote engineering excellence across the team.
Support Agile ceremonies, including sprint planning, backlog refinement, and retrospectives.
Troubleshoot and resolve production issues while continuously improving application performance and usability.
Work at corporate office site 3 days per week.
Work in a SCIF as program and team needs dictate. Required Qualifications: US citizenship and an active TS/SCI clearance is mandatory for this position and required for consideration. Must be willing to obtain a CI Poly.
Minimum of 14 years of total professional experience in a technical support role.
Strong UI/UX skills with a focus on building responsive, user-friendly interfaces
Proficient in front-end and scripting languages such as JavaScript, Python, Java, and R; experienced in data extraction, manipulation, and visualization
Experience with modern front-end frameworks such as React, Angular, or Vue.js.
Experience consuming RESTful APIs and working with JSON-based data services.
Strong understanding of HTML5, CSS3, responsive design, and web accessibility standards.
Experience with state management, component-based architectures, and front-end build tools.
Familiarity with Agile software development methodologies and DevSecOps practices.
Experience using Git-based source control and CI/CD pipelines.
Experience designing software solutions with geospatial data types/formats and standards.
Bachelor's degree or equivalent experience in Software Engineering, User Interface Design, Graphics, or like technical fields Preferred Qualifications: Experience supporting federal government, defense, intelligence, or national security programs.
Experience developing user interfaces for big data, analytics, AI/ML, or data visualization platforms.
Proficiency with data visualization libraries such as D3.js, ECharts, Plotly, or similar technologies.
Experience with cloud-native environments, including AWS, Azure Government, or Kubernetes-based platforms.
Familiarity with microservices architectures and API-driven application design.
Experience with automated testing frameworks such as Jest, Cypress, Playwright, or Selenium.
Strong oral and written communication skills. #LI-RD #cjpost Pay Transparency: To support pay transparency, Vantor includes salary ranges in all U.S. job postings. Starting pay for this role will fall within the listed range and will be based on factors such as experience, qualifications, skills, location, and market conditions. Candidates who meet the minimum requirements for the role should not expect to receive compensation at the top of the range. The listed range reflects the expected pay for this position, and final offers will be determined based on each candidate’s experience, expertise, and alignment with the role. ● The base pay for this position within the Washington, DC metropolitan area is: $137,000.00 - $182,000.00 - $200,200.00 annually. For all other states, we use geographic cost of labor as an input to develop market-driven ranges for our roles, and as such, each location where we hire may have a different range. Benefits: Vantor offers a competitive total rewards package that goes beyond the standard, including a robust 401(k) with company match, mental health resources, and unique perks like student loan repayment assistance, adoption reimbursement and pet insurance to support all aspects of your life. You can find more information on our benefits at: https://www.Vantor.com/careers The application window is three days from the date the job is posted and will remain posted until a qualified candidate has been identified for hire. If the job is reposted regardless of reason, it will remain posted three days from the date the job is reposted and will remain reposted until a qualified candidate has been identified for hire. The date of posting can be found on Vantor's Career page at the top of each job posting. To apply, submit your application via Vantor's Career page. EEO Policy: Vantor is an equal opportunity employer committed to an inclusive workplace. We believe in fostering an environment where all team members feel respected, valued, and encouraged to share their ideas. All qualified applicants will receive consideration for employment without regard to race, color, religion, national origin, sex, gender identity, sexual orientation, disability, protected veteran status, age, or any other characteristic protected by law.",USD
Vantor,Systems Engineer - Service Now,R23899,"Westminster, CO",United States of America,95500.0,onsite,Mid,us_person,unknown,unknown,workday,,2026-06-16T21:13:34Z,https://maxar.wd1.myworkdayjobs.com/en-US/Vantor/job/Westminster-CO/Systems-Engineer_R23899,"Vantor is forging the new frontier of spatial intelligence, helping decision makers and operators navigate what’s happening now and shape what’s coming next. Vantor is a place for problem solvers, changemakers, and go-getters—where people are working together to help our customers see the world differently, and in doing so, be seen differently. Come be part of a mission, not just a job, where you can: Shape your own future, build the next big thing, and change the world. To be eligible for this position, you must be a U.S. Person, defined as a U.S. citizen, permanent resident, Asylee, or Refugee. Export Control/ITAR: Certain roles may be subject to U.S. export control laws, requiring U.S. person status as defined by 8 U.S.C. 1324b(a)(3). Please review the job details below. Role Summary
Provides operational and technical support for enterprise service management platforms, including ServiceNow and Atlassian Jira Service Management. Assists with platform administration, workflow configuration, user support, and maintenance activities while developing foundational platform engineering skills.
Key Responsibilities
Support daily administration of Service Management platforms
Configure standard workflows, queues, forms, and notifications
Manage users, groups, permissions, and access requests
Assist with incident, request, change, and asset management processes
Troubleshoot and resolve basic platform issues
Support testing, deployments, and upgrade validation activities
Maintain operational documentation and knowledge articles
Create reports and dashboards for operational teams
Monitor platform health and escalate issues as needed
Required Qualifications
Bachelor’s degree in Information Technology, Computer Science, or related field, or equivalent experience
Foundational understanding of IT service management concepts
2-5 years relevant experience
Required to Obtain future security clearance
Basic understanding of SaaS platforms and web technologies
Strong troubleshooting and analytical skills
Excellent written and verbal communication skills
Preferred Qualifications
Experience with ServiceNow or Jira Service Management
ServiceNow Certifications
ITIL Foundation Certification
Basic scripting or automation experience
Familiarity with REST APIs or integrations Pay Transparency: To support pay transparency, Vantor includes salary ranges in all U.S. job postings. Starting pay for this role will fall within the listed range and will be based on factors such as experience, qualifications, skills, location, and market conditions. Candidates who meet the minimum requirements for the role should not expect to receive compensation at the top of the range. The listed range reflects the expected pay for this position, and final offers will be determined based on each candidate’s experience, expertise, and alignment with the role. ● The base pay for this position within Colorado is: $82,000.00 - $109,000.00 - $119,900.00 annually. For all other states, we use geographic cost of labor as an input to develop market-driven ranges for our roles, and as such, each location where we hire may have a different range. Benefits: Vantor offers a competitive total rewards package that goes beyond the standard, including a robust 401(k) with company match, mental health resources, and unique perks like student loan repayment assistance, adoption reimbursement and pet insurance to support all aspects of your life. You can find more information on our benefits at: https://www.Vantor.com/careers Additionally, this position is incentive eligible with a target based on contribution, company performance, and/or individual results achieved; the specific incentive plan and target amount will be determined based on the role and breadth of contributions. The application window is three days from the date the job is posted and will remain posted until a qualified candidate has been identified for hire. If the job is reposted regardless of reason, it will remain posted three days from the date the job is reposted and will remain reposted until a qualified candidate has been identified for hire. The date of posting can be found on Vantor's Career page at the top of each job posting. To apply, submit your application via Vantor's Career page. EEO Policy: Vantor is an equal opportunity employer committed to an inclusive workplace. We believe in fostering an environment where all team members feel respected, valued, and encouraged to share their ideas. All qualified applicants will receive consideration for employment without regard to race, color, religion, national origin, sex, gender identity, sexual orientation, disability, protected veteran status, age, or any other characteristic protected by law.",USD
Vantor,Service Desk Agent,R24035,"Tampa, FL",United States of America,60413.6,remote,Mid,yes,TS/SCI,unknown,workday,,2026-06-16T21:13:38Z,https://maxar.wd1.myworkdayjobs.com/en-US/Vantor/job/Tampa-FL/SR-IT-Technician_R24035,"Vantor is forging the new frontier of spatial intelligence, helping decision makers and operators navigate what’s happening now and shape what’s coming next. Vantor is a place for problem solvers, changemakers, and go-getters—where people are working together to help our customers see the world differently, and in doing so, be seen differently. Come be part of a mission, not just a job, where you can: Shape your own future, build the next big thing, and change the world. To be eligible for this position, you must be a U.S. Citizen. This position requires an active U.S. Government security clearance, applicants who do not currently hold the required clearance will not be eligible for consideration. Employment for cleared roles is contingent upon verification of clearance status. Export Control/ITAR: Certain roles may be subject to U.S. export control laws, requiring U.S. person status as defined by 8 U.S.C. 1324b(a)(3). Please review the job details below. We are seeking energetic and reliable professionals to join our team as Service Desk Agents. The successful candidates will be responsible for answering incoming internal customer calls, utilizing company policies to solve customer issues and directing calls/tickets to support teams when necessary. Our Call Center Agents are often the first point of contact for customers’ service issues, so we are interested in hiring individuals with a commitment to customer satisfaction and an ability to make quick and accurate decisions. This position requires on-call support on a rotational basis with other team members. Must have the ability to obtain and hold a TS/SCI clearance upon hire. This support is provided in accordance with corporate and company policy and industry best practices. Outstanding customer service skills and communication skills working in a team environment is crucial to the success of the team, the customer, and the candidate. Essential Duties: The following duties are not meant to be all inclusive and may be changed or modified by the company at any time. Manage large amounts of inbound and outbound calls in a timely manner
Follow call center “scripts/troubleshooting guides” when handling different topics
Identify customers’ needs, clarify information, and providing solutions
Monitor tickets & workflows and in accordance to team’s SLAs
Create documentation where documentation is absent
Administer Active Directory accounts
Utilize remote user support tools to provide support
Understand basics of Windows 7, Windows 10, MAC OS, and Microsoft applications, a plus Knowledge, Skills, Abilities, Experience: Abilities to: Must have the ability to obtain and hold a TS/SCI clearance upon hire
Demonstrate
strong communications skills with active listening skills
a self-driven attitude
a problem-solving attitude
Remain customer-service oriented in all situations/personalities
Give attention to detail
Solve problems quickly
Remain organized/ set priorities
Follow established procedures on routine work; requiring instructions only on new assignments Pay Transparency: In support of pay transparency at Vantor, we disclose salary ranges on all U.S. job postings. The successful candidate’s starting pay will fall within the salary range provided below and is determined based on job-related factors, including, but not limited to, the experience, qualifications, knowledge, skills, geographic work location, and market conditions. Candidates with the minimum necessary experience, qualifications, knowledge, and skillsets for the position should not expect to receive the upper end of the pay range. The base pay for this position ranges from our lowest geographic market up to our highest geographic market within California, Colorado, District of Columbia, Hawaii, Illinois, Maryland, Minnesota, New Jersey, New York, and Washington:$18.56 - $39.53 hourly. We offer a comprehensive package of benefits including paid time off, health and welfare insurance, and 401(k) to eligible employees. You can find more information on our benefits at: https://www.vantor.com/careers The application window is three days from the date the job is posted and will remain posted until a qualified candidate has been identified for hire. If the job is reposted regardless of reason, it will remain posted three days from the date the job is reposted and will remain reposted until a qualified candidate has been identified for hire. The date of posting can be found on Vantor's Career page at the top of each job posting. To apply, submit your application via Vantor's Career page. Vantor values diversity in the workplace and is an equal opportunity/affirmative action employer. All qualified applicants will receive consideration for employment without regard to sex, gender identity, sexual orientation, race, color, religion, national origin, disability, protected veteran status, age, or any other characteristic protected by law.",USD
Vantor,"Director, Mission Solutions & Technical Sales, APAC",R24112,Singapore,United States of America,,hybrid,Director,us_person,unknown,unknown,workday,,2026-06-16T21:13:42Z,https://maxar.wd1.myworkdayjobs.com/en-US/Vantor/job/Singapore/Director--Mission-Solutions---Technical-Sales--APAC_R24112,"Vantor is forging the new frontier of spatial intelligence, helping decision makers and operators navigate what’s happening now and shape what’s coming next. Vantor is a place for problem solvers, changemakers, and go-getters—where people are working together to help our customers see the world differently, and in doing so, be seen differently. Come be part of a mission, not just a job, where you can: Shape your own future, build the next big thing, and change the world. Please review the job details below. What we are seeking: We are seeking a mission-focused Director, APAC Mission Solutions and Technical Sales to lead Vantor’s customer-facing technical organization within APAC. This leader will lead the regional team of Solutions Architects and Solutions Engineers responsible for shaping, qualifying, designing, demonstrating, and supporting complex mission solutions for government customers. The ideal candidate is a highly motivated technical sales leader with deep mission understanding, solution architecture expertise, commercial acumen, and a proven ability to lead customer-facing technical teams. This person will engage senior government and defense stakeholders, translate complex mission requirements into compelling solution strategies, and help accelerate customer outcomes and regional growth. They will bring the credibility of a technical leader and subject matter expert, the mindset of an innovative thinker, and the discipline to generate measurable value for customers and the business. Why It Matters: Vantor’s International Government customers operate in complex, high-stakes mission environments where speed, clarity, trust, and technical credibility matter. They need more than product demonstrations; they need a partner who can understand their mission, connect capabilities across the Vantor portfolio, and help bring AI-enabled mission solutions to life in their systems, workflows, and operations. The Regional Mission Solutions and Technical Sales leader will be a leader among a dynamic, results-oriented team of Defense and Intelligence subject matter experts, innovators, Solutions Architects, and Solutions Engineers who are expected to over-deliver for our customers. This role will engage across C-suite, senior government and military officials, and technical teams to move customers from concept to operational impact. Our business is fueled by delivering tangible value to our customers, and we need a leader who is obsessed with making that happen. Where: This role is based in Singapore and will support customers, partners, and internal teams across APAC. The Role: As the Director, APAC Mission Solutions and Technical Sales, you will lead the regional technical sales organization and drive successful customer adoption of Vantor’s mission solutions. You will manage and develop a team of Solutions Architects and Solutions Engineers while also serving as a senior technical leader in strategic customer engagements. You will partner closely with Regional Sales leadership to shape pipeline strategy, support priority opportunities, lead executive-level technical discussions, and ensure customer requirements are translated into credible, differentiated, and operationally feasible solution approaches. You will also ensure your regional team is enabled, connected, and continuously improving through strong collaboration with Product, Engineering, Services, Enablement, and global technical leadership. You will be expected to: Think Strategically:
Establish and maintain effective relationships with current and new government, defense, intelligence, and national security customers, gaining recognition as a trusted and respected representative of Vantor.
Lead the regional technical strategy in partnership with Regional Sales leadership, aligning Solutions Architects and Solutions Engineers to priority accounts, strategic opportunities, and regional growth objectives.
Guide the positioning and articulation of Vantor’s key value propositions to targeted high-value customers and strategic opportunities.
Partner with Product Management, Engineering, Services, Enablement, and Marketing teams to shape solution strategy, inform product direction, and respond to complex customer requirements.
Drive cross-region collaboration and knowledge sharing to reduce single points of dependency, improve field execution, and strengthen technical consistency across International Government.
Act Tactically:
Own the regional execution of technical sales activities across the opportunity lifecycle, including discovery, qualification, solution design, demonstrations, proposal support, technical validation, and transition to delivery.
Lead technical engagement for strategic pursuits and complex customer opportunities, aligning Vantor capabilities to mission requirements, operational workflows, and customer decision criteria.
Drive development of compelling demonstrations, technical briefings, solution approaches, and deployment options across cloud, private cloud, on-premises, hybrid, and edge-based mission environments.
Partner with Sales leadership to prioritize technical resources against the highest-value opportunities and ensure the technical team contributes directly to bookings, pipeline progression, and win rate.
Support the development of reusable regional solution patterns, technical assets, competitive intelligence, field knowledge, and best practices.
Capture and escalate customer requirements, competitive insights, product gaps, and technical blockers to the appropriate internal teams.
Understand Our Customers:
Leverage your government, defense, intelligence, GEOINT, spatial intelligence, and mission domain knowledge to understand customer challenges and shape solution opportunities that drive mission success.
Assess the customer’s technical environment, including operational workflows, data architectures, security requirements, deployment constraints, integration pathways, and mission outcomes.
Engage with senior government, military, program, operational, and engineering stakeholders to map customer needs to Vantor capabilities and solution architectures.
Develop a deep understanding of regional customer priorities, buying dynamics, mission requirements, and competitive pressures.
Lead and Develop the Regional Team:
Manage all regional customer-facing technical personnel assigned to the organization, including Solutions Architects and Solutions Engineers.
Set clear expectations, provide coaching and performance feedback, and support career development for team members.
Own the regional technical skills inventory and identify capability gaps across product knowledge, solution architecture, AI-enabled workflows, mission understanding, competitive positioning, and customer engagement.
Partner with Enablement and other internal teams to ensure the regional technical organization receives the training, tools, and knowledge required to execute effectively.
Build a culture of collaboration, accountability, knowledge sharing, customer focus, and continuous improvement.
Required Qualifications:
Bachelor’s degree in Computer Science, Software Engineering, Data Science, Artificial Intelligence, Geospatial / GIS, Systems Engineering, Cloud Engineering, Business, or a related discipline.
10+ years of experience in technical sales, solution architecture, solutions engineering, systems integration, mission solutions, or related customer-facing technical roles.
5+ years of experience leading, managing, or developing customer-facing technical professionals.
Experience supporting government, defense, intelligence, GEOINT, imagery analysis, spatial intelligence, public sector, or related mission workflows.
Demonstrated ability to lead technical sales engagement across the full opportunity lifecycle, including discovery, qualification, solution design, demonstration, proposal support, technical validation, and transition to delivery.
Experience partnering with sales leadership in a quota-bearing or revenue-influencing role.
Strong understanding of complex software, data, geospatial, analytic, AI-enabled, cloud, or mission platform solutions.
Experience translating complex customer requirements and concepts of operation into compelling solution approaches and winning proposals.
Strong executive presence and ability to communicate complex technical concepts to senior government, military, business, and technical stakeholders.
Proven ability to lead in a matrixed environment and partner effectively across Product, Engineering, Services, Enablement, Marketing, Sales, and Executive teams.
Results-oriented leader with a demonstrated high level of integrity, accountability, and customer focus.
Excellent written and verbal communication skills in English.
Ability to travel averaging approximately 25–30%, with potential peaks up to 50%.
Preferred Qualifications:
Master’s degree in Geospatial Sciences, Engineering, Computer Science, Artificial Intelligence, Data Science, Systems Engineering, Cloud Architecture, Business, or a related field.
Active or previously held government security clearance.
Prior experience as a Solutions Architect, Sales Engineering leader, Mission Solutions leader, or technical leader in a defense, intelligence, geospatial, data, or software organization.
Experience leading technical teams across multiple countries or regions.
Experience applying AI/ML solutions to operational use cases such as computer vision, object detection, multi-source analysis, predictive monitoring, or intelligence-driven workflows.
Experience supporting international government customers and navigating regional procurement, security, and mission requirements.
Experience leading deployment strategy or integration planning for software-based solutions across cloud, private cloud, hybrid, edge, or mission on-premises environments.
Experience building repeatable technical sales processes, solution playbooks, demo strategies, competitive intelligence repositories, or field technical knowledge frameworks.
Systems engineering, software engineering, or program management experience supporting defense, intelligence, or national security programs.
Experience conducting technical feasibility assessments for mission-critical platforms.
Written and verbal communication skills in a second regional language a plus. EEO Policy: Vantor is an equal opportunity employer committed to an inclusive workplace. We believe in fostering an environment where all team members feel respected, valued, and encouraged to share their ideas. All qualified applicants will receive consideration for employment without regard to race, color, religion, national origin, sex, gender identity, sexual orientation, disability, protected veteran status, age, or any other characteristic protected by law.",
Vantor,"Director, Mission Solutions & Technical Sales, MEA",R24113,3 Locations,United States of America,,hybrid,Director,us_person,unknown,unknown,workday,,2026-06-16T21:13:46Z,https://maxar.wd1.myworkdayjobs.com/en-US/Vantor/job/Remote-Dubai/Director--Mission-Solutions---Technical-Sales--MEA_R24113,"Vantor is forging the new frontier of spatial intelligence, helping decision makers and operators navigate what’s happening now and shape what’s coming next. Vantor is a place for problem solvers, changemakers, and go-getters—where people are working together to help our customers see the world differently, and in doing so, be seen differently. Come be part of a mission, not just a job, where you can: Shape your own future, build the next big thing, and change the world. Please review the job details below. What we are seeking: We are seeking a mission-focused Director, MEA Mission Solutions and Technical Sales to lead Vantor’s customer-facing technical organization within the Middle East & Africa region. This leader will lead the regional team of Solutions Architects and Solutions Engineers responsible for shaping, qualifying, designing, demonstrating, and supporting complex mission solutions for government customers. The ideal candidate is a highly motivated technical sales leader with deep mission understanding, solution architecture expertise, commercial acumen, and a proven ability to lead customer-facing technical teams. This person will engage senior government and defense stakeholders, translate complex mission requirements into compelling solution strategies, and help accelerate customer outcomes and regional growth. They will bring the credibility of a technical leader and subject matter expert, the mindset of an innovative thinker, and the discipline to generate measurable value for customers and the business. Why It Matters: Vantor’s International Government customers operate in complex, high-stakes mission environments where speed, clarity, trust, and technical credibility matter. They need more than product demonstrations; they need a partner who can understand their mission, connect capabilities across the Vantor portfolio, and help bring AI-enabled mission solutions to life in their systems, workflows, and operations. The Regional Mission Solutions and Technical Sales leader will be a leader among a dynamic, results-oriented team of Defense and Intelligence subject matter experts, innovators, Solutions Architects, and Solutions Engineers who are expected to over-deliver for our customers. This role will engage across C-suite, senior government and military officials, and technical teams to move customers from concept to operational impact. Our business is fueled by delivering tangible value to our customers, and we need a leader who is obsessed with making that happen. Where: This role is based in the UAE or Saudi Arabia and will support customers, partners, and internal teams across that region. The Role: As the Director, MEA Mission Solutions and Technical Sales, you will lead the regional technical sales organization and drive successful customer adoption of Vantor’s mission solutions. You will manage and develop a team of Solutions Architects and Solutions Engineers while also serving as a senior technical leader in strategic customer engagements. You will partner closely with Regional Sales leadership to shape pipeline strategy, support priority opportunities, lead executive-level technical discussions, and ensure customer requirements are translated into credible, differentiated, and operationally feasible solution approaches. You will also ensure your regional team is enabled, connected, and continuously improving through strong collaboration with Product, Engineering, Services, Enablement, and global technical leadership. You will be expected to: Think Strategically:
Establish and maintain effective relationships with current and new government, defense, intelligence, and national security customers, gaining recognition as a trusted and respected representative of Vantor.
Lead the regional technical strategy in partnership with Regional Sales leadership, aligning Solutions Architects and Solutions Engineers to priority accounts, strategic opportunities, and regional growth objectives.
Guide the positioning and articulation of Vantor’s key value propositions to targeted high-value customers and strategic opportunities.
Partner with Product Management, Engineering, Services, Enablement, and Marketing teams to shape solution strategy, inform product direction, and respond to complex customer requirements.
Drive cross-region collaboration and knowledge sharing to reduce single points of dependency, improve field execution, and strengthen technical consistency across International Government.
Act Tactically:
Own the regional execution of technical sales activities across the opportunity lifecycle, including discovery, qualification, solution design, demonstrations, proposal support, technical validation, and transition to delivery.
Lead technical engagement for strategic pursuits and complex customer opportunities, aligning Vantor capabilities to mission requirements, operational workflows, and customer decision criteria.
Drive development of compelling demonstrations, technical briefings, solution approaches, and deployment options across cloud, private cloud, on-premises, hybrid, and edge-based mission environments.
Partner with Sales leadership to prioritize technical resources against the highest-value opportunities and ensure the technical team contributes directly to bookings, pipeline progression, and win rate.
Support the development of reusable regional solution patterns, technical assets, competitive intelligence, field knowledge, and best practices.
Capture and escalate customer requirements, competitive insights, product gaps, and technical blockers to the appropriate internal teams.
Understand Our Customers:
Leverage your government, defense, intelligence, GEOINT, spatial intelligence, and mission domain knowledge to understand customer challenges and shape solution opportunities that drive mission success.
Assess the customer’s technical environment, including operational workflows, data architectures, security requirements, deployment constraints, integration pathways, and mission outcomes.
Engage with senior government, military, program, operational, and engineering stakeholders to map customer needs to Vantor capabilities and solution architectures.
Develop a deep understanding of regional customer priorities, buying dynamics, mission requirements, and competitive pressures.
Lead and Develop the Regional Team:
Manage all regional customer-facing technical personnel assigned to the organization, including Solutions Architects and Solutions Engineers.
Set clear expectations, provide coaching and performance feedback, and support career development for team members.
Own the regional technical skills inventory and identify capability gaps across product knowledge, solution architecture, AI-enabled workflows, mission understanding, competitive positioning, and customer engagement.
Partner with Enablement and other internal teams to ensure the regional technical organization receives the training, tools, and knowledge required to execute effectively.
Build a culture of collaboration, accountability, knowledge sharing, customer focus, and continuous improvement.
Required Qualifications:
Bachelor’s degree in Computer Science, Software Engineering, Data Science, Artificial Intelligence, Geospatial / GIS, Systems Engineering, Cloud Engineering, Business, or a related discipline.
10+ years of experience in technical sales, solution architecture, solutions engineering, systems integration, mission solutions, or related customer-facing technical roles.
5+ years of experience leading, managing, or developing customer-facing technical professionals.
Experience supporting government, defense, intelligence, GEOINT, imagery analysis, spatial intelligence, public sector, or related mission workflows.
Demonstrated ability to lead technical sales engagement across the full opportunity lifecycle, including discovery, qualification, solution design, demonstration, proposal support, technical validation, and transition to delivery.
Experience partnering with sales leadership in a quota-bearing or revenue-influencing role.
Strong understanding of complex software, data, geospatial, analytic, AI-enabled, cloud, or mission platform solutions.
Experience translating complex customer requirements and concepts of operation into compelling solution approaches and winning proposals.
Strong executive presence and ability to communicate complex technical concepts to senior government, military, business, and technical stakeholders.
Proven ability to lead in a matrixed environment and partner effectively across Product, Engineering, Services, Enablement, Marketing, Sales, and Executive teams.
Results-oriented leader with a demonstrated high level of integrity, accountability, and customer focus.
Excellent written and verbal communication skills in English.
Ability to travel averaging approximately 25–30%, with potential peaks up to 50%.
Fluent in English and Arabic.
Preferred Qualifications:
Master’s degree in Geospatial Sciences, Engineering, Computer Science, Artificial Intelligence, Data Science, Systems Engineering, Cloud Architecture, Business, or a related field.
Active or previously held government security clearance.
Prior experience as a Solutions Architect, Sales Engineering leader, Mission Solutions leader, or technical leader in a defense, intelligence, geospatial, data, or software organization.
Experience leading technical teams across multiple countries or regions.
Experience applying AI/ML solutions to operational use cases such as computer vision, object detection, multi-source analysis, predictive monitoring, or intelligence-driven workflows.
Experience supporting international government customers and navigating regional procurement, security, and mission requirements.
Experience leading deployment strategy or integration planning for software-based solutions across cloud, private cloud, hybrid, edge, or mission on-premises environments.
Experience building repeatable technical sales processes, solution playbooks, demo strategies, competitive intelligence repositories, or field technical knowledge frameworks.
Systems engineering, software engineering, or program management experience supporting defense, intelligence, or national security programs.
Experience conducting technical feasibility assessments for mission-critical platforms. EEO Policy: Vantor is an equal opportunity employer committed to an inclusive workplace. We believe in fostering an environment where all team members feel respected, valued, and encouraged to share their ideas. All qualified applicants will receive consideration for employment without regard to race, color, religion, national origin, sex, gender identity, sexual orientation, disability, protected veteran status, age, or any other characteristic protected by law.",
Vantor,General Manager - Sovereign Satellite Product Line & Commercialization,R24114,3 Locations,United States of America,,onsite,Manager,us_person,unknown,unknown,workday,,2026-06-16T21:13:50Z,https://maxar.wd1.myworkdayjobs.com/en-US/Vantor/job/London-United-Kingdom/General-Manager---Sovereign-Satellite-Product-Line---Commercialization_R24114,"Vantor is forging the new frontier of spatial intelligence, helping decision makers and operators navigate what’s happening now and shape what’s coming next. Vantor is a place for problem solvers, changemakers, and go-getters—where people are working together to help our customers see the world differently, and in doing so, be seen differently. Come be part of a mission, not just a job, where you can: Shape your own future, build the next big thing, and change the world. Please review the job details below. We are hiring a General Manager (GM), Sovereign Satellite Product Line & Commercialization to serve as the global leader for Vantor’s next-generation Pulse satellite constellation. This senior executive will own the entire global lifecycle of the Sovereign Satellite product line—bridging the gap between international commercial capture and final program delivery. The GM will combine deep global market knowledge, regulatory insights, and competitive intelligence with the technical acumen necessary to steer engineering, production, and execution teams. This leader will help build the Sovereign Satellite portfolio into a standalone, scalable business unit globally, collaborating cross-functionally with Product, Engineering, Operations, Finance, and regional sales teams to ensure that when sovereign programs are captured, they are successfully executed, localized, and delivered on time. Key Responsibilities Executive Leadership & Product Line Governance End-to-End Program Ownership: Own the ultimate delivery and execution roadmap for the sovereign satellite product line globally, transitioning programs seamlessly from design and development into production, launch, and delivery.
Cross-Functional Delivery Authority: Drive delivery responsibility across the global partner base; act as one of the key decision-makers on delivery slots, backlog prioritization, and resource allocation in coordination with technical teams.
P&L and Business Unit Management: Establish the cross-functional structure, KPIs, and operational frameworks required to build the sovereign satellite business as a high-performing, and ultimately standalone product line on a global scale.
Matrixed Alignment: Bridge the gap between GTM teams and engineering/constellation build teams to build a unified, cross-functional delivery machine. Global GTM & Commercial Architecture Global GTM Strategy: Define and execute the worldwide GTM strategy, market segmentation, route-to-market, and strategic prioritization across all key international regions.
Pricing, Packaging & Monetization: Design, operationalize, and iterate complex commercial models (e.g., subscription capacity, tasking-as-a-service, tiered access, and enterprise/sovereign bundles) tailored for international defense and civil ministries.
Sales Enablement & Execution: Build institutional hunting playbooks, capture strategies, and standardized pricing tools. Partner directly with the company’s ELT and the Regional Sales VPs worldwide as the executive commercial lead to shape, position, and close high-value, complex sovereign pursuits. Technical Oversight, Localization & Industrial Participation Technical & Market Convergence: Translate complex technical satellite capabilities, payload specifications, and orbital mechanics into high-value commercial offerings and robust business cases worldwide.
Sovereign Localization & Offsets: Design and execute in-country industrial participation, technology transfer, and offset programs to meet strict country-specific contracting, regulatory, and licensing requirements globally.
Ecosystem Development: Build strategic partnerships and cultivate local industrial/technology ecosystems to accelerate international adoption and satisfy sovereign ownership frameworks.
Lifecycle Planning: Oversee end-to-end operational planning, encompassing hardware production, launch integration, on-orbit commissioning, and local operator training. Qualifications Minimum Qualifications Global Senior Leadership Experience: Extensive experience in a GM, Business Unit Leader, or Senior Director role managing complex, high-value product lines or strategic business units within the satellite, aerospace, defense, or space sectors with a clear international or global scope.
Proven Delivery Track Record: Demonstrable success not just in closing deals, but in managing the full lifecycle of launching, commercializing, and delivering a new satellite constellation, Earth Observation product, SAR Product, or spatial intelligence platform internationally.
Market & Technical Acumen: Strong foundational knowledge of satellite and aerospace technologies paired with an expert-level understanding of the global GEOINT market, international competitive landscape, and EO and SAR value chains.
Sovereign Procurement Expertise: Deep understanding of international government procurement, military/civil buying cycles, EXIM limitations, and national security licensing/regulations across multiple regions.
Financial & Commercial Mastery: Proven experience designing sophisticated pricing architectures, managing P&L dynamics, and building data-driven GTM forecasts.
Executive Presence: Exceptional communication skills with a track record of serving as a trusted advisor to senior government officials, defense ministries, and global C-suite executives.
Willingness to Travel: Ability to travel extensively internationally as required to support key pursuits and global partner reviews. Preferred Qualifications Established Global Network: Existing high-level relationships within European, Middle Eastern, APAC, or allied global government space and defense organizations.
Industrial Participation Expertise: Direct experience managing sovereign localization models, offsets, or complex international joint ventures across diverse regulatory environments.
Scale Experience: Experience successfully scaling a business unit within a high-growth technology or aerospace organization, transforming ""one-off"" project deliveries into a standardized, repeatable global product line. EEO Policy: Vantor is an equal opportunity employer committed to an inclusive workplace. We believe in fostering an environment where all team members feel respected, valued, and encouraged to share their ideas. All qualified applicants will receive consideration for employment without regard to race, color, religion, national origin, sex, gender identity, sexual orientation, disability, protected veteran status, age, or any other characteristic protected by law.",
Vantor,"Sales Director, Nordics, International Government",R24129,2 Locations,United States of America,,onsite,Director,us_person,unknown,unknown,workday,,2026-06-16T21:13:54Z,https://maxar.wd1.myworkdayjobs.com/en-US/Vantor/job/Remote-Sweden/Sales-Director--Nordics--International-Government_R24129,"Vantor is forging the new frontier of spatial intelligence, helping decision makers and operators navigate what’s happening now and shape what’s coming next. Vantor is a place for problem solvers, changemakers, and go-getters—where people are working together to help our customers see the world differently, and in doing so, be seen differently. Come be part of a mission, not just a job, where you can: Shape your own future, build the next big thing, and change the world. Please review the job details below. Our Vantor International Government team is seeking a Sales Director to help drive our growth with European Defense Original Equipment Manufacturers (OEMs) System Integrators and End users. In this role, you’ll build and strengthen relationships not only with key defense and government clients across Europe, but also with their ecosystem partners and military end users. You will be identifying programs which require geospatial products and solutions, including, but not limited to visual simulation, Integrated Air and Missile Defense, Mission Planning & Rehearsal, Targeting, C4ISR. The ideal candidate will be passionate about solving complex customer problems, navigating complex stakeholder environments, and delivering large transactions in which directly contribute to our mission success. If you’re a relationship-driven, results-oriented professional who’s passionate about making a real difference for customers, we want you on our team. What You'll Be Doing: Sell geospatial intelligence products and solutions to defense OEMs and system integrators in Europe.
Work closely with the Head of Europe on developing a strategy and a sales plan to build a robust pipeline.
Utilize your existing network to identify opportunities in line with sales plan, as well as build and uphold relationships with senior OEM executives, military and Govt stakeholders across key accounts.
Develop a clear understanding of customers’ requirements, budgets and decision-making process and be able to articulate those into a plan which you will communicate to the organization.
Build internal relationships and liaise with teams across Maxar to put together solutions and develop proposals.
Coordinate lead generation campaigns with your sales peers and marketing.
Represent Maxar at tradeshows and public facing engagements. Required Skills and Qualifications: Minimum 3-years track record of successfully selling to the European defense market.
Bachelor’s degree in relevant field or equivalent experience,
Sales hunting attitude and passion about relationship building, complex problem solving and customer success.
3+ years of demonstrated ability of solution selling to OEMs and systems integrators.
Experience capturing accurate forecast revenue and bookings with experience with Salesforce or similar CRM software.
Knowledge of geospatial intelligence solutions (desirable).
Strong oral and written communication in English. Swedish Finnish language would be advantageous as a second language.
Self-motivated and proactive, strong social skills and ability to present in both small and large settings.
Ability to multi-task and prioritize.
Military experience preferential
Travel Required 25-50%.",
Vantor,Sr. Staff Space-Based Communications Systems Engineer,R23971,"Westminster, CO",United States of America,144500.0,onsite,Principal,yes,TS/SCI,unknown,workday,,2026-06-16T21:13:58Z,https://maxar.wd1.myworkdayjobs.com/en-US/Vantor/job/Westminster-CO/Optical-Comms-Space-Systems-Engineer_R23971,"Vantor is forging the new frontier of spatial intelligence, helping decision makers and operators navigate what’s happening now and shape what’s coming next. Vantor is a place for problem solvers, changemakers, and go-getters—where people are working together to help our customers see the world differently, and in doing so, be seen differently. Come be part of a mission, not just a job, where you can: Shape your own future, build the next big thing, and change the world. To be eligible for this position, you must be a U.S. Person, defined as a U.S. citizen, permanent resident, Asylee, or Refugee. Export Control/ITAR: Certain roles may be subject to U.S. export control laws, requiring U.S. person status as defined by 8 U.S.C. 1324b(a)(3). Please review the job details below. Our SpaceWrx team is responsible for developing advanced space systems that enable resilient, high-performance communications architectures for next-generation commercial, civil, and national security missions. We are seeking an experienced Space-Based Comms Systems Engineer to lead the evaluation, integration, and technical oversight of mainly spacecraft optical communications solutions. This role will serve as a key technical authority across optical terminal selection, link performance analysis, vendor engagement, and system-level architecture development. You will work at the intersection of: Spacecraft optical communications Systems engineering and architecture development Vendor management and hardware procurement Mission performance analysis Cross-functional spacecraft integration The ideal candidate understands not only the optical communications subsystem itself, but also how it interacts with the broader spacecraft architecture and mission objectives. This individual will provide technical leadership from early trade studies through deployment and operational readiness. What you’ll do day-to-day Lead the evaluation, selection, and integration of spacecraft optical communications systems for mission-critical space programs. Develop and maintain optical communications trade studies, requirements analyses, and hardware down-selection efforts. Build and maintain detailed optical link budgets, including acquisition, tracking, pointing, atmospheric effects, distance-dependent losses, and system performance margins. Analyze end-to-end communications performance and recommend architecture improvements across spacecraft, ground, and network segments. Assess optical terminal capabilities, data rates, acquisition strategies, modulation approaches, and operational concepts to ensure mission success. Serve as the primary technical interface with optical communications vendors, evaluating product offerings and ensuring alignment with program requirements. Guide vendor engagements throughout the product lifecycle, including technical reviews, design assessments, manufacturing oversight, and delivery planning. Interact and collaborate with optical comm and RF cross-link service providers to evaluate the applicability of their offerings Monitor supplier manufacturing, integration, testing, and qualification activities to ensure schedule, quality, and technical objectives are achieved. Collaborate with spacecraft, avionics, communications, mission operations, payload, and systems engineering teams to develop optimized end-to-end solutions. Identify technical risks, performance limitations, and integration challenges while developing mitigation strategies. Support system architecture development and provide recommendations on upstream and downstream subsystem impacts. Contribute to customer engagements, technical reviews, and proposal activities as a subject matter expert in optical communications. Minimum requirements for this position Must be a U.S. citizen and possess, or have the ability to obtain, a U.S. Government TS/SCI security clearance. Bachelor’s or Master’s degree in Aerospace Engineering, Electrical Engineering, Systems Engineering, Physics, or a related technical discipline. 5+ years of experience in the Aerospace industry – 2+ years of developing, integrating, or supporting spacecraft optical communications systems. Strong understanding of spacecraft optical communications principles, including: Link acquisition and tracking Pointing, acquisition, and tracking (PAT) systems Optical link budget development Data rate and bandwidth calculations Distance-dependent losses and performance modeling End-to-end communications architecture Experience conducting technical trade studies and hardware down-selection efforts. Experience with spacecraft optical communications AI&T campaigns and deploying into full operations Experience developing and maintaining system-level performance analyses and link budgets. Demonstrated ability to evaluate vendor technologies and manage technical relationships with suppliers and manufacturers. Experience overseeing hardware development, manufacturing, testing, and qualification activities. Experience setting up, executing tests, and analyzing data-chain testbeds leveraging optical terminals Strong systems engineering mindset with the ability to understand subsystem interactions and mission-level impacts. Excellent communication skills and proven ability to collaborate across multidisciplinary engineering teams. Ability to operate independently and drive technically complex initiatives with minimal oversight. These skills would be amazing Experience supporting optical communications systems for commercial, civil, and national security missions. Familiarity with optical terminal integration into spacecraft avionics and communications architectures. Experience in designing spacecraft RF cross-links Experience with ground station integration and end-to-end communications network analysis. Experience supporting design reviews, requirements verification, and mission readiness activities. Knowledge of emerging optical communications standards, architectures, and industry trends. Active U.S. Government security clearance. Your Career We are very serious about professional development and continuing education at Vantor. We offer our team members the opportunity to define their own career trajectory – you will have the opportunity to own mission critical components within the system. Our group has amazing resources to support learning and development, internally and externally with education support. You will be part of a transformational architecture that will ensure Vantor continues to be the GeoInt leader for the next 15+ years. #LI-MG1 Pay Transparency: To support pay transparency, Vantor includes salary ranges in all U.S. job postings. Starting pay for this role will fall within the listed range and will be based on factors such as experience, qualifications, skills, location, and market conditions. Candidates who meet the minimum requirements for the role should not expect to receive compensation at the top of the range. The listed range reflects the expected pay for this position, and final offers will be determined based on each candidate’s experience, expertise, and alignment with the role. ● The base pay for this position within Colorado is: $124,000.00 - $165,000.00 - $181,500.00 annually. For all other states, we use geographic cost of labor as an input to develop market-driven ranges for our roles, and as such, each location where we hire may have a different range. Benefits: Vantor offers a competitive total rewards package that goes beyond the standard, including a robust 401(k) with company match, mental health resources, and unique perks like student loan repayment assistance, adoption reimbursement and pet insurance to support all aspects of your life. You can find more information on our benefits at: https://www.Vantor.com/careers Additionally, this position is incentive eligible with a target based on contribution, company performance, and/or individual results achieved; the specific incentive plan and target amount will be determined based on the role and breadth of contributions. The application window is three days from the date the job is posted and will remain posted until a qualified candidate has been identified for hire. If the job is reposted regardless of reason, it will remain posted three days from the date the job is reposted and will remain reposted until a qualified candidate has been identified for hire. The date of posting can be found on Vantor's Career page at the top of each job posting. To apply, submit your application via Vantor's Career page. EEO Policy: Vantor is an equal opportunity employer committed to an inclusive workplace. We believe in fostering an environment where all team members feel respected, valued, and encouraged to share their ideas. All qualified applicants will receive consideration for employment without regard to race, color, religion, national origin, sex, gender identity, sexual orientation, disability, protected veteran status, age, or any other characteristic protected by law.",USD
Vantor,"Systems Engineer, MBSE",R23784,"Customer Site (Colorado Springs, CO)",United States of America,119000.0,remote,Mid,yes,TS/SCI,unknown,workday,,2026-06-16T21:14:02Z,https://maxar.wd1.myworkdayjobs.com/en-US/Vantor/job/Customer-Site-Colorado-Springs-CO/Model-Based-Systems-Engineer--MBSE-_R23784-2,"Vantor is forging the new frontier of spatial intelligence, helping decision makers and operators navigate what’s happening now and shape what’s coming next. Vantor is a place for problem solvers, changemakers, and go-getters—where people are working together to help our customers see the world differently, and in doing so, be seen differently. Come be part of a mission, not just a job, where you can: Shape your own future, build the next big thing, and change the world. To be eligible for this position, you must be a U.S. Citizen. This position requires an active U.S. Government security clearance, applicants who do not currently hold the required clearance will not be eligible for consideration. Employment for cleared roles is contingent upon verification of clearance status. Export Control/ITAR: Certain roles may be subject to U.S. export control laws, requiring U.S. person status as defined by 8 U.S.C. 1324b(a)(3). Please review the job details below. Are you looking for an opportunity to combine your technical skills with big picture thinking to make an impact in the DoD? You understand your customer’s environment and how to develop the right systems for their mission. Your ability to translate real-world needs into technical specifications makes you an integral part of delivering a customer focused engineering solution. At Vantor, you’ll work with the U.S. Space Force as part of the effort to define and manage an integrated system-of-systems space enterprise. Your customer will trust you to not only architect, engineer, integrate, test and deploy these systems, but also identify areas requiring urgent mitigation up front and early to develop this system with advanced technology solutions. Within this role, you will leverage Model-Based Systems Engineering (MBSE) tools, including Cameo, to develop and manage system requirements, establish traceability, link model elements, and generate reports to support program decisions. You’ll develop and maintain a Life Cycle Sustainment Plan (LCSP), ensuring alignment with program objectives and long-term support strategies. You’ll contribute to knowledge management practices by organizing and maintaining technical documentation within Confluence and Git-based repositories. Grow your skills by researching new requirements, technologies, and threats and using innovative engineering methodologies and tools to create tomorrow’s solutions. Due to the nature of work performed within this facility, U.S. citizenship is required. Qualifications: Secret clearance Bachelor’s degree 5+ years of experience in MBSE Experience applying MBSE principles to support complex system sustainment, upgrades, and lifecycle management Experience performing requirements analysis, synthesis, and traceability for shall statement and supplemental fields evaluation, including test method and success criteria Experience with knowledge management, configuration management, and LCSP creation, including for IT programs Experience with both Waterfall and Agile Project Management Ability to use MBSE tools such as Cameo, to interpret and update system models such as SysML diagrams, to reflect system changes, configurations, and operational impacts Ability to interact with technical and non-technical audiences at varying levels Ability to work onsite at Peterson Space Force Base Preferred Qualifications: TS/SCI clearance Experience with the Atlassian Suite, including Confluence and Jira Experience with Cloud services and Cloud-native architecture patterns Experience working with or architecting solutions in AWS Experience working as a software or systems engineering and integration lead, including cradle to grave Experience using Microsoft Office Suite programs such as Word, PowerPoint, Excel, and Project Possession of strong communication skills Clearance: Secret/SCI Eligible Work Location: Colorado Springs (Peterson SFB) – primarily on-site (limited remote/hybrid). #cjpost #LI-CJ1 Pay Transparency: To support pay transparency, Vantor includes salary ranges in all U.S. job postings. Starting pay for this role will fall within the listed range and will be based on factors such as experience, qualifications, skills, location, and market conditions. Candidates who meet the minimum requirements for the role should not expect to receive compensation at the top of the range. The listed range reflects the expected pay for this position, and final offers will be determined based on each candidate’s experience, expertise, and alignment with the role. ● The base pay for this position within Colorado is: $102,000.00 - $136,000.00 - $149,600.00 annually. For all other states, we use geographic cost of labor as an input to develop market-driven ranges for our roles, and as such, each location where we hire may have a different range. Benefits: Vantor offers a competitive total rewards package that goes beyond the standard, including a robust 401(k) with company match, mental health resources, and unique perks like student loan repayment assistance, adoption reimbursement and pet insurance to support all aspects of your life. You can find more information on our benefits at: https://www.Vantor.com/careers The application window is three days from the date the job is posted and will remain posted until a qualified candidate has been identified for hire. If the job is reposted regardless of reason, it will remain posted three days from the date the job is reposted and will remain reposted until a qualified candidate has been identified for hire. The date of posting can be found on Vantor's Career page at the top of each job posting. To apply, submit your application via Vantor's Career page. EEO Policy: Vantor is an equal opportunity employer committed to an inclusive workplace. We believe in fostering an environment where all team members feel respected, valued, and encouraged to share their ideas. All qualified applicants will receive consideration for employment without regard to race, color, religion, national origin, sex, gender identity, sexual orientation, disability, protected veteran status, age, or any other characteristic protected by law.",USD
Vantor,Aerospace Modeling & Simulation Analyst (TS/SCI),R23892,"Herndon, VA",United States of America,105000.0,remote,Mid,yes,TS/SCI,unknown,workday,,2026-06-16T21:14:06Z,https://maxar.wd1.myworkdayjobs.com/en-US/Vantor/job/Herndon-VA/Aerospace-Modeling---Simulation-Analyst--TS-SCI-_R23892,"Vantor is forging the new frontier of spatial intelligence, helping decision makers and operators navigate what’s happening now and shape what’s coming next. Vantor is a place for problem solvers, changemakers, and go-getters—where people are working together to help our customers see the world differently, and in doing so, be seen differently. Come be part of a mission, not just a job, where you can: Shape your own future, build the next big thing, and change the world. To be eligible for this position, you must be a U.S. Citizen. This position requires an active U.S. Government security clearance, applicants who do not currently hold the required clearance will not be eligible for consideration. Employment for cleared roles is contingent upon verification of clearance status. Export Control/ITAR: Certain roles may be subject to U.S. export control laws, requiring U.S. person status as defined by 8 U.S.C. 1324b(a)(3). Please review the job details below. Vantor is seeking an Aerospace Modeling & Simulation Engineer to support advanced ISR studies for government and commercial customers. In this role, you will model satellites, aircraft, sensor systems, mission scenarios, and operational concepts to evaluate performance, explore trade-offs, and inform decisions on future space and airborne capabilities. This is a hands-on technical role for someone who enjoys solving complex mission problems, improving simulation capabilities, working with large datasets, and turning detailed analysis into clear recommendations for senior decision-makers. You will contribute across fast-paced studies and longer-term efforts that help shape the systems and architectures of the future. What You’ll Do Develop, modify, and run high-fidelity simulations of space, airborne, and ISR sensor systems to support architecture studies, system trades, performance assessments, and mission-level analyses. Build operational vignettes that reflect real-world mission needs, constraints, and customer priorities. Develop new tools, scripts, and simulator features to improve scenario generation, data analysis, visualization, workflow efficiency, and overall simulation capability. Analyze simulation results to identify trends, risks, trade-offs, and key performance drivers. Perform QA/QC on model inputs, assumptions, outputs, and analytical results. Present findings and recommendations to technical teams, senior leaders, and customers. Collaborate with multidisciplinary teams while also owning independent analysis tasks. Note: US citizenship and an active TS/SCI clearance are mandatory for this position and required for consideration. Required: US Citizenship Required with an active or current TS/SCI clearance. Bachelor’s degree from an accredited college/university, in Aerospace Engineering, Mechanical Engineering, Electrical Engineering, Mathematics, Physics, or Computer Science. Willing to work on-site. Desired/Preferred Qualifications: An advanced degree in Engineering or a related field. Working knowledge of the theory and applications of astrodynamics, remote sensing, spacecraft design, aerospace systems operations, or complex systems integration is desired. Experience with the design, development and software implementation of complex mathematical algorithms. Ability to develop standalone engineering tools/scripts via Python and/or Excel. Ability to identify, analyze, resolve technical risks and issues, develop technical reports, and collaborate with government and other stakeholders to implement recommended solutions. Ability to communicate and establish collaborative relationships with both clients and teammates to achieve program goals. Strong interpersonal, written, and verbal communication skills. Highly motivated and dynamic work ethic with a strong desire to contribute to the mission. #LI-CJ1 #cjpost #LI-Onsite Pay Transparency: To support pay transparency, Vantor includes salary ranges in all U.S. job postings. Starting pay for this role will fall within the listed range and will be based on factors such as experience, qualifications, skills, location, and market conditions. Candidates who meet the minimum requirements for the role should not expect to receive compensation at the top of the range. The listed range reflects the expected pay for this position, and final offers will be determined based on each candidate’s experience, expertise, and alignment with the role. ● The base pay for this position within the Washington, DC metropolitan area is: $90,000.00 - $120,000.00 - $132,000.00 annually. For all other states, we use geographic cost of labor as an input to develop market-driven ranges for our roles, and as such, each location where we hire may have a different range. Benefits: Vantor offers a competitive total rewards package that goes beyond the standard, including a robust 401(k) with company match, mental health resources, and unique perks like student loan repayment assistance, adoption reimbursement and pet insurance to support all aspects of your life. You can find more information on our benefits at: https://www.Vantor.com/careers The application window is three days from the date the job is posted and will remain posted until a qualified candidate has been identified for hire. If the job is reposted regardless of reason, it will remain posted three days from the date the job is reposted and will remain reposted until a qualified candidate has been identified for hire. The date of posting can be found on Vantor's Career page at the top of each job posting. To apply, submit your application via Vantor's Career page. EEO Policy: Vantor is an equal opportunity employer committed to an inclusive workplace. We believe in fostering an environment where all team members feel respected, valued, and encouraged to share their ideas. All qualified applicants will receive consideration for employment without regard to race, color, religion, national origin, sex, gender identity, sexual orientation, disability, protected veteran status, age, or any other characteristic protected by law.",USD
Vantor,"Supervisor, Operations Support Engineering",R24127,"Longmont, CO",United States of America,108180.0,onsite,Mid,yes,TS/SCI,unknown,workday,,2026-06-16T21:14:10Z,https://maxar.wd1.myworkdayjobs.com/en-US/Vantor/job/Longmont-CO/Supervisor--Operations-Support-Engineering_R24127,"Vantor is forging the new frontier of spatial intelligence, helping decision makers and operators navigate what’s happening now and shape what’s coming next. Vantor is a place for problem solvers, changemakers, and go-getters—where people are working together to help our customers see the world differently, and in doing so, be seen differently. Come be part of a mission, not just a job, where you can: Shape your own future, build the next big thing, and change the world. To be eligible for this position, you must be a U.S. Citizen. This position requires an active U.S. Government security clearance, applicants who do not currently hold the required clearance will not be eligible for consideration. Employment for cleared roles is contingent upon verification of clearance status. Export Control/ITAR: Certain roles may be subject to U.S. export control laws, requiring U.S. person status as defined by 8 U.S.C. 1324b(a)(3). Please review the job details below. We’re hiring a Manager, Operations Support Engineering to join our Mission Operations team in Longmont, Colorado. In this role, you will lead a team of Spacecraft Operations Support Engineers responsible for sustaining mission-critical operations in a 24x7 environment. You’ll oversee personnel leadership, workforce readiness, operational execution, training, anomaly response coordination, and continuous improvement activities that enable mission success. Responsibilities Lead a team of Spacecraft Operations Support Engineers supporting Vantor’s Mission Operations function.
Supervise daily operational support activities in a 24x7 mission environment.
Manage workforce scheduling, shift coverage, timecard approval, leave coordination, and staffing readiness for assigned personnel.
Establish team priorities, performance expectations, training objectives, and operational goals aligned with organizational requirements.
Ensure personnel maintain required certifications, qualifications, and operational proficiency standards.
Partner with adjacent technical resources and subject matter experts to support training, anomaly resolution, readiness activities, and operational improvements.
Coordinate operational issue resolution and anomaly response activities across Operations, Engineering, and other stakeholders.
Monitor team performance and operational metrics while identifying opportunities to improve process efficiency and operational effectiveness.
Conduct interviews, onboarding, training, coaching, performance evaluations, recognition activities, and employee development planning. Minimum Qualifications Must be a U.S. Citizen with an active Secret security clearance and the ability to obtain and maintain a Top Secret/Sensitive Compartmented Information (TS/SCI) clearance.
Bachelor’s degree in Engineering, Aerospace, Computer Science, Business Administration, or a related field. Four additional years of relevant experience may be substituted for a degree.
2+ years of experience in mission operations or a related technical operational environment.
2+ years of leadership experience supervising, leading, or coordinating technical professionals in an operational environment.
Ability to work on-site in Longmont, Colorado supporting mission-critical 24x7 operations, including time-sensitive requirements, incident response, anomaly resolution, and support outside of regular business hours, as required.
Excellent verbal and written communication skills. Preferred Qualifications Active Top Secret/Sensitive Compartmented Information (TS/SCI) security clearance.
Experience with satellite operations, aerospace operations, ground systems, mission operations, or space systems support.
Experience supporting classified operations within secure or controlled environments.
Demonstrated ability to remain calm and decisive in stressful, time-sensitive, or mission-impacting situations.
Demonstrated ability to build high-performing teams, develop personnel, and foster a culture of accountability and operational excellence. Pay Transparency: To support pay transparency, Vantor includes salary ranges in all U.S. job postings. Starting pay for this role will fall within the listed range and will be based on factors such as experience, qualifications, skills, location, and market conditions. Candidates who meet the minimum requirements for the role should not expect to receive compensation at the top of the range. The listed range reflects the expected pay for this position, and final offers will be determined based on each candidate’s experience, expertise, and alignment with the role. ● The base pay for this position within Colorado is: $93,000.00 - $123,360.00 - $135,696.00 annually. For all other states, we use geographic cost of labor as an input to develop market-driven ranges for our roles, and as such, each location where we hire may have a different range. Benefits: Vantor offers a competitive total rewards package that goes beyond the standard, including a robust 401(k) with company match, mental health resources, and unique perks like student loan repayment assistance, adoption reimbursement and pet insurance to support all aspects of your life. You can find more information on our benefits at: https://www.Vantor.com/careers Additionally, this position is incentive eligible with a target based on contribution, company performance, and/or individual results achieved; the specific incentive plan and target amount will be determined based on the role and breadth of contributions. The application window is three days from the date the job is posted and will remain posted until a qualified candidate has been identified for hire. If the job is reposted regardless of reason, it will remain posted three days from the date the job is reposted and will remain reposted until a qualified candidate has been identified for hire. The date of posting can be found on Vantor's Career page at the top of each job posting. To apply, submit your application via Vantor's Career page. EEO Policy: Vantor is an equal opportunity employer committed to an inclusive workplace. We believe in fostering an environment where all team members feel respected, valued, and encouraged to share their ideas. All qualified applicants will receive consideration for employment without regard to race, color, religion, national origin, sex, gender identity, sexual orientation, disability, protected veteran status, age, or any other characteristic protected by law.",USD
Vantor,"Lead Analyst, HR Analytics & Workday Reporting",R24124,"Westminster, CO",United States of America,96500.0,onsite,Lead,us_person,unknown,unknown,workday,,2026-06-16T21:14:14Z,https://maxar.wd1.myworkdayjobs.com/en-US/Vantor/job/Westminster-CO/Lead-Analyst--HR-Analytics---Workday-Reporting_R24124,"Vantor is forging the new frontier of spatial intelligence, helping decision makers and operators navigate what’s happening now and shape what’s coming next. Vantor is a place for problem solvers, changemakers, and go-getters—where people are working together to help our customers see the world differently, and in doing so, be seen differently. Come be part of a mission, not just a job, where you can: Shape your own future, build the next big thing, and change the world. To be eligible for this position, you must be a U.S. Person, defined as a U.S. citizen, permanent resident, Asylee, or Refugee. Export Control/ITAR: Certain roles may be subject to U.S. export control laws, requiring U.S. person status as defined by 8 U.S.C. 1324b(a)(3). Please review the job details below. Vantor is seeking a Senior HRIS Analyst, HR Analytics & Workday Reporting to support the development, optimization, and governance of HR systems, workforce reporting, analytics, and Workday security. This role serves as a subject matter expert for Workday reporting and people data, partnering with HR, business leaders, and executive stakeholders to deliver accurate insights, standardized metrics, and data-driven decision support. The Senior HRIS Analyst will design and maintain Workday reports, dashboards, worksheets, security roles, and data access controls while supporting audit activities, system releases, UAT, and enterprise HR technology initiatives. This position plays a key role in strengthening HR data integrity, improving reporting capabilities, and enabling secure, effective use of workforce information across the organization. Responsibilities Design, develop, maintain, and govern Workday reports, dashboards, worksheets, discovery boards, and other reporting solutions. Build OpenAI Codex solutions for simplifying recurring, complex reporting needs. Own and deliver bi-monthly C-Suite HR steering committee presentations. Partner with HR, business leaders, and executive stakeholders to define workforce metrics, reporting standards, key performance indicators, and recurring reporting needs, including the buildout of our enterprise datalake. Proactively analyze workforce data and trends to support strategic planning, talent initiatives, compliance, workforce planning, and operational decision-making. Develop and maintain centralized reporting libraries, metric definitions, documentation, and HR data governance standards. Configure, maintain, and audit Workday security roles, domain permissions, and data access controls. Partner with stakeholders to evaluate access needs and implement appropriate controls for HR data, reporting, and business processes. Serve as a primary HRIS contact for internal and external audit activities involving HR systems, workforce data, reporting, and security controls. Lead user acceptance testing, validation, release readiness, and stakeholder communication for Workday releases, enhancements, and system changes. Evaluate new Workday functionality and recommend enhancements that improve system performance, reporting, user experience, and operational effectiveness. Provide advanced troubleshooting and support across Workday modules and related HR technology solutions. Identify opportunities to streamline HR processes, improve data accessibility, and leverage automation or AI-enabled tools to enhance HR service delivery. Develop documentation, training materials, and best practices related to reporting, analytics, security, data governance, and system administration. Minimum Qualifications Bachelor’s degree in Human Resources, Information Systems, Business Analytics, Computer Science, Business Administration, or a related field; or equivalent combination of education and experience. 3-5 years of Workday HCM experience, including advanced reporting, composite reporting, dashboards, discovery boards, and worksheets. Advanced experience creating, maintaining, and optimizing reports, dashboards, and workforce analytics solutions. Experience supporting data governance, security administration, access management, or system control processes. Strong analytical, problem-solving, critical-thinking, and data interpretation skills. Knowledge of HR metrics, workforce planning, people analytics, and talent reporting practices. Ability to communicate technical concepts and workforce data insights clearly to non-technical stakeholders. Strong project coordination, documentation, and stakeholder management skills. Ability to manage multiple priorities while maintaining accuracy, confidentiality, and attention to detail. Preferred Qualifications Experience supporting Workday security administration, domain permissions, and access governance. Experience leading user acceptance testing and Workday release management activities. Experience supporting internal audit, compliance, risk management, or regulatory reporting initiatives. Experience using automation, AI-enabled tools, or business intelligence solutions to improve reporting, analysis, and operational efficiency. Workday certifications or advanced Workday training. Pay Transparency: To support pay transparency, Vantor includes salary ranges in all U.S. job postings. Starting pay for this role will fall within the listed range and will be based on factors such as experience, qualifications, skills, location, and market conditions. Candidates who meet the minimum requirements for the role should not expect to receive compensation at the top of the range. The listed range reflects the expected pay for this position, and final offers will be determined based on each candidate’s experience, expertise, and alignment with the role. ● The base pay for this position within Colorado is: $83,000.00 - $110,000.00 - $121,000.00 annually. For all other states, we use geographic cost of labor as an input to develop market-driven ranges for our roles, and as such, each location where we hire may have a different range. Benefits: Vantor offers a competitive total rewards package that goes beyond the standard, including a robust 401(k) with company match, mental health resources, and unique perks like student loan repayment assistance, adoption reimbursement and pet insurance to support all aspects of your life. You can find more information on our benefits at: https://www.Vantor.com/careers Additionally, this position is incentive eligible with a target based on contribution, company performance, and/or individual results achieved; the specific incentive plan and target amount will be determined based on the role and breadth of contributions. The application window is three days from the date the job is posted and will remain posted until a qualified candidate has been identified for hire. If the job is reposted regardless of reason, it will remain posted three days from the date the job is reposted and will remain reposted until a qualified candidate has been identified for hire. The date of posting can be found on Vantor's Career page at the top of each job posting. To apply, submit your application via Vantor's Career page. EEO Policy: Vantor is an equal opportunity employer committed to an inclusive workplace. We believe in fostering an environment where all team members feel respected, valued, and encouraged to share their ideas. All qualified applicants will receive consideration for employment without regard to race, color, religion, national origin, sex, gender identity, sexual orientation, disability, protected veteran status, age, or any other characteristic protected by law.",USD
Vantor,Senior Workday Analyst - Talent Management and Learning,R24121,"Westminster, CO",United States of America,96500.0,onsite,Senior,us_person,unknown,unknown,workday,,2026-06-16T21:14:18Z,https://maxar.wd1.myworkdayjobs.com/en-US/Vantor/job/Westminster-CO/Senior-Workday-Analyst---Talent-Management-and-Learning_R24121,"Vantor is forging the new frontier of spatial intelligence, helping decision makers and operators navigate what’s happening now and shape what’s coming next. Vantor is a place for problem solvers, changemakers, and go-getters—where people are working together to help our customers see the world differently, and in doing so, be seen differently. Come be part of a mission, not just a job, where you can: Shape your own future, build the next big thing, and change the world. To be eligible for this position, you must be a U.S. Person, defined as a U.S. citizen, permanent resident, Asylee, or Refugee. Export Control/ITAR: Certain roles may be subject to U.S. export control laws, requiring U.S. person status as defined by 8 U.S.C. 1324b(a)(3). Please review the job details below. Vantor is seeking a Senior HRIS Analyst, Talent Management & Learning Systems to support the configuration, maintenance, and continuous improvement of HR technology tied to talent management, learning, employee development, and performance management processes. This role serves as a subject matter expert for Workday Talent & Performance, Learning, and Journeys functionality, partnering with HR, People Operations, Talent Management COE, and business stakeholders to ensure employee lifecycle programs are supported through effective systems, automation, reporting, and analytics. This role will help build & configure performance review cycles, talent calibration processes, learning campaigns, compliance training, employee journeys, and related reporting needs. This position plays an important role in improving HR service delivery, strengthening data integrity, and enhancing the employee and stakeholder experience across Workday-supported programs. Responsibilities Configure, administer, and maintain Workday Talent processes, including performance review cycles, talent assessments, calibration workflows, and related system processes. Design, implement, and support specialized talent programs, employee development initiatives, and review processes aligned with organizational goals, business requirements, compliance needs, and process standards. Serve as a primary administrator for Workday Learning functionality. Configure, launch, monitor, and maintain learning campaigns, compliance training programs, onboarding training, role-based training, and employee development initiatives. Administer and maintain Workday Journeys, including journey content, workflows, security roles, distribution rules, and lifecycle experience automation. Ensure journey content remains current, accurate, and aligned with business processes and employee lifecycle needs. Provide Tier 2 HRIS support for Workday-related inquiries, issues, configuration challenges, and service cases. Identify opportunities to automate HR processes, improve user experience, and deploy AI-enabled solutions to enhance HR operations and service delivery. Investigate, troubleshoot, and resolve complex issues related to talent management, learning, reporting, core HCM functionality, and user experience. Develop, maintain, and troubleshoot Workday reports and dashboards that support HR leaders, People Operations, and business stakeholders. Analyze HR data to identify trends, improve processes, support decision-making, and maintain data accuracy across talent, learning, and employee information systems. Evaluate Workday semi-annual release functionality and make recommendations for feature adoption. Participate in testing, implementation, and deployment of new HRIS functionality, releases, enhancements, and process improvements. Document system configurations, procedures, training resources, and best practices. Minimum Qualifications Bachelor’s degree in Human Resources, Information Systems, Business Administration, or a related field; or equivalent combination of education and experience. 3-5 years of Workday HCM experience, along with Workday Talent & Performance, Workday Learning, and/or Workday Journeys. Experience supporting talent management, performance management, learning management, employee development systems, or related HR processes. Experience creating, maintaining, and troubleshooting reports and dashboards. Strong analytical, problem-solving, and troubleshooting skills. Ability to manage multiple priorities in a fast-paced environment. Strong communication, documentation, and stakeholder partnership skills. Ability to maintain confidentiality and accuracy when working with employee data and HR systems. Preferred Qualifications HR case management, shared services, or Tier 2 HRIS support experience. Experience with Workday Talent Marketplace and Workday Succession Planning. Experience configuring HR workflows, business processes, campaigns, or employee lifecycle programs. Experience supporting performance review cycles, talent calibration, compliance training, or employee development programs. Experience with AI-enabled productivity, automation, reporting, or analytics tools. Workday certifications or advanced Workday training. Pay Transparency: To support pay transparency, Vantor includes salary ranges in all U.S. job postings. Starting pay for this role will fall within the listed range and will be based on factors such as experience, qualifications, skills, location, and market conditions. Candidates who meet the minimum requirements for the role should not expect to receive compensation at the top of the range. The listed range reflects the expected pay for this position, and final offers will be determined based on each candidate’s experience, expertise, and alignment with the role. ● The base pay for this position within Colorado is: $83,000.00 - $110,000.00 - $121,000.00 annually. For all other states, we use geographic cost of labor as an input to develop market-driven ranges for our roles, and as such, each location where we hire may have a different range. Benefits: Vantor offers a competitive total rewards package that goes beyond the standard, including a robust 401(k) with company match, mental health resources, and unique perks like student loan repayment assistance, adoption reimbursement and pet insurance to support all aspects of your life. You can find more information on our benefits at: https://www.Vantor.com/careers Additionally, this position is incentive eligible with a target based on contribution, company performance, and/or individual results achieved; the specific incentive plan and target amount will be determined based on the role and breadth of contributions. The application window is three days from the date the job is posted and will remain posted until a qualified candidate has been identified for hire. If the job is reposted regardless of reason, it will remain posted three days from the date the job is reposted and will remain reposted until a qualified candidate has been identified for hire. The date of posting can be found on Vantor's Career page at the top of each job posting. To apply, submit your application via Vantor's Career page. EEO Policy: Vantor is an equal opportunity employer committed to an inclusive workplace. We believe in fostering an environment where all team members feel respected, valued, and encouraged to share their ideas. All qualified applicants will receive consideration for employment without regard to race, color, religion, national origin, sex, gender identity, sexual orientation, disability, protected veteran status, age, or any other characteristic protected by law.",USD
Vantor,Software Developers Advancing Spatial Intelligence,R23754,Linköping,United States of America,,hybrid,Mid,unknown,unknown,unknown,workday,,2026-06-16T21:14:22Z,https://maxar.wd1.myworkdayjobs.com/en-US/Vantor/job/Linkping/Software-Developers-Advancing-Spatial-Intelligence_R23754,"Vantor is forging the new frontier of spatial intelligence, helping decision makers and operators navigate what’s happening now and shape what’s coming next. Vantor is a place for problem solvers, changemakers, and go-getters—where people are working together to help our customers see the world differently, and in doing so, be seen differently. Come be part of a mission, not just a job, where you can: Shape your own future, build the next big thing, and change the world. Please review the job details below. We are searching for the best and brightest to join a culture that is open and flexible, inclusive and positive. At Vantor, you’ll get the chance to grow, develop your skills, and collaborate with talented people who make a real difference for our clients worldwide. From our R&D hub in Ebbepark, Linköping, with around 80 engineers, we develop cutting-edge technology to deliver unparalleled, global, and precise 3D geospatial data and software. We’re building the Globe in 3D: providing decision-makers and analysts with the entire world in highly accurate, immersive 3D models for telecommunications, emergency response and defense and intelligence. About the role As a Software Developer at Vantor, you will be part of a development team building and evolving our 3D geospatial software products and systems. You will work across the full development lifecycle—from planning and design to implementation and testing—solving complex technical challenges and delivering high-quality, reliable solutions. You collaborate closely in teams with other developers, architects, Systems Engineers, QA engineers, and product stakeholders, and are expected to take ownership of your work while contributing to technical decisions and continuous improvement of development practices. In this role, you will: Design, develop, and maintain software systems and applications
Analyze complex requirements and translate them into scalable technical solutions
Evaluate different approaches and make informed technical trade-offs
Work across the full software development lifecycle, including testing and validation
Collaborate with cross-functional teams across the organization, globally
Contribute to improving and adopting new tools, technologies, processes, and ways of working Who we’re looking for As two of our teams are growing, we’re looking for two experienced Software Developers; one for our Production Systems team and one for our Data Processing team. We’re looking for you who enjoy solving complex problems and building robust, high-quality systems. You are comfortable working in environments where requirements evolve and can make sound engineering decisions. You have a strong technical foundation and analyze problems from multiple perspectives. You take ownership, contribute to technical direction, and are a supportive, collaborative team player. You communicate clearly and can work effectively with stakeholders across different functions and areas of expertise. We believe you are curious, proactive, and motivated to continuously improve both your own skills and the systems you work with. Minimum requirements: Master’s degree in Computer Science, Computer Engineering, Image Processing and/or Computer Vision, Data Science or other relevant technical fields
Solid experience from Software Development, algorithms, and problem-solving
Solid knowledge and experience in C++ and Python
Experience and interest in development using AI tools Cloud deployment experiences (AWS, Azure or similar)
Fluency in English, both oral and written Preferred qualifications: Kubernetes experiences
CI/CD The role will be based at our office in Linköping, with the possibility of part-time hybrid work. To help us make a well-informed selection and match your skills effectively, please indicate in your application your main areas of competence and interest within software development. Some positions at Vantor involve work with classified information where you are required to complete and be approved in a security check by a Swedish authority. What We Offer Hands-on work with cutting-edge technology and real production systems A collaborative, inclusive, and innovative engineering culture Close mentorship from experienced engineers The opportunity to contribute to technology that directly impacts the future of 3D geospatial data, autonomous systems, and advanced analytics About Us From our Sweden office in Ebbe Park Linköping, Vantor serves the global geospatial in market with world-leading 3D geodata, 3D visualization solutions and 3D image processing solutions. We’re building the Globe in 3D: providing decision-makers and analysts with the entire world in highly accurate, immersive 3D models for telecommunications, emergency response and defense and intelligence.",
Vantor,Systems Engineer Advancing Spatial Intelligence,R23633,Linköping,United States of America,,hybrid,Mid,unknown,unknown,unknown,workday,,2026-06-16T21:14:26Z,https://maxar.wd1.myworkdayjobs.com/en-US/Vantor/job/Linkping/Systems-Engineer-Advancing-Spatial-Intelligence_R23633,"Vantor is forging the new frontier of spatial intelligence, helping decision makers and operators navigate what’s happening now and shape what’s coming next. Vantor is a place for problem solvers, changemakers, and go-getters—where people are working together to help our customers see the world differently, and in doing so, be seen differently. Come be part of a mission, not just a job, where you can: Shape your own future, build the next big thing, and change the world. Please review the job details below. We are searching for the best and brightest to join a culture that is open and flexible, inclusive and positive. At Vantor, you’ll get the chance to grow, develop your skills, and collaborate with talented people who make a real difference for our clients worldwide. From our R&D hub in Ebbepark, Linköping, with around 80 engineers, we develop cutting-edge technology to deliver unparalleled, global, and precise 3D geospatial data and software. We’re building the Globe in 3D: providing decision-makers and analysts with the entire world in highly accurate, immersive 3D models for telecommunications, emergency response and defense and intelligence. About the role As a Systems Engineer at Vantor, you play a central role in defining, designing, and validating software and hardware systems, software products, and geospatial data products. Your mission is to ensure that our systems meet stakeholder needs, operate reliably in their intended environments, and maintain high standards of quality, consistency, and correctness throughout their lifecycle. In this role, you are part of the Engineering organization and collaborate closely with Software developers, Architects, R&D, Product Management, and other stakeholders. You act as a key link between business needs and technical execution, translating stakeholder requirements into clear system behaviors, architectures, interfaces, and data specifications. You are responsible for ensuring the technical integrity and verification readiness of systems and products, while driving alignment across teams and contributing to well-informed technical decisions. Your responsibilities include: Eliciting, refining, and managing system and data requirements across teams and organizations
Defining system architecture, interfaces, and operational behaviors
Specifying and validating geospatial data products to ensure consistency, accuracy, and correctness
Supporting system integration planning and coordinating technical decisions
Conducting technical reviews and ensuring corrective actions when needed
Monitoring system and product quality, including data validation
Identifying and assessing risks, dependencies, and technical trade-offs
Driving alignment by proposing solutions and challenging unclear or conflicting requirements Who we’re looking for We’re looking for someone who combines strong systems thinking with clear communication and a collaborative mindset. You are comfortable navigating complex environments, working across organizational boundaries, and translating stakeholder needs into robust technical solutions. You have a strong customer-oriented perspective and understand how systems and data are used in real operational contexts. You are proactive in identifying risks, evaluating alternatives, and driving alignment to ensure high-quality outcomes. Minimum requirements: Master’s degree in Computer Science, Computer Engineering, Geospatial Engineering, or a related technical field
Several (~3–5 or more) years of experience in systems engineering, software engineering, or a similar role
Strong understanding of system behavior, architecture, interfaces, and constraints
Experience in requirements engineering and system-level documentation
Familiarity with development, integration, and verification practices
Fluency in English, both oral and written Preferred qualifications: Experience working with geospatial data, including data modeling and data quality validation
Ability to evaluate technical alternatives and make informed trade-offs
Understanding of operational workflows and real-world system usage
Experience collaborating across teams and organizations in complex environments
Experience supporting integration efforts and coordinating technical decisions
Experience working in an agile development environment The role will be based at our office in Linköping, with the possibility of part-time hybrid work. Some positions at Vantor involve work with classified information where you are required to complete and be approved in a security check by a Swedish authority. What We Offer Hands-on work with cutting-edge technology and real production systems A collaborative, inclusive, and innovative engineering culture Close mentorship from experienced engineers The opportunity to contribute to technology that directly impacts the future of 3D geospatial data, autonomous systems, and advanced analytics About Us From our Sweden office in Ebbe Park Linköping, Vantor serves the global geospatial in market with world-leading 3D geodata, 3D visualization solutions and 3D image processing solutions. We’re building the Globe in 3D: providing decision-makers and analysts with the entire world in highly accurate, immersive 3D models for telecommunications, emergency response and defense and intelligence.",
Vantor,Systems Integrator,R24117,"McLean, VA",United States of America,159500.0,onsite,Mid,yes,TS/SCI + Poly,unknown,workday,,2026-06-16T21:14:30Z,https://maxar.wd1.myworkdayjobs.com/en-US/Vantor/job/McLean-VA/Systems-Integrator_R24117,"Vantor is forging the new frontier of spatial intelligence, helping decision makers and operators navigate what’s happening now and shape what’s coming next. Vantor is a place for problem solvers, changemakers, and go-getters—where people are working together to help our customers see the world differently, and in doing so, be seen differently. Come be part of a mission, not just a job, where you can: Shape your own future, build the next big thing, and change the world. To be eligible for this position, you must be a U.S. Citizen. This position requires an active U.S. Government security clearance, applicants who do not currently hold the required clearance will not be eligible for consideration. Employment for cleared roles is contingent upon verification of clearance status. Export Control/ITAR: Certain roles may be subject to U.S. export control laws, requiring U.S. person status as defined by 8 U.S.C. 1324b(a)(3). Please review the job details below. This position requires an active U.S. Government Security Clearance at the TS/SCI level with required polygraph. The Systems Integrator supports the Project Management Office (PMO) by ensuring effective integration of people, processes, technologies, and data across projects and organizational functions. This role serves as a critical liaison between project managers, business stakeholders, technical teams, and external partners to facilitate seamless execution of programs and projects. The Systems Integrator is responsible for coordinating cross-functional activities, managing system interfaces and dependencies, identifying integration risks, and ensuring project deliverables align with organizational objectives, technical requirements, and operational needs. Responsibilities: Systems and Project Integration
Coordinate integration activities across multiple projects, workstreams, and stakeholders.
Identify, document, and manage interdependencies between projects, systems, and business functions.
Facilitate alignment between technical solutions and business requirements.
Support system implementation, migration, and transition activities.
Ensure project deliverables are integrated into operational environments with minimal disruption.
PMO Support
Work closely with Project Managers and Program Managers to monitor project progress and integration milestones.
Support project planning, scheduling, risk management, and issue resolution activities.
Assist in developing and maintaining integrated master schedules and project roadmaps.
Track action items, decisions, dependencies, and integration-related risks.
Prepare status reports, dashboards, and executive briefings.
Stakeholder Coordination
Serve as a liaison between business units, technical teams, vendors, and leadership.
Facilitate meetings, workshops, and technical reviews to ensure alignment across stakeholders.
Coordinate communication regarding system changes, impacts, and project updates.
Support change management and organizational readiness efforts.
Requirements and Process Management
Gather, analyze, and document business and technical requirements.
Support development of process flows, interface documentation, and system integration plans.
Ensure requirements are traceable through implementation and testing phases.
Assist with process improvement initiatives to enhance PMO effectiveness and project delivery.
Risk and Quality Management
Identify integration risks, conflicts, and gaps across projects and systems.
Develop mitigation strategies and support issue resolution efforts.
Participate in testing, validation, and acceptance activities to ensure integrated solutions meet requirements.
Support governance reviews and compliance with organizational standards. Minimum Qualifications: Active U.S. Government Security Clearance at the TS/SCI level with required polygraph.
Bachelor’s degree in a technical field (e.g., Computer Science, Systems Engineering)
3–8 years of experience in systems integration, project coordination, program management, engineering, or related disciplines.
Experience supporting complex, cross-functional projects.
Strong understanding of project management methodologies and lifecycle processes.
Ability to analyze technical and business requirements and translate them into actionable plans.
Excellent organizational, communication, and stakeholder management skills.
Proficiency with Microsoft Office Suite, Microsoft Project, Jira, Confluence, Smartsheet, or similar project management tools.
Ability to manage multiple priorities in a fast-paced environment. Preferred Qualifications: Project Management Professional (PMP), Certified Associate in Project Management (CAPM), Agile, or similar certification.
Experience working within a PMO or Program Management Office.
Knowledge of systems engineering principles and integration methodologies.
Experience with enterprise systems, data integration, cloud platforms, or digital transformation initiatives.
Familiarity with risk management, change management, and governance frameworks. Pay Transparency: To support pay transparency, Vantor includes salary ranges in all U.S. job postings. Starting pay for this role will fall within the listed range and will be based on factors such as experience, qualifications, skills, location, and market conditions. Candidates who meet the minimum requirements for the role should not expect to receive compensation at the top of the range. The listed range reflects the expected pay for this position, and final offers will be determined based on each candidate’s experience, expertise, and alignment with the role. ● The base pay for this position within the Washington, DC metropolitan area is: $137,000.00 - $182,000.00 - $200,200.00 annually. For all other states, we use geographic cost of labor as an input to develop market-driven ranges for our roles, and as such, each location where we hire may have a different range. Benefits: Vantor offers a competitive total rewards package that goes beyond the standard, including a robust 401(k) with company match, mental health resources, and unique perks like student loan repayment assistance, adoption reimbursement and pet insurance to support all aspects of your life. You can find more information on our benefits at: https://www.Vantor.com/careers The application window is three days from the date the job is posted and will remain posted until a qualified candidate has been identified for hire. If the job is reposted regardless of reason, it will remain posted three days from the date the job is reposted and will remain reposted until a qualified candidate has been identified for hire. The date of posting can be found on Vantor's Career page at the top of each job posting. To apply, submit your application via Vantor's Career page. EEO Policy: Vantor is an equal opportunity employer committed to an inclusive workplace. We believe in fostering an environment where all team members feel respected, valued, and encouraged to share their ideas. All qualified applicants will receive consideration for employment without regard to race, color, religion, national origin, sex, gender identity, sexual orientation, disability, protected veteran status, age, or any other characteristic protected by law.",USD
Vantor,Senior Customer Success Manager,R24043,"Herndon, VA",United States of America,138500.0,remote,Manager,us_person,TS/SCI,unknown,workday,,2026-06-16T21:14:34Z,https://maxar.wd1.myworkdayjobs.com/en-US/Vantor/job/Herndon-VA/Senior-Customer-Success-Manager_R24043,"Vantor is forging the new frontier of spatial intelligence, helping decision makers and operators navigate what’s happening now and shape what’s coming next. Vantor is a place for problem solvers, changemakers, and go-getters—where people are working together to help our customers see the world differently, and in doing so, be seen differently. Come be part of a mission, not just a job, where you can: Shape your own future, build the next big thing, and change the world. To be eligible for this position, you must be a U.S. Person, defined as a U.S. citizen, permanent resident, Asylee, or Refugee. Export Control/ITAR: Certain roles may be subject to U.S. export control laws, requiring U.S. person status as defined by 8 U.S.C. 1324b(a)(3). Please review the job details below. As we expand our product portfolio, we are seeking a Senior Customer Success Manager focused on driving adoption, mission success, and expansion of Raptor, Vantor's next-generation drone video exploitation and operational intelligence platform. In this role, you will serve as the primary customer advocate and trusted advisor for Raptor users across the Department of Defense and broader U.S. Government. You will work closely with operators, analysts, program managers, and mission leaders to ensure successful deployment, adoption, and operational integration of Raptor into mission workflows. You will partner closely with Product, Engineering, Sales, and executive leadership to identify emerging use cases, capture customer feedback, drive product adoption, and uncover expansion opportunities. Success in this role requires a combination of operational credibility, customer engagement expertise, and a deep understanding of UAS, ISR, targeting, and operational decision-making environments. This role is eligible to work remotely within the United States, with preference for candidates located in Herndon, VA What You'll Be Doing Customer Adoption & Mission Success Serve as the primary post-sale customer success lead for Raptor customers across the Department of Defense and U.S. Government. Develop customer success strategies that drive adoption, operational integration, and long-term mission value. Establish and maintain trusted relationships with operators, analysts, program managers, technical stakeholders, and senior leaders. Drive successful onboarding, training, and user enablement programs that accelerate customer time-to-value. Monitor customer engagement, usage, and mission outcomes to identify adoption opportunities and potential risks. Expansion & Growth Identify and develop new operational use cases that expand Raptor adoption within existing customer organizations. Partner with Sales and Business Development teams to support account growth, renewals, and expansion opportunities. Act as a strategic advisor to customers by aligning Raptor capabilities with evolving mission requirements. Support customer demonstrations, operational evaluations, pilots, and mission exercises that showcase Raptor's value. Voice of the Customer Collect, synthesize, and communicate customer feedback to Product and Engineering teams. Influence product roadmap priorities by representing operational requirements and user needs. Help shape future product capabilities by identifying emerging mission challenges and technology gaps. Serve as the internal subject matter expert on customer workflows, mission requirements, and operational environments. Cross-Functional Leadership Collaborate closely with Product, Engineering, Sales Engineering, and Program teams to ensure successful customer outcomes. Support customer deployments, issue resolution, and operational readiness activities. Represent Vantor at military exercises, demonstrations, conferences, industry events, and customer engagements. Maintain accurate customer success plans, adoption metrics, account health reporting, and CRM records. Minimum Requirements Active TS/SCI clearance preferred; ability to obtain and maintain a security clearance required. Bachelor's degree in Business, Engineering, Computer Science, Geospatial Science, Military Studies, or related field. 5+ years of experience in Customer Success, Program Management, Account Management, Mission Operations, Business Development, or related customer-facing roles supporting government customers. Demonstrated experience working with Department of Defense, Intelligence Community, or Federal Government organizations. Strong understanding of customer adoption, stakeholder management, and enterprise software implementation. Experience engaging with both operational users and executive stakeholders. Excellent communication, presentation, relationship-building, and problem-solving skills. Ability to translate technical capabilities into operational outcomes and mission value. Preferred Qualifications Direct experience within the UAS/drone ecosystem, preferably with a drone manufacturer, ISR technology provider, geospatial company, defense technology organization, or mission software company. Strong understanding of ISR workflows, intelligence operations, video exploitation, geospatial analysis, and operational decision-making processes. Prior military experience strongly preferred, particularly in UAS, ISR, fires, targeting, special operations, aviation, intelligence, or tactical operations. Familiarity with mission systems including command and control platforms, sensor integration, targeting systems, geospatial tools, mission planning systems, or strike platforms. Experience supporting organizations such as USSOCOM, Air Force, Army, Marine Corps, NGA, DIA, Combatant Commands, or other operational mission customers. Understanding of mission workflows including F3EA, F2T2EA, sensor-to-shooter operations, dynamic targeting, and operational planning. Experience supporting AI-enabled, ISR, geospatial, mission command, or operational intelligence platforms. Experience working in startup, venture-backed, or emerging product environments where customer feedback directly influences product development. Familiarity with customer success platforms, CRM systems, and adoption analytics tools. Pay Transparency: To support pay transparency, Vantor includes salary ranges in all U.S. job postings. Starting pay for this role will fall within the listed range and will be based on factors such as experience, qualifications, skills, location, and market conditions. Candidates who meet the minimum requirements for the role should not expect to receive compensation at the top of the range. The listed range reflects the expected pay for this position, and final offers will be determined based on each candidate’s experience, expertise, and alignment with the role. ● The pay for this position within the Washington, DC metropolitan area is: $119,000.00 - $158,000.00 - $173,800.00 annually. For all other states, we use geographic cost of labor as an input to develop market-driven ranges for our roles, and as such, each location where we hire may have a different range. Benefits: Vantor offers a competitive total rewards package that goes beyond the standard, including a robust 401(k) with company match, mental health resources, and unique perks like student loan repayment assistance, adoption reimbursement and pet insurance to support all aspects of your life. You can find more information on our benefits at: https://www.Vantor.com/careers Additionally, this position is incentive eligible with a target based on contribution, company performance, and/or individual results achieved; the specific incentive plan and target amount will be determined based on the role and breadth of contributions. The application window is three days from the date the job is posted and will remain posted until a qualified candidate has been identified for hire. If the job is reposted regardless of reason, it will remain posted three days from the date the job is reposted and will remain reposted until a qualified candidate has been identified for hire. The date of posting can be found on Vantor's Career page at the top of each job posting. To apply, submit your application via Vantor's Career page. EEO Policy: Vantor is an equal opportunity employer committed to an inclusive workplace. We believe in fostering an environment where all team members feel respected, valued, and encouraged to share their ideas. All qualified applicants will receive consideration for employment without regard to race, color, religion, national origin, sex, gender identity, sexual orientation, disability, protected veteran status, age, or any other characteristic protected by law.",USD
Vantor,Software QA Engineer,R23240,"Colorado Springs, CO",United States of America,105000.0,onsite,Mid,yes,TS/SCI,unknown,workday,,2026-06-16T21:14:38Z,https://maxar.wd1.myworkdayjobs.com/en-US/Vantor/job/Colorado-Springs-CO/Software-QA-Engineer_R23240-2,"Vantor is forging the new frontier of spatial intelligence, helping decision makers and operators navigate what’s happening now and shape what’s coming next. Vantor is a place for problem solvers, changemakers, and go-getters—where people are working together to help our customers see the world differently, and in doing so, be seen differently. Come be part of a mission, not just a job, where you can: Shape your own future, build the next big thing, and change the world. To be eligible for this position, you must be a U.S. Citizen. This position requires an active U.S. Government security clearance, applicants who do not currently hold the required clearance will not be eligible for consideration. Employment for cleared roles is contingent upon verification of clearance status. Export Control/ITAR: Certain roles may be subject to U.S. export control laws, requiring U.S. person status as defined by 8 U.S.C. 1324b(a)(3). Please review the job details below. Your Project: We build and maintain software applications used worldwide to collect, process, exploit, analyze, and visualize intelligence data in near real-time. These applications are both thick-client and web-based. They execute on Linux, Windows, MacOS, and Android. We need a skilled Software QA Engineer to provide support to our development team, our trainers, and our customers. What you'll do day-to-day (with your colleagues): Support the testing and evaluation of features and capabilities. Create and execute test plans for software features Provide feedback to software development staff regarding usability, workflows, and capabilities Provide online support to customers and users. Interface with government customers on a routine basis to discuss requirements, software development progress, bug fixes, training, and other technical support. Minimum requirements: Must be US Citizen with the ability to obtain and maintain a TS/SCI clearance. Bachelor's degree in computer science, systems engineering, or related field. Four additional years of experience may be substituted for a degree. 5 years of experience in intelligence data collection, planning, and exploitation. 5 years of experience with Testing and Evaluation . Preferred Skills: Current TS/SCI clearance. 8 years of experience as a trainer and/or subject matter expert Working knowledge of the various components and missions within the Intelligence Community and Department of Defense. Field exercise planning and execution Wireless communications protocols Python Understanding of Agile methodologies, specifically frequent, iterative releases that rely on user feedback to refine features over time SW Testing tools and practices Exposure to GIS technologies #LI-CJ1 #LI-Onsite #cjpost Pay Transparency: To support pay transparency, Vantor includes salary ranges in all U.S. job postings. Starting pay for this role will fall within the listed range and will be based on factors such as experience, qualifications, skills, location, and market conditions. Candidates who meet the minimum requirements for the role should not expect to receive compensation at the top of the range. The listed range reflects the expected pay for this position, and final offers will be determined based on each candidate’s experience, expertise, and alignment with the role. ● The base pay for this position within Colorado is: $90,000.00 - $120,000.00 - $132,000.00 annually. For all other states, we use geographic cost of labor as an input to develop market-driven ranges for our roles, and as such, each location where we hire may have a different range. Benefits: Vantor offers a competitive total rewards package that goes beyond the standard, including a robust 401(k) with company match, mental health resources, and unique perks like student loan repayment assistance, adoption reimbursement and pet insurance to support all aspects of your life. You can find more information on our benefits at: https://www.Vantor.com/careers The application window is three days from the date the job is posted and will remain posted until a qualified candidate has been identified for hire. If the job is reposted regardless of reason, it will remain posted three days from the date the job is reposted and will remain reposted until a qualified candidate has been identified for hire. The date of posting can be found on Vantor's Career page at the top of each job posting. To apply, submit your application via Vantor's Career page. EEO Policy: Vantor is an equal opportunity employer committed to an inclusive workplace. We believe in fostering an environment where all team members feel respected, valued, and encouraged to share their ideas. All qualified applicants will receive consideration for employment without regard to race, color, religion, national origin, sex, gender identity, sexual orientation, disability, protected veteran status, age, or any other characteristic protected by law.",USD
Vantor,Geospatial Platform Engineer,R24069,"McLean, VA",United States of America,188000.0,remote,Mid,yes,TS/SCI + Poly,unknown,workday,,2026-06-16T21:14:42Z,https://maxar.wd1.myworkdayjobs.com/en-US/Vantor/job/McLean-VA/Geospatial-Platform-Engineer_R24069,"Vantor is forging the new frontier of spatial intelligence, helping decision makers and operators navigate what’s happening now and shape what’s coming next. Vantor is a place for problem solvers, changemakers, and go-getters—where people are working together to help our customers see the world differently, and in doing so, be seen differently. Come be part of a mission, not just a job, where you can: Shape your own future, build the next big thing, and change the world. To be eligible for this position, you must be a U.S. Citizen. This position requires an active U.S. Government security clearance, applicants who do not currently hold the required clearance will not be eligible for consideration. Employment for cleared roles is contingent upon verification of clearance status. Export Control/ITAR: Certain roles may be subject to U.S. export control laws, requiring U.S. person status as defined by 8 U.S.C. 1324b(a)(3). Please review the job details below. This position requires an active U.S. Government Security Clearance at the TS/SCI level with required polygraph. We are seeking a Geospatial Platform Engineer to support geospatial, imagery, AI/ML, and data-driven application development, deployment, and operations. This role will focus on moving mission capabilities from prototype to production through hands-on software development, data and service integration, Kubernetes-based platforms, containerized architectures, CI/CD automation, observability, and secure DevSecOps practices. The ideal candidate is a self-directed engineer with demonstrated experience developing and supporting geospatial, imagery, AI/ML, or analytic applications in secure hybrid environments, including cloud, on-premises, virtualized, and classified infrastructure. This person should be comfortable researching unfamiliar technologies, implementing solutions with minimal guidance, and collaborating across software, AI/ML, cloud, security, and mission teams. Responsibilities Develop and integrate backend services, APIs, data connectors, plugins, and platform components that support geospatial, imagery, AI/ML, and analytic workflows.
Build data ingest, enrichment, transformation, indexing, alerting, API, and analytic service components for mission-focused applications.
Design, deploy, and maintain containerized application architectures using Docker, Kubernetes, Rancher, RKE2, or similar technologies.
Create and improve CI/CD pipelines, reusable deployment patterns, infrastructure automation, and DevSecOps workflows using tools such as Ansible, Terraform, Packer, or similar technologies.
Support geospatial visualization, 3D terrain/model visualization, imagery access, and map-based analytic workflows using tools and frameworks such as Cesium, OMAR, or similar technologies.
Operationalize AI/ML models at scale through model integration, inference services, deployment automation, monitoring, and production support.
Troubleshoot complex issues across application code, Linux, containers, Kubernetes, CI/CD pipelines, APIs, networking, data services, and AI/ML-enabled environments. Minimum Qualifications Bachelor’s degree in computer science, information systems, engineering, data science, geospatial science, or related area of study.
Minimum 8 years of experience with a Bachelor’s degree; or 7 years of experience with a Master’s degree; or 6 years of experience with a Doctorate.
Active/current TS/SCI with required polygraph; US citizenship required; willingness to work onsite full time.
Strong experience developing production software using languages such as Python, Java, C++, JavaScript, TypeScript, SQL, Bash, or similar languages.
Demonstrated experience supporting geospatial, imagery, AI/ML, data-driven, or analytic applications.
Experience with Docker, Kubernetes, CI/CD pipelines, infrastructure automation, and containerized architectures in hybrid, on-premises, virtualized, or classified environments.
Ability to work independently, research and evaluate technical approaches, implement solutions with minimal guidance, document decisions, and collaborate across technical teams. Preferred Qualifications Demonstrated experience supporting geospatial analytics, imagery systems, mapping platforms, earth observation, full-motion video, EO/SAR, remote sensing, or related mission applications.
Experience developing geospatial services, data connectors, backend APIs, plugin architectures, image processing utilities, or analytic platform components.
Familiarity with 3D geospatial visualization, Cesium, OMAR image library, terrain/tileset services, imagery catalogs, or map-based analytic applications.
Experience with computer vision, image/video processing, object detection, tracking, classification, segmentation, feature extraction, or model inference workflows.
Hands-on experience with Apache Airflow, PostgreSQL/PostGIS, Elasticsearch, Trino/Presto, and other geospatial technologies.
Experience supporting model integration, ML pipelines, scalable inference services, NVIDIA Triton, data fusion, tipping and alerting, or production AI/ML runtime environments.
Experience with Rancher, RKE2, OpenShift, AWS, Azure, VMware vSphere, HashiCorp Vault, Artifactory, GitOps, Prometheus, Grafana, ELK/OpenSearch, CIS benchmarks, STIGs, ATO processes, or related tooling and practices. Pay Transparency: To support pay transparency, Vantor includes salary ranges in all U.S. job postings. Starting pay for this role will fall within the listed range and will be based on factors such as experience, qualifications, skills, location, and market conditions. Candidates who meet the minimum requirements for the role should not expect to receive compensation at the top of the range. The listed range reflects the expected pay for this position, and final offers will be determined based on each candidate’s experience, expertise, and alignment with the role. ● The base pay for this position within the Washington, DC metropolitan area is: $161,000.00 - $215,000.00 - $236,500.00 annually. For all other states, we use geographic cost of labor as an input to develop market-driven ranges for our roles, and as such, each location where we hire may have a different range. Benefits: Vantor offers a competitive total rewards package that goes beyond the standard, including a robust 401(k) with company match, mental health resources, and unique perks like student loan repayment assistance, adoption reimbursement and pet insurance to support all aspects of your life. You can find more information on our benefits at: https://www.Vantor.com/careers The application window is three days from the date the job is posted and will remain posted until a qualified candidate has been identified for hire. If the job is reposted regardless of reason, it will remain posted three days from the date the job is reposted and will remain reposted until a qualified candidate has been identified for hire. The date of posting can be found on Vantor's Career page at the top of each job posting. To apply, submit your application via Vantor's Career page. EEO Policy: Vantor is an equal opportunity employer committed to an inclusive workplace. We believe in fostering an environment where all team members feel respected, valued, and encouraged to share their ideas. All qualified applicants will receive consideration for employment without regard to race, color, religion, national origin, sex, gender identity, sexual orientation, disability, protected veteran status, age, or any other characteristic protected by law.",USD
Vantor,Senior Structural and Dynamics Engineer,R23584,"Westminster, CO",United States of America,105000.0,onsite,Senior,yes,TS/SCI,unknown,workday,,2026-06-16T21:14:46Z,https://maxar.wd1.myworkdayjobs.com/en-US/Vantor/job/Westminster-CO/Senior-Satellite-Systems-Thermal-and-Structural-Engineering-Analyst_R23584-1,"Vantor is forging the new frontier of spatial intelligence, helping decision makers and operators navigate what’s happening now and shape what’s coming next. Vantor is a place for problem solvers, changemakers, and go-getters—where people are working together to help our customers see the world differently, and in doing so, be seen differently. Come be part of a mission, not just a job, where you can: Shape your own future, build the next big thing, and change the world. To be eligible for this position, you must be a U.S. Person, defined as a U.S. citizen, permanent resident, Asylee, or Refugee. Export Control/ITAR: Certain roles may be subject to U.S. export control laws, requiring U.S. person status as defined by 8 U.S.C. 1324b(a)(3). Please review the job details below. Vantor is hiring a Senior Structural and Dynamics Engineerto join our Satellite Systems Engineering team in Westminster, CO. The Satellite Systems Engineering team is responsible for defining the mission, satellite, and payload architecture behind next-generation space constellations. This role offers direct exposure to complex, integrated systems including spacecraft platforms, optical payloads, laser communications, and advanced onboard processing. We work closely with top-tier industry partners, providing the opportunity to influence and oversee high-impact programs across the full system. Our team is composed of highly experienced engineers and leaders who understand how to deliver. We operate with a deliberate balance of lean execution and disciplined engineering, enabling us to move quickly while maintaining the rigor required for mission success. Just as important, we’ve built a culture of strong collaboration, shared ownership, and camaraderie—with a clear sense of purpose behind the systems we deliver. Top candidates will have experience in satellite and aerospace component mechanical design and structural dynamics analysis. Our small team executes projects that start with customer needs, and design, develop, and deliver the world’s most capable earth observation systems. In this role, you will: Conduct and evaluate responses to RFIs and RFPs with satellite component vendors
Submit reports and conduct launch vehicle integration studies using satellite and stack structural models to evaluate volumetric and dynamic environment compliance
Evaluate transmitted microvibration using structural models and transfer functions
Generate Interface Control Documents (ICDs) and sell off their requirements
Write and oversee system compliance to structural and mechanical requirements
Review vendor-submitted processes, design reviews, analysis packages, and test reports
Support at least one additional subsystem as a key player: Configuration, RF Communications, Thermal, C&DH/Avionics, GNC, Electrical Power, etc. Minimum Qualifications: Must be a U.S. Citizen
Bachelor’s degree in engineering, aerospace, physics, or a related field of study
3-7 years of experience with space systems engineering and analysis
Structural dynamics analysis experience: Using computer-aided design (CAD) software, Finite Element Analysis (FEA) tools to construct and run satellite and launch stack structural models, evaluate profile notching, verify dynamic envelopes and compliance to launch vehicle ICDs
Mechanical design experience on a satellite or component for an aerospace program
Ability to review unit and spacecraft-level acoustic, random/sine vibration, and shock tests data for compliance Preferred Qualifications: Direct experience on at least one Earth observation space program
Satellite to Launch Vehicle Integration Experience
Satellite Manufacturing Experience, including assembly, integration, test, and NCR processes
Thermal analysis experience: Building/tuning thermal models from design, test, and on-orbit data for high-stability space-based systems and establishing ConOps restrictions for high-dissipation components
Ability to review unit and spacecraft-level thermal test results
Experience procuring aerospace hardware
Experience in writing and selling off technical requirements
End-to-end aerospace program experience, including ConOps and architecture development, writing requirements, design reviews, assembly integration and test, verification and validation, and on-orbit operations
Ability to obtain a US Government security clearance at the TS/SCI level #LI-MG1 Pay Transparency: To support pay transparency, Vantor includes salary ranges in all U.S. job postings. Starting pay for this role will fall within the listed range and will be based on factors such as experience, qualifications, skills, location, and market conditions. Candidates who meet the minimum requirements for the role should not expect to receive compensation at the top of the range. The listed range reflects the expected pay for this position, and final offers will be determined based on each candidate’s experience, expertise, and alignment with the role. ● The base pay for this position within Colorado is: $90,000.00 - $120,000.00 - $132,000.00 annually. For all other states, we use geographic cost of labor as an input to develop market-driven ranges for our roles, and as such, each location where we hire may have a different range. Benefits: Vantor offers a competitive total rewards package that goes beyond the standard, including a robust 401(k) with company match, mental health resources, and unique perks like student loan repayment assistance, adoption reimbursement and pet insurance to support all aspects of your life. You can find more information on our benefits at: https://www.Vantor.com/careers Additionally, this position is incentive eligible with a target based on contribution, company performance, and/or individual results achieved; the specific incentive plan and target amount will be determined based on the role and breadth of contributions. The application window is three days from the date the job is posted and will remain posted until a qualified candidate has been identified for hire. If the job is reposted regardless of reason, it will remain posted three days from the date the job is reposted and will remain reposted until a qualified candidate has been identified for hire. The date of posting can be found on Vantor's Career page at the top of each job posting. To apply, submit your application via Vantor's Career page. EEO Policy: Vantor is an equal opportunity employer committed to an inclusive workplace. We believe in fostering an environment where all team members feel respected, valued, and encouraged to share their ideas. All qualified applicants will receive consideration for employment without regard to race, color, religion, national origin, sex, gender identity, sexual orientation, disability, protected veteran status, age, or any other characteristic protected by law.",USD
Vantor,Emerging and Disruptive Technology Analyst – Senior,R24033,"Reston, VA",United States of America,115500.0,onsite,Senior,yes,TS/SCI + Poly,unknown,workday,,2026-06-16T21:14:50Z,https://maxar.wd1.myworkdayjobs.com/en-US/Vantor/job/Reston-VA/Emerging-and-Disruptive-Technology-Analyst---Senior_R24033,"Vantor is forging the new frontier of spatial intelligence, helping decision makers and operators navigate what’s happening now and shape what’s coming next. Vantor is a place for problem solvers, changemakers, and go-getters—where people are working together to help our customers see the world differently, and in doing so, be seen differently. Come be part of a mission, not just a job, where you can: Shape your own future, build the next big thing, and change the world. To be eligible for this position, you must be a U.S. Citizen. This position requires an active U.S. Government security clearance, applicants who do not currently hold the required clearance will not be eligible for consideration. Employment for cleared roles is contingent upon verification of clearance status. Export Control/ITAR: Certain roles may be subject to U.S. export control laws, requiring U.S. person status as defined by 8 U.S.C. 1324b(a)(3). Please review the job details below. This position requires an active U.S. Government Security Clearance at the TS/SCI level with an in-scope CI poly. We're hiring multiple Emerging and Disruptive Technology Analysts to join our team. In this position you will analyze and assess future technology and its military application(s) by foreign states and non-states. Analysts will support Object-Based Intelligence (OBI) production with a specialized focus on emerging technologies and strategic horizon analysis. Analysts will evaluate the potential national security implications of disruptive technologies—such as artificial intelligence, quantum computing, biotechnology, and autonomous systems—and identify early indicators of technological shifts. This role supports the development of ontologies for structured intelligence integration and contributes to anticipatory analysis that informs long-term defense planning and early warning. Responsibilities: Produce assessments projecting the discovery, development, and deployment of advanced technologies and the potential impact to Defense Critical Infrastructure and U.S. nuclear weapons worldwide.
Produce intelligence supporting the production of the National Security Threat Capabilities Assessment, and threat assessments/global baseline assessments for the Defense Critical Infrastructure Program (DCIP).
Provide early warning of disruptive developments to ensure Intelligence Community awareness of evolving technological landscapes.
Conduct all-source analysis to assess the strategic impact of emerging technologies on national security.
Identify and evaluate potential future threats and opportunities posed by technological developments across global domains.
Develop and refine ontologies to support OBI production and semantic interoperability within the Defense Intelligence Core Ontology.
Apply structured analytic techniques (e.g., ACH, scenario analysis, key assumptions check) to assess technology trends and forecast disruptive shifts.
Monitor global R&D, innovation ecosystems, and technology adoption patterns to inform strategic foresight and early warning.
Collaborate with data scientists and technologists to integrate advanced analytics, machine learning, and semantic technologies into analytic workflows.
Document analytic processes to support automation, reproducibility, and integration into knowledge graphs and decision-support systems.
Produce assessments and briefings tailored to senior decision-makers, highlighting risks, opportunities, and strategic implications of emerging technologies. Minimum Qualifications: Must be a US citizen and have an active TS/SCI with CI poly.
12 years of experience and an advanced degree
Experience conducting strategic foresight or horizon scanning in a national security or technology context.
Strong oral and written communication skills.
Possesses an expert ability to describe findings and techniques tailored to the intended audience, including technical and nontechnical decision makers. Preferred Qualifications: Deep understanding of emerging technology domains (e.g., AI, quantum, biotech, space systems, autonomy).
Experience supporting OBI production and working with Defense Intelligence ontologies. Develops and employs strategies to analyze key issues, draw conclusions from data, and recommend viable solutions to address customer mission needs. Ability to lead multi-disciplinary teams to complete complex data science projects.
Demonstrated experience in solving problems with structured and unstructured data.
Experienced in applying statistical and data visualization skills.
Strong problem solving skills to manipulate data and draw insights from large data sets. Pay Transparency: To support pay transparency, Vantor includes salary ranges in all U.S. job postings. Starting pay for this role will fall within the listed range and will be based on factors such as experience, qualifications, skills, location, and market conditions. Candidates who meet the minimum requirements for the role should not expect to receive compensation at the top of the range. The listed range reflects the expected pay for this position, and final offers will be determined based on each candidate’s experience, expertise, and alignment with the role. ● The base pay for this position within the Washington, DC metropolitan area is: $99,000.00 - $132,000.00 - $145,200.00 annually. For all other states, we use geographic cost of labor as an input to develop market-driven ranges for our roles, and as such, each location where we hire may have a different range. Benefits: Vantor offers a competitive total rewards package that goes beyond the standard, including a robust 401(k) with company match, mental health resources, and unique perks like student loan repayment assistance, adoption reimbursement and pet insurance to support all aspects of your life. You can find more information on our benefits at: https://www.Vantor.com/careers The application window is three days from the date the job is posted and will remain posted until a qualified candidate has been identified for hire. If the job is reposted regardless of reason, it will remain posted three days from the date the job is reposted and will remain reposted until a qualified candidate has been identified for hire. The date of posting can be found on Vantor's Career page at the top of each job posting. To apply, submit your application via Vantor's Career page. EEO Policy: Vantor is an equal opportunity employer committed to an inclusive workplace. We believe in fostering an environment where all team members feel respected, valued, and encouraged to share their ideas. All qualified applicants will receive consideration for employment without regard to race, color, religion, national origin, sex, gender identity, sexual orientation, disability, protected veteran status, age, or any other characteristic protected by law.",USD
Vantor,Analytic Methodologist - Expert,R24031,"Reston, VA",United States of America,137500.0,onsite,Mid,yes,TS/SCI + Poly,unknown,workday,,2026-06-16T21:14:54Z,https://maxar.wd1.myworkdayjobs.com/en-US/Vantor/job/Reston-VA/Analytic-Methodologist---Expert_R24031,"Vantor is forging the new frontier of spatial intelligence, helping decision makers and operators navigate what’s happening now and shape what’s coming next. Vantor is a place for problem solvers, changemakers, and go-getters—where people are working together to help our customers see the world differently, and in doing so, be seen differently. Come be part of a mission, not just a job, where you can: Shape your own future, build the next big thing, and change the world. To be eligible for this position, you must be a U.S. Citizen. This position requires an active U.S. Government security clearance, applicants who do not currently hold the required clearance will not be eligible for consideration. Employment for cleared roles is contingent upon verification of clearance status. Export Control/ITAR: Certain roles may be subject to U.S. export control laws, requiring U.S. person status as defined by 8 U.S.C. 1324b(a)(3). Please review the job details below. This position requires an active U.S. Government Security Clearance at the TS/SCI level with an in-scope CI poly. We're hiring multiple Analytic Methodologists to join our team. In this position you will support the development of analytic strategies to resolve key intelligence questions of mission-driven requirements. Analytic Methodologists will support a dynamic Object-Based Intelligence (OBI) program focused on predictive analytics, structured methodologies, and semantic integration across the defense intelligence mission set. This role involves designing and recommending analytic strategies, developing repeatable workflows, and engineering knowledge models to support anticipatory intelligence across a wide range of national security domains—including emerging technologies, geopolitical trends, military capabilities, and threat networks. Responsibilities: Deconstruct complex and ambiguous intelligence questions to recommend structured analytic methodologies tailored to mission requirements.
Evaluate and adapt existing analytic models, algorithms, and frameworks to improve objectivity, completeness, and predictive value of intelligence production.
Design, develop, and maintain domain-specific ontologies to enable semantic representation of data inputs, facilitating integration of data sources and interoperability with internal and external OMSs.
Design, develop, and maintain knowledge graphs leveraging domain-specific ontologies to support advance data querying, data visualization, and integration of intelligence function via OBI standards.
Apply semantic web standards (e.g., RDF, OWL, SPARQL) to knowledge model entities, relationships, and vocabularies in accordance with industry and government data standards.
Establish processes for ontology version control, change management, stakeholder and governance review to ensure accuracy, consistency, and compliance with IC and DoD policies and standards.
Collaborate with team members to enhance semantic data retrieval and reasoning across knowledge graphs through development and optimization of data queries via multiple protocols (e.g., GraphQL, SPARQL, SHACL, SQL).
Collaborate with team members to validate and refine exploratory efforts to automate ontologies and associated components to ensure semantic accuracy, relevance, and interoperability with existing knowledge modeling and knowledge graph capabilities.
Collaborate with team members to evaluate effectiveness of exploratory efforts to automate ontology and associated component generation leveraging qualitative and quantitative metrics.
Support capability development by contributing, editing, and storing ontologies and knowledge models in Government owned/controlled source version control repositories. Minimum Qualifications: Must be a US citizen and have an active TS/SCI with CI poly.
20 years of experience and an advanced degree
Experience with structured analytic methods and designing repeatable analytic processes.
Familiarity with semantic technologies and ontology development tools (e.g., Protégé).
Excellent oral and written communication skills with an ability to tailor to technical and non-technical audiences.
Possesses knowledge and experience of advanced analytics and data storage.
Knowledge of various data science applications and architectures. Experience with Python. Preferred Qualifications: Ability to synthesize abstract concepts into actionable intelligence products.
Experience applying predictive analytics to strategic intelligence problems across multiple domains.
Develops and employs strategies to analyze key issues, draw conclusions from data, and recommend viable solutions to address customer mission needs. Ability to lead multi-disciplinary teams to complete complex data science projects.
Experienced in applying statistical and data visualization skills.
Strong problem-solving skills to manipulate data and draw insights from large structured and unstructured data sets.
Proven ability to learn and master new software, technologies and techniques.
Experience in two or more of the following: Machine Learning, Natural Language Processing, Large Language Models, Apache Spark, Hadoop, R, C++, SQL Database/Coding, or visualization tools such as Tableau. Pay Transparency: To support pay transparency, Vantor includes salary ranges in all U.S. job postings. Starting pay for this role will fall within the listed range and will be based on factors such as experience, qualifications, skills, location, and market conditions. Candidates who meet the minimum requirements for the role should not expect to receive compensation at the top of the range. The listed range reflects the expected pay for this position, and final offers will be determined based on each candidate’s experience, expertise, and alignment with the role. ● The base pay for this position within the Washington, DC metropolitan area is: $118,000.00 - $157,000.00 - $172,700.00 annually. For all other states, we use geographic cost of labor as an input to develop market-driven ranges for our roles, and as such, each location where we hire may have a different range. Benefits: Vantor offers a competitive total rewards package that goes beyond the standard, including a robust 401(k) with company match, mental health resources, and unique perks like student loan repayment assistance, adoption reimbursement and pet insurance to support all aspects of your life. You can find more information on our benefits at: https://www.Vantor.com/careers The application window is three days from the date the job is posted and will remain posted until a qualified candidate has been identified for hire. If the job is reposted regardless of reason, it will remain posted three days from the date the job is reposted and will remain reposted until a qualified candidate has been identified for hire. The date of posting can be found on Vantor's Career page at the top of each job posting. To apply, submit your application via Vantor's Career page. EEO Policy: Vantor is an equal opportunity employer committed to an inclusive workplace. We believe in fostering an environment where all team members feel respected, valued, and encouraged to share their ideas. All qualified applicants will receive consideration for employment without regard to race, color, religion, national origin, sex, gender identity, sexual orientation, disability, protected veteran status, age, or any other characteristic protected by law.",USD
Vantor,Analytic Methodologist - Senior,R24030,"Reston, VA",United States of America,115500.0,onsite,Senior,yes,TS/SCI + Poly,unknown,workday,,2026-06-16T21:14:58Z,https://maxar.wd1.myworkdayjobs.com/en-US/Vantor/job/Reston-VA/Analytic-Methodologist---Senior_R24030,"Vantor is forging the new frontier of spatial intelligence, helping decision makers and operators navigate what’s happening now and shape what’s coming next. Vantor is a place for problem solvers, changemakers, and go-getters—where people are working together to help our customers see the world differently, and in doing so, be seen differently. Come be part of a mission, not just a job, where you can: Shape your own future, build the next big thing, and change the world. To be eligible for this position, you must be a U.S. Citizen. This position requires an active U.S. Government security clearance, applicants who do not currently hold the required clearance will not be eligible for consideration. Employment for cleared roles is contingent upon verification of clearance status. Export Control/ITAR: Certain roles may be subject to U.S. export control laws, requiring U.S. person status as defined by 8 U.S.C. 1324b(a)(3). Please review the job details below. This position requires an active U.S. Government Security Clearance at the TS/SCI level with an in-scope CI poly. We're hiring multiple Analytic Methodologists to join our team. In this position you will support the development of analytic strategies to resolve key intelligence questions of mission-driven requirements. Analytic Methodologists will support a dynamic Object-Based Intelligence (OBI) program focused on predictive analytics, structured methodologies, and semantic integration across the defense intelligence mission set. This role involves designing and recommending analytic strategies, developing repeatable workflows, and engineering knowledge models to support anticipatory intelligence across a wide range of national security domains—including emerging technologies, geopolitical trends, military capabilities, and threat networks. Responsibilities: Deconstruct complex and ambiguous intelligence questions to recommend structured analytic methodologies tailored to mission requirements.
Evaluate and adapt existing analytic models, algorithms, and frameworks to improve objectivity, completeness, and predictive value of intelligence production.
Design, develop, and maintain domain-specific ontologies to enable semantic representation of data inputs, facilitating integration of data sources and interoperability with internal and external OMSs.
Design, develop, and maintain knowledge graphs leveraging domain-specific ontologies to support advance data querying, data visualization, and integration of intelligence function via OBI standards.
Apply semantic web standards (e.g., RDF, OWL, SPARQL) to knowledge model entities, relationships, and vocabularies in accordance with industry and government data standards.
Establish processes for ontology version control, change management, stakeholder and governance review to ensure accuracy, consistency, and compliance with IC and DoD policies and standards.
Collaborate with team members to enhance semantic data retrieval and reasoning across knowledge graphs through development and optimization of data queries via multiple protocols (e.g., GraphQL, SPARQL, SHACL, SQL).
Collaborate with team members to validate and refine exploratory efforts to automate ontologies and associated components to ensure semantic accuracy, relevance, and interoperability with existing knowledge modeling and knowledge graph capabilities.
Collaborate with team members to evaluate effectiveness of exploratory efforts to automate ontology and associated component generation leveraging qualitative and quantitative metrics.
Support capability development by contributing, editing, and storing ontologies and knowledge models in Government owned/controlled source version control repositories. Minimum Qualifications: Must be a US citizen and have an active TS/SCI with CI poly.
12 years of experience and an advanced degree
Experience with structured analytic methods and designing repeatable analytic processes.
Familiarity with semantic technologies and ontology development tools (e.g., Protégé).
Excellent oral and written communication skills with an ability to tailor to technical and non-technical audiences.
Possesses knowledge and experience of advanced analytics and data storage.
Knowledge of various data science applications and architectures. Experience with Python. Preferred Qualifications: Ability to synthesize abstract concepts into actionable intelligence products.
Experience applying predictive analytics to strategic intelligence problems across multiple domains.
Develops and employs strategies to analyze key issues, draw conclusions from data, and recommend viable solutions to address customer mission needs. Ability to lead multi-disciplinary teams to complete complex data science projects.
Experienced in applying statistical and data visualization skills.
Strong problem-solving skills to manipulate data and draw insights from large structured and unstructured data sets.
Proven ability to learn and master new software, technologies and techniques.
Experience in two or more of the following: Machine Learning, Natural Language Processing, Large Language Models, Apache Spark, Hadoop, R, C++, SQL Database/Coding, or visualization tools such as Tableau. Pay Transparency: To support pay transparency, Vantor includes salary ranges in all U.S. job postings. Starting pay for this role will fall within the listed range and will be based on factors such as experience, qualifications, skills, location, and market conditions. Candidates who meet the minimum requirements for the role should not expect to receive compensation at the top of the range. The listed range reflects the expected pay for this position, and final offers will be determined based on each candidate’s experience, expertise, and alignment with the role. ● The base pay for this position within the Washington, DC metropolitan area is: $99,000.00 - $132,000.00 - $145,200.00 annually. For all other states, we use geographic cost of labor as an input to develop market-driven ranges for our roles, and as such, each location where we hire may have a different range. Benefits: Vantor offers a competitive total rewards package that goes beyond the standard, including a robust 401(k) with company match, mental health resources, and unique perks like student loan repayment assistance, adoption reimbursement and pet insurance to support all aspects of your life. You can find more information on our benefits at: https://www.Vantor.com/careers The application window is three days from the date the job is posted and will remain posted until a qualified candidate has been identified for hire. If the job is reposted regardless of reason, it will remain posted three days from the date the job is reposted and will remain reposted until a qualified candidate has been identified for hire. The date of posting can be found on Vantor's Career page at the top of each job posting. To apply, submit your application via Vantor's Career page. EEO Policy: Vantor is an equal opportunity employer committed to an inclusive workplace. We believe in fostering an environment where all team members feel respected, valued, and encouraged to share their ideas. All qualified applicants will receive consideration for employment without regard to race, color, religion, national origin, sex, gender identity, sexual orientation, disability, protected veteran status, age, or any other characteristic protected by law.",USD
Vantor,Analytic Methodologist - Mid,R24029,"Reston, VA",United States of America,92000.0,onsite,Mid,yes,TS/SCI + Poly,unknown,workday,,2026-06-16T21:15:02Z,https://maxar.wd1.myworkdayjobs.com/en-US/Vantor/job/Reston-VA/Analytic-Methodologist---Mid_R24029,"Vantor is forging the new frontier of spatial intelligence, helping decision makers and operators navigate what’s happening now and shape what’s coming next. Vantor is a place for problem solvers, changemakers, and go-getters—where people are working together to help our customers see the world differently, and in doing so, be seen differently. Come be part of a mission, not just a job, where you can: Shape your own future, build the next big thing, and change the world. To be eligible for this position, you must be a U.S. Citizen. This position requires an active U.S. Government security clearance, applicants who do not currently hold the required clearance will not be eligible for consideration. Employment for cleared roles is contingent upon verification of clearance status. Export Control/ITAR: Certain roles may be subject to U.S. export control laws, requiring U.S. person status as defined by 8 U.S.C. 1324b(a)(3). Please review the job details below. This position requires an active U.S. Government Security Clearance at the TS/SCI level with an in-scope CI poly. We're hiring multiple Analytic Methodologists to join our team. In this position you will support the development of analytic strategies to resolve key intelligence questions of mission-driven requirements. Analytic Methodologists will support a dynamic Object-Based Intelligence (OBI) program focused on predictive analytics, structured methodologies, and semantic integration across the defense intelligence mission set. This role involves designing and recommending analytic strategies, developing repeatable workflows, and engineering knowledge models to support anticipatory intelligence across a wide range of national security domains—including emerging technologies, geopolitical trends, military capabilities, and threat networks. Responsibilities: Deconstruct complex and ambiguous intelligence questions to recommend structured analytic methodologies tailored to mission requirements.
Evaluate and adapt existing analytic models, algorithms, and frameworks to improve objectivity, completeness, and predictive value of intelligence production.
Design, develop, and maintain domain-specific ontologies to enable semantic representation of data inputs, facilitating integration of data sources and interoperability with internal and external OMSs.
Design, develop, and maintain knowledge graphs leveraging domain-specific ontologies to support advance data querying, data visualization, and integration of intelligence function via OBI standards.
Apply semantic web standards (e.g., RDF, OWL, SPARQL) to knowledge model entities, relationships, and vocabularies in accordance with industry and government data standards.
Establish processes for ontology version control, change management, stakeholder and governance review to ensure accuracy, consistency, and compliance with IC and DoD policies and standards.
Collaborate with team members to enhance semantic data retrieval and reasoning across knowledge graphs through development and optimization of data queries via multiple protocols (e.g., GraphQL, SPARQL, SHACL, SQL).
Collaborate with team members to validate and refine exploratory efforts to automate ontologies and associated components to ensure semantic accuracy, relevance, and interoperability with existing knowledge modeling and knowledge graph capabilities.
Collaborate with team members to evaluate effectiveness of exploratory efforts to automate ontology and associated component generation leveraging qualitative and quantitative metrics.
Support capability development by contributing, editing, and storing ontologies and knowledge models in Government owned/controlled source version control repositories. Minimum Qualifications: Must be a US citizen and have an active TS/SCI with CI poly.
8 years of experience and a related Bachelor’s degree
Experience with structured analytic methods and designing repeatable analytic processes.
Familiarity with semantic technologies and ontology development tools (e.g., Protégé).
Excellent oral and written communication skills with an ability to tailor to technical and non-technical audiences.
Possesses knowledge and experience of advanced analytics and data storage.
Knowledge of various data science applications and architectures. Experience with Python. Preferred Qualifications: Ability to synthesize abstract concepts into actionable intelligence products.
Experience applying predictive analytics to strategic intelligence problems across multiple domains.
Develops and employs strategies to analyze key issues, draw conclusions from data, and recommend viable solutions to address customer mission needs. Ability to lead multi-disciplinary teams to complete complex data science projects.
Experienced in applying statistical and data visualization skills.
Strong problem-solving skills to manipulate data and draw insights from large structured and unstructured data sets.
Proven ability to learn and master new software, technologies and techniques.
Experience in two or more of the following: Machine Learning, Natural Language Processing, Large Language Models, Apache Spark, Hadoop, R, C++, SQL Database/Coding, or visualization tools such as Tableau. Pay Transparency: To support pay transparency, Vantor includes salary ranges in all U.S. job postings. Starting pay for this role will fall within the listed range and will be based on factors such as experience, qualifications, skills, location, and market conditions. Candidates who meet the minimum requirements for the role should not expect to receive compensation at the top of the range. The listed range reflects the expected pay for this position, and final offers will be determined based on each candidate’s experience, expertise, and alignment with the role. ● The base pay for this position within the Washington, DC metropolitan area is: $79,000.00 - $105,000.00 - $115,500.00 annually. For all other states, we use geographic cost of labor as an input to develop market-driven ranges for our roles, and as such, each location where we hire may have a different range. Benefits: Vantor offers a competitive total rewards package that goes beyond the standard, including a robust 401(k) with company match, mental health resources, and unique perks like student loan repayment assistance, adoption reimbursement and pet insurance to support all aspects of your life. You can find more information on our benefits at: https://www.Vantor.com/careers The application window is three days from the date the job is posted and will remain posted until a qualified candidate has been identified for hire. If the job is reposted regardless of reason, it will remain posted three days from the date the job is reposted and will remain reposted until a qualified candidate has been identified for hire. The date of posting can be found on Vantor's Career page at the top of each job posting. To apply, submit your application via Vantor's Career page. EEO Policy: Vantor is an equal opportunity employer committed to an inclusive workplace. We believe in fostering an environment where all team members feel respected, valued, and encouraged to share their ideas. All qualified applicants will receive consideration for employment without regard to race, color, religion, national origin, sex, gender identity, sexual orientation, disability, protected veteran status, age, or any other characteristic protected by law.",USD
Vantor,Data Scientist - Junior,R24026,"Reston, VA",United States of America,105000.0,onsite,Junior,yes,TS/SCI + Poly,unknown,workday,,2026-06-16T21:15:06Z,https://maxar.wd1.myworkdayjobs.com/en-US/Vantor/job/Reston-VA/Data-Scientist---Junior_R24026,"Vantor is forging the new frontier of spatial intelligence, helping decision makers and operators navigate what’s happening now and shape what’s coming next. Vantor is a place for problem solvers, changemakers, and go-getters—where people are working together to help our customers see the world differently, and in doing so, be seen differently. Come be part of a mission, not just a job, where you can: Shape your own future, build the next big thing, and change the world. To be eligible for this position, you must be a U.S. Citizen. This position requires an active U.S. Government security clearance, applicants who do not currently hold the required clearance will not be eligible for consideration. Employment for cleared roles is contingent upon verification of clearance status. Export Control/ITAR: Certain roles may be subject to U.S. export control laws, requiring U.S. person status as defined by 8 U.S.C. 1324b(a)(3). Please review the job details below. This position requires an active U.S. Government Security Clearance at the TS/SCI level with an in-scope CI poly. We're hiring multiple Data Scientists to join our team. In this position you will use your expertise to support the research, development, and implementation of advanced analytical methodologies and techniques that leverage artificial intelligence, machine learning, and data science approaches. Data Scientists will support a forward-leaning defense intelligence program focused on enhancing analytic rigor, efficiency, and predictive capability across a broad mission set. This includes support to Object-Based Intelligence (OBI) production, structured analytic method augmentation, and automation of analytic workflows. Data Scientists will collaborate with analysts, methodologists, and technologists to research, develop, and implement advanced methodologies that leverage artificial intelligence, machine learning, and statistical modeling to solve complex intelligence problems. Responsibilities: Work in tandem with analysts to figure out methods to solve their challenges with complex data sets, pattern identification, and visualizations.
Perform research and implement forward-looking analytic methodologies that leverage statistical techniques and pattern recognition.
Assist analysts in developing structured approaches to predictive intelligence that increase timeliness and accuracy of assessments.
Expand existing Natural Language Processing (NLP) to include new entities and improved visualization.
Research and implement approaches that enhance analytical tradecraft (support critical thinking, mitigate biases, increase analytic rigor).
Research and implement advanced analytic methodologies that enhance tradecraft, mitigate bias, and improve analytic efficiency.
Support the automation of structured analytic methods and workflows to increase repeatability and scalability of intelligence production.
Contribute to the development and integration of semantic technologies, including ontologies and knowledge graphs, to support OBI standards.
Design and build visualizations and dashboards that communicate complex data insights to technical and non-technical audiences.
Evaluate and optimize analytic performance using qualitative and quantitative metrics. Minimum Qualifications: Must be a US citizen and have an active TS/SCI with CI poly.
3 years of experience and a related Bachelor’s degree
Demonstrated experience with Python, R, and SQL, including programmatic access to web services, data management, and visualization.
Demonstrated experience with statistical analysis and data mining algorithms.
Possesses knowledge and experience with artificial intelligence (AI), advanced analytics, cloud architecture, and data storage. Preferred Qualifications: Polished oral and written communication skills sufficient to compose, tailor, and deliver original presentations and papers on abstract concepts.
Familiarity with graph databases or graph data structures.
Ability to lead multi-disciplinary teams to complete complex data science projects.
Experience with AWS or similar cloud provider.
Demonstrated experience in solving problems with structured and unstructured data.
Experienced in applying statistical and data visualization skills.
Strong problem-solving skills to manipulate data and draw insights from large data sets.
Proven ability to learn and master new software, technologies and techniques.
Familiarity with generative AI and large language models (LLMs) and their strengths and weaknesses when applied to intelligence requirements.
Experience in two or more of the following: Machine Learning, Natural Language Processing, Apache Spark, Hadoop, R, C++, SQL Database/Coding, or visualization tools such as Tableau. Pay Transparency: To support pay transparency, Vantor includes salary ranges in all U.S. job postings. Starting pay for this role will fall within the listed range and will be based on factors such as experience, qualifications, skills, location, and market conditions. Candidates who meet the minimum requirements for the role should not expect to receive compensation at the top of the range. The listed range reflects the expected pay for this position, and final offers will be determined based on each candidate’s experience, expertise, and alignment with the role. ● The base pay for this position within the Washington, DC metropolitan area is: $90,000.00 - $120,000.00 - $132,000.00 annually. For all other states, we use geographic cost of labor as an input to develop market-driven ranges for our roles, and as such, each location where we hire may have a different range. Benefits: Vantor offers a competitive total rewards package that goes beyond the standard, including a robust 401(k) with company match, mental health resources, and unique perks like student loan repayment assistance, adoption reimbursement and pet insurance to support all aspects of your life. You can find more information on our benefits at: https://www.Vantor.com/careers The application window is three days from the date the job is posted and will remain posted until a qualified candidate has been identified for hire. If the job is reposted regardless of reason, it will remain posted three days from the date the job is reposted and will remain reposted until a qualified candidate has been identified for hire. The date of posting can be found on Vantor's Career page at the top of each job posting. To apply, submit your application via Vantor's Career page. EEO Policy: Vantor is an equal opportunity employer committed to an inclusive workplace. We believe in fostering an environment where all team members feel respected, valued, and encouraged to share their ideas. All qualified applicants will receive consideration for employment without regard to race, color, religion, national origin, sex, gender identity, sexual orientation, disability, protected veteran status, age, or any other characteristic protected by law.",USD
Vantor,Data Scientist - Mid,R24027,"Reston, VA",United States of America,105000.0,onsite,Mid,yes,TS/SCI + Poly,unknown,workday,,2026-06-16T21:15:10Z,https://maxar.wd1.myworkdayjobs.com/en-US/Vantor/job/Reston-VA/Data-Scientist---Mid_R24027,"Vantor is forging the new frontier of spatial intelligence, helping decision makers and operators navigate what’s happening now and shape what’s coming next. Vantor is a place for problem solvers, changemakers, and go-getters—where people are working together to help our customers see the world differently, and in doing so, be seen differently. Come be part of a mission, not just a job, where you can: Shape your own future, build the next big thing, and change the world. To be eligible for this position, you must be a U.S. Citizen. This position requires an active U.S. Government security clearance, applicants who do not currently hold the required clearance will not be eligible for consideration. Employment for cleared roles is contingent upon verification of clearance status. Export Control/ITAR: Certain roles may be subject to U.S. export control laws, requiring U.S. person status as defined by 8 U.S.C. 1324b(a)(3). Please review the job details below. This position requires an active U.S. Government Security Clearance at the TS/SCI level with an in-scope CI poly. We're hiring multiple Data Scientists to join our team. In this position you will use your expertise to support the research, development, and implementation of advanced analytical methodologies and techniques that leverage artificial intelligence, machine learning, and data science approaches. Data Scientists will support a forward-leaning defense intelligence program focused on enhancing analytic rigor, efficiency, and predictive capability across a broad mission set. This includes support to Object-Based Intelligence (OBI) production, structured analytic method augmentation, and automation of analytic workflows. Data Scientists will collaborate with analysts, methodologists, and technologists to research, develop, and implement advanced methodologies that leverage artificial intelligence, machine learning, and statistical modeling to solve complex intelligence problems. Responsibilities: Work in tandem with analysts to figure out methods to solve their challenges with complex data sets, pattern identification, and visualizations.
Perform research and implement forward-looking analytic methodologies that leverage statistical techniques and pattern recognition.
Assist analysts in developing structured approaches to predictive intelligence that increase timeliness and accuracy of assessments.
Expand existing Natural Language Processing (NLP) to include new entities and improved visualization.
Research and implement approaches that enhance analytical tradecraft (support critical thinking, mitigate biases, increase analytic rigor).
Research and implement advanced analytic methodologies that enhance tradecraft, mitigate bias, and improve analytic efficiency.
Support the automation of structured analytic methods and workflows to increase repeatability and scalability of intelligence production.
Contribute to the development and integration of semantic technologies, including ontologies and knowledge graphs, to support OBI standards.
Design and build visualizations and dashboards that communicate complex data insights to technical and non-technical audiences.
Evaluate and optimize analytic performance using qualitative and quantitative metrics. Minimum Qualifications: Must be a US citizen and have an active TS/SCI with CI poly.
8 years of experience and an advanced degree. Experience with Git and software development workflows.
Demonstrated experience with Python, R, and SQL, including programmatic access to web services, data management, and visualization.
Demonstrated experience with statistical analysis and data mining algorithms.
Possesses knowledge and experience with artificial intelligence (AI), advanced analytics, cloud architecture, and data storage. Preferred Qualifications: Polished oral and written communication skills sufficient to compose, tailor, and deliver original presentations and papers on abstract concepts.
Familiarity with graph databases or graph data structures.
Ability to lead multi-disciplinary teams to complete complex data science projects.
Experience with AWS or similar cloud provider.
Demonstrated experience in solving problems with structured and unstructured data.
Experienced in applying statistical and data visualization skills.
Strong problem-solving skills to manipulate data and draw insights from large data sets.
Proven ability to learn and master new software, technologies and techniques.
Familiarity with generative AI and large language models (LLMs) and their strengths and weaknesses when applied to intelligence requirements.
Experience in two or more of the following: Machine Learning, Natural Language Processing, Apache Spark, Hadoop, R, C++, SQL Database/Coding, or visualization tools such as Tableau. Pay Transparency: To support pay transparency, Vantor includes salary ranges in all U.S. job postings. Starting pay for this role will fall within the listed range and will be based on factors such as experience, qualifications, skills, location, and market conditions. Candidates who meet the minimum requirements for the role should not expect to receive compensation at the top of the range. The listed range reflects the expected pay for this position, and final offers will be determined based on each candidate’s experience, expertise, and alignment with the role. ● The base pay for this position within the Washington, DC metropolitan area is: $90,000.00 - $120,000.00 - $132,000.00 annually. For all other states, we use geographic cost of labor as an input to develop market-driven ranges for our roles, and as such, each location where we hire may have a different range. Benefits: Vantor offers a competitive total rewards package that goes beyond the standard, including a robust 401(k) with company match, mental health resources, and unique perks like student loan repayment assistance, adoption reimbursement and pet insurance to support all aspects of your life. You can find more information on our benefits at: https://www.Vantor.com/careers The application window is three days from the date the job is posted and will remain posted until a qualified candidate has been identified for hire. If the job is reposted regardless of reason, it will remain posted three days from the date the job is reposted and will remain reposted until a qualified candidate has been identified for hire. The date of posting can be found on Vantor's Career page at the top of each job posting. To apply, submit your application via Vantor's Career page. EEO Policy: Vantor is an equal opportunity employer committed to an inclusive workplace. We believe in fostering an environment where all team members feel respected, valued, and encouraged to share their ideas. All qualified applicants will receive consideration for employment without regard to race, color, religion, national origin, sex, gender identity, sexual orientation, disability, protected veteran status, age, or any other characteristic protected by law.",USD
Vantor,Data Scientist - Senior,R24028,"Reston, VA",United States of America,131500.0,onsite,Senior,yes,TS/SCI + Poly,unknown,workday,,2026-06-16T21:15:14Z,https://maxar.wd1.myworkdayjobs.com/en-US/Vantor/job/Reston-VA/Data-Scientist---Senior_R24028,"Vantor is forging the new frontier of spatial intelligence, helping decision makers and operators navigate what’s happening now and shape what’s coming next. Vantor is a place for problem solvers, changemakers, and go-getters—where people are working together to help our customers see the world differently, and in doing so, be seen differently. Come be part of a mission, not just a job, where you can: Shape your own future, build the next big thing, and change the world. To be eligible for this position, you must be a U.S. Citizen. This position requires an active U.S. Government security clearance, applicants who do not currently hold the required clearance will not be eligible for consideration. Employment for cleared roles is contingent upon verification of clearance status. Export Control/ITAR: Certain roles may be subject to U.S. export control laws, requiring U.S. person status as defined by 8 U.S.C. 1324b(a)(3). Please review the job details below. This position requires an active U.S. Government Security Clearance at the TS/SCI level with an in-scope CI poly. We're hiring multiple Data Scientists to join our team. In this position you will use your expertise to support the research, development, and implementation of advanced analytical methodologies and techniques that leverage artificial intelligence, machine learning, and data science approaches. Data Scientists will support a forward-leaning defense intelligence program focused on enhancing analytic rigor, efficiency, and predictive capability across a broad mission set. This includes support to Object-Based Intelligence (OBI) production, structured analytic method augmentation, and automation of analytic workflows. Data Scientists will collaborate with analysts, methodologists, and technologists to research, develop, and implement advanced methodologies that leverage artificial intelligence, machine learning, and statistical modeling to solve complex intelligence problems. Responsibilities: Work in tandem with analysts to figure out methods to solve their challenges with complex data sets, pattern identification, and visualizations.
Perform research and implement forward-looking analytic methodologies that leverage statistical techniques and pattern recognition.
Assist analysts in developing structured approaches to predictive intelligence that increase timeliness and accuracy of assessments.
Expand existing Natural Language Processing (NLP) to include new entities and improved visualization.
Research and implement approaches that enhance analytical tradecraft (support critical thinking, mitigate biases, increase analytic rigor).
Research and implement advanced analytic methodologies that enhance tradecraft, mitigate bias, and improve analytic efficiency.
Support the automation of structured analytic methods and workflows to increase repeatability and scalability of intelligence production.
Contribute to the development and integration of semantic technologies, including ontologies and knowledge graphs, to support OBI standards.
Design and build visualizations and dashboards that communicate complex data insights to technical and non-technical audiences.
Evaluate and optimize analytic performance using qualitative and quantitative metrics. Minimum Qualifications: Must be a US citizen and have an active TS/SCI with CI poly.
12 years of experience and an advanced degree. Experience with Git and software development workflows.
Demonstrated experience with Python, R, and SQL, including programmatic access to web services, data management, and visualization.
Demonstrated experience with statistical analysis and data mining algorithms.
Possesses knowledge and experience with artificial intelligence (AI), advanced analytics, cloud architecture, and data storage. Preferred Qualifications: Polished oral and written communication skills sufficient to compose, tailor, and deliver original presentations and papers on abstract concepts.
Familiarity with graph databases or graph data structures.
Ability to lead multi-disciplinary teams to complete complex data science projects.
Experience with AWS or similar cloud provider.
Demonstrated experience in solving problems with structured and unstructured data.
Experienced in applying statistical and data visualization skills.
Strong problem-solving skills to manipulate data and draw insights from large data sets.
Proven ability to learn and master new software, technologies and techniques.
Familiarity with generative AI and large language models (LLMs) and their strengths and weaknesses when applied to intelligence requirements.
Experience in two or more of the following: Machine Learning, Natural Language Processing, Apache Spark, Hadoop, R, C++, SQL Database/Coding, or visualization tools such as Tableau. Pay Transparency: To support pay transparency, Vantor includes salary ranges in all U.S. job postings. Starting pay for this role will fall within the listed range and will be based on factors such as experience, qualifications, skills, location, and market conditions. Candidates who meet the minimum requirements for the role should not expect to receive compensation at the top of the range. The listed range reflects the expected pay for this position, and final offers will be determined based on each candidate’s experience, expertise, and alignment with the role. ● The base pay for this position within the Washington, DC metropolitan area is: $113,000.00 - $150,000.00 - $165,000.00 annually. For all other states, we use geographic cost of labor as an input to develop market-driven ranges for our roles, and as such, each location where we hire may have a different range. Benefits: Vantor offers a competitive total rewards package that goes beyond the standard, including a robust 401(k) with company match, mental health resources, and unique perks like student loan repayment assistance, adoption reimbursement and pet insurance to support all aspects of your life. You can find more information on our benefits at: https://www.Vantor.com/careers The application window is three days from the date the job is posted and will remain posted until a qualified candidate has been identified for hire. If the job is reposted regardless of reason, it will remain posted three days from the date the job is reposted and will remain reposted until a qualified candidate has been identified for hire. The date of posting can be found on Vantor's Career page at the top of each job posting. To apply, submit your application via Vantor's Career page. EEO Policy: Vantor is an equal opportunity employer committed to an inclusive workplace. We believe in fostering an environment where all team members feel respected, valued, and encouraged to share their ideas. All qualified applicants will receive consideration for employment without regard to race, color, religion, national origin, sex, gender identity, sexual orientation, disability, protected veteran status, age, or any other characteristic protected by law.",USD
Vantor,Emerging and Disruptive Technology Analyst – Mid,R24032,"Reston, VA",United States of America,92000.0,onsite,Mid,yes,TS/SCI + Poly,unknown,workday,,2026-06-16T21:15:18Z,https://maxar.wd1.myworkdayjobs.com/en-US/Vantor/job/Reston-VA/Emerging-and-Disruptive-Technology-Analyst---Mid_R24032,"Vantor is forging the new frontier of spatial intelligence, helping decision makers and operators navigate what’s happening now and shape what’s coming next. Vantor is a place for problem solvers, changemakers, and go-getters—where people are working together to help our customers see the world differently, and in doing so, be seen differently. Come be part of a mission, not just a job, where you can: Shape your own future, build the next big thing, and change the world. To be eligible for this position, you must be a U.S. Citizen. This position requires an active U.S. Government security clearance, applicants who do not currently hold the required clearance will not be eligible for consideration. Employment for cleared roles is contingent upon verification of clearance status. Export Control/ITAR: Certain roles may be subject to U.S. export control laws, requiring U.S. person status as defined by 8 U.S.C. 1324b(a)(3). Please review the job details below. This position requires an active U.S. Government Security Clearance at the TS/SCI level with an in-scope CI poly. We're hiring multiple Emerging and Disruptive Technology Analysts to join our team. In this position you will analyze and assess future technology and its military application(s) by foreign states and non-states. Analysts will support Object-Based Intelligence (OBI) production with a specialized focus on emerging technologies and strategic horizon analysis. Analysts will evaluate the potential national security implications of disruptive technologies—such as artificial intelligence, quantum computing, biotechnology, and autonomous systems—and identify early indicators of technological shifts. This role supports the development of ontologies for structured intelligence integration and contributes to anticipatory analysis that informs long-term defense planning and early warning. Responsibilities: Produce assessments projecting the discovery, development, and deployment of advanced technologies and the potential impact to Defense Critical Infrastructure and U.S. nuclear weapons worldwide.
Produce intelligence supporting the production of the National Security Threat Capabilities Assessment, and threat assessments/global baseline assessments for the Defense Critical Infrastructure Program (DCIP).
Provide early warning of disruptive developments to ensure Intelligence Community awareness of evolving technological landscapes.
Conduct all-source analysis to assess the strategic impact of emerging technologies on national security.
Identify and evaluate potential future threats and opportunities posed by technological developments across global domains.
Develop and refine ontologies to support OBI production and semantic interoperability within the Defense Intelligence Core Ontology.
Apply structured analytic techniques (e.g., ACH, scenario analysis, key assumptions check) to assess technology trends and forecast disruptive shifts.
Monitor global R&D, innovation ecosystems, and technology adoption patterns to inform strategic foresight and early warning.
Collaborate with data scientists and technologists to integrate advanced analytics, machine learning, and semantic technologies into analytic workflows.
Document analytic processes to support automation, reproducibility, and integration into knowledge graphs and decision-support systems.
Produce assessments and briefings tailored to senior decision-makers, highlighting risks, opportunities, and strategic implications of emerging technologies. Minimum Qualifications: Must be a US citizen and have an active TS/SCI with CI poly.
8 years of experience and a related Bachelor’s degree
Experience conducting strategic foresight or horizon scanning in a national security or technology context.
Strong oral and written communication skills.
Possesses an expert ability to describe findings and techniques tailored to the intended audience, including technical and nontechnical decision makers. Preferred Qualifications: Deep understanding of emerging technology domains (e.g., AI, quantum, biotech, space systems, autonomy).
Experience supporting OBI production and working with Defense Intelligence ontologies. Develops and employs strategies to analyze key issues, draw conclusions from data, and recommend viable solutions to address customer mission needs. Ability to lead multi-disciplinary teams to complete complex data science projects.
Demonstrated experience in solving problems with structured and unstructured data.
Experienced in applying statistical and data visualization skills.
Strong problem solving skills to manipulate data and draw insights from large data sets. Pay Transparency: To support pay transparency, Vantor includes salary ranges in all U.S. job postings. Starting pay for this role will fall within the listed range and will be based on factors such as experience, qualifications, skills, location, and market conditions. Candidates who meet the minimum requirements for the role should not expect to receive compensation at the top of the range. The listed range reflects the expected pay for this position, and final offers will be determined based on each candidate’s experience, expertise, and alignment with the role. ● The base pay for this position within the Washington, DC metropolitan area is: $79,000.00 - $105,000.00 - $115,500.00 annually. For all other states, we use geographic cost of labor as an input to develop market-driven ranges for our roles, and as such, each location where we hire may have a different range. Benefits: Vantor offers a competitive total rewards package that goes beyond the standard, including a robust 401(k) with company match, mental health resources, and unique perks like student loan repayment assistance, adoption reimbursement and pet insurance to support all aspects of your life. You can find more information on our benefits at: https://www.Vantor.com/careers The application window is three days from the date the job is posted and will remain posted until a qualified candidate has been identified for hire. If the job is reposted regardless of reason, it will remain posted three days from the date the job is reposted and will remain reposted until a qualified candidate has been identified for hire. The date of posting can be found on Vantor's Career page at the top of each job posting. To apply, submit your application via Vantor's Career page. EEO Policy: Vantor is an equal opportunity employer committed to an inclusive workplace. We believe in fostering an environment where all team members feel respected, valued, and encouraged to share their ideas. All qualified applicants will receive consideration for employment without regard to race, color, religion, national origin, sex, gender identity, sexual orientation, disability, protected veteran status, age, or any other characteristic protected by law.",USD
Vantor,"Account Executive, USSOCOM (TS/SCI)",R23882,2 Locations,United States of America,173500.0,onsite,Mid,yes,TS/SCI,unknown,workday,,2026-06-16T21:15:22Z,https://maxar.wd1.myworkdayjobs.com/en-US/Vantor/job/Herndon-VA/Account-Executive--USSOCOM--TS-SCI-_R23882,"Vantor is forging the new frontier of spatial intelligence, helping decision makers and operators navigate what’s happening now and shape what’s coming next. Vantor is a place for problem solvers, changemakers, and go-getters—where people are working together to help our customers see the world differently, and in doing so, be seen differently. Come be part of a mission, not just a job, where you can: Shape your own future, build the next big thing, and change the world. To be eligible for this position, you must be a U.S. Citizen. This position requires an active U.S. Government security clearance, applicants who do not currently hold the required clearance will not be eligible for consideration. Employment for cleared roles is contingent upon verification of clearance status. Export Control/ITAR: Certain roles may be subject to U.S. export control laws, requiring U.S. person status as defined by 8 U.S.C. 1324b(a)(3). Please review the job details below. Vantor is seeking an Account Execute on the US Government team, U.S. Special Operations Command (USSOCOM). We are open for this position to be in Herndon, VA, Fort Bragg, NC or Tampa, FL. You will collaborate with internal stakeholders to meet annual revenue and booking quotas, while developing and implementing the growth strategy to drive new product awareness in the market. This role will work closely with our product teams, as well as end and operational users, to identify, assess and deliver new products within USSOCOM. The role requires a team player and peer leader with a focus on increasing awareness and adoption of Vantor’s robust earth observation imagery solutions and capabilities. This role is an opportunity to shape the future of advanced solutions within USSOCOM. You will utilize your network within the targeted customer to translate user workflows to Vantor’s suite of space-based technology solutions, geospatial data and analytics, as well as our Earth and Non-Earth imaging capabilities. Your success will be founded on your business relations background enabling you to drive engagement at an executive level. You should also have a demonstrated ability to think strategically about the mission and products while conveying compelling value propositions. Responsibilities: Develop and implement a strategy to deliver and drive adoption of new products and solutions Leverage existing or establish relationships with senior personnel and operational users in USSOCOM
Work with Product teams to understand current products and future roadmaps Translate user workflows to Vantor’s products and capabilities Identify potential opportunities through established partners, working cross-collaboratively Work with the Sales and Finance teams to accurately forecast, implement, and monitor a successful strategic go-to-market program Support Sales and Marketing teams in the development of product positioning, presentations, press releases, product workshops, training workshops, and customer visits Strengthen and progress deep business and technical relationships through your knowledge of the customer’s mission Minimum Qualifications: Bachelor's degree in business or related field; work experience may be substituted Active TS/SCI Clearance 1-3+ years of experience working for a technology or product-centric company in a sales related capacity Excellent cross-functional skills across customers, sales, strategy, marketing, product, legal, and operations Experience navigating and partnering with the defense community Illustrated success in achieving revenue targets, supporting $5M in new business capture Self-starter with demonstrated success working in a deadline-driven environment with minimal supervision Experience working closely with product teams with the ability to translate user workflows to products Possess strong communication skills with a driven & action-oriented mindset Proven experience bringing new products to market Ability to travel up to 50% Preferred Qualifications: Military background, USSOCOM preferred - PEO SDA, PEO Services, etc
Strong connections within defense communities Experience working within Earth Imagery, GEOINT markets highly desired Pay Transparency: To support pay transparency, Vantor includes salary ranges in all U.S. job postings. Starting pay for this role will fall within the listed range and will be based on factors such as experience, qualifications, skills, location, and market conditions. Candidates who meet the minimum requirements for the role should not expect to receive compensation at the top of the range. The listed range reflects the expected pay for this position, and final offers will be determined based on each candidate’s experience, expertise, and alignment with the role. ● The pay for this position within the Washington, DC metropolitan area is: $149,000.00 - $198,000.00 - $217,800.00 annually. For all other states, we use geographic cost of labor as an input to develop market-driven ranges for our roles, and as such, each location where we hire may have a different range. Benefits: Vantor offers a competitive total rewards package that goes beyond the standard, including a robust 401(k) with company match, mental health resources, and unique perks like student loan repayment assistance, adoption reimbursement and pet insurance to support all aspects of your life. You can find more information on our benefits at: https://www.Vantor.com/careers Additionally, this position is incentive eligible with a target based on contribution, company performance, and/or individual results achieved; the specific incentive plan and target amount will be determined based on the role and breadth of contributions. The application window is three days from the date the job is posted and will remain posted until a qualified candidate has been identified for hire. If the job is reposted regardless of reason, it will remain posted three days from the date the job is reposted and will remain reposted until a qualified candidate has been identified for hire. The date of posting can be found on Vantor's Career page at the top of each job posting. To apply, submit your application via Vantor's Career page. EEO Policy: Vantor is an equal opportunity employer committed to an inclusive workplace. We believe in fostering an environment where all team members feel respected, valued, and encouraged to share their ideas. All qualified applicants will receive consideration for employment without regard to race, color, religion, national origin, sex, gender identity, sexual orientation, disability, protected veteran status, age, or any other characteristic protected by law.",USD
Vantor,Geospatial Analyst (TS/SCI),R24039,"Tampa, FL",United States of America,127000.0,remote,Mid,yes,TS/SCI,unknown,workday,,2026-06-16T21:15:26Z,https://maxar.wd1.myworkdayjobs.com/en-US/Vantor/job/Tampa-FL/Geospatial-Analyst--TS-SCI-_R24039,"Vantor is forging the new frontier of spatial intelligence, helping decision makers and operators navigate what’s happening now and shape what’s coming next. Vantor is a place for problem solvers, changemakers, and go-getters—where people are working together to help our customers see the world differently, and in doing so, be seen differently. Come be part of a mission, not just a job, where you can: Shape your own future, build the next big thing, and change the world. To be eligible for this position, you must be a U.S. Citizen. This position requires an active U.S. Government security clearance, applicants who do not currently hold the required clearance will not be eligible for consideration. Employment for cleared roles is contingent upon verification of clearance status. Export Control/ITAR: Certain roles may be subject to U.S. export control laws, requiring U.S. person status as defined by 8 U.S.C. 1324b(a)(3). Please review the job details below. Vantor is seeking a Geospatial Analyst to join a team of multi-discipline, multi-INT analysts developing innovative, front-line products that provide actionable intelligence for decision makers in the field. Vantor enables the U.S. Department of Defense (DOD) and its allies to better monitor, understand and respond to global events, deter threats and ensure global security. Together, the many elements of Vantor can help the DOD meet its far-reaching modernization goals, maintain decision advantage, and rapidly identify and predict change. This Geospatial Analyst role provides technical support to customer projects involving dynamic geospatial information to include social media and foundational intelligence data. Key types of analytics expected will be fusing multiple sources of information into key findings, and geo-temporal pattern-of-life analysis to provide insight to customer requirements. This position will assist in the implementation of emerging capabilities, using leading edge technologies to perform analysis and derive information from large geospatial data sets. Responsibilities: Gather requirements, determine scope, and estimate hours needed to develop and deliver custom geospatial analytic solutions to our government customer. Produce custom information layers derived from social media and other open-source data sources using COTS and proprietary software. Collaborate daily with cross-functional internal and external team members and occasionally third party vendors, sometimes as project lead, and other times under other team member leadership. Identify and implement improvements to system designs and processing methodologies to improve efficiency, scale, reliability, and mitigate operational risk. Maintain production line operations and other tasks as needed to satisfy customers and fulfill contractual commitments. Advise, train, mentor, and learn from other team members on technical topics. Write procedures, methods, workflow documents and standard operating processes. Required Qualifications: Active TS/SCI clearance. Bachelor's degree. 3+ years of experience GIS, remote sensing, or certification/degree in Geospatial Analysis. 3+ years of experience with SIGINT, all-source, or imagery analysis. Experience ESRI software – ArcGIS, ArcPRO. Experience with data management, and data visualization techniques. Preferred Qualifications: Scripting experience with Python, GDAL, ENVI IDL, and/or ArcGIS Model Builder. Master's degree in Information Technology, Geographic Information Science (GIS) or Academic discipline applicable to supporting information development for Special Operations Forces activities and planning. Pay Transparency: In support of pay transparency at Vantor, we disclose salary ranges on all U.S. job postings. The successful candidate’s starting pay will fall within the salary range provided below and is determined based on job-related factors, including, but not limited to, the experience, qualifications, knowledge, skills, geographic work location, and market conditions. Candidates with the minimum necessary experience, qualifications, knowledge, and skillsets for the position should not expect to receive the upper end of the pay range. The base pay for this position ranges from our lowest geographic market up to our highest geographic market within California, Colorado, District of Columbia, Hawaii, Illinois, Maryland, Minnesota, New Jersey, New York, and Washington:$81,000.00 - $173,000.00 annually. We offer a comprehensive package of benefits including paid time off, health and welfare insurance, and 401(k) to eligible employees. You can find more information on our benefits at: https://www.vantor.com/careers The application window is three days from the date the job is posted and will remain posted until a qualified candidate has been identified for hire. If the job is reposted regardless of reason, it will remain posted three days from the date the job is reposted and will remain reposted until a qualified candidate has been identified for hire. The date of posting can be found on Vantor's Career page at the top of each job posting. To apply, submit your application via Vantor's Career page. Vantor values diversity in the workplace and is an equal opportunity/affirmative action employer. All qualified applicants will receive consideration for employment without regard to sex, gender identity, sexual orientation, race, color, religion, national origin, disability, protected veteran status, age, or any other characteristic protected by law.",USD
Vantor,AI/ML Engineer,R24034,"Herndon, VA",United States of America,159500.0,remote,Mid,us_person,unknown,unknown,workday,,2026-06-16T21:15:30Z,https://maxar.wd1.myworkdayjobs.com/en-US/Vantor/job/Herndon-VA/AI-ML-Engineer_R24034,"Vantor is forging the new frontier of spatial intelligence, helping decision makers and operators navigate what’s happening now and shape what’s coming next. Vantor is a place for problem solvers, changemakers, and go-getters—where people are working together to help our customers see the world differently, and in doing so, be seen differently. Come be part of a mission, not just a job, where you can: Shape your own future, build the next big thing, and change the world. To be eligible for this position, you must be a U.S. Person, defined as a U.S. citizen, permanent resident, Asylee, or Refugee. Export Control/ITAR: Certain roles may be subject to U.S. export control laws, requiring U.S. person status as defined by 8 U.S.C. 1324b(a)(3). Please review the job details below. Vantor is forging the new frontier of spatial intelligence, helping decision makers and operators navigate what’s happening now and shape what’s coming next. Vantor is a place for problem solvers, changemakers, and go-getters—where people are working together to help our customers see the world differently, and in doing so, be seen differently. Come be part of a mission, not just a job, where you can: Shape your own future, build the next big thing, and change the world. To be eligible for this position, you must be a U.S. Citizen. Please review the job details below. We are seeking an AI/ML Engineer to develop and maintain autonomous planning, scheduling, and optimization systems for advanced Earth Observation satellite operations. This role focuses on applying reinforcement learning (RL), operations research, and sequential decision-making techniques to optimize heterogenous satellite constellation collection plans. You will be joining an onsite team located in the Herndon, VA office with core in-office days on Tuesday, Wednesday, and Thursdays. Other days may occasionally be required to support customer or mission-related activities. What You’ll Do Design and implement scalable reinforcement learning (RL), optimization, and decision-making algorithms for satellite sensor and constellation tasking and planning Build high-fidelity simulation and evaluation environments for training and validating autonomous planning strategies under real-world operational constraints Develop multi-objective optimization pipelines balancing coverage, revisit rate, latency, resource utilization, revenue, and mission success metrics Train, evaluate, and deploy ML and decision-making models in production environments using modern DevOps practices Collaborate with aerospace engineers, mission operators, software engineers, and product teams to translate mission requirements into deployable AI systems What Success Looks Like (12–18 Months) Your modernized scheduling and decision-support system is actively used by planners in daily operations Teams can evaluate alternative planning strategies with measurable outcomes based on your models Early-stage learning systems (optimization / RL) are improving planning performance over time Minimum Qualifications Bachelor’s degree in Computer Science, Data Science, Aerospace Engineering, Applied Mathematics, Physics, or related field 5+ years of experience developing machine learning or optimization systems Strong programming skills with experience using modern ML frameworks such as PyTorch, TensorFlow, Scikit-learn, or JAX Experience with probabilistic modeling, uncertainty estimation, and Bayesian optimization algorithms Experience building training & evaluation pipelines for ML systems Preferred Qualifications Experience with orbital mechanics, satellite systems, remote sensing, mission operations, and collection planning Strong software engineering fundamentals including testing, CI/CD, version-control, and containerized deployment Familiarity with GPU acceleration and distributed training infrastructure Experience with autonomous systems or multi-agent planning architectures is a plus Pay Transparency: To support pay transparency, Vantor includes salary ranges in all U.S. job postings. Starting pay for this role will fall within the listed range and will be based on factors such as experience, qualifications, skills, location, and market conditions. Candidates who meet the minimum requirements for the role should not expect to receive compensation at the top of the range. The listed range reflects the expected pay for this position, and final offers will be determined based on each candidate’s experience, expertise, and alignment with the role. ● The base pay for this position within the Washington, DC metropolitan area is: $137,000.00 - $182,000.00 - $200,200.00 annually. For all other states, we use geographic cost of labor as an input to develop market-driven ranges for our roles, and as such, each location where we hire may have a different range. Benefits: Vantor offers a competitive total rewards package that goes beyond the standard, including a robust 401(k) with company match, mental health resources, and unique perks like student loan repayment assistance, adoption reimbursement and pet insurance to support all aspects of your life. You can find more information on our benefits at: https://www.Vantor.com/careers Additionally, this position is incentive eligible with a target based on contribution, company performance, and/or individual results achieved; the specific incentive plan and target amount will be determined based on the role and breadth of contributions. The application window is three days from the date the job is posted and will remain posted until a qualified candidate has been identified for hire. If the job is reposted regardless of reason, it will remain posted three days from the date the job is reposted and will remain reposted until a qualified candidate has been identified for hire. The date of posting can be found on Vantor's Career page at the top of each job posting. To apply, submit your application via Vantor's Career page. EEO Policy: Vantor is an equal opportunity employer committed to an inclusive workplace. We believe in fostering an environment where all team members feel respected, valued, and encouraged to share their ideas. All qualified applicants will receive consideration for employment without regard to race, color, religion, national origin, sex, gender identity, sexual orientation, disability, protected veteran status, age, or any other characteristic protected by law.",USD
Vantor,Product Designer,R24010,"Westminster, CO",United States of America,77204.0,onsite,Mid,us_person,unknown,unknown,workday,,2026-06-16T21:15:34Z,https://maxar.wd1.myworkdayjobs.com/en-US/Vantor/job/Westminster-CO/Product-Designer_R24010,"Vantor is forging the new frontier of spatial intelligence, helping decision makers and operators navigate what’s happening now and shape what’s coming next. Vantor is a place for problem solvers, changemakers, and go-getters—where people are working together to help our customers see the world differently, and in doing so, be seen differently. Come be part of a mission, not just a job, where you can: Shape your own future, build the next big thing, and change the world. To be eligible for this position, you must be a U.S. Person, defined as a U.S. citizen, permanent resident, Asylee, or Refugee. Export Control/ITAR: Certain roles may be subject to U.S. export control laws, requiring U.S. person status as defined by 8 U.S.C. 1324b(a)(3). Please review the job details below. What we need this person to do: Support and own small-to-medium product experiences from early exploration through implementation.
Create clear user flows, wireframes, prototypes, and high-fidelity designs
Work closely with Product and Engineering in a highly technical domain
Help simplify complex workflows involving maps, data, imagery, layers, and system outputs
Contribute to design system consistency Use AI tools thoughtfully to support research synthesis, ideation, prototyping, and design production
Produce clear, implementation-ready design outputs with minimal ambiguity What we should look for: Strong UX fundamentals and interaction design skills
Ability to structure complex information clearly
Strong visual and product craft, especially in data-heavy interfaces
Comfort collaborating with engineers and technical stakeholders
Curiosity about geospatial, defense, intelligence, mapping, satellite imagery, or enterprise data platforms
Strong communication skills and ability to explain design rationale
Bias toward learning, iteration, and feedback
Nice-to-have experience:
Enterprise SaaS, developer tools, data platforms, geospatial products, analytics tools, dashboards, or operational systems
Map-based interfaces, data visualization, AI-assisted workflows, or complex B2B products
Design systems or component-based product design
Experience working in ambiguous or technical domains Pay Transparency: To support pay transparency, Vantor includes salary ranges in all U.S. job postings. Starting pay for this role will fall within the listed range and will be based on factors such as experience, qualifications, skills, location, and market conditions. Candidates who meet the minimum requirements for the role should not expect to receive compensation at the top of the range. The listed range reflects the expected pay for this position, and final offers will be determined based on each candidate’s experience, expertise, and alignment with the role. ● The base pay for this position within Colorado is: $66,000.00 - $88,408.00 - $97,248.80 annually. For all other states, we use geographic cost of labor as an input to develop market-driven ranges for our roles, and as such, each location where we hire may have a different range. Benefits: Vantor offers a competitive total rewards package that goes beyond the standard, including a robust 401(k) with company match, mental health resources, and unique perks like student loan repayment assistance, adoption reimbursement and pet insurance to support all aspects of your life. You can find more information on our benefits at: https://www.Vantor.com/careers Additionally, this position is incentive eligible with a target based on contribution, company performance, and/or individual results achieved; the specific incentive plan and target amount will be determined based on the role and breadth of contributions. The application window is three days from the date the job is posted and will remain posted until a qualified candidate has been identified for hire. If the job is reposted regardless of reason, it will remain posted three days from the date the job is reposted and will remain reposted until a qualified candidate has been identified for hire. The date of posting can be found on Vantor's Career page at the top of each job posting. To apply, submit your application via Vantor's Career page. EEO Policy: Vantor is an equal opportunity employer committed to an inclusive workplace. We believe in fostering an environment where all team members feel respected, valued, and encouraged to share their ideas. All qualified applicants will receive consideration for employment without regard to race, color, religion, national origin, sex, gender identity, sexual orientation, disability, protected veteran status, age, or any other characteristic protected by law.",USD
Vantor,Senior Technical Engagements & Knowledge Management Lead,R23659,"Reston, VA",United States of America,137500.0,onsite,Senior,yes,TS/SCI + Poly,unknown,workday,,2026-06-16T21:15:38Z,https://maxar.wd1.myworkdayjobs.com/en-US/Vantor/job/Reston-VA/Senior-Technical-Engagements---Knowledge-Management-Lead_R23659,"Vantor is forging the new frontier of spatial intelligence, helping decision makers and operators navigate what’s happening now and shape what’s coming next. Vantor is a place for problem solvers, changemakers, and go-getters—where people are working together to help our customers see the world differently, and in doing so, be seen differently. Come be part of a mission, not just a job, where you can: Shape your own future, build the next big thing, and change the world. To be eligible for this position, you must be a U.S. Citizen. This position requires an active U.S. Government security clearance, applicants who do not currently hold the required clearance will not be eligible for consideration. Employment for cleared roles is contingent upon verification of clearance status. Export Control/ITAR: Certain roles may be subject to U.S. export control laws, requiring U.S. person status as defined by 8 U.S.C. 1324b(a)(3). Please review the job details below. This position requires an active U.S. Government Security Clearance at the TS/SCI level with CI Poly. Responsible for overseeing strategy knowledge management, content coordination, FVEY engagement coordination and executive support to the Customer Co-Lead for a JHTS program. This role will require the candidate to work with other PMO’s to ensure coordinated events schedules ensuring no conflicts. This role will also work closely with partners across the DoW, IC and FVEY to facilitate needed senior-level engagements and collaboration. Project: We're supporting a well-established customer that works on a critical and high-visibility mission. The team is tremendously talented, and we need to add a full-time Technical Engagements coordinator with a strong foundation in Knowledge management, reporting, executive support, IC collaboration, FVEY partnerships and the Joint Hard Target Strategies mission. Responsibilities: Knowledge Management and Reporting: Develop and maintain the programs FVEY space posting the latest information and materials.
Develop and maintain documents for all other partners working closely with their graphics teams.
Compile the program FVEY Project Catalogue and update it annually.
Work with PMOs who represent other JHTS programs to coordinate reporting and ensure language provided is releasable and meets all foreign disclosure processes across all mission partners.
Produce a Year-End report with the PMOs who represent other JHTS programs
Draft the annual program FVEY Overview Brief with input for the PMOs who represent other JHTS programs engaging with their communications officers to finalize and publish the brief FVEY Engagements: Coordinate and host two events annually
Organize periodic FVEY meetings as requested by the programs Co-Leads
Work with PMOs who represent other JHTS programs to represent the Customer JHTS Co-Lead overseeing preparation and participation in briefings and meetings in support of the program, including at off-site exchanges and quarterly program reviews
Work closely with all FVEY partners supporting the mission
Manage travel arrangements for the Customer Co-Lead and travel to support all of the necessary off-site engagements (primarily in the NCR) Customer JHTS Co-Lead Executive Support: Manage the Customers Co-Leads calendar, collaborating closely with mission partner program Co-Leads
Manage all travel arrangements for the Customers Co-Lead – including local, national and international travel, arranging visitor requests, and any necessary international requirements/approvals. Minimum Qualifications: Develops and enhances collaborative, positive partnerships with IC/DoW leadership to drive efforts to identify/create strategies to address needs, challenges, or to advance corporate goals
Independently anticipates, sets and meets priorities and achieves results that support Agency objectives and strategies
Experience collaborating across IC and DoW on cross-agency initiatives
Proactively works to ensure a continuous transfer of knowledge and skills across the IC by serving as a resource and/or initiating and overseeing cross-IC collaboration, particularly on JHTS and FVEY events
Strong attention to detail
Experience in administration and maintenance of Confluence pages ​Preferred Qualifications: Experience with the Defense Travel System and Microsoft Office suite
Excellent writing and editing skills
Experience working with the U.S. Commands Pay Transparency: To support pay transparency, Vantor includes salary ranges in all U.S. job postings. Starting pay for this role will fall within the listed range and will be based on factors such as experience, qualifications, skills, location, and market conditions. Candidates who meet the minimum requirements for the role should not expect to receive compensation at the top of the range. The listed range reflects the expected pay for this position, and final offers will be determined based on each candidate’s experience, expertise, and alignment with the role. ● The base pay for this position within the Washington, DC metropolitan area is: $118,000.00 - $157,000.00 - $172,700.00 annually. For all other states, we use geographic cost of labor as an input to develop market-driven ranges for our roles, and as such, each location where we hire may have a different range. Benefits: Vantor offers a competitive total rewards package that goes beyond the standard, including a robust 401(k) with company match, mental health resources, and unique perks like student loan repayment assistance, adoption reimbursement and pet insurance to support all aspects of your life. You can find more information on our benefits at: https://www.Vantor.com/careers The application window is three days from the date the job is posted and will remain posted until a qualified candidate has been identified for hire. If the job is reposted regardless of reason, it will remain posted three days from the date the job is reposted and will remain reposted until a qualified candidate has been identified for hire. The date of posting can be found on Vantor's Career page at the top of each job posting. To apply, submit your application via Vantor's Career page. EEO Policy: Vantor is an equal opportunity employer committed to an inclusive workplace. We believe in fostering an environment where all team members feel respected, valued, and encouraged to share their ideas. All qualified applicants will receive consideration for employment without regard to race, color, religion, national origin, sex, gender identity, sexual orientation, disability, protected veteran status, age, or any other characteristic protected by law.",USD
Vantor,DAF Support Engineer,R23870,"Longmont, CO",United States of America,83000.0,remote,Mid,yes,Secret,unknown,workday,,2026-06-16T21:15:43Z,https://maxar.wd1.myworkdayjobs.com/en-US/Vantor/job/Longmont-CO/DAF-Support-Engineer_R23870,"Vantor is forging the new frontier of spatial intelligence, helping decision makers and operators navigate what’s happening now and shape what’s coming next. Vantor is a place for problem solvers, changemakers, and go-getters—where people are working together to help our customers see the world differently, and in doing so, be seen differently. Come be part of a mission, not just a job, where you can: Shape your own future, build the next big thing, and change the world. To be eligible for this position, you must be a U.S. Citizen. This position requires an active U.S. Government security clearance, applicants who do not currently hold the required clearance will not be eligible for consideration. Employment for cleared roles is contingent upon verification of clearance status. Export Control/ITAR: Certain roles may be subject to U.S. export control laws, requiring U.S. person status as defined by 8 U.S.C. 1324b(a)(3). Please review the job details below. This position requires active Secret Clearance from the United States Government. Vantor is currently seeking a Direct Access Support Engineer for our Mission Operations Center in Longmont, CO. Responsibilities: Support Operations through the arbitration and execution of requests from our International Defense and customers.
Preserve the spacecraft and ground systems; ensure existing and potential satellite tasking requirements are met; deliver imagery and ancillary data to Vantor internal and external customers. Support numerous internal departments, including Remote Systems, Direct Access Remote Sensing, Project Management, and the direct access account management and sales teams.
Monitor satellite access windows to guarantee successful execution and ensure delivery of imagery and products within prescribed deadlines.
Frontline incident management for direct access customers outside of standard business hours
Troubleshoot Tier 1 and 2 issues in high-pressure situations
Utilize and maintain monitoring tools by performing ongoing assessments of the efficiency/performance of these tools,
Work alongside operations, sales, and customer facing teams on requirements and operational implementation,
Provide input and guarantee accuracy of operations, efficiency, and transition documentation and procedures,
Effectively communicate with team members, cross-departmental staff, and customers regarding status, milestones, issues, and resolution. Minimum Qualifications: Must be a U.S. citizen and possess a current/active Secret security clearance
Ability to accommodate 24/7 rotational shift work
Bachelor’s degree in engineering, computer science, or a relevant field. Four additional years of experience may be substituted for a degree.
Background in Windows & Unix/Linux environments
Familiarity with scripting languages, such as Python or Ruby
Must possess/demonstrate excellent verbal and written communication skills Preferred Qualifications: Geospatial and GIS experience or familiarity with remote sensing applications
Ability to understand system-level concepts and grasp details of the interaction between various components in the system
Proficiency with understanding and modifying XML and JSON
Ability to provide support and guidance to customers during the implementation of their system through the life cycle.
Experience with aerospace and/or satellite ground systems Ability to support time-sensitive requirements Ability to work independently and in a team environment Ability to multi-task, results-driven, strong sense of ownership and urgency Ability to interact multilingually #LI-MG1 Pay Transparency: To support pay transparency, Vantor includes salary ranges in all U.S. job postings. Starting pay for this role will fall within the listed range and will be based on factors such as experience, qualifications, skills, location, and market conditions. Candidates who meet the minimum requirements for the role should not expect to receive compensation at the top of the range. The listed range reflects the expected pay for this position, and final offers will be determined based on each candidate’s experience, expertise, and alignment with the role. ● The base pay for this position within Colorado is: $71,000.00 - $95,000.00 - $104,500.00 annually. For all other states, we use geographic cost of labor as an input to develop market-driven ranges for our roles, and as such, each location where we hire may have a different range. Benefits: Vantor offers a competitive total rewards package that goes beyond the standard, including a robust 401(k) with company match, mental health resources, and unique perks like student loan repayment assistance, adoption reimbursement and pet insurance to support all aspects of your life. You can find more information on our benefits at: https://www.Vantor.com/careers The application window is three days from the date the job is posted and will remain posted until a qualified candidate has been identified for hire. If the job is reposted regardless of reason, it will remain posted three days from the date the job is reposted and will remain reposted until a qualified candidate has been identified for hire. The date of posting can be found on Vantor's Career page at the top of each job posting. To apply, submit your application via Vantor's Career page. EEO Policy: Vantor is an equal opportunity employer committed to an inclusive workplace. We believe in fostering an environment where all team members feel respected, valued, and encouraged to share their ideas. All qualified applicants will receive consideration for employment without regard to race, color, religion, national origin, sex, gender identity, sexual orientation, disability, protected veteran status, age, or any other characteristic protected by law.",USD
Vantor,AI/ML Engineer,R23990,"McLean, VA",United States of America,131500.0,onsite,Mid,us_person,TS/SCI + Poly,unknown,workday,,2026-06-16T21:15:46Z,https://maxar.wd1.myworkdayjobs.com/en-US/Vantor/job/McLean-VA/AI-ML-Engineer_R23990,"Vantor is forging the new frontier of spatial intelligence, helping decision makers and operators navigate what’s happening now and shape what’s coming next. Vantor is a place for problem solvers, changemakers, and go-getters—where people are working together to help our customers see the world differently, and in doing so, be seen differently. Come be part of a mission, not just a job, where you can: Shape your own future, build the next big thing, and change the world. To be eligible for this position, you must be a U.S. Person, defined as a U.S. citizen, permanent resident, Asylee, or Refugee. Export Control/ITAR: Certain roles may be subject to U.S. export control laws, requiring U.S. person status as defined by 8 U.S.C. 1324b(a)(3). Please review the job details below. This position requires an active U.S. Government Security Clearance at the TS/SCI level with required polygraph. Responsibilities: Develop, implement, and maintain AI/ML-enabled applications with a focus on agent-based workflows, LLM integration, and retrieval-augmented generation capabilities.
Design and support agent-based application architectures, including orchestration logic, tool use, memory management, and integration with external systems.
Implement and maintain RAG pipelines, including document processing, embedding generation, retrieval configuration, prompt assembly, and response optimization.
Integrate LLMs into applications using available APIs, AI frameworks, and emerging protocols such as MCP.
Develop and maintain REST APIs, particularly Python-based services, to support data retrieval, system integration, agent workflows, and application functionality.
Support full-stack development of production-ready AI applications, including backend services, user-facing components, and enterprise deployment considerations.
Process, transform, and organize structured and unstructured data to support AI/ML workflows, model interaction, and application performance.
Design or refine Postgres schemas and data models to improve data organization, query performance, and application scalability.
Optimize AI-enabled applications for performance, reliability, usability, and maintainability in enterprise environments. Minimum Qualifications: Bachelor’s degree in computer science or related area of study.
Senior Labor Category: Minimum 8 years of experience with a Bachelor’s degree; or 7 years of experience with a Master’s degree; or 6 years of experience with a Doctorate.
Active/current TS/SCI with required polygraph.
Willingness to work onsite full time.
US citizenship required.
Proficiency in Python and common data/AI libraries.
Experience developing AI/ML applications, including LLM-integrated applications, RAG workflows, or similar retrieval-based capabilities.
Experience with agent-based programming concepts, AI frameworks, and tool-based LLM application development.
Strong understanding of AI/ML foundational concepts, including transformers, algorithms, LLM behavior, data processing, and model integration patterns.
Experience designing, developing, or integrating REST APIs to retrieve, process, or exchange data across systems.
Familiarity with production-ready application development practices, including reliability, maintainability, testing, and deployment considerations. Preferred Qualifications: Experience with MCP or similar protocols for connecting AI agents to tools, data sources, and enterprise systems.
Experience developing full-stack agent-based applications, including frontend interfaces, backend services, orchestration layers, and enterprise deployment patterns.
Experience with Python REST API frameworks such as FastAPI or Flask.
Experience implementing or optimizing LLM memory management approaches, including conversational memory, session state, context management, and retrieval-based memory.
Experience with agent-based application optimization techniques, including prompt/tool orchestration, latency reduction, context window management, evaluation, observability, and cost/performance tuning.
Experience working with vector databases, embedding models, semantic search, and retrieval configuration.
Experience with Docker containers and containerized development environments.
Experience with AWS or other cloud environments.
Experience with Postgres, data transformation, structured/unstructured data processing, and schema refinement. Pay Transparency: To support pay transparency, Vantor includes salary ranges in all U.S. job postings. Starting pay for this role will fall within the listed range and will be based on factors such as experience, qualifications, skills, location, and market conditions. Candidates who meet the minimum requirements for the role should not expect to receive compensation at the top of the range. The listed range reflects the expected pay for this position, and final offers will be determined based on each candidate’s experience, expertise, and alignment with the role. ● The base pay for this position within the Washington, DC metropolitan area is: $113,000.00 - $150,000.00 - $165,000.00 annually. For all other states, we use geographic cost of labor as an input to develop market-driven ranges for our roles, and as such, each location where we hire may have a different range. Benefits: Vantor offers a competitive total rewards package that goes beyond the standard, including a robust 401(k) with company match, mental health resources, and unique perks like student loan repayment assistance, adoption reimbursement and pet insurance to support all aspects of your life. You can find more information on our benefits at: https://www.Vantor.com/careers The application window is three days from the date the job is posted and will remain posted until a qualified candidate has been identified for hire. If the job is reposted regardless of reason, it will remain posted three days from the date the job is reposted and will remain reposted until a qualified candidate has been identified for hire. The date of posting can be found on Vantor's Career page at the top of each job posting. To apply, submit your application via Vantor's Career page. EEO Policy: Vantor is an equal opportunity employer committed to an inclusive workplace. We believe in fostering an environment where all team members feel respected, valued, and encouraged to share their ideas. All qualified applicants will receive consideration for employment without regard to race, color, religion, national origin, sex, gender identity, sexual orientation, disability, protected veteran status, age, or any other characteristic protected by law.",USD
Vantor,AI/ML Engineer,R23991,"McLean, VA",United States of America,159500.0,onsite,Mid,us_person,TS/SCI + Poly,unknown,workday,,2026-06-16T21:15:50Z,https://maxar.wd1.myworkdayjobs.com/en-US/Vantor/job/McLean-VA/AI-ML-Engineer_R23991-1,"Vantor is forging the new frontier of spatial intelligence, helping decision makers and operators navigate what’s happening now and shape what’s coming next. Vantor is a place for problem solvers, changemakers, and go-getters—where people are working together to help our customers see the world differently, and in doing so, be seen differently. Come be part of a mission, not just a job, where you can: Shape your own future, build the next big thing, and change the world. To be eligible for this position, you must be a U.S. Person, defined as a U.S. citizen, permanent resident, Asylee, or Refugee. Export Control/ITAR: Certain roles may be subject to U.S. export control laws, requiring U.S. person status as defined by 8 U.S.C. 1324b(a)(3). Please review the job details below. This position requires an active U.S. Government Security Clearance at the TS/SCI level with required polygraph. Responsibilities: Develop, implement, and maintain AI/ML-enabled applications with a focus on agent-based workflows, LLM integration, and retrieval-augmented generation capabilities.
Design and support agent-based application architectures, including orchestration logic, tool use, memory management, and integration with external systems.
Implement and maintain RAG pipelines, including document processing, embedding generation, retrieval configuration, prompt assembly, and response optimization.
Integrate LLMs into applications using available APIs, AI frameworks, and emerging protocols such as MCP.
Develop and maintain REST APIs, particularly Python-based services, to support data retrieval, system integration, agent workflows, and application functionality.
Support full-stack development of production-ready AI applications, including backend services, user-facing components, and enterprise deployment considerations.
Process, transform, and organize structured and unstructured data to support AI/ML workflows, model interaction, and application performance.
Design or refine Postgres schemas and data models to improve data organization, query performance, and application scalability.
Optimize AI-enabled applications for performance, reliability, usability, and maintainability in enterprise environments. Minimum Qualifications: Bachelor’s degree in computer science or related area of study.
Senior Labor Category: Minimum 8 years of experience with a Bachelor’s degree; or 7 years of experience with a Master’s degree; or 6 years of experience with a Doctorate.
Active/current TS/SCI with required polygraph.
Willingness to work onsite full time.
US citizenship required.
Proficiency in Python and common data/AI libraries.
Experience developing AI/ML applications, including LLM-integrated applications, RAG workflows, or similar retrieval-based capabilities.
Experience with agent-based programming concepts, AI frameworks, and tool-based LLM application development.
Strong understanding of AI/ML foundational concepts, including transformers, algorithms, LLM behavior, data processing, and model integration patterns.
Experience designing, developing, or integrating REST APIs to retrieve, process, or exchange data across systems.
Familiarity with production-ready application development practices, including reliability, maintainability, testing, and deployment considerations. Preferred Qualifications: Experience with MCP or similar protocols for connecting AI agents to tools, data sources, and enterprise systems.
Experience developing full-stack agent-based applications, including frontend interfaces, backend services, orchestration layers, and enterprise deployment patterns.
Experience with Python REST API frameworks such as FastAPI or Flask.
Experience implementing or optimizing LLM memory management approaches, including conversational memory, session state, context management, and retrieval-based memory.
Experience with agent-based application optimization techniques, including prompt/tool orchestration, latency reduction, context window management, evaluation, observability, and cost/performance tuning.
Experience working with vector databases, embedding models, semantic search, and retrieval configuration.
Experience with Docker containers and containerized development environments.
Experience with AWS or other cloud environments.
Experience with Postgres, data transformation, structured/unstructured data processing, and schema refinement. Pay Transparency: To support pay transparency, Vantor includes salary ranges in all U.S. job postings. Starting pay for this role will fall within the listed range and will be based on factors such as experience, qualifications, skills, location, and market conditions. Candidates who meet the minimum requirements for the role should not expect to receive compensation at the top of the range. The listed range reflects the expected pay for this position, and final offers will be determined based on each candidate’s experience, expertise, and alignment with the role. ● The base pay for this position within the Washington, DC metropolitan area is: $137,000.00 - $182,000.00 - $200,200.00 annually. For all other states, we use geographic cost of labor as an input to develop market-driven ranges for our roles, and as such, each location where we hire may have a different range. Benefits: Vantor offers a competitive total rewards package that goes beyond the standard, including a robust 401(k) with company match, mental health resources, and unique perks like student loan repayment assistance, adoption reimbursement and pet insurance to support all aspects of your life. You can find more information on our benefits at: https://www.Vantor.com/careers The application window is three days from the date the job is posted and will remain posted until a qualified candidate has been identified for hire. If the job is reposted regardless of reason, it will remain posted three days from the date the job is reposted and will remain reposted until a qualified candidate has been identified for hire. The date of posting can be found on Vantor's Career page at the top of each job posting. To apply, submit your application via Vantor's Career page. EEO Policy: Vantor is an equal opportunity employer committed to an inclusive workplace. We believe in fostering an environment where all team members feel respected, valued, and encouraged to share their ideas. All qualified applicants will receive consideration for employment without regard to race, color, religion, national origin, sex, gender identity, sexual orientation, disability, protected veteran status, age, or any other characteristic protected by law.",USD
Vantor,Cloud Infrastructure Engineer (Secret),R23959,2 Locations,United States of America,119000.0,remote,Mid,yes,unknown,unknown,workday,,2026-06-16T21:15:54Z,https://maxar.wd1.myworkdayjobs.com/en-US/Vantor/job/Westminster-CO/Cloud-Infrastructure-Engineer--Secret-_R23959,"Vantor is forging the new frontier of spatial intelligence, helping decision makers and operators navigate what’s happening now and shape what’s coming next. Vantor is a place for problem solvers, changemakers, and go-getters—where people are working together to help our customers see the world differently, and in doing so, be seen differently. Come be part of a mission, not just a job, where you can: Shape your own future, build the next big thing, and change the world. To be eligible for this position, you must be a U.S. Citizen. This position requires an active U.S. Government security clearance, applicants who do not currently hold the required clearance will not be eligible for consideration. Employment for cleared roles is contingent upon verification of clearance status. Export Control/ITAR: Certain roles may be subject to U.S. export control laws, requiring U.S. person status as defined by 8 U.S.C. 1324b(a)(3). Please review the job details below. Vantor’s Mission Control Infrastructure DevOps (MCID) Team is seeking an experienced Cloud Infrastructure Engineer to join our team in Westminster, CO. In this position, you will use your experience to support key infrastructure and applications in our AWS-based cloud environment. This is a hybrid role, supporting mission-critical infrastructure for internal stakeholders in both Westminster and Longmont, CO, typically working on-site Tuesday, Wednesday, and Thursday (and as needed) and remotely on Monday and Friday. Responsibilities: Design, configure, deploy, and administer AWS container-based environments (both production and non-production) in support of mission-critical applications via CI/CD pipelines
Ensure security compliance through regular patching and overall vulnerability management
Work with leadership in managing infrastructure lifecycle
Assist in installation of software development and engineering tools
Act as a point of contact for troubleshooting and projects as related to cloud environment support
Provide modest-level of 24x7 on-call support of key systems
Produce and maintain configuration and maintenance documentation Minimum Requirements Must be a U.S. Citizen
Minimum of an Active Security clearance
Bachelor’s degree in a computer-related major, such as computer science, electronic engineering, or computer engineering. Additional years of experience may be substituted for a degree.
Deep AWS knowledge and experience in creating, deploying, and managing containerized workloads
Experience with Amazon Elastic Kubernetes (EKS), K8s and Rancher
Infrastructure-as-code experience, preferably Terraform
Experience with GitHub and CI/CD tooling
Experience scripting in Python, Ruby, Bash, etc
Implementing and maintaining security and compliance measures, particularly the investigation and resolution of vulnerabilities
Work as part of a team to ensure configuration management and app performance
Interest in automation and creating repeatable infrastructure patterns Preferred Qualifications Experience with HashiCorp Vault
Experience with Helm Charts
Experience with Elastic
Experience with Agile development practices Pay Transparency: To support pay transparency, Vantor includes salary ranges in all U.S. job postings. Starting pay for this role will fall within the listed range and will be based on factors such as experience, qualifications, skills, location, and market conditions. Candidates who meet the minimum requirements for the role should not expect to receive compensation at the top of the range. The listed range reflects the expected pay for this position, and final offers will be determined based on each candidate’s experience, expertise, and alignment with the role. ● The base pay for this position within Colorado is: $102,000.00 - $136,000.00 - $149,600.00 annually. For all other states, we use geographic cost of labor as an input to develop market-driven ranges for our roles, and as such, each location where we hire may have a different range. Benefits: Vantor offers a competitive total rewards package that goes beyond the standard, including a robust 401(k) with company match, mental health resources, and unique perks like student loan repayment assistance, adoption reimbursement and pet insurance to support all aspects of your life. You can find more information on our benefits at: https://www.Vantor.com/careers The application window is three days from the date the job is posted and will remain posted until a qualified candidate has been identified for hire. If the job is reposted regardless of reason, it will remain posted three days from the date the job is reposted and will remain reposted until a qualified candidate has been identified for hire. The date of posting can be found on Vantor's Career page at the top of each job posting. To apply, submit your application via Vantor's Career page. EEO Policy: Vantor is an equal opportunity employer committed to an inclusive workplace. We believe in fostering an environment where all team members feel respected, valued, and encouraged to share their ideas. All qualified applicants will receive consideration for employment without regard to race, color, religion, national origin, sex, gender identity, sexual orientation, disability, protected veteran status, age, or any other characteristic protected by law.",USD
Vantor,Senior Software Test Engineer,R24007,2 Locations,United States of America,180000.0,onsite,Senior,yes,TS/SCI + Poly,unknown,workday,,2026-06-16T21:15:58Z,https://maxar.wd1.myworkdayjobs.com/en-US/Vantor/job/Herndon-VA/Senior-Software-Test-Engineer_R24007,"Vantor is forging the new frontier of spatial intelligence, helping decision makers and operators navigate what’s happening now and shape what’s coming next. Vantor is a place for problem solvers, changemakers, and go-getters—where people are working together to help our customers see the world differently, and in doing so, be seen differently. Come be part of a mission, not just a job, where you can: Shape your own future, build the next big thing, and change the world. To be eligible for this position, you must be a U.S. Citizen. This position requires an active U.S. Government security clearance, applicants who do not currently hold the required clearance will not be eligible for consideration. Employment for cleared roles is contingent upon verification of clearance status. Export Control/ITAR: Certain roles may be subject to U.S. export control laws, requiring U.S. person status as defined by 8 U.S.C. 1324b(a)(3). Please review the job details below. This position requires an active U.S. Government Security Clearance at the TS/SCI level. We are looking for a Software Tester to support a large-scale big data analytics platform supporting U.S. Government intelligence analysts. The selected candidate will work closely with software engineers, systems engineers, DevOps personnel, and end users to ensure the quality, reliability, performance, and usability of mission-critical applications and data services. This role requires strong analytical skills, hands-on testing experience in complex distributed systems, and the ability to operate effectively in an Agile development environment supporting national security missions. Principal Responsibilities: Design, develop, and execute manual and automated test plans, test cases, and test procedures.
Validate functionality, performance, scalability, and reliability of web-based and data-centric applications.
Perform integration, regression, system, and user acceptance testing across distributed environments.
Identify, document, track, and verify software defects using issue tracking tools.
Collaborate with developers, product owners, and system administrators to troubleshoot and resolve issues.
Support CI/CD testing activities and participate in Agile ceremonies, including sprint planning and retrospectives.
Verify data integrity and data flow across large-scale analytics and ingestion pipelines.
Contribute to test automation frameworks and continuous quality improvement initiatives.
Rigorously document detailed test processes. Minimum Qualifications: US citizenship and an active TS/SCI clearance is mandatory for this position and required for consideration. Must be willing to obtain a CI Poly.
Minimum of 14 years of total professional experience in a technical support role, of which 5+ years has been in software testing, quality assurance, or related technical roles.
Experience testing web applications, APIs, and distributed systems in a variety of environments.
Knowledge of performance testing and security testing methodologies.
Familiarity with Agile software development methodologies and DevOps practices.
Experience with automated testing tools and scripting languages (e.g., Playwright, Selenium, Cypress, Python, JavaScript, or similar).
Understanding of software defect tracking and test management tools such as Jira, TestRail, or equivalent.
Demonstrated self-starter who consistently takes initiative with limited guidance and instruction.
BS in Systems Engineering, Geographic Information Systems (GIS), Computer Systems Analysis, Electrical Engineering, Software Engineering or equivalent or related technical field. Preferred Qualifications: Familiarity with big data technologies such as Hadoop, Spark, Kafka, Elasticsearch, or similar platforms.
Experience testing cloud-native applications in AWS, Azure, or Kubernetes environments.
Experience with CI/CD pipelines and tools such as Jenkins, GitLab CI, or GitHub Actions.
ISTQB or other software testing certifications.
Experience working in high-availability, mission-critical production environments.
Experience as a military/intelligence analyst, supporting the military/IC, or knowledge of some IC PED systems is a plus! #cjpost #LI-RD Pay Transparency: In support of pay transparency at Vantor, we disclose salary ranges on all U.S. job postings. The successful candidate’s starting pay will fall within the salary range provided below and is determined based on job-related factors, including, but not limited to, the experience, qualifications, knowledge, skills, geographic work location, and market conditions. Candidates with the minimum necessary experience, qualifications, knowledge, and skillsets for the position should not expect to receive the upper end of the pay range. The base pay for this position within California, Colorado, Hawaii, New Jersey, the Washington, DC metropolitan area, and for all other states is: $145,000.00 - $215,000.00 Benefits: Vantor offers a competitive total rewards package that goes beyond the standard, including a robust 401(k) with company match, mental health resources, and unique perks like student loan repayment assistance, adoption reimbursement and pet insurance to support all aspects of your life. You can find more information on our benefits at: https://www.Vantor.com/careers The application window is three days from the date the job is posted and will remain posted until a qualified candidate has been identified for hire. If the job is reposted regardless of reason, it will remain posted three days from the date the job is reposted and will remain reposted until a qualified candidate has been identified for hire. The date of posting can be found on Vantor's Career page at the top of each job posting. To apply, submit your application via Vantor's Career page. EEO Policy: Vantor is an equal opportunity employer committed to an inclusive workplace. We believe in fostering an environment where all team members feel respected, valued, and encouraged to share their ideas. All qualified applicants will receive consideration for employment without regard to race, color, religion, national origin, sex, gender identity, sexual orientation, disability, protected veteran status, age, or any other characteristic protected by law.",USD
Vantor,Mission Director (Secret Clearance),R23982,"Longmont, CO",United States of America,108180.0,onsite,Director,yes,TS/SCI + Poly,unknown,workday,,2026-06-16T21:16:02Z,https://maxar.wd1.myworkdayjobs.com/en-US/Vantor/job/Longmont-CO/Mission-Director--Secret-Clearance-_R23982,"Vantor is forging the new frontier of spatial intelligence, helping decision makers and operators navigate what’s happening now and shape what’s coming next. Vantor is a place for problem solvers, changemakers, and go-getters—where people are working together to help our customers see the world differently, and in doing so, be seen differently. Come be part of a mission, not just a job, where you can: Shape your own future, build the next big thing, and change the world. To be eligible for this position, you must be a U.S. Citizen. This position requires an active U.S. Government security clearance, applicants who do not currently hold the required clearance will not be eligible for consideration. Employment for cleared roles is contingent upon verification of clearance status. Export Control/ITAR: Certain roles may be subject to U.S. export control laws, requiring U.S. person status as defined by 8 U.S.C. 1324b(a)(3). Please review the job details below. Vantor is seeking a Mission Director in Longmont, CO to lead mission execution within our 24/7 Mission Operations Center, supporting ground operations, flight operations, mission planning, and production for our satellite constellation and ground infrastructure. This role ensures mission success, operational readiness, and clear cross-functional coordination across mission-critical operations. Responsibilities Manage an integrated ground / flight operations, planning, and production shift team of eight or more operators and engineers in support of our satellite constellation and ground infrastructure, along with other support teams as directed by management. Responsible for mission success and systems performance necessary to meet customer requirements in a 24/7 environment. Draft, validate, support, and enforce operational procedures and completion of required training. Maintain a high level of situational awareness of all mission planning and operations activities within the Mission Operations Center (MOC). Develop and maintain relationships with various spacecraft support teams, such as spacecraft and operations engineering, management, training, production, IT, and planning teams. Daily coordination with the operations and engineering leadership and regional collection planning teams. Provide effective communication with team members, cross-departmental staff, and leaders regarding operational status, mission milestones, and incident management of business impacts and resolution. As a designated incident commander, focus on an anomaly from prioritization to recovery by managing resources, communicating with stakeholders and leadership, and adhering to the Incident Management policy. Communicate with external customers regarding operational capabilities to include mission-impacting anomalies, planned and unplanned maintenance activities, the impacts of the activities, and the mitigations in place to minimize the impacts. Interview, train, evaluate, coach, support career development and corrective actions and preventative solutions for team members. Minimum Qualifications Must be a U.S. citizen and possess a current/active Secret security clearance with the ability to obtain a TS/SCI w/poly Bachelor’s degree in business administration, engineering, or a related field. Four additional years of experience may be substituted for a degree Minimum of 5 years of experience in Operations Management or Technical Project Management Minimum of 3 years of experience troubleshooting technical issues Ability to accommodate 24/7 rotational shift work and support outside of regular shifts as required Preferred Qualifications 5+ years of leadership experience Experience with aerospace and/or satellite ground systems Troubleshooting experience for AWS-based systems Ability to engage with crew members and adjacent teams Must possess/demonstrate excellent verbal and written communication skills Calm disposition in stressful situations Proficiency in Windows and Linux environments Ability to support time-sensitive requirements #LI-MG1 Pay Transparency: To support pay transparency, Vantor includes salary ranges in all U.S. job postings. Starting pay for this role will fall within the listed range and will be based on factors such as experience, qualifications, skills, location, and market conditions. Candidates who meet the minimum requirements for the role should not expect to receive compensation at the top of the range. The listed range reflects the expected pay for this position, and final offers will be determined based on each candidate’s experience, expertise, and alignment with the role. ● The base pay for this position within Colorado is: $93,000.00 - $123,360.00 - $135,696.00 annually. For all other states, we use geographic cost of labor as an input to develop market-driven ranges for our roles, and as such, each location where we hire may have a different range. Benefits: Vantor offers a competitive total rewards package that goes beyond the standard, including a robust 401(k) with company match, mental health resources, and unique perks like student loan repayment assistance, adoption reimbursement and pet insurance to support all aspects of your life. You can find more information on our benefits at: https://www.Vantor.com/careers The application window is three days from the date the job is posted and will remain posted until a qualified candidate has been identified for hire. If the job is reposted regardless of reason, it will remain posted three days from the date the job is reposted and will remain reposted until a qualified candidate has been identified for hire. The date of posting can be found on Vantor's Career page at the top of each job posting. To apply, submit your application via Vantor's Career page. EEO Policy: Vantor is an equal opportunity employer committed to an inclusive workplace. We believe in fostering an environment where all team members feel respected, valued, and encouraged to share their ideas. All qualified applicants will receive consideration for employment without regard to race, color, religion, national origin, sex, gender identity, sexual orientation, disability, protected veteran status, age, or any other characteristic protected by law.",USD
Vantor,Full Stack Developer,R23988,"McLean, VA",United States of America,131500.0,onsite,Mid,yes,TS/SCI + Poly,unknown,workday,,2026-06-16T21:16:07Z,https://maxar.wd1.myworkdayjobs.com/en-US/Vantor/job/McLean-VA/Full-Stack-Developer_R23988,"Vantor is forging the new frontier of spatial intelligence, helping decision makers and operators navigate what’s happening now and shape what’s coming next. Vantor is a place for problem solvers, changemakers, and go-getters—where people are working together to help our customers see the world differently, and in doing so, be seen differently. Come be part of a mission, not just a job, where you can: Shape your own future, build the next big thing, and change the world. To be eligible for this position, you must be a U.S. Citizen. This position requires an active U.S. Government security clearance, applicants who do not currently hold the required clearance will not be eligible for consideration. Employment for cleared roles is contingent upon verification of clearance status. Export Control/ITAR: Certain roles may be subject to U.S. export control laws, requiring U.S. person status as defined by 8 U.S.C. 1324b(a)(3). Please review the job details below. This position requires an active U.S. Government Security Clearance at the TS/SCI level with required polygraph. We are seeking a Full Stack Developer with a strong frontend and data-integration focus to support the development of a mission-critical, web-based application used for data ingest, analytics, visualization, and dissemination. This role emphasizes building intuitive user interfaces backed by robust APIs and data-processing services in a fast-paced, customer-facing environment. Responsibilities: Collaborate with government stakeholders and product leadership to refine and document application requirements.
Design and implement modern, responsive user interfaces using Angular or comparable frameworks (React or Vue).
Build and integrate backend APIs using Node.js (Nest.js) and Python-based analytics services.
Integrate external data sources, analytics libraries, and query engines to support complex workflows.
Partner with UI/UX designers and power users to deliver intuitive, data-driven user experiences.
Participate in Agile development activities including sprint planning, daily standups, demos, and retrospectives.
Test and validate features to ensure functional, performance, and usability requirements are met. Minimum Qualifications: Bachelor’s degree in Computer Science or related technical field.
5+ years of professional software development experience.
Strong experience with modern frontend frameworks (Angular preferred; React or Vue acceptable).
Experience using UI component libraries (PrimeNG preferred) and/or Tailwind CSS.
Backend API development experience using Node.js (Nest.js or similar).
Experience integrating Python-based analytics or data processing services.
Hands-on experience with relational databases, particularly PostgreSQL.
Experience building and deploying applications in AWS environments.
Willingness to work onsite full time. Preferred Qualifications: Experience with data visualization and analytical presentation of results.
Familiarity with pandas or polars for data processing.
Experience with Trino or distributed query engines.
Experience implementing authentication and authorization in cloud-based systems.
Familiarity with Docker-based development workflows. Pay Transparency: To support pay transparency, Vantor includes salary ranges in all U.S. job postings. Starting pay for this role will fall within the listed range and will be based on factors such as experience, qualifications, skills, location, and market conditions. Candidates who meet the minimum requirements for the role should not expect to receive compensation at the top of the range. The listed range reflects the expected pay for this position, and final offers will be determined based on each candidate’s experience, expertise, and alignment with the role. ● The base pay for this position within the Washington, DC metropolitan area is: $113,000.00 - $150,000.00 - $165,000.00 annually. For all other states, we use geographic cost of labor as an input to develop market-driven ranges for our roles, and as such, each location where we hire may have a different range. Benefits: Vantor offers a competitive total rewards package that goes beyond the standard, including a robust 401(k) with company match, mental health resources, and unique perks like student loan repayment assistance, adoption reimbursement and pet insurance to support all aspects of your life. You can find more information on our benefits at: https://www.Vantor.com/careers The application window is three days from the date the job is posted and will remain posted until a qualified candidate has been identified for hire. If the job is reposted regardless of reason, it will remain posted three days from the date the job is reposted and will remain reposted until a qualified candidate has been identified for hire. The date of posting can be found on Vantor's Career page at the top of each job posting. To apply, submit your application via Vantor's Career page. EEO Policy: Vantor is an equal opportunity employer committed to an inclusive workplace. We believe in fostering an environment where all team members feel respected, valued, and encouraged to share their ideas. All qualified applicants will receive consideration for employment without regard to race, color, religion, national origin, sex, gender identity, sexual orientation, disability, protected veteran status, age, or any other characteristic protected by law.",USD
Vantor,Sr. Payload Systems Engineer,R23587,"Westminster, CO",United States of America,125000.0,remote,Senior,yes,Secret,unknown,workday,,2026-06-16T21:16:10Z,https://maxar.wd1.myworkdayjobs.com/en-US/Vantor/job/Westminster-CO/Sr-Payload-Systems-Engineer_R23587,"Vantor is forging the new frontier of spatial intelligence, helping decision makers and operators navigate what’s happening now and shape what’s coming next. Vantor is a place for problem solvers, changemakers, and go-getters—where people are working together to help our customers see the world differently, and in doing so, be seen differently. Come be part of a mission, not just a job, where you can: Shape your own future, build the next big thing, and change the world. To be eligible for this position, you must be a U.S. Person, defined as a U.S. citizen, permanent resident, Asylee, or Refugee. Export Control/ITAR: Certain roles may be subject to U.S. export control laws, requiring U.S. person status as defined by 8 U.S.C. 1324b(a)(3). Please review the job details below. Vantor is hiring for a Sr. Payload Systems Engineer to join our team in Westminster, CO. The team is responsible for defining the mission, satellite, and payload architecture behind next-generation space constellations. This role offers direct exposure to complex, integrated systems including spacecraft platforms, optical payloads, laser communications, and advanced onboard processing. We work closely with top-tier industry partners, providing the opportunity to influence and oversee high-impact programs across the full system. Our team is composed of highly experienced engineers and leaders who understand how to deliver. We operate with a deliberate balance of lean execution and disciplined engineering, enabling us to move quickly while maintaining the rigor required for mission success. Just as important, we’ve built a culture of strong collaboration, shared ownership, and camaraderie—with a clear sense of purpose behind the systems we deliver. Responsibilities: Serve as the technical interface between the imaging payload and spacecraft bus, ensuring compatibility and joint performance optimization across electrical, mechanical, thermal, and data interfaces.
Lead and participate in system-level trades to evaluate design alternatives, performance vs. cost/risk trade-offs, and technology insertion opportunities.
Assess and troubleshoot emerging payload and bus designs down to the circuit level using your electrical engineering background.
Support radiation analysis and mitigation strategies for electronics in space environments, collaborating with design teams to guide EEE parts selection and architecture-level protections.
Perform or review signal and power integrity analyses, and ensure adherence to space-qualified electrical standards (MIL-STD, ECSS, NASA standards, etc.).
Model and evaluate payload-level power, data, and timing interactions and contribute to electrical interface control documentation (ICDs).
Participate in the evaluation of emerging technologies, COTS/FoS (Commercial/Flyable off the Shelf) hardware, and new mission concepts with an eye toward system-level integration feasibility.
Contribute to design reviews (SRR, PDR, CDR) and work across disciplines to ensure the payload systems meet performance, reliability, and environmental constraints. Minimum Qualifications: Must be a U.S. Citizen with an active secret Security Clearance or have the ability to obtain secret clearance.
Bachelor’s degree in Electrical Engineering, Aerospace Engineering, Physics, or a related technical field.
8+ years of experience working with space-based optical remote sensing payloads, especially within LEO missions.
Proven experience in electrical systems engineering for space platforms, including familiarity with radiation effects on electronic systems and parts derating/qualification processes.
Demonstrated experience with spacecraft-payload interface development, electrical interface analysis, and supporting cross-functional teams across the space segment.
Ability to interpret and analyze schematics, block diagrams, and PCB layouts, and perform system-level implications analysis from hardware-level changes.
Demonstrated familiarity with current and emerging FPGA, processor, and memory technologies.
Previous experience working across payload, spacecraft, and ground teams Preferred Qualifications: Master’s or PhD in Electrical Engineering or Systems Engineering.
Experience with modeling tools such as MATLAB, STK, SPICE, HFSS, or signal integrity/power analysis software.
Familiarity with imaging payloads (visible, multispectral, or hyperspectral), data processing requirements, and performance metrics (SNR, MTF, etc.).
Experience with fault management, redundancy architectures, and design for reliability in long-duration space missions.
Familiarity with space industry quality and standards frameworks (NASA GSFC, JPL, ECSS, MIL-STD-1547, IPC standards). #LI-MG1 Pay Transparency: To support pay transparency, Vantor includes salary ranges in all U.S. job postings. Starting pay for this role will fall within the listed range and will be based on factors such as experience, qualifications, skills, location, and market conditions. Candidates who meet the minimum requirements for the role should not expect to receive compensation at the top of the range. The listed range reflects the expected pay for this position, and final offers will be determined based on each candidate’s experience, expertise, and alignment with the role. ● The base pay for this position within Colorado is: $107,000.00 - $143,000.00 - $157,300.00 annually. For all other states, we use geographic cost of labor as an input to develop market-driven ranges for our roles, and as such, each location where we hire may have a different range. Benefits: Vantor offers a competitive total rewards package that goes beyond the standard, including a robust 401(k) with company match, mental health resources, and unique perks like student loan repayment assistance, adoption reimbursement and pet insurance to support all aspects of your life. You can find more information on our benefits at: https://www.Vantor.com/careers The application window is three days from the date the job is posted and will remain posted until a qualified candidate has been identified for hire. If the job is reposted regardless of reason, it will remain posted three days from the date the job is reposted and will remain reposted until a qualified candidate has been identified for hire. The date of posting can be found on Vantor's Career page at the top of each job posting. To apply, submit your application via Vantor's Career page. EEO Policy: Vantor is an equal opportunity employer committed to an inclusive workplace. We believe in fostering an environment where all team members feel respected, valued, and encouraged to share their ideas. All qualified applicants will receive consideration for employment without regard to race, color, religion, national origin, sex, gender identity, sexual orientation, disability, protected veteran status, age, or any other characteristic protected by law.",USD
Vantor,Senior Satellite Engineer - Avionics and Electrical Engineer,R23585,"Westminster, CO",United States of America,105000.0,onsite,Senior,yes,TS/SCI,unknown,workday,,2026-06-16T21:16:14Z,https://maxar.wd1.myworkdayjobs.com/en-US/Vantor/job/Westminster-CO/Senior-Satellite-Avionics-and-Electrical-Engineer_R23585,"Vantor is forging the new frontier of spatial intelligence, helping decision makers and operators navigate what’s happening now and shape what’s coming next. Vantor is a place for problem solvers, changemakers, and go-getters—where people are working together to help our customers see the world differently, and in doing so, be seen differently. Come be part of a mission, not just a job, where you can: Shape your own future, build the next big thing, and change the world. To be eligible for this position, you must be a U.S. Person, defined as a U.S. citizen, permanent resident, Asylee, or Refugee. Export Control/ITAR: Certain roles may be subject to U.S. export control laws, requiring U.S. person status as defined by 8 U.S.C. 1324b(a)(3). Please review the job details below. Vantor is hiring a Senior Satellite Systems Engineer with experience in Avionics and Electrical Engineering to join our Satellite Systems Engineering team in Westminster, CO. Top candidates will have demonstrated experience in spacecraft avionics and electrical engineering. Our small team executes projects that start with customer needs, and design, develop, and deliver the world’s most capable earth observation systems. In this role, you will: Conduct and evaluate responses to RFIs and RFPs with satellite component vendors
Develop Flatsat and data-chain risk reduction testbeds for multiple systems
Integrate and test flight payload systems that create, encrypt, compress, modify, and downlink high-data rate mission products to Vantor ground systems
Generate Interface Control Documents (ICDs) and sell off their requirements
Write and oversee system compliance to electrical, C&DH, avionics, and software requirements
Review vendor-submitted processes, design reviews, analysis packages, and test reports Minimum Qualifications: Must be a U.S. Citizen
Bachelor’s degree in engineering, aerospace, physics, or a related field of study
3-7 years of experience in aerospace systems engineering
Experience setting up flatsat and risk-reduction test beds for space systems
Experience designing and qualifying avionics systems for low-earth orbit space environments: Radiation, thermal, and EMI/EMC environments in particular
Experience in electrical engineering, circuit design, and analysis, including typical aerospace requirements for bounding, grounding, charging, shielding, and signal integrity
End-to-end aerospace program experience, including ConOps and architecture development, writing requirements, design reviews, assembly integration and test, verification and validation, and on-orbit operations Preferred Qualifications: Degree in Electrical Engineering
Experience integrating AI-enabled edge-compute solutions in space
Experience integrating optical crosslink terminal solutions in space
Experience working with space-based mission data recorders
Experience working with space-based wideband downlink transmitters, their data interfaces in particular
Experience integrating software and IP cores into avionics systems
Experience working with precision timing systems
Computer networking experience
Direct experience on the mission data chain for an earth observation space program
Experience with encryption/decryption hardware devices and/or IP cores
Familiarity with modern cybersecurity principles
Familiarity with software architecture, satellite bus flight software in particular
Ability to obtain a US Government security clearance at the TS/SCI level #LI-MG1 Pay Transparency: To support pay transparency, Vantor includes salary ranges in all U.S. job postings. Starting pay for this role will fall within the listed range and will be based on factors such as experience, qualifications, skills, location, and market conditions. Candidates who meet the minimum requirements for the role should not expect to receive compensation at the top of the range. The listed range reflects the expected pay for this position, and final offers will be determined based on each candidate’s experience, expertise, and alignment with the role. ● The base pay for this position within Colorado is: $90,000.00 - $120,000.00 - $132,000.00 annually. For all other states, we use geographic cost of labor as an input to develop market-driven ranges for our roles, and as such, each location where we hire may have a different range. Benefits: Vantor offers a competitive total rewards package that goes beyond the standard, including a robust 401(k) with company match, mental health resources, and unique perks like student loan repayment assistance, adoption reimbursement and pet insurance to support all aspects of your life. You can find more information on our benefits at: https://www.Vantor.com/careers Additionally, this position is incentive eligible with a target based on contribution, company performance, and/or individual results achieved; the specific incentive plan and target amount will be determined based on the role and breadth of contributions. The application window is three days from the date the job is posted and will remain posted until a qualified candidate has been identified for hire. If the job is reposted regardless of reason, it will remain posted three days from the date the job is reposted and will remain reposted until a qualified candidate has been identified for hire. The date of posting can be found on Vantor's Career page at the top of each job posting. To apply, submit your application via Vantor's Career page. EEO Policy: Vantor is an equal opportunity employer committed to an inclusive workplace. We believe in fostering an environment where all team members feel respected, valued, and encouraged to share their ideas. All qualified applicants will receive consideration for employment without regard to race, color, religion, national origin, sex, gender identity, sexual orientation, disability, protected veteran status, age, or any other characteristic protected by law.",USD
Vantor,Radiometric Calibration Engineer,R23944,"Longmont, CO",United States of America,125000.0,remote,Mid,us_person,Secret,unknown,workday,,2026-06-16T21:16:18Z,https://maxar.wd1.myworkdayjobs.com/en-US/Vantor/job/Longmont-CO/Radiometric-Calibration-Engineer_R23944,"Vantor is forging the new frontier of spatial intelligence, helping decision makers and operators navigate what’s happening now and shape what’s coming next. Vantor is a place for problem solvers, changemakers, and go-getters—where people are working together to help our customers see the world differently, and in doing so, be seen differently. Come be part of a mission, not just a job, where you can: Shape your own future, build the next big thing, and change the world. To be eligible for this position, you must be a U.S. Person, defined as a U.S. citizen, permanent resident, Asylee, or Refugee. Export Control/ITAR: Certain roles may be subject to U.S. export control laws, requiring U.S. person status as defined by 8 U.S.C. 1324b(a)(3). Please review the job details below. Vantor is currently seeking a Radiometric Calibration Engineer to join the Radiometric Calibration, Assessment, and Monitoring (RadCAM) team in Longmont, CO. The RadCAM team is responsible for the relative and absolute radiometric calibration, assessment, and monitoring of Vantor's constellation. The team also performs radiometric analysis on Vantor’s products and supports community outreach in the radiometric field. Responsibilities Perform image analysis, radiometric characterization, and statistical evaluation of imaging system performance Develop, maintain, and improve software tools and automated workflows supporting calibration and sensor assessment activities Support calibration efforts throughout the lifecycle of imaging systems, including commissioning, validation, and operational sustainment Analyze large imaging and measurement datasets to derive calibration parameters and assess sensor performance trends Collaborate with multidisciplinary engineering and scientific teams to develop calibration methodologies and operational solutions Develop scripts, applications, and data processing tools in Python and related technologies Support cloud-based or distributed computing environments for data processing and analysis workflows Prepare technical reports, presentations, and documentation for internal and external stakeholders Present technical findings to peers, management, customers, and scientific audiences as needed Minimum Qualifications U.S. citizenship and ability to obtain and maintain a U.S. Secret security clearance Bachelor’s degree in engineering, physics, remote sensing, optical sciences, data science, computer science, or related technical field Additional relevant experience may substitute for formal education Experience with software development and data analysis Experience in one or more of the following: remote sensing image processing sensor characterization radiometric calibration statistical analysis Experience working in Linux-based computing environments Familiarity with software development best practices and version control tools Ability to support field or laboratory activities Strong communication and collaboration skills Preferred Qualifications Master’s degree in a related technical discipline Experience with radiometric calibration techniques Knowledge of remote sensing systems Experience processing and analyzing large datasets Experience with cloud computing platforms and distributed processing workflows Familiarity with containerization technologies such as Docker Experience with CI/CD pipelines and modern software development workflows Familiarity with GIS tools and geospatial data products Experience supporting field calibration or validation campaigns #LI-MG1 Pay Transparency: To support pay transparency, Vantor includes salary ranges in all U.S. job postings. Starting pay for this role will fall within the listed range and will be based on factors such as experience, qualifications, skills, location, and market conditions. Candidates who meet the minimum requirements for the role should not expect to receive compensation at the top of the range. The listed range reflects the expected pay for this position, and final offers will be determined based on each candidate’s experience, expertise, and alignment with the role. ● The base pay for this position within Colorado is: $107,000.00 - $143,000.00 - $157,300.00 annually. For all other states, we use geographic cost of labor as an input to develop market-driven ranges for our roles, and as such, each location where we hire may have a different range. Benefits: Vantor offers a competitive total rewards package that goes beyond the standard, including a robust 401(k) with company match, mental health resources, and unique perks like student loan repayment assistance, adoption reimbursement and pet insurance to support all aspects of your life. You can find more information on our benefits at: https://www.Vantor.com/careers The application window is three days from the date the job is posted and will remain posted until a qualified candidate has been identified for hire. If the job is reposted regardless of reason, it will remain posted three days from the date the job is reposted and will remain reposted until a qualified candidate has been identified for hire. The date of posting can be found on Vantor's Career page at the top of each job posting. To apply, submit your application via Vantor's Career page. EEO Policy: Vantor is an equal opportunity employer committed to an inclusive workplace. We believe in fostering an environment where all team members feel respected, valued, and encouraged to share their ideas. All qualified applicants will receive consideration for employment without regard to race, color, religion, national origin, sex, gender identity, sexual orientation, disability, protected veteran status, age, or any other characteristic protected by law.",USD
Vantor,DevSecOps Engineer (TS/SCI),R23983,"Herndon, VA",United States of America,159500.0,hybrid,Mid,yes,TS/SCI + Poly,unknown,workday,,2026-06-16T21:16:22Z,https://maxar.wd1.myworkdayjobs.com/en-US/Vantor/job/Herndon-VA/DevSecOps-Engineer--TS-SCI-_R23983,"Vantor is forging the new frontier of spatial intelligence, helping decision makers and operators navigate what’s happening now and shape what’s coming next. Vantor is a place for problem solvers, changemakers, and go-getters—where people are working together to help our customers see the world differently, and in doing so, be seen differently. Come be part of a mission, not just a job, where you can: Shape your own future, build the next big thing, and change the world. To be eligible for this position, you must be a U.S. Citizen. This position requires an active U.S. Government security clearance, applicants who do not currently hold the required clearance will not be eligible for consideration. Employment for cleared roles is contingent upon verification of clearance status. Export Control/ITAR: Certain roles may be subject to U.S. export control laws, requiring U.S. person status as defined by 8 U.S.C. 1324b(a)(3). Please review the job details below. Vantor is seeking a DevSecOps in Herndon, VA! Principal Responsibilities: Design, implement and maintain multiple DevOps and DevSecOps pipelines leveraging industry standard open source tools, including Ansible, Jenkins/GitLab, SonarQube, Cucumber, Cypress, ArgoCD, and similar tools. Identify, review, select, and integrate new tools into the pipelines. Integrate automated deployments of DevSecOps tools and application services leveraging Keycloak, Docker, Kubernetes, Helm, Rancher and other containerized systems Implement CD & CI solutions to support rapid development and integration. Integrate and enforce complete automation of environments using Infrastructure as code. Integrate static code analysis and other security mechanisms into pipeline. Design and apply hybrid deployment strategy (cloud and local virtualized). Work with software and system engineers to apply automated test and documentation processes. Generate and monitor success using metrics dashboards of deployment status and test results. Troubleshoot and resolve network, automation pipelines, and infrastructure issues. Build, maintain, and monitor configuration management of release products. Minimum Requirements: Must have a current/active TS/SCI and be willing and able to pass a CI polygraph. Bachelor's degree in Information Systems or related discipline. Minimum of 8+ years of Industry related experience. Experience with source configuration management tools such as Git. CI & CD development experience with technologies like Bash, Python, Jenkins, or GitLab. Experience with automated deployment technologies such as Cloud Formation, Ansible, Puppet or Chef. Cloud Technologies deployment experience on OpenStack or Openshift. Open-source application deployments and maintenance. Custom source application deployments and maintenance. Moderate LINUX system administration experience (RedHat and/or CentOS). Working knowledge of Linux and Windows operating systems, web services and SQL databases. Experience working in an Agile environment. Must be willing and able to work onsite. Desired Skills: Security+ or comparable certification for privileged user access. Experience with distributed processing methods and tools, such as REST APIs, microservices, IaaS/PaaS services. Experience developing and deploying web services. Experience supporting software in a production environment. #LI-CJ1 #LI-Onsite #cjpost Pay Transparency: To support pay transparency, Vantor includes salary ranges in all U.S. job postings. Starting pay for this role will fall within the listed range and will be based on factors such as experience, qualifications, skills, location, and market conditions. Candidates who meet the minimum requirements for the role should not expect to receive compensation at the top of the range. The listed range reflects the expected pay for this position, and final offers will be determined based on each candidate’s experience, expertise, and alignment with the role. ● The base pay for this position within the Washington, DC metropolitan area is: $137,000.00 - $182,000.00 - $200,200.00 annually. For all other states, we use geographic cost of labor as an input to develop market-driven ranges for our roles, and as such, each location where we hire may have a different range. Benefits: Vantor offers a competitive total rewards package that goes beyond the standard, including a robust 401(k) with company match, mental health resources, and unique perks like student loan repayment assistance, adoption reimbursement and pet insurance to support all aspects of your life. You can find more information on our benefits at: https://www.Vantor.com/careers The application window is three days from the date the job is posted and will remain posted until a qualified candidate has been identified for hire. If the job is reposted regardless of reason, it will remain posted three days from the date the job is reposted and will remain reposted until a qualified candidate has been identified for hire. The date of posting can be found on Vantor's Career page at the top of each job posting. To apply, submit your application via Vantor's Career page. EEO Policy: Vantor is an equal opportunity employer committed to an inclusive workplace. We believe in fostering an environment where all team members feel respected, valued, and encouraged to share their ideas. All qualified applicants will receive consideration for employment without regard to race, color, religion, national origin, sex, gender identity, sexual orientation, disability, protected veteran status, age, or any other characteristic protected by law.",USD
Vantor,AI&T Manager,R23586,"Westminster, CO",United States of America,125000.0,onsite,Manager,us_person,TS/SCI,unknown,workday,,2026-06-16T21:16:26Z,https://maxar.wd1.myworkdayjobs.com/en-US/Vantor/job/Westminster-CO/AI-T-Manager_R23586,"Vantor is forging the new frontier of spatial intelligence, helping decision makers and operators navigate what’s happening now and shape what’s coming next. Vantor is a place for problem solvers, changemakers, and go-getters—where people are working together to help our customers see the world differently, and in doing so, be seen differently. Come be part of a mission, not just a job, where you can: Shape your own future, build the next big thing, and change the world. To be eligible for this position, you must be a U.S. Person, defined as a U.S. citizen, permanent resident, Asylee, or Refugee. Export Control/ITAR: Certain roles may be subject to U.S. export control laws, requiring U.S. person status as defined by 8 U.S.C. 1324b(a)(3). Please review the job details below. Vantor is hiring for an experienced Assembly, Integration & Test (AIT) Manager to join our team in Westminster, CO. This role provides technical oversight and accountability of spacecraft integration and test activities performed by external partners on our next-generation satellite programs and is responsible for ensuring that all AIT activities conducted by contractors meet program requirements, contractual obligations, and mission assurance standards. You will serve as the program’s authority on AIT readiness, execution quality, and verification integrity. The team is responsible for defining the mission, satellite, and payload architecture behind next-generation space constellations. This role offers direct exposure to complex, integrated systems including spacecraft platforms, optical payloads, laser communications, and advanced onboard processing. We work closely with top-tier industry partners, providing the opportunity to influence and oversee high-impact programs across the full system. Our team is composed of highly experienced engineers and leaders who understand how to deliver. We operate with a deliberate balance of lean execution and disciplined engineering, enabling us to move quickly while maintaining the rigor required for mission success. Just as important, we’ve built a culture of strong collaboration, shared ownership, and camaraderie—with a clear sense of purpose behind the systems we deliver. Responsibilities: Lead end-to-end integration and test oversight for a next-generation satellite program.
Deliver a fully verified space system—from component integration through launch site operations—while guiding a high-performing team as a subject matter expert and collaborating across engineering, supplier manufacturing, and related supplier organizations​
Own the AIT strategy, execution, and team performance, ensuring mission readiness in a performance-oriented environment. Guide and verify all spacecraft assembly, integration, and test (AI&T) activities for all contractors and across the full program lifecycle—from program initiation and design through launch site operations Partner with the Systems Engineering teams to review and critique parts selection, ensuring materials uphold the quality and performance objectives of the mission Collaborate closely with suppliers’ manufacturing and test organizations to ensure on-time delivery while meeting performance objectives Drive verification & validation (V&V) efforts to ensure compliance with system requirements and mission success Oversee and review supplier AIT plans, Ground Support Equipment (GSE) needs, test procedures, test scripts, test execution, and deliverables Participate in and guide to success test readiness reviews, nonconformance reviews (and resulting actions), anomaly resolution, post-test analysis, and generation of lessons learned for Vantor Ensure compliance with applicable space system test standards (e.g., MIL-STD-1540, GEVS, EMI/EMC requirements) Partner cross-functionally with systems engineering, manufacturing, and program leadership to resolve integration and test challenges Support the launch lead by ensuring delivery of any AIT artifacts needed to maintain launch manifest Support launch campaign activities, including final integration, test, and troubleshooting at the launch site Provide critical reporting on supplier AIT schedules and risks to the Vantor program lead. Minimum Qualifications: U.S. Citizen with the ability to obtain a TS/SCI security clearance Bachelor’s degree in engineering, physics, or a related technical field 8+ years of experience in spacecraft integration and test (I&T) or AIT environments Demonstrated experience leading AIT teams or functional groups, including responsibility for schedule, cost, and staffing Proven track record executing end-to-end spacecraft integration and test campaigns, including V&V Experience across spacecraft and/or optical payload mechanical and electrical integration and test, from early development through launch operations Experience with spacecraft and/or optical payload environmental testing (e.g., thermal vacuum, vibration, acoustic, EMI/EMC) Willingness and ability to travel to supplier sites, as needed, for design reviews, component inspections, and integration and test campaigns Willingness and ability to travel to launch sites, as needed, for launch integration campaigns Preferred Qualifications Experience with both spacecraft and optical payload integration, functional testing, and environmental testing Familiarity with laser communications / intersatellite links Proficiency in spacecraft test scripting or automation (e.g., Python, STOL, CCL, Cecil) Strong knowledge of industry standards such as MIL-STD-1540, MIL-STD-461, NASA GEVS Experience with modeling and simulation tools for system performance evaluation Project Management experience Active TS/SCI clearance #LI-MG1 Pay Transparency: To support pay transparency, Vantor includes salary ranges in all U.S. job postings. Starting pay for this role will fall within the listed range and will be based on factors such as experience, qualifications, skills, location, and market conditions. Candidates who meet the minimum requirements for the role should not expect to receive compensation at the top of the range. The listed range reflects the expected pay for this position, and final offers will be determined based on each candidate’s experience, expertise, and alignment with the role. ● The base pay for this position within Colorado is: $107,000.00 - $143,000.00 - $157,300.00 annually. For all other states, we use geographic cost of labor as an input to develop market-driven ranges for our roles, and as such, each location where we hire may have a different range. Benefits: Vantor offers a competitive total rewards package that goes beyond the standard, including a robust 401(k) with company match, mental health resources, and unique perks like student loan repayment assistance, adoption reimbursement and pet insurance to support all aspects of your life. You can find more information on our benefits at: https://www.Vantor.com/careers The application window is three days from the date the job is posted and will remain posted until a qualified candidate has been identified for hire. If the job is reposted regardless of reason, it will remain posted three days from the date the job is reposted and will remain reposted until a qualified candidate has been identified for hire. The date of posting can be found on Vantor's Career page at the top of each job posting. To apply, submit your application via Vantor's Career page. EEO Policy: Vantor is an equal opportunity employer committed to an inclusive workplace. We believe in fostering an environment where all team members feel respected, valued, and encouraged to share their ideas. All qualified applicants will receive consideration for employment without regard to race, color, religion, national origin, sex, gender identity, sexual orientation, disability, protected veteran status, age, or any other characteristic protected by law.",USD
Vantor,"Director, DevOps and Mission Infrastructure",R23964,"Westminster, CO",United States of America,191000.0,hybrid,Director,us_person,unknown,unknown,workday,,2026-06-16T21:16:30Z,https://maxar.wd1.myworkdayjobs.com/en-US/Vantor/job/Westminster-CO/Director--DevOps-and-Mission-Infrastructure_R23964,"Vantor is forging the new frontier of spatial intelligence, helping decision makers and operators navigate what’s happening now and shape what’s coming next. Vantor is a place for problem solvers, changemakers, and go-getters—where people are working together to help our customers see the world differently, and in doing so, be seen differently. Come be part of a mission, not just a job, where you can: Shape your own future, build the next big thing, and change the world. To be eligible for this position, you must be a U.S. Person, defined as a U.S. citizen, permanent resident, Asylee, or Refugee. Export Control/ITAR: Certain roles may be subject to U.S. export control laws, requiring U.S. person status as defined by 8 U.S.C. 1324b(a)(3). Please review the job details below. Vantor is seeking a Director of DevOps & Infrastructure to lead the modernization, standardization, and operational reliability of the platforms powering our mission systems and customer deployments. This leader will own DevOps, cloud infrastructure, SRE, release engineering, and platform operations across commercial, sovereign, and customer-managed environments. The ideal candidate is both an architect and an operator — someone who can scale cloud and on-prem deployment platforms while building the engineering rigor, automation, and accountability needed to reduce operational chaos and improve delivery reliability. You will help define Vantor’s long-term platform engineering strategy, balancing centralized shared services with embedded domain support teams. This role reports directly to the VP of Mission Platforms & Infrastructure. Minimum Qualifications 10+ years of experience in DevOps, platform engineering, infrastructure engineering, or cloud operations 5+ years leading engineering teams or technical organizations Experience designing and operating Kubernetes-based cloud or hybrid infrastructure platforms Strong background in AWS, CI/CD, Infrastructure as Code, automation, and deployment orchestration Experience architecting both cloud and on-prem deployment environments Proven success modernizing fragmented DevOps or platform engineering ecosystems Strong understanding of distributed systems, operational resiliency, observability, and release engineering U.S. Citizenship required Preferred Qualifications Experience supporting defense, aerospace, intelligence, or mission-critical operational systems Experience with sovereign cloud, disconnected operations, or customer-managed deployments Experience implementing AI-assisted DevOps, AIOps, or autonomous operational tooling Experience defining centralized vs distributed platform engineering operating models Familiarity with geospatial intelligence, satellite operations, or mission planning systems Background from organizations such as Palantir, defense primes, or cloud-native platform companies Familiarity with Zero Trust and modern DevSecOps practices Bachelor’s or Master’s degree in Computer Science, Engineering, or related field Technologies & Domains of Interest Candidates should bring strong familiarity with many of the following: Kubernetes, Helm, Docker, OpenShift Terraform, Ansible, Pulumi, CloudFormation AWS, Azure, sovereign cloud, hybrid cloud GitHub Actions, GitLab CI, Jenkins, ArgoCD Observability and monitoring platforms Infrastructure security and vulnerability management Platform engineering and SRE practices AI-assisted software operations and AIOps platforms Distributed systems and mission-critical operational environments Why This Role Matters Vantor is building the infrastructure backbone for the next generation of spatial intelligence systems. This role will directly shape how mission-critical software platforms are deployed, secured, automated, and operated across global commercial and defense missions. You will help create the operational foundation that enables autonomous systems, AI-powered mission planning, sovereign intelligence platforms, and real-time global situational awareness. The future platform must operate anywhere: In commercial cloud In sovereign national environments At the tactical edge In disconnected and classified deployments Across distributed global operations Ideal Candidate Backgrounds Platform engineering or DevOps leadership at cloud-native or mission-critical technology companies Defense, aerospace, geospatial, or high-reliability operational environments Experience scaling Kubernetes-based infrastructure and deployment ecosystems Strong operational leadership combined with hands-on architectural credibility Experience modernizing fragmented CI/CD and infrastructure environments Work Environment Denver metro area preferred In-office collaboration expected 3–5 days per week U.S. Citizenship required Clearance eligibility preferred Pay Transparency: To support pay transparency, Vantor includes salary ranges in all U.S. job postings. Starting pay for this role will fall within the listed range and will be based on factors such as experience, qualifications, skills, location, and market conditions. Candidates who meet the minimum requirements for the role should not expect to receive compensation at the top of the range. The listed range reflects the expected pay for this position, and final offers will be determined based on each candidate’s experience, expertise, and alignment with the role. ● The base pay for this position within Colorado is: $164,000.00 - $218,000.00 - $239,800.00 annually. For all other states, we use geographic cost of labor as an input to develop market-driven ranges for our roles, and as such, each location where we hire may have a different range. Benefits: Vantor offers a competitive total rewards package that goes beyond the standard, including a robust 401(k) with company match, mental health resources, and unique perks like student loan repayment assistance, adoption reimbursement and pet insurance to support all aspects of your life. You can find more information on our benefits at: https://www.Vantor.com/careers Additionally, this position is incentive eligible with a target based on contribution, company performance, and/or individual results achieved; the specific incentive plan and target amount will be determined based on the role and breadth of contributions. The application window is three days from the date the job is posted and will remain posted until a qualified candidate has been identified for hire. If the job is reposted regardless of reason, it will remain posted three days from the date the job is reposted and will remain reposted until a qualified candidate has been identified for hire. The date of posting can be found on Vantor's Career page at the top of each job posting. To apply, submit your application via Vantor's Career page. EEO Policy: Vantor is an equal opportunity employer committed to an inclusive workplace. We believe in fostering an environment where all team members feel respected, valued, and encouraged to share their ideas. All qualified applicants will receive consideration for employment without regard to race, color, religion, national origin, sex, gender identity, sexual orientation, disability, protected veteran status, age, or any other characteristic protected by law.",USD
Vantor,DevOps Engineer (TS/SCI),R23970,6 Locations,United States of America,125250.0,onsite,Mid,yes,TS/SCI + Poly,unknown,workday,,2026-06-16T21:16:34Z,https://maxar.wd1.myworkdayjobs.com/en-US/Vantor/job/Colorado-Springs-CO/Devops-Engineer_R23970,"Vantor is forging the new frontier of spatial intelligence, helping decision makers and operators navigate what’s happening now and shape what’s coming next. Vantor is a place for problem solvers, changemakers, and go-getters—where people are working together to help our customers see the world differently, and in doing so, be seen differently. Come be part of a mission, not just a job, where you can: Shape your own future, build the next big thing, and change the world. To be eligible for this position, you must be a U.S. Citizen. This position requires an active U.S. Government security clearance, applicants who do not currently hold the required clearance will not be eligible for consideration. Employment for cleared roles is contingent upon verification of clearance status. Export Control/ITAR: Certain roles may be subject to U.S. export control laws, requiring U.S. person status as defined by 8 U.S.C. 1324b(a)(3). Please review the job details below. Vantor is forging the new frontier of spatial intelligence, helping decision makers and operators navigate what’s happening now and shape what’s coming next. Vantor is a place for problem solvers, changemakers, and go-getters—where people are working together to help our customers see the world differently, and in doing so, be seen differently. Come be part of a mission, not just a job, where you can: Shape your own future, build the next big thing, and change the world. To be eligible for this position, you must be a U.S. Citizen. This position requires an active U.S. Government security clearance, applicants who do not currently hold the required clearance will not be eligible for consideration. Employment for cleared roles is contingent upon verification of clearance status. Export Control/ITAR: Certain roles may be subject to U.S. export control laws, requiring U.S. person status as defined by 8 U.S.C. 1324b(a)(3). Please review the job details below. This position requires an active U.S. Government Security Clearance at the TS/SCI level with CI polygraph. Vantor is seeking a DevOps Engineer to support the development, integration, and operational deployment of mission-critical capabilities supporting Space Domain Awareness (SDA), counter-space, and national security space operations. In this role, you will help implement and maintain CI/CD pipelines, cloud-native infrastructure, and deployment environments used to integrate and field advanced analytics, sensor fusion, and operational mission applications across multiple classified and operational networks. This position supports the Air & Space Portfolio with government customers focused on space superiority, orbital threat monitoring, space object tracking, and operational decision advantage in contested space environments. In this role, you will support the DevOps infrastructure enabling the rapid integration, testing, deployment, and sustainment of mission-critical space and counter-space capabilities. Responsibilities: Assist in deploying and maintaining Kubernetes environments (EKS, RKE). Implement infrastructure using Infrastructure-as-Code tools such as Terraform and Ansible. Develop and maintain CI/CD pipelines to support software integration and deployment. Integrate security and static code analysis tools into DevOps pipelines. Support deployments in cloud environments. Collaborate with software and systems engineers to automate testing and documentation workflows. Troubleshoot infrastructure, networking, and pipeline issues. Support configuration management and release processes for deployed systems. Monitor deployed applications and infrastructure to ensure reliability and performance. Minimum Qualifications: Must have a current/active TS/SCI and be willing and able to pass a CI polygraph. Bachelor’s degree in Computer Science, Software Engineering, or related field. Additional experience may substitute for a degree. 4+ years of relevant DevOps, infrastructure, or platform engineering experience. Experience with Git or other source control tools. Familiarity with CI/CD tools such as Jenkins or GitLab. Experience with Infrastructure-as-Code tools (Terraform, and Ansible). Experience working with Linux systems (RedHat or Amazon Linux preferred). Familiarity with containerization technologies and Kubernetes. Understanding of cloud environments (AWS preferred). Experience working in Agile development environments. Must be able to travel 3 days out of the month. Preferred Qualifications: Security+ or similar IAT level 2 certification. Experience with Helm charts and Kubernetes application packaging. Familiarity with REST APIs, microservices, and distributed systems. Exposure to static analysis tools such as Fortify or SonarQube. Experience supporting applications in production environments. Knowledge of web services and SQL databases. #LI-CJ1 #LI-Onsite #cjpost Pay Transparency: To support pay transparency, Vantor includes salary ranges in all U.S. job postings. Starting pay for this role will fall within the listed range and will be based on factors such as experience, qualifications, skills, location, and market conditions. Candidates who meet the minimum requirements for the role should not expect to receive compensation at the top of the range. The listed range reflects the expected pay for this position, and final offers will be determined based on each candidate’s experience, expertise, and alignment with the role. ● The base pay for this position within Colorado is: $102,000.00 - $136,000.00 - $149,600.00 annually. ● The base pay for this position within the Washington, DC metropolitan area is: $113,000.00 - $150,000.00 - $165,000.00 annually. For all other states, we use geographic cost of labor as an input to develop market-driven ranges for our roles, and as such, each location where we hire may have a different range. Benefits: Vantor offers a competitive total rewards package that goes beyond the standard, including a robust 401(k) with company match, mental health resources, and unique perks like student loan repayment assistance, adoption reimbursement and pet insurance to support all aspects of your life. You can find more information on our benefits at: https://www.Vantor.com/careers The application window is three days from the date the job is posted and will remain posted until a qualified candidate has been identified for hire. If the job is reposted regardless of reason, it will remain posted three days from the date the job is reposted and will remain reposted until a qualified candidate has been identified for hire. The date of posting can be found on Vantor's Career page at the top of each job posting. To apply, submit your application via Vantor's Career page. EEO Policy: Vantor is an equal opportunity employer committed to an inclusive workplace. We believe in fostering an environment where all team members feel respected, valued, and encouraged to share their ideas. All qualified applicants will receive consideration for employment without regard to race, color, religion, national origin, sex, gender identity, sexual orientation, disability, protected veteran status, age, or any other characteristic protected by law.",USD
Vantor,HR Business Partner Specialist,R23956,"Westminster, CO",United States of America,71000.0,onsite,Mid,us_person,unknown,unknown,workday,,2026-06-16T21:16:38Z,https://maxar.wd1.myworkdayjobs.com/en-US/Vantor/job/Westminster-CO/HR-Business-Partner-Specialist_R23956,"Vantor is forging the new frontier of spatial intelligence, helping decision makers and operators navigate what’s happening now and shape what’s coming next. Vantor is a place for problem solvers, changemakers, and go-getters—where people are working together to help our customers see the world differently, and in doing so, be seen differently. Come be part of a mission, not just a job, where you can: Shape your own future, build the next big thing, and change the world. To be eligible for this position, you must be a U.S. Person, defined as a U.S. citizen, permanent resident, Asylee, or Refugee. Export Control/ITAR: Certain roles may be subject to U.S. export control laws, requiring U.S. person status as defined by 8 U.S.C. 1324b(a)(3). Please review the job details below. Intro: The HR Business Partner Specialist supports HR Business Partners by providing coordination, consultation, and day-to-day support across employee lifecycle activities, workforce processes, and manager and employee-facing HR needs within multiple business functions. This role blends hands-on execution with increasing ownership of HR workflows, employee relations intake support, reporting coordination, and process improvement activities while serving as a trusted operational partner to HRBPs and business stakeholders. The position works closely with HRBPs, internal HR teams, and cross-functional partners to support business priorities, drive consistent HR practices, and help deliver a positive employee and manager experience across the organization. This role requires strong organizational skills, exceptional attention to detail, sound judgment, and the ability to manage multiple priorities in a fast-paced environment. The ideal candidate is collaborative, adaptable, and process-oriented, with the ability to effectively support HR programs, systems, and operational initiatives while creating structure in ambiguous situations and knowing when to act independently and when to escalate. Responsibilities: Partner with HR Business Partners across multiple business functions to coordinate HR activities, processes, and transactions, supporting operational efficiency while building experience across core HRBP functions. Coordinate employee lifecycle processes including transitions, offboarding, workforce changes, and focused senior leader onboarding support. Serve as a primary point of contact for employee and manager inquiries related to HR policies, processes, and HRBP support, delivering responsive and accurate guidance while ensuring appropriate escalation to HR Business Partners when needed and using sound judgment on when to engage Legal, Benefits, or other partners. Support intake, coordination, documentation, and escalation of employee relations matters and frontline HR workflows. Maintain accurate, confidential employee records, organizational documentation, workforce reporting, and process standards across HR functions while ensuring data accuracy and integrity. Assist in the development, standardization, communication, execution, and continuous improvement of HR processes, programs, and initiatives to enhance operational efficiency and consistency. Support employee experience initiatives, manager enablement efforts, organizational development activities, and enterprise-wide HR programs. Provide additional HRBP support during periods of high-volume programs, projects, organizational changes, or business initiatives while helping create structure and continuity across the team. Build collaborative partnerships with internal HR teams, including HR Operations, Employee Experience, and Talent Acquisition, as well as cross-functional stakeholders such as Legal, Finance, Payroll, and business leadership to ensure strong execution and a positive stakeholder experience. Prepare and distribute routine HR reports, maintain tracking documentation, and support workforce data administration activities with a high level of accuracy, discretion, and follow-through. Minimum Qualifications: Bachelor's degree in Human Resources, Business Administration, Communications, or a related field preferred, or an equivalent combination of education and experience. 2-4 years of experience in HR coordination, HR operations, employee experience, HR administration, or related human resources support roles or generalist roles. Demonstrated ability to work independently, navigate ambiguity, and create structure in evolving or loosely defined processes. Strong organizational skills with the ability to manage multiple priorities and deadlines in a fast-paced environment. Excellent written, verbal, and interpersonal communication skills, with confidence supporting both employees and managers. Demonstrated ability to handle sensitive and confidential information with professionalism and discretion and sound judgment. Strong attention to detail and commitment to operational accuracy and consistency with strong follow-through and documentation quality. Proficiency with Microsoft Office Suite and HR systems or HRIS platforms, including Workday. Experience identifying when issues can be resolved directly and when they require escalation to HRBPs or partner teams. Ability to collaborate effectively across teams and build strong working relationships with stakeholders at all levels. Preferred Qualifications: Experience supporting HR Business Partners or enterprise HR teams in a matrixed organization. Familiarity with employee lifecycle processes, onboarding coordination, and HR workflow management, including manager consultation. Experience supporting employee relations intake or case coordination activities, investigations support, or accommodations workflows. Exposure to process improvement, workflow optimization, or operational standardization initiatives and centralizing fragmented work. Experience working with HR systems, ticketing tools, or workflow management platforms, including case management tools. Pay Transparency: To support pay transparency, Vantor includes salary ranges in all U.S. job postings. Starting pay for this role will fall within the listed range and will be based on factors such as experience, qualifications, skills, location, and market conditions. Candidates who meet the minimum requirements for the role should not expect to receive compensation at the top of the range. The listed range reflects the expected pay for this position, and final offers will be determined based on each candidate’s experience, expertise, and alignment with the role. ● The base pay for this position within Colorado is: $61,000.00 - $81,000.00 - $89,100.00 annually. For all other states, we use geographic cost of labor as an input to develop market-driven ranges for our roles, and as such, each location where we hire may have a different range. Benefits: Vantor offers a competitive total rewards package that goes beyond the standard, including a robust 401(k) with company match, mental health resources, and unique perks like student loan repayment assistance, adoption reimbursement and pet insurance to support all aspects of your life. You can find more information on our benefits at: https://www.Vantor.com/careers Additionally, this position is incentive eligible with a target based on contribution, company performance, and/or individual results achieved; the specific incentive plan and target amount will be determined based on the role and breadth of contributions. The application window is three days from the date the job is posted and will remain posted until a qualified candidate has been identified for hire. If the job is reposted regardless of reason, it will remain posted three days from the date the job is reposted and will remain reposted until a qualified candidate has been identified for hire. The date of posting can be found on Vantor's Career page at the top of each job posting. To apply, submit your application via Vantor's Career page. EEO Policy: Vantor is an equal opportunity employer committed to an inclusive workplace. We believe in fostering an environment where all team members feel respected, valued, and encouraged to share their ideas. All qualified applicants will receive consideration for employment without regard to race, color, religion, national origin, sex, gender identity, sexual orientation, disability, protected veteran status, age, or any other characteristic protected by law.",USD
Vantor,Mid-level Imagery Analyst (Data Annotation),R23913,"(Customer Site) Falls Church, VA",United States of America,117500.0,remote,Mid,yes,TS/SCI,unknown,workday,,2026-06-16T21:16:42Z,https://maxar.wd1.myworkdayjobs.com/en-US/Vantor/job/Customer-Site-Falls-Church-VA/Senior-Imagery-Analyst--Data-Annotation-_R23913,"Vantor is forging the new frontier of spatial intelligence, helping decision makers and operators navigate what’s happening now and shape what’s coming next. Vantor is a place for problem solvers, changemakers, and go-getters—where people are working together to help our customers see the world differently, and in doing so, be seen differently. Come be part of a mission, not just a job, where you can: Shape your own future, build the next big thing, and change the world. To be eligible for this position, you must be a U.S. Citizen. This position requires an active U.S. Government security clearance, applicants who do not currently hold the required clearance will not be eligible for consideration. Employment for cleared roles is contingent upon verification of clearance status. Export Control/ITAR: Certain roles may be subject to U.S. export control laws, requiring U.S. person status as defined by 8 U.S.C. 1324b(a)(3). Please review the job details below. This position requires an active U.S. Government Security Clearance at the TS/SCI level. Vantor is seeking a detail-oriented mid-level Imagery Analyst (Data Annotation) to guide and improve annotation workflows across EO, SAR, and commercial imagery. You’ll perform quality validation efforts, mentor junior team members, and drive continuous improvement in annotation standards to support mission-critical AI/ML development. Responsibilities: Provide quality assurance reviews of annotated geospatial imagery Train and mentor junior annotators on best practices Identify systemic annotation issues and drive corrective actions Validate annotation accuracy across multiple formats (bounding boxes, segmentation, center points) Collaborate with peers, quality lead, program managers, and other critical partners to align data output with downstream model needs Recommend and implement improvements to annotation tools and processes Write and maintain annotation guidelines and quality control documentation Minimum Qualifications: U.S. citizenship and active TS/SCI clearance 3+ years of experience with EO, SAR, COMINT, and/or commercial imagery analysis and geospatial data annotation Proficiency in geospatial software tools (e.g., ArcGIS, QGIS) Experience using Remote View, SOCET GXP, and/or Fade/Mist Demonstrated leadership in data validation or quality assurance processes Experience with object classification, visual QA, and annotation feedback cycles Preferred Qualifications: Experience supporting government or defense missions Familiarity with automated quality metrics or annotation pipelines Experience with SAR-specific feature analysis Basic scripting or automation (e.g., Python, Jupyter) is a plus Prior experience writing SOPs or developing team workflows #cjpost #LI-RD Pay Transparency: In support of pay transparency at Vantor, we disclose salary ranges on all U.S. job postings. The successful candidate’s starting pay will fall within the salary range provided below and is determined based on job-related factors, including, but not limited to, the experience, qualifications, knowledge, skills, geographic work location, and market conditions. Candidates with the minimum necessary experience, qualifications, knowledge, and skillsets for the position should not expect to receive the upper end of the pay range. The base pay for this position within California, Colorado, Hawaii, New Jersey, the Washington, DC metropolitan area, and for all other states is: $115,000.00 - $120,000.00 Benefits: Vantor offers a competitive total rewards package that goes beyond the standard, including a robust 401(k) with company match, mental health resources, and unique perks like student loan repayment assistance, adoption reimbursement and pet insurance to support all aspects of your life. You can find more information on our benefits at: https://www.Vantor.com/careers The application window is three days from the date the job is posted and will remain posted until a qualified candidate has been identified for hire. If the job is reposted regardless of reason, it will remain posted three days from the date the job is reposted and will remain reposted until a qualified candidate has been identified for hire. The date of posting can be found on Vantor's Career page at the top of each job posting. To apply, submit your application via Vantor's Career page. EEO Policy: Vantor is an equal opportunity employer committed to an inclusive workplace. We believe in fostering an environment where all team members feel respected, valued, and encouraged to share their ideas. All qualified applicants will receive consideration for employment without regard to race, color, religion, national origin, sex, gender identity, sexual orientation, disability, protected veteran status, age, or any other characteristic protected by law.",USD
Vantor,HR Manager,R23962,Linköping,United States of America,,hybrid,Manager,unknown,unknown,unknown,workday,,2026-06-16T21:16:46Z,https://maxar.wd1.myworkdayjobs.com/en-US/Vantor/job/Linkping/HR-Manager_R23962,"Vantor is forging the new frontier of spatial intelligence, helping decision makers and operators navigate what’s happening now and shape what’s coming next. Vantor is a place for problem solvers, changemakers, and go-getters—where people are working together to help our customers see the world differently, and in doing so, be seen differently. Come be part of a mission, not just a job, where you can: Shape your own future, build the next big thing, and change the world. Please review the job details below. People-Focused HR Manager – Shaping Culture in a High-Tech Environment From Vantor’s R&D hub in Ebbepark, Linköping, our team of around 80 engineers develops cutting-edge technology that delivers highly accurate, immersive 3D geospatial data and software used across telecommunications, emergency response, defense, and intelligence. Our solutions empower decision-makers worldwide with a deeper understanding of the world around them. We’re growing — and we’re looking for a people-focused HR Manager who wants to play a key role in shaping both our culture and our future. At Vantor, you’ll join a collaborative, international environment where innovation, curiosity, and people matter. We value openness, flexibility, inclusion, and continuous development — both professionally and personally. About the Role We’re looking for an experienced, hands-on HR Manager to lead all HR activities in Sweden. As the local HR lead, you’ll have a broad and impactful role — combining operational HR ownership with strategic business partnering. You’ll work closely with managers, leaders, and employees to strengthen engagement, support leadership, and help build a high-performing culture that enables innovation and growth. You’ll also ensure local HR practices align with global strategies from our US-based parent company while remaining fully compliant with Swedish labor law and employment practices. In addition to leading HR activities in Sweden, the role may also support broader HR initiatives and operational activities across other international locations as the organization continues to grow. This could include partnering on global HR projects, supporting managers outside Sweden, and contributing to the development of scalable people processes across the wider business. This is a unique opportunity for someone who enjoys working independently, thrives in a dynamic environment, and wants to make a visible impact across the organization. You’ll be part of the local management team and an important contributor to the collaborative culture that defines everyday life at Vantor. Key Responsibilities Lead and drive the full employee lifecycle — from employer branding, recruitment, and onboarding to development, engagement, retention, and offboarding
Own and develop core HR processes including performance management, salary reviews, work environment activities, and annual HR cycles aligned with Swedish practices and global frameworks
Act as a trusted HR Business Partner to managers and employees, supporting leadership development, performance management, employee relations, and organizational growth
Ensure compliance with Swedish labor law, work environment regulations, collective agreements, and HR policies, including collaboration and negotiations with union representatives
Partner closely with global HR and leadership teams to translate global initiatives into effective local execution and provide guidance on Swedish employment practices
Support selected HR initiatives and people operations across other international locations, partnering with global HR and business leaders as the company continues to grow We’re Looking For Someone Who Has broad HR experience spanning both operational and strategic HR work, ideally in an HR Business Partner and/or standalone HR role with significant ownership
Brings a strong business-partnering mindset and enjoys building close relationships across the organization
Has solid knowledge of Swedish labor law, work environment regulations, and union relations
Understands the dynamics of international organizations and can balance global initiatives with local culture and needs
Enjoys working in an international environment and is motivated by contributing beyond the local organization when needed
Is confident driving HR processes and initiatives independently
Is proactive, relationship-driven, and business-oriented, with strong collaboration and communication skills
Communicates fluently in both Swedish and English
Holds a Bachelor’s or Master’s degree in HR Management or a related field Additional Information Some positions at Vantor involve work with classified information, which means candidates may be required to complete and pass a security screening conducted by a Swedish authority. What We Offer This is an opportunity to combine hands-on HR leadership with strategic business partnering in a truly international and high-tech environment. You’ll work alongside talented and supportive colleagues, contribute to meaningful technology with global impact, and help shape the employee experience in a growing organization. The role is based in Linköping, with the possibility of part-time hybrid work. About Us From our Sweden office in Ebbe Park Linköping, Vantor serves the global geospatial in market with world-leading 3D geodata, 3D visualization solutions and 3D image processing solutions. We’re building the Globe in 3D: providing decision-makers and analysts with the entire world in highly accurate, immersive 3D models for telecommunications, emergency response and defense and intelligence.",
Vantor,Software Engineer (TS/SCI),R23894,"Melbourne, FL",Australia,143500.0,onsite,Mid,yes,TS/SCI + Poly,unknown,workday,,2026-06-16T21:16:50Z,https://maxar.wd1.myworkdayjobs.com/en-US/Vantor/job/Melbourne-FL/Software-Engineer_R23894,"Vantor is forging the new frontier of spatial intelligence, helping decision makers and operators navigate what’s happening now and shape what’s coming next. Vantor is a place for problem solvers, changemakers, and go-getters—where people are working together to help our customers see the world differently, and in doing so, be seen differently. Come be part of a mission, not just a job, where you can: Shape your own future, build the next big thing, and change the world. To be eligible for this position, you must be a U.S. Citizen. This position requires an active U.S. Government security clearance, applicants who do not currently hold the required clearance will not be eligible for consideration. Employment for cleared roles is contingent upon verification of clearance status. Export Control/ITAR: Certain roles may be subject to U.S. export control laws, requiring U.S. person status as defined by 8 U.S.C. 1324b(a)(3). Please review the job details below. This position requires an active U.S. Government Security Clearance at the TS/SCI level with CI polygraph. Vantor is seeking a Software Engineer to support the development and integration of software algorithms into operational systems. This position requires both software development and mathematics proficiency. This position supports PUMA, the U.S. Intelligence Community’s Program of Record missile warning system, which operates 24/7 in redundant operational environments. PUMA integrates data from Department of Defense and Intelligence OPIR (Overhead Persistent Infrared) sensors to generate 3D fused missile tracks used for tactical and strategic missile warning. Responsibilities: Take algorithm definitions and prototypes and convert them into robust software applications that run efficiently on large images and are ready for operational environments. Apply software standards and processes to produce high quality, extensible, and maintainable software packages. Build and improve on automated test and verification software and tools. Debug, refactor and reimplement existing software codebases into new systems and on new platforms. Participate in all aspects of the development lifecycle, including planning, requirements development, software design, implementation and build, documentation, testing, deployment and maintenance. Minimum Qualifications: Active Top Secret security clearance, eligible for SCI. Bachelor's degree in Computer Science or related technology fields (5 years of professional experience in lieu of degree). Experience in scientific programming or algorithm implementation 5+ years of experience in related fields. Programming skills in C++. Version control experience in Git (GitHub, GitLab, BitBucket). Preferred Qualifications: Familiarity with Estimation Techniques such as Kalman Filtering Familiarity with Orbital Mechanics Experience with formal software development methodologies (Agile). Experience with Docker/Kubernetes or other container platforms #cjpost #LI-CJ1 #LI-Onsite Pay Transparency: In support of pay transparency at Vantor, we disclose salary ranges on all U.S. job postings. The successful candidate’s starting pay will fall within the salary range provided below and is determined based on job-related factors, including, but not limited to, the experience, qualifications, knowledge, skills, geographic work location, and market conditions. Candidates with the minimum necessary experience, qualifications, knowledge, and skillsets for the position should not expect to receive the upper end of the pay range. The base pay for this position ranges from our lowest geographic market up to our highest geographic market within California, Colorado, District of Columbia, Hawaii, Illinois, Maryland, Minnesota, New Jersey, New York, and Washington:$92,000.00 - $195,000.00 annually. We offer a comprehensive package of benefits including paid time off, health and welfare insurance, and 401(k) to eligible employees. You can find more information on our benefits at: https://www.vantor.com/careers The application window is three days from the date the job is posted and will remain posted until a qualified candidate has been identified for hire. If the job is reposted regardless of reason, it will remain posted three days from the date the job is reposted and will remain reposted until a qualified candidate has been identified for hire. The date of posting can be found on Vantor's Career page at the top of each job posting. To apply, submit your application via Vantor's Career page. Vantor values diversity in the workplace and is an equal opportunity/affirmative action employer. All qualified applicants will receive consideration for employment without regard to sex, gender identity, sexual orientation, race, color, religion, national origin, disability, protected veteran status, age, or any other characteristic protected by law.",USD
Vantor,Software Engineer (TS/SCI),R23087,"Melbourne, FL",Australia,143500.0,onsite,Mid,yes,TS/SCI + Poly,unknown,workday,,2026-06-16T21:16:54Z,https://maxar.wd1.myworkdayjobs.com/en-US/Vantor/job/Melbourne-FL/Software-Engineer_R23087-1,"Vantor is forging the new frontier of spatial intelligence, helping decision makers and operators navigate what’s happening now and shape what’s coming next. Vantor is a place for problem solvers, changemakers, and go-getters—where people are working together to help our customers see the world differently, and in doing so, be seen differently. Come be part of a mission, not just a job, where you can: Shape your own future, build the next big thing, and change the world. To be eligible for this position, you must be a U.S. Citizen. This position requires an active U.S. Government security clearance, applicants who do not currently hold the required clearance will not be eligible for consideration. Employment for cleared roles is contingent upon verification of clearance status. Export Control/ITAR: Certain roles may be subject to U.S. export control laws, requiring U.S. person status as defined by 8 U.S.C. 1324b(a)(3). Please review the job details below. This position requires an active U.S. Government Security Clearance at the TS/SCI level and eligible for a CI Polygraph. Vantor is seeking a Software Engineer to support the development, integration, and operational deployment of software algorithms for mission-critical systems. This role requires strong software engineering skills, comfort with mathematical and scientific computing concepts, and the ability to turn prototype algorithms into reliable operational software. This position supports PUMA, the U.S. Intelligence Community’s Program of Record missile warning system. PUMA operates 24/7 in redundant operational environments and integrates data from Department of Defense and Intelligence Community OPIR, or Overhead Persistent Infrared, sensors to generate 3D fused missile tracks used for tactical and strategic missile warning. Responsibilities: Convert algorithm definitions and prototypes into robust software applications that run efficiently on large image and sensor data sets. Develop operational-quality software that is reliable, extensible, maintainable, and performant. Apply software engineering standards and development processes to produce high-quality software packages. Build, maintain, and improve automated test, verification, and validation tools. Debug, refactor, and modernize existing software codebases for new systems and platforms. Participate in the full software development lifecycle, including planning, requirements analysis, design, implementation, build, documentation, testing, deployment, and maintenance. Collaborate with algorithm developers, systems engineers, testers, and operational stakeholders to deliver mission-ready capabilities. Minimum Qualifications: Active Top Secret security clearance with eligibility for SCI. Ability to obtain and maintain TS/SCI access with CI polygraph, if not already held. Bachelor’s degree in Computer Science, Software Engineering, Mathematics, Physics, Engineering, or a related technical field. Five years of relevant professional experience may be considered in lieu of degree. 5+ years of experience in software engineering, scientific programming, algorithm implementation, or related technical fields. Strong software development experience in C++, with an emphasis on building reliable, maintainable production software. Experience developing, integrating, or supporting microservices in operational or production environments. Experience using Git-based version control systems such as GitHub, GitLab, or Bitbucket. Strong debugging, problem-solving, and analytical skills. Ability to work in a mission-focused environment with high reliability and operational expectations. Preferred Qualifications: Familiarity with estimation techniques such as Kalman filtering. Familiarity with orbital mechanics, missile warning, tracking, sensor fusion, or related mission domains. Experience with scientific computing, image processing, signal processing, or large-scale data processing. Experience with Agile or other formal software development methodologies. Experience with Docker, Kubernetes, or other container platforms. Experience developing software for Linux environments. Experience with automated testing, CI/CD pipelines, or verification and validation frameworks. Familiarity with operational systems, high-availability environments, or mission-critical software delivery. #cjpost #LI-CJ1 ##LI-Onsite Pay Transparency: In support of pay transparency at Vantor, we disclose salary ranges on all U.S. job postings. The successful candidate’s starting pay will fall within the salary range provided below and is determined based on job-related factors, including, but not limited to, the experience, qualifications, knowledge, skills, geographic work location, and market conditions. Candidates with the minimum necessary experience, qualifications, knowledge, and skillsets for the position should not expect to receive the upper end of the pay range. The base pay for this position ranges from our lowest geographic market up to our highest geographic market within California, Colorado, District of Columbia, Hawaii, Illinois, Maryland, Minnesota, New Jersey, New York, and Washington:$92,000.00 - $195,000.00 annually. We offer a comprehensive package of benefits including paid time off, health and welfare insurance, and 401(k) to eligible employees. You can find more information on our benefits at: https://www.vantor.com/careers The application window is three days from the date the job is posted and will remain posted until a qualified candidate has been identified for hire. If the job is reposted regardless of reason, it will remain posted three days from the date the job is reposted and will remain reposted until a qualified candidate has been identified for hire. The date of posting can be found on Vantor's Career page at the top of each job posting. To apply, submit your application via Vantor's Career page. Vantor values diversity in the workplace and is an equal opportunity/affirmative action employer. All qualified applicants will receive consideration for employment without regard to sex, gender identity, sexual orientation, race, color, religion, national origin, disability, protected veteran status, age, or any other characteristic protected by law.",USD
Vantor,Staff Product Designer,R23933,"Westminster, CO",United States of America,,onsite,Principal,us_person,unknown,unknown,workday,,2026-06-16T21:16:58Z,https://maxar.wd1.myworkdayjobs.com/en-US/Vantor/job/Westminster-CO/Staff-Product-Designer_R23933,"Vantor is forging the new frontier of spatial intelligence, helping decision makers and operators navigate what’s happening now and shape what’s coming next. Vantor is a place for problem solvers, changemakers, and go-getters—where people are working together to help our customers see the world differently, and in doing so, be seen differently. Come be part of a mission, not just a job, where you can: Shape your own future, build the next big thing, and change the world. To be eligible for this position, you must be a U.S. Person, defined as a U.S. citizen, permanent resident, Asylee, or Refugee. Export Control/ITAR: Certain roles may be subject to U.S. export control laws, requiring U.S. person status as defined by 8 U.S.C. 1324b(a)(3). Please review the job details below. What we need this person to do: Own ambiguous, high-impact problem spaces across Vantor’s product ecosystem
Define cross-product design frameworks, patterns, and experiences for spatial, data-heavy, and operational workflows
Shape interaction models for maps, imagery, layers, tasking, monitoring, analytics, and platform experiences
Partner deeply with Product and Engineering to define product direction, not just execute against requirements
Lead alignment across multiple teams and resolve ambiguity through structured design thinking
Establish reusable patterns and standards that improve clarity, consistency, and correctness across products
Raise the quality bar for design outputs, critique, documentation, and implementation readiness
Mentor senior designers and help them move from execution to system-level ownership
Use AI-enabled design practices to accelerate exploration, synthesis, prototyping, and decision-making while maintaining strong design judgment What we should look for: Deep experience designing complex enterprise, technical, operational, or mission-critical products
Proven ability to define systems, not just deliver screens or workflows
Strong product thinking and ability to influence roadmap, strategy, and prioritization
Comfortable working in ambiguity and creating structure where none exists
Strong facilitation skills, including leading workshops and aligning senior stakeholders
Experience working closely with engineering teams on complex technical systems
Strong portfolio evidence of cross-product impact, reusable frameworks, and system-level design thinking
Ability to communicate design rationale clearly to executive, product, engineering, and design audiences
Strong judgment around output quality, tradeoffs, risks, and decision-making under complexity
5+ years of experience in product design, UX, or HCI
Deep expertise in visual design preferred Nice-to-have experience: Geospatial platforms, mapping tools, satellite imagery, defense tech, autonomy, operational systems, or intelligence products
Data visualization, analytics, AI-supported workflows, 3D/spatial interfaces, or command-and-control systems
Experience at companies building complex technical platforms such as Anduril, Palantir, UP42, or similar
Experience building or scaling design systems and cross-product interaction patterns
Experience mentoring senior designers or acting as a design lead across multiple teams Benefits: Vantor offers a competitive total rewards package that goes beyond the standard, including a robust 401(k) with company match, mental health resources, and unique perks like student loan repayment assistance, adoption reimbursement and pet insurance to support all aspects of your life. You can find more information on our benefits at: https://www.Vantor.com/careers Additionally, this position is incentive eligible with a target based on contribution, company performance, and/or individual results achieved; the specific incentive plan and target amount will be determined based on the role and breadth of contributions. The application window is three days from the date the job is posted and will remain posted until a qualified candidate has been identified for hire. If the job is reposted regardless of reason, it will remain posted three days from the date the job is reposted and will remain reposted until a qualified candidate has been identified for hire. The date of posting can be found on Vantor's Career page at the top of each job posting. To apply, submit your application via Vantor's Career page. EEO Policy: Vantor is an equal opportunity employer committed to an inclusive workplace. We believe in fostering an environment where all team members feel respected, valued, and encouraged to share their ideas. All qualified applicants will receive consideration for employment without regard to race, color, religion, national origin, sex, gender identity, sexual orientation, disability, protected veteran status, age, or any other characteristic protected by law.",
Vantor,Software Development Engineer,R23921,"Westminster, CO",United States of America,119000.0,hybrid,Mid,yes,Secret,unknown,workday,,2026-06-16T21:17:02Z,https://maxar.wd1.myworkdayjobs.com/en-US/Vantor/job/Westminster-CO/Senior-Software-Development-Engineer_R23921,"Vantor is forging the new frontier of spatial intelligence, helping decision makers and operators navigate what’s happening now and shape what’s coming next. Vantor is a place for problem solvers, changemakers, and go-getters—where people are working together to help our customers see the world differently, and in doing so, be seen differently. Come be part of a mission, not just a job, where you can: Shape your own future, build the next big thing, and change the world. To be eligible for this position, you must be a U.S. Person, defined as a U.S. citizen, permanent resident, Asylee, or Refugee. Export Control/ITAR: Certain roles may be subject to U.S. export control laws, requiring U.S. person status as defined by 8 U.S.C. 1324b(a)(3). Please review the job details below. Vantor is a provider of secure, precise, spatial intelligence. We deliver disruptive value to government and commercial customers to help them monitor, understand and navigate our changing planet. Our unique approach combines decades of deep mission understanding and a proven commercial and defense foundation to deploy solutions and deliver insights with unrivaled speed, scale and cost effectiveness. We are seeking a Software Development Engineer to join our Constellation Enablement Software (CES) Development team in Westminster, CO. This position has the ability to work in a hybrid manner: two days at home and three days in the office per week. Your project: In this role, as part of a Scrum Team of Agile software developers using the Scaled Agile Framework, you will support the Constellation Enablement Software Development team’s workflows within the overall Maxar software development environment. You will design, develop, test, and support software within a service-oriented architecture that integrates with the existing ground system via the Vantor continuous-integration/continuous-deployment (CI/CD) pipeline. You will also provide an interface between the CES team and the greater Vantor software development teams and assist in guiding customer teams' adoption of software best practices. Your career: We’re very serious about professional development and continuing education at Vantor. We offer our team members the opportunity to define their own career trajectory. Our group has amazing resources to support learning and development. You will work with your manager, or a mentor, to set goals and design a development plan to advance your career. What We Offer: There is a reason we boast awards like Best Employer, Best Place to work, Top employer, candidate experience winner. Our strength is in our people. Each team member makes a unique contribution to our collective mission. So, we recognize that with best-in-class benefits like: • 401K matching and immediate vesting schedule • Career growth opportunities • Family friendly benefits like maternity and paternity leave, adoption reimbursement, flexible hours, hybrid work options • Programs to help you grow like tuition reimbursement, hackathons, and career development • Student loan repayment • Generous time off • Comprehensive medical, dental and vision at affordable monthly rates Responsibilities: Design/develop new services and feature improvements to existing services
Lead other software developers at times on collaborative design/development efforts
Resolve defects to software services as they are identified
Provide architectural and design advice on the future direction of a cloud based distributed tech stack
Develop automated unit, integration, and functional tests
Troubleshoot and remediate operational issues
Support deadlines and communicate issues/results
Participate in Communities of Practice for adherence to and improvement of best practices Minimum Requirements: Must be a U.S. citizen and be willing and able to obtain a U.S. Government Secret security clearance
Bachelor's degree in computer science, computer engineering, or related field. Two additional years of experience may be substituted for a degree
Minimum 5 years software development of complex software systems, or 3 years and an advanced degree
Ability to learn quickly and multi-task in a dynamic and fast-paced work environment
Ability to collaborate effectively with others for software engineering projects
Strong verbal and written communication, organization, and leadership skills
Expertise with Python
Experience with supporting developed code in a pipeline deployment workflow
Experience in using Linux and developing applications that run on Linux
Experience with REST/JSON/PostgreSQL/AWS These Skills Would Be Amazing: Experience with Aerospace and/or Satellite Ground Systems
Experience with test automation languages/frameworks: Pytest, Cucumber, Gherkin, Behave
Expertise with Typescript (Angular or React framework) and/or JavaScript
Expertise with deploying and managing applications in a Platform as a Service (PaaS) tool such as Kubernetes Experience with analytical platforms like Jupyter Notebooks, Matlab, or others
Expertise with Docker or other Containerization technologies
Experience working in an Agile Scrum environment, and/or the Scaled Agile Framework
Experience with operational support of a complex Linux-based system
Experience with operational support of an AWS Cloud Infrastructure
Experience with Python Django or other python REST frameworks
Experience with the ELK Tech Stack Pay Transparency: To support pay transparency, Vantor includes salary ranges in all U.S. job postings. Starting pay for this role will fall within the listed range and will be based on factors such as experience, qualifications, skills, location, and market conditions. Candidates who meet the minimum requirements for the role should not expect to receive compensation at the top of the range. The listed range reflects the expected pay for this position, and final offers will be determined based on each candidate’s experience, expertise, and alignment with the role. ● The base pay for this position within Colorado is: $102,000.00 - $136,000.00 - $149,600.00 annually. For all other states, we use geographic cost of labor as an input to develop market-driven ranges for our roles, and as such, each location where we hire may have a different range. Benefits: Vantor offers a competitive total rewards package that goes beyond the standard, including a robust 401(k) with company match, mental health resources, and unique perks like student loan repayment assistance, adoption reimbursement and pet insurance to support all aspects of your life. You can find more information on our benefits at: https://www.Vantor.com/careers The application window is three days from the date the job is posted and will remain posted until a qualified candidate has been identified for hire. If the job is reposted regardless of reason, it will remain posted three days from the date the job is reposted and will remain reposted until a qualified candidate has been identified for hire. The date of posting can be found on Vantor's Career page at the top of each job posting. To apply, submit your application via Vantor's Career page. EEO Policy: Vantor is an equal opportunity employer committed to an inclusive workplace. We believe in fostering an environment where all team members feel respected, valued, and encouraged to share their ideas. All qualified applicants will receive consideration for employment without regard to race, color, religion, national origin, sex, gender identity, sexual orientation, disability, protected veteran status, age, or any other characteristic protected by law.",USD
Vantor,All-Source Analyst (TS/SCI),R23923,"Tampa, FL",United States of America,72500.0,onsite,Mid,yes,TS/SCI,unknown,workday,,2026-06-16T21:17:06Z,https://maxar.wd1.myworkdayjobs.com/en-US/Vantor/job/Tampa-FL/All-Source-Analyst--TS-SCI-_R23923,"Vantor is forging the new frontier of spatial intelligence, helping decision makers and operators navigate what’s happening now and shape what’s coming next. Vantor is a place for problem solvers, changemakers, and go-getters—where people are working together to help our customers see the world differently, and in doing so, be seen differently. Come be part of a mission, not just a job, where you can: Shape your own future, build the next big thing, and change the world. To be eligible for this position, you must be a U.S. Citizen. This position requires an active U.S. Government security clearance, applicants who do not currently hold the required clearance will not be eligible for consideration. Employment for cleared roles is contingent upon verification of clearance status. Export Control/ITAR: Certain roles may be subject to U.S. export control laws, requiring U.S. person status as defined by 8 U.S.C. 1324b(a)(3). Please review the job details below. Vantor is seeking several All-Source Analysts in Tampa, FL for a newly awarded contract. As an All-Source Analyst you will be doing the following: Analyze and integrate multiple areas of national security interests, including military and political developments, intentions, and implications. Assess and integrate foreign military and political trends, perceptions, and goals as related to SOF mission areas. Support the operational planning process and provide feedback of strategic/theater changes that have implications for defense/SOF operations, conflicts, and crisis. Provide fused intelligence bridging geospatial and SCA analysis for strategic, operational, and tactical level planning and operations. Respond to assigned RFIs by researching, analyzing, and producing finished intelligence including, but not limited to, Intelligence Studies, Desk Notes, PowerPoint briefings (with associated textual analyses and graphical representation of areas of interest), Intelligence Highlights or SOF Intelligence Bulletins at required classification levels. Conduct in-depth research using classified and unclassified data sources to locate and analyze available intelligence in support of PAS requirements. Collaborate with multiple internal and external POCs to ensure all aspects of a research effort are incorporated. Identify information gaps and develop source-directed requirements (SDR) or identify alternate sources to garner information. HQ SOCOM analyst shall produce 12 products per quarter, at least two of which are near- or mid-term assessments (Info Paper, SOF Intel Brief, or PowerPoint presentation with associated textual analyses and visual representation) as deemed acceptable by JIC reviewers. TSOC PAS analyst will assist in the production of a minimum of six acceptable products per year as deemed by TSOC reviewers. TSOC PAS Analysts will support the Geospatial and SCA analysts in research and discovery to provide the common operational view. Minimum Requirements: US citizenship and an active/current TS/SCI clearance. Bachelor’s degree (BA/BS) in a national security or equivalent field. An additional three years experience in IC or DoD including writing and briefing for IC/DoD customers for a combined total of 8 years of experience. 5 years’ all-source intelligence experience in IC or DoD including writing and briefing for IC/DoD customers. 4 years’ IC or DoD experience in respective Areas of Responsibility (AORs). 2 years’ experience working in a multi-skilled team environment collaborating on the production of intelligence analysis. 1 year experience using ArcGIS. 5 years’ experience utilizing all-source Intelligence Community tools and applications (Trident, TAC, etc. as examples). Must have valid US Passport. #cjpost #LI-CJ1 #LI-Onsite Pay Transparency: In support of pay transparency at Vantor, we disclose salary ranges on all U.S. job postings. The successful candidate’s starting pay will fall within the salary range provided below and is determined based on job-related factors, including, but not limited to, the experience, qualifications, knowledge, skills, geographic work location, and market conditions. Candidates with the minimum necessary experience, qualifications, knowledge, and skillsets for the position should not expect to receive the upper end of the pay range. The base pay for this position within California, Colorado, Hawaii, New Jersey, the Washington, DC metropolitan area, and for all other states is: $65,000.00 - $80,000.00 Benefits: Vantor offers a competitive total rewards package that goes beyond the standard, including a robust 401(k) with company match, mental health resources, and unique perks like student loan repayment assistance, adoption reimbursement and pet insurance to support all aspects of your life. You can find more information on our benefits at: https://www.Vantor.com/careers The application window is three days from the date the job is posted and will remain posted until a qualified candidate has been identified for hire. If the job is reposted regardless of reason, it will remain posted three days from the date the job is reposted and will remain reposted until a qualified candidate has been identified for hire. The date of posting can be found on Vantor's Career page at the top of each job posting. To apply, submit your application via Vantor's Career page. EEO Policy: Vantor is an equal opportunity employer committed to an inclusive workplace. We believe in fostering an environment where all team members feel respected, valued, and encouraged to share their ideas. All qualified applicants will receive consideration for employment without regard to race, color, religion, national origin, sex, gender identity, sexual orientation, disability, protected veteran status, age, or any other characteristic protected by law.",USD
Vantor,Program Security Officer,R23934,"Reston, VA",United States of America,97000.0,onsite,Mid,yes,TS/SCI + Poly,unknown,workday,,2026-06-16T21:17:10Z,https://maxar.wd1.myworkdayjobs.com/en-US/Vantor/job/Reston-VA/Program-Security-Officer_R23934,"Vantor is forging the new frontier of spatial intelligence, helping decision makers and operators navigate what’s happening now and shape what’s coming next. Vantor is a place for problem solvers, changemakers, and go-getters—where people are working together to help our customers see the world differently, and in doing so, be seen differently. Come be part of a mission, not just a job, where you can: Shape your own future, build the next big thing, and change the world. To be eligible for this position, you must be a U.S. Citizen. This position requires an active U.S. Government security clearance, applicants who do not currently hold the required clearance will not be eligible for consideration. Employment for cleared roles is contingent upon verification of clearance status. Export Control/ITAR: Certain roles may be subject to U.S. export control laws, requiring U.S. person status as defined by 8 U.S.C. 1324b(a)(3). Please review the job details below. This position requires an active U.S. Government Security Clearance at the TS/SCI level with CI Polygraph. We’re supporting a customer who has a fast-paced and exciting mission that is focused on technology development within the intelligence community. The Program Security Officer will be on-site with this customer, providing security expertise to the division leadership, project leads, and their staff. We are looking for someone who is detail-oriented, self-motivated, and passionate about their work! Responsibilities: You will sit on-site with your colleagues who also support this customer.
You will join a highly regarded and respected existing SAP security team, who will help you learn the ropes initially. As a new member of the team with a fresh perspective, you’ll have the opportunity to help shape processes. You will provide expertise and guidance to office leadership and staff on how to properly handle SAP security.
You will be the all-encompassing security expert! You will help with tasks such:
Validating candidate nominations, collecting information, implementing processes and reviewing documentation to support program access.
Experience within the Special Access Program Nomination Process (SAPNP).
Managing control procedures and badge access for accredited spaces.
Overseeing reporting and processing of foreign travel, foreign contacts, foreign associates and adverse financial matters.
Assessing and advising customer and contractor sites on physical security requirements for Special Access Program Facility (SAPF) accreditation.
Authoring, reviewing and coordinating approvals for SAP Security Classification Guides.
Investigating, processing and providing guidance to personnel for security infractions and incidents.
Conducting classification reviews and providing guidance for SAP data and materials.
Ensuring proper handling and accountability of classified documents and materials.
Conducting functional area Staff Assistance visits (SAVs) for and advising mission partners and contracts to ensure all-encompassing SAP security policy compliance.
Providing feedback to Government on tools and resources needed to ensure compliance with current security policies and procedures.
Providing security education and training to briefed program personnel. Minimum Qualifications: Active/current TS/SCI clearance with the ability to obtain a CI polygraph.
5 years of experience as a security manager for the IC / DOD.
Experience working with JPAS, Scattered Castles and other clearance eligibility tools.
Experience with Microsoft Office and Adobe Acrobat. Preferred Qualifications: Experience providing all-encompassing security oversight in a Special Access Program.
Experience as a Facility Security Officer (FSO).
Industrial Security Professional (ISP) certification.
Extensive experience incorporating all Intelligence Community Directives, Department of Defense Directives and Manuals and governing Special Access Programs and National Industrial Security Program requirements. Pay Transparency: To support pay transparency, Vantor includes salary ranges in all U.S. job postings. Starting pay for this role will fall within the listed range and will be based on factors such as experience, qualifications, skills, location, and market conditions. Candidates who meet the minimum requirements for the role should not expect to receive compensation at the top of the range. The listed range reflects the expected pay for this position, and final offers will be determined based on each candidate’s experience, expertise, and alignment with the role. ● The base pay for this position within the Washington, DC metropolitan area is: $83,000.00 - $111,000.00 - $122,100.00 annually. For all other states, we use geographic cost of labor as an input to develop market-driven ranges for our roles, and as such, each location where we hire may have a different range. Benefits: Vantor offers a competitive total rewards package that goes beyond the standard, including a robust 401(k) with company match, mental health resources, and unique perks like student loan repayment assistance, adoption reimbursement and pet insurance to support all aspects of your life. You can find more information on our benefits at: https://www.Vantor.com/careers The application window is three days from the date the job is posted and will remain posted until a qualified candidate has been identified for hire. If the job is reposted regardless of reason, it will remain posted three days from the date the job is reposted and will remain reposted until a qualified candidate has been identified for hire. The date of posting can be found on Vantor's Career page at the top of each job posting. To apply, submit your application via Vantor's Career page. EEO Policy: Vantor is an equal opportunity employer committed to an inclusive workplace. We believe in fostering an environment where all team members feel respected, valued, and encouraged to share their ideas. All qualified applicants will receive consideration for employment without regard to race, color, religion, national origin, sex, gender identity, sexual orientation, disability, protected veteran status, age, or any other characteristic protected by law.",USD
Vantor,Sr. Executive Assistant,R23912,"Westminster, CO",United States of America,81900.0,remote,Senior,us_person,unknown,unknown,workday,,2026-06-16T21:17:14Z,https://maxar.wd1.myworkdayjobs.com/en-US/Vantor/job/Westminster-CO/Sr-Executive-Assistant_R23912,"Vantor is forging the new frontier of spatial intelligence, helping decision makers and operators navigate what’s happening now and shape what’s coming next. Vantor is a place for problem solvers, changemakers, and go-getters—where people are working together to help our customers see the world differently, and in doing so, be seen differently. Come be part of a mission, not just a job, where you can: Shape your own future, build the next big thing, and change the world. To be eligible for this position, you must be a U.S. Person, defined as a U.S. citizen, permanent resident, Asylee, or Refugee. Export Control/ITAR: Certain roles may be subject to U.S. export control laws, requiring U.S. person status as defined by 8 U.S.C. 1324b(a)(3). Please review the job details below. We are seeking a highly experienced, proactive, and resourceful Senior Executive Assistant to provide strategic and operational support to the Chief Legal Officer and Chief Transformation Officer. This role requires exceptional organizational skills, executive presence, sound judgment, and the ability to manage multiple high-priority initiatives in a fast-paced, dynamic environment. The ideal candidate thrives under pressure, anticipates needs before they arise, and serves as a trusted partner to senior leadership while handling highly confidential information with discretion and professionalism. Key Responsibilities Manage complex and ever-changing executive calendars, ensuring alignment of priorities, meetings, and strategic initiatives
Coordinate extensive domestic and international travel arrangements, including itineraries, visas, accommodations, transportation, and expense reporting
Support executives in managing shifting priorities, urgent matters, and tight deadlines with agility and professionalism
Draft, edit, and prepare correspondence, presentations, reports, agendas, meeting materials, and executive communications
Manage high-volume email communications and confidential correspondence with discretion and accuracy
Serve as a gatekeeper and liaison between executives and internal/external stakeholders, ensuring seamless communication and follow-through
Interface professionally with board members, investors, legal counsel, government representatives, and high-profile partners
Coordinate executive meetings, leadership offsites, and cross-functional initiatives, including logistics, agendas, and action tracking
Handle sensitive and confidential information with exceptional judgment, integrity, and discretion
Anticipate executive needs by proactively identifying issues, prioritizing tasks, solving problems, and driving operational efficiency
Support C-level initiatives with a collaborative, adaptable, and solutions-oriented mindset
Maintain a calm, professional demeanor while navigating competing priorities and high-pressure situations
Assist with special projects, strategic initiatives, and operational activities as assigned
Manage invoice reconciliation, vendor coordination, and payment processing to ensure timely approvals and accurate financial tracking
Partner with Finance and Accounts Payable teams to monitor budgets, reconcile expenses, track outstanding invoices, and resolve billing discrepancies
Prepare and manage expense reports, purchase requests, and procurement-related documentation in compliance with company policies
Utilize technology, automation, and AI-enabled tools to optimize executive workflows and administrative processes
Support both in-person collaboration and digital coordination across global teams and time zones Minimum Qualifications 7–10+ years of experience supporting C-suite or senior executives in a fast-paced corporate environment
Proven expertise in managing complex global travel arrangements and executive scheduling
Demonstrated excellence in written and verbal communication skills
Strong experience in organizational management, project coordination, and executive operations
Exceptional time management skills with the ability to prioritize effectively and anticipate executive needs proactively
Experience coordinating cross-functional initiatives, leadership activities, and special projects
Experience with invoice management, expense reconciliation, payment processing, and vendor coordination
Advanced proficiency in Microsoft 365 (Outlook, Teams, Excel, PowerPoint, Word) and/or Google Workspace
Comfortable using collaboration and business tools such as Teams, Zoom, Workday, Concur, and related platforms
Ability to quickly learn and adopt new technologies, systems, automation tools, and AI-enabled productivity solutions
Professional presence with polished interpersonal skills and the ability to build strong relationships across all organizational levels
Ability to maintain strict confidentiality and exercise sound judgment in handling sensitive matters
Able to work onsite 3–5 days per week, depending on executive and business needs
Team-oriented, adaptable, and highly collaborative in both in-person and remote environments Preferred Qualifications Bachelor’s degree in Business Administration, Communications, or a related field (or equivalent professional experience)
Prior experience supporting executives within legal, aerospace, technology, financial, or other fast-paced corporate environments
Experience supporting multiple senior executives simultaneously
Familiarity with board operations, executive governance processes, and investor-facing communications
Strong analytical and problem-solving capabilities with close attention to detail #LI-MG1 Pay Transparency: To support pay transparency, Vantor includes salary ranges in all U.S. job postings. Starting pay for this role will fall within the listed range and will be based on factors such as experience, qualifications, skills, location, and market conditions. Candidates who meet the minimum requirements for the role should not expect to receive compensation at the top of the range. The listed range reflects the expected pay for this position, and final offers will be determined based on each candidate’s experience, expertise, and alignment with the role. ● The base pay for this position within Colorado is: $33.75 - $45.00 - $49.50 hourly. For all other states, we use geographic cost of labor as an input to develop market-driven ranges for our roles, and as such, each location where we hire may have a different range. Benefits: Vantor offers a competitive total rewards package that goes beyond the standard, including a robust 401(k) with company match, mental health resources, and unique perks like student loan repayment assistance, adoption reimbursement and pet insurance to support all aspects of your life. You can find more information on our benefits at: https://www.Vantor.com/careers The application window is three days from the date the job is posted and will remain posted until a qualified candidate has been identified for hire. If the job is reposted regardless of reason, it will remain posted three days from the date the job is reposted and will remain reposted until a qualified candidate has been identified for hire. The date of posting can be found on Vantor's Career page at the top of each job posting. To apply, submit your application via Vantor's Career page. EEO Policy: Vantor is an equal opportunity employer committed to an inclusive workplace. We believe in fostering an environment where all team members feel respected, valued, and encouraged to share their ideas. All qualified applicants will receive consideration for employment without regard to race, color, religion, national origin, sex, gender identity, sexual orientation, disability, protected veteran status, age, or any other characteristic protected by law.",USD
Vantor,DevSecOps Engineer (TS/SCI),R23561,"Herndon, VA",United States of America,131500.0,onsite,Mid,yes,TS/SCI + Poly,unknown,workday,,2026-06-16T21:17:18Z,https://maxar.wd1.myworkdayjobs.com/en-US/Vantor/job/Herndon-VA/DevSecOps-Engineer--TS-SCI-_R23561,"Vantor is forging the new frontier of spatial intelligence, helping decision makers and operators navigate what’s happening now and shape what’s coming next. Vantor is a place for problem solvers, changemakers, and go-getters—where people are working together to help our customers see the world differently, and in doing so, be seen differently. Come be part of a mission, not just a job, where you can: Shape your own future, build the next big thing, and change the world. To be eligible for this position, you must be a U.S. Citizen. This position requires an active U.S. Government security clearance, applicants who do not currently hold the required clearance will not be eligible for consideration. Employment for cleared roles is contingent upon verification of clearance status. Export Control/ITAR: Certain roles may be subject to U.S. export control laws, requiring U.S. person status as defined by 8 U.S.C. 1324b(a)(3). Please review the job details below. Job Description This position requires an active U.S. Government Security Clearance at the TS/SCI level. Vantor is seeking a DevSecOps Engineer with an active clearance to help advance a mission-critical geospatial platform. In this role, you’ll join a full-stack engineering team responsible for sustaining and advancing a large-scale cloud mapping platform used by operational analysts globally. The platform draws on contributions from a vetted community, transforming crowdsourced geospatial updates into validated data that powers secure analytic environments. You’ll play a key role in designing and operating the infrastructure that powers this capability, working across the entire technology stack, from cloud architecture and automation pipelines to platform reliability and security. If you thrive on solving complex engineering challenges and building scalable systems that directly support mission outcomes, this is an opportunity to make a real impact. Responsibilities: Assist with the design and implementation of DevSecOps processes and engineering practices across the geospatial software stack. Build, maintain, and improve CI/CD automation pipelines to accelerate secure software delivery. Troubleshoot and resolve complex issues spanning infrastructure, networking, automation pipelines, and applications. Manage and optimize mapping enclaves and platform deployments supporting multiple mission customers. Contribute to defining the technical roadmap for future platform capabilities and integrations. Advocate for and strengthen Agile engineering practices, enabling the team to rapidly deliver new capabilities. Minimum Qualifications: Must be a U.S. Citizen with an active TS/SCI security clearance. Must be willing and able to obtain a Counterintelligence (CI) Polygraph. Security+ Certification or ability to acquire Bachelor’s degree in computer science, engineering, or a related technical field plus 5 years of relevant experience; Or master’s degree with 3 years of relevant experience; OR equivalent combination of education and experience. Proven experience designing, implementing, and managing CI/CD automation pipelines (e.g., Jenkins, GitLab CI, CircleCI) Be willing and able to work onsite in Herndon VA, with a portion of the time worked inside a SCIF Preferred Qualifications: Experience architecting highly available, scalable systems in AWS. Background in database administration, particularly PostgreSQL/PostGIS performance tuning. Experience leading development efforts or serving in a technical leadership capacity. Practical knowledge of PKI, SSL/TLS certificate management, and related security tooling (Keytool, OpenSSL). Strong organizational and multitasking skills. Proven ability to lead engineering teams and drive technical initiatives. #cjpost #LI-RD Pay Transparency: To support pay transparency, Vantor includes salary ranges in all U.S. job postings. Starting pay for this role will fall within the listed range and will be based on factors such as experience, qualifications, skills, location, and market conditions. Candidates who meet the minimum requirements for the role should not expect to receive compensation at the top of the range. The listed range reflects the expected pay for this position, and final offers will be determined based on each candidate’s experience, expertise, and alignment with the role. ● The base pay for this position within the Washington, DC metropolitan area is: $113,000.00 - $150,000.00 - $165,000.00 annually. For all other states, we use geographic cost of labor as an input to develop market-driven ranges for our roles, and as such, each location where we hire may have a different range. Benefits: Vantor offers a competitive total rewards package that goes beyond the standard, including a robust 401(k) with company match, mental health resources, and unique perks like student loan repayment assistance, adoption reimbursement and pet insurance to support all aspects of your life. You can find more information on our benefits at: https://www.Vantor.com/careers The application window is three days from the date the job is posted and will remain posted until a qualified candidate has been identified for hire. If the job is reposted regardless of reason, it will remain posted three days from the date the job is reposted and will remain reposted until a qualified candidate has been identified for hire. The date of posting can be found on Vantor's Career page at the top of each job posting. To apply, submit your application via Vantor's Career page. EEO Policy: Vantor is an equal opportunity employer committed to an inclusive workplace. We believe in fostering an environment where all team members feel respected, valued, and encouraged to share their ideas. All qualified applicants will receive consideration for employment without regard to race, color, religion, national origin, sex, gender identity, sexual orientation, disability, protected veteran status, age, or any other characteristic protected by law.",USD
Vantor,Full Stack Software Development Engineer,R23922,"Herndon, VA",United States of America,132500.0,onsite,Mid,yes,TS/SCI + Poly,unknown,workday,,2026-06-16T21:17:22Z,https://maxar.wd1.myworkdayjobs.com/en-US/Vantor/job/Herndon-VA/Full-Stack-Software-Development-Engineer_R23922,"Vantor is forging the new frontier of spatial intelligence, helping decision makers and operators navigate what’s happening now and shape what’s coming next. Vantor is a place for problem solvers, changemakers, and go-getters—where people are working together to help our customers see the world differently, and in doing so, be seen differently. Come be part of a mission, not just a job, where you can: Shape your own future, build the next big thing, and change the world. To be eligible for this position, you must be a U.S. Citizen. This position requires an active U.S. Government security clearance, applicants who do not currently hold the required clearance will not be eligible for consideration. Employment for cleared roles is contingent upon verification of clearance status. Export Control/ITAR: Certain roles may be subject to U.S. export control laws, requiring U.S. person status as defined by 8 U.S.C. 1324b(a)(3). Please review the job details below. This position requires an active U.S. Government Security Clearance at the TS/SCI level. Vantor seeks a cleared Full-Stack Software Developer to collaborate as part of a dynamic full technology stack engineering team working on a large-scale Government Geospatial Information software system, contributing to both operations and new development. Our team is building a cloud-based collaborative geospatial mapping platform that leverages commercial technologies to meet the needs of our users. This position requires an engineer capable of working across various technical domains to support mission success. Responsibilities: Research, evaluate, design, develop, implement, test, and improve existing software in collaboration with a team of software developers, software testers, system engineers, and DevOps engineers. Design and develop backend services (primarily Java, Node.js) optimized for UI performance and user experience, collaborating closely with UI/UX developers. Contribute to development efforts across the technology stack. Design and implement intuitive and effective user interfaces using modern JavaScript libraries and frameworks (e.g., D3.js, Leaflet, OpenLayers, potentially others like React/Angular/Vue), understanding user workflows (especially Geospatial Analysts). Champion and implement sound software development processes, emphasizing testing (unit, component, integration) and clear documentation. Analyze complex requirements and technical challenges, exercising judgment to select appropriate methods and techniques to develop robust solutions. Minimum Qualifications: Must be a U.S. Citizen with an active TS/SCI security clearance. Must be willing and able to obtain a Counterintelligence (CI) Polygraph. Security+ Certification or ability to acquire Bachelor’s degree in computer science, eoftware engineering, or a related technical discipline plus 5+ years of relevant professional software development experience; OR Master’s degree with 3+ years of relevant experience; OR equivalent combination of education and experience. Proven experience developing both user interfaces and backend services. Be willing and able to work onsite in Herndon VA, with a portion of the time worked inside a SCIF Full-Stack Development Proficiency: Demonstrated experience building and consuming RESTful web services (using Java and/or Node.js) and developing responsive user interfaces using modern web technologies (JavaScript ES6+, HTML5, CSS3). UI Framework/Library Experience: Proven ability to build UIs with modern JavaScript libraries, requiring specific experience with D3.js and familiarity with mapping libraries like Leaflet or OpenLayers. Database & Environment Experience: Experience working with relational databases (PostgreSQL strongly preferred) including SQL, coupled with proficiency using Git version control and working within a Linux/Unix environment. Agile & Testing Practices: Solid understanding and practical experience working within an Agile/Scrum framework and implementing software testing (unit, integration, component). Collaboration & Problem Solving: Strong analytical skills, ability to solve complex technical problems, and effective communication skills for collaboration within a team. Preferred Skills: Extensive experience (6+ years) in JavaScript, UI/UX, and RESTful service development. Deep expertise in specific UI frameworks/libraries (e.g., React, Angular, Vue, advanced D3.js). Experience with Java Swing (if relevant for specific legacy components). Experience contributing to or managing Open-Source Software projects. Experience with C++ programming. Advanced knowledge and practical application of automated testing strategies and tools. #cjpost #LI-RD Pay Transparency: In support of pay transparency at Vantor, we disclose salary ranges on all U.S. job postings. The successful candidate’s starting pay will fall within the salary range provided below and is determined based on job-related factors, including, but not limited to, the experience, qualifications, knowledge, skills, geographic work location, and market conditions. Candidates with the minimum necessary experience, qualifications, knowledge, and skillsets for the position should not expect to receive the upper end of the pay range. The base pay for this position within California, Colorado, Hawaii, New Jersey, the Washington, DC metropolitan area, and for all other states is: $125,000.00 - $140,000.00 Benefits: Vantor offers a competitive total rewards package that goes beyond the standard, including a robust 401(k) with company match, mental health resources, and unique perks like student loan repayment assistance, adoption reimbursement and pet insurance to support all aspects of your life. You can find more information on our benefits at: https://www.Vantor.com/careers The application window is three days from the date the job is posted and will remain posted until a qualified candidate has been identified for hire. If the job is reposted regardless of reason, it will remain posted three days from the date the job is reposted and will remain reposted until a qualified candidate has been identified for hire. The date of posting can be found on Vantor's Career page at the top of each job posting. To apply, submit your application via Vantor's Career page. EEO Policy: Vantor is an equal opportunity employer committed to an inclusive workplace. We believe in fostering an environment where all team members feel respected, valued, and encouraged to share their ideas. All qualified applicants will receive consideration for employment without regard to race, color, religion, national origin, sex, gender identity, sexual orientation, disability, protected veteran status, age, or any other characteristic protected by law.",USD
Vantor,"Senior Backend Developer, Data Platform",R23917,"Reston, VA",United States of America,159500.0,remote,Senior,yes,TS/SCI + Poly,unknown,workday,,2026-06-16T21:17:26Z,https://maxar.wd1.myworkdayjobs.com/en-US/Vantor/job/Reston-VA/Senior-Backend-Developer--Data-Platform_R23917,"Vantor is forging the new frontier of spatial intelligence, helping decision makers and operators navigate what’s happening now and shape what’s coming next. Vantor is a place for problem solvers, changemakers, and go-getters—where people are working together to help our customers see the world differently, and in doing so, be seen differently. Come be part of a mission, not just a job, where you can: Shape your own future, build the next big thing, and change the world. To be eligible for this position, you must be a U.S. Citizen. This position requires an active U.S. Government security clearance, applicants who do not currently hold the required clearance will not be eligible for consideration. Employment for cleared roles is contingent upon verification of clearance status. Export Control/ITAR: Certain roles may be subject to U.S. export control laws, requiring U.S. person status as defined by 8 U.S.C. 1324b(a)(3). Please review the job details below. This position requires an active U.S. Government Security Clearance at the TS/SCI level with CI polygraph. We are a sleek and modern software development team building mission-critical applications with real-world impact for the Intelligence Community. We are seeking an experienced Senior Backend Developer/Engineer to join our hybrid agile team and help build and scale our data platform and pipelines to support Intelligence Community AI efforts. Responsibilities: Design, build, and own backend services and platform components for a modern data architecture and pipelines. Make high-impact technical decisions around architecture, data modeling and system integration Build integrations with internal and external data sources, APIs, and event streams Partner with data engineering, analytics, and product managers to define scalable data models and platform capabilities Improve reliability, observability, and performance of data workflows and backend services Implement best practices for testing, monitoring, logging, and deployment Contribute to architecture decisions around storage, orchestration, metadata management, and access patterns Help establish engineering standards for code quality, documentation, CI/CD, and operational excellence Troubleshoot and debug production systems This is a hybrid role that will require a mix of work from home and onsite work at the customer’s office in Reston, VA. Minimum Qualifications: 10+ years of professional software engineering experience, with strong backend development skills Strong proficiency in Python Experience building backend systems, APIs, or distributed services in production environments PostgreSQL and Elasticsearch proficiency Familiarity with AWS, especially S3, RDS, and other data centric services Current/active TS/SCI with a current CI polygraph or be willing and able to obtain a CI polygraph. Bachelor's degree in a related field, e.g. Computer Science, Systems Engineering or equivalent experience Understanding of software engineering fundamentals including testing, version control, CI/CD, and system design Tenacious troubleshooting, problem solving and error fixing mentality Strong communication and collaboration skills, ability to work, collaborate and thrive on a small technical team. Preferred Qualifications: Experience working with data platforms, data pipelines, ETL/ELT workflows, or large-scale data processing systems Gitlab and Gitlab CI experience Openshift and Helm experience Docker and containerization experience DoD 8570 IAT II and Privileged User Access requirements met (Security+, CySA+, CCNA Security, GICSP, GSEC, SSCP) Pay Transparency: To support pay transparency, Vantor includes salary ranges in all U.S. job postings. Starting pay for this role will fall within the listed range and will be based on factors such as experience, qualifications, skills, location, and market conditions. Candidates who meet the minimum requirements for the role should not expect to receive compensation at the top of the range. The listed range reflects the expected pay for this position, and final offers will be determined based on each candidate’s experience, expertise, and alignment with the role. ● The base pay for this position within the Washington, DC metropolitan area is: $137,000.00 - $182,000.00 - $200,200.00 annually. For all other states, we use geographic cost of labor as an input to develop market-driven ranges for our roles, and as such, each location where we hire may have a different range. Benefits: Vantor offers a competitive total rewards package that goes beyond the standard, including a robust 401(k) with company match, mental health resources, and unique perks like student loan repayment assistance, adoption reimbursement and pet insurance to support all aspects of your life. You can find more information on our benefits at: https://www.Vantor.com/careers The application window is three days from the date the job is posted and will remain posted until a qualified candidate has been identified for hire. If the job is reposted regardless of reason, it will remain posted three days from the date the job is reposted and will remain reposted until a qualified candidate has been identified for hire. The date of posting can be found on Vantor's Career page at the top of each job posting. To apply, submit your application via Vantor's Career page. EEO Policy: Vantor is an equal opportunity employer committed to an inclusive workplace. We believe in fostering an environment where all team members feel respected, valued, and encouraged to share their ideas. All qualified applicants will receive consideration for employment without regard to race, color, religion, national origin, sex, gender identity, sexual orientation, disability, protected veteran status, age, or any other characteristic protected by law.",USD
Vantor,Software Engineer,R23916,"Colorado Springs, CO",United States of America,119000.0,onsite,Mid,yes,Secret,unknown,workday,,2026-06-16T21:17:30Z,https://maxar.wd1.myworkdayjobs.com/en-US/Vantor/job/Colorado-Springs-CO/Software-Engineer_R23916,"Vantor is forging the new frontier of spatial intelligence, helping decision makers and operators navigate what’s happening now and shape what’s coming next. Vantor is a place for problem solvers, changemakers, and go-getters—where people are working together to help our customers see the world differently, and in doing so, be seen differently. Come be part of a mission, not just a job, where you can: Shape your own future, build the next big thing, and change the world. To be eligible for this position, you must be a U.S. Citizen. This position requires an active U.S. Government security clearance, applicants who do not currently hold the required clearance will not be eligible for consideration. Employment for cleared roles is contingent upon verification of clearance status. Export Control/ITAR: Certain roles may be subject to U.S. export control laws, requiring U.S. person status as defined by 8 U.S.C. 1324b(a)(3). Please review the job details below. Vantor is seeking a Software Engineer to join our project team developing application software. LOCATION: Colorado Springs - On Site Benefits: Work-life balance to include flexible working opportunities and generous time off. Family-first benefits like adoption reimbursement, pet insurance and mental health resources. Educational perks such as student loan repayment, paid certifications and tuition reimbursement. Career growth opportunities including an internal mobility program and leadership training and development. Diversified healthcare and investment options including multiple medical plans, a stock purchase program and 401(k). Responsibilities: Participate in the requirements analysis and design for software applications or sub-components. Code or maintain software applications or sub-components from specifications. Follow established software development process. Create appropriate process artifacts including: requirements documentation, design documentation, and test plans. Test applications as identified in the development methodology, and create necessary documentation. Required Qualifications: Must be U.S. Citizen and eligible for SECRET security clearance BS in Computer Science or related discipline. 5 years of relevant experience in lieu of degree. 5 years professional experience. C++ programming experience. Experience with Object Oriented software development theory and associated methodologies Good understanding of coding methods and best practices Desired Qualifications: Excellent Math and Physics skills Ability to take direction from senior team members Ability to work both independently and in a team environment Effective oral and written communication skills to include active listening #cjpost #LI-CJ1 LI-Onsite Pay Transparency: To support pay transparency, Vantor includes salary ranges in all U.S. job postings. Starting pay for this role will fall within the listed range and will be based on factors such as experience, qualifications, skills, location, and market conditions. Candidates who meet the minimum requirements for the role should not expect to receive compensation at the top of the range. The listed range reflects the expected pay for this position, and final offers will be determined based on each candidate’s experience, expertise, and alignment with the role. ● The base pay for this position within Colorado is: $102,000.00 - $136,000.00 - $149,600.00 annually. For all other states, we use geographic cost of labor as an input to develop market-driven ranges for our roles, and as such, each location where we hire may have a different range. Benefits: Vantor offers a competitive total rewards package that goes beyond the standard, including a robust 401(k) with company match, mental health resources, and unique perks like student loan repayment assistance, adoption reimbursement and pet insurance to support all aspects of your life. You can find more information on our benefits at: https://www.Vantor.com/careers The application window is three days from the date the job is posted and will remain posted until a qualified candidate has been identified for hire. If the job is reposted regardless of reason, it will remain posted three days from the date the job is reposted and will remain reposted until a qualified candidate has been identified for hire. The date of posting can be found on Vantor's Career page at the top of each job posting. To apply, submit your application via Vantor's Career page. EEO Policy: Vantor is an equal opportunity employer committed to an inclusive workplace. We believe in fostering an environment where all team members feel respected, valued, and encouraged to share their ideas. All qualified applicants will receive consideration for employment without regard to race, color, religion, national origin, sex, gender identity, sexual orientation, disability, protected veteran status, age, or any other characteristic protected by law.",USD
Vantor,Full Stack Software Engineer,R23450,"Springfield, VA",United States of America,131500.0,onsite,Mid,yes,TS/SCI + Poly,unknown,workday,,2026-06-16T21:17:34Z,https://maxar.wd1.myworkdayjobs.com/en-US/Vantor/job/Springfield-VA/Full-Stack-Software-Engineer--TS-SCI-with-CI-poly-_R23450,"Vantor is forging the new frontier of spatial intelligence, helping decision makers and operators navigate what’s happening now and shape what’s coming next. Vantor is a place for problem solvers, changemakers, and go-getters—where people are working together to help our customers see the world differently, and in doing so, be seen differently. Come be part of a mission, not just a job, where you can: Shape your own future, build the next big thing, and change the world. To be eligible for this position, you must be a U.S. Citizen. This position requires an active U.S. Government security clearance, applicants who do not currently hold the required clearance will not be eligible for consideration. Employment for cleared roles is contingent upon verification of clearance status. Export Control/ITAR: Certain roles may be subject to U.S. export control laws, requiring U.S. person status as defined by 8 U.S.C. 1324b(a)(3). Please review the job details below. This position requires an active U.S. Government Security Clearance at the TS/SCI level. We’re hiring a solution driven Software Engineer to work onsite with U.S. Government customers to create technology solutions for data collection, data analytics, data visualization, and user workflow automation. You will get to work on an interesting mission focus with large data sets and create solutions with technology in support of national security. You will work directly with analysts to understand mission needs and generate solutions. Technical tasks include ELT, managing, analyzing, and visualizing large sets of geospatial data to extract meaningful knowledge with cloud-based processing technologies and emerging data science techniques. We want a self-motivated engineer who is comfortable digging into data, trying innovative approaches, and isn't afraid to fail fast and move on to other techniques/ideas. Responsibilities: Design and implement efficient, flexible solutions that can scale for mission critical applications.
Active in all aspects of the development lifecycle, including planning, requirements development, software design, implementation and build, documentation, testing, deployment and maintenance.
Apply software standards and processes to produce high quality, extensible, and maintainable software solutions.
Work with cloud tech stacks to perform data extraction, manipulation, transformation; visualization of geospatial-temporal data sets
Develop analytics/derivative data products to help users extract meaningful knowledge
Proactive approach to trouble shooting and problem-solving issues
Work directly with users throughout the IC/DoD to understand their requirements and propose technical solutions
Collaborate with diverse teams of engineers, clients, and users
Ability to work full time onsite Minimum Qualifications: US citizenship and a current TS/SCI clearance (with willingness to get a CI Polygraph).
Bachelor's degree in Computer Science or related technology fields
5+ years of proficient experience with:
Developing custom software solutions
Performing data extraction, manipulation, visualization, and analysis with strong proficiency in Java, Python or C++
Linux skills and familiarity with cloud architectures, AWS, C2S
NoSQL Data Stores - Elastic, MongoDB, etc.
Development tools such as Git, Eclipse, Maven
Ability to work both independently and in a team environment.
Ability to work full-time onsite. Preferred Qualifications: Familiarity with common industry software tools, concepts, and DevSecOps
An adaptable and solution centric mindset that embraces technology enablers
GIS, Geospatial data, Geospatial tools, techniques, processing, visualization
Agile development methodologies
Experience working with open-source resources in a government computing environment Pay Transparency: To support pay transparency, Vantor includes salary ranges in all U.S. job postings. Starting pay for this role will fall within the listed range and will be based on factors such as experience, qualifications, skills, location, and market conditions. Candidates who meet the minimum requirements for the role should not expect to receive compensation at the top of the range. The listed range reflects the expected pay for this position, and final offers will be determined based on each candidate’s experience, expertise, and alignment with the role. ● The base pay for this position within the Washington, DC metropolitan area is: $113,000.00 - $150,000.00 - $165,000.00 annually. For all other states, we use geographic cost of labor as an input to develop market-driven ranges for our roles, and as such, each location where we hire may have a different range. Benefits: Vantor offers a competitive total rewards package that goes beyond the standard, including a robust 401(k) with company match, mental health resources, and unique perks like student loan repayment assistance, adoption reimbursement and pet insurance to support all aspects of your life. You can find more information on our benefits at: https://www.Vantor.com/careers The application window is three days from the date the job is posted and will remain posted until a qualified candidate has been identified for hire. If the job is reposted regardless of reason, it will remain posted three days from the date the job is reposted and will remain reposted until a qualified candidate has been identified for hire. The date of posting can be found on Vantor's Career page at the top of each job posting. To apply, submit your application via Vantor's Career page. EEO Policy: Vantor is an equal opportunity employer committed to an inclusive workplace. We believe in fostering an environment where all team members feel respected, valued, and encouraged to share their ideas. All qualified applicants will receive consideration for employment without regard to race, color, religion, national origin, sex, gender identity, sexual orientation, disability, protected veteran status, age, or any other characteristic protected by law.",USD
Vantor,Sr. Director of AI & Architecture,R23780,"Westminster, CO",United States of America,225000.0,onsite,Director,us_person,unknown,unknown,workday,,2026-06-16T21:17:38Z,https://maxar.wd1.myworkdayjobs.com/en-US/Vantor/job/Westminster-CO/Sr-Director-of-AI---Architecture_R23780,"Vantor is forging the new frontier of spatial intelligence, helping decision makers and operators navigate what’s happening now and shape what’s coming next. Vantor is a place for problem solvers, changemakers, and go-getters—where people are working together to help our customers see the world differently, and in doing so, be seen differently. Come be part of a mission, not just a job, where you can: Shape your own future, build the next big thing, and change the world. To be eligible for this position, you must be a U.S. Person, defined as a U.S. citizen, permanent resident, Asylee, or Refugee. Export Control/ITAR: Certain roles may be subject to U.S. export control laws, requiring U.S. person status as defined by 8 U.S.C. 1324b(a)(3). Please review the job details below. Vantor is looking for a Senior Director of AI & Architecture to build and lead the company’s AI-enabled engineering foundation. This leader will own the development environment, platform architecture, and AI strategy for the organization—turning AI from experimentation into a core operating capability. Reporting to the CIO, you will define how engineering gets work done at Vantor: the tools, platforms, and AI systems that drive speed, scale, and differentiation. At the same time, you will act as Vantor’s AI champion, embedding intelligent automation and agentic workflows across the business. This role requires a builder who can operate at both executive and hands-on levels, and who has a track record of turning emerging technology into measurable outcomes. What You’ll Own AI Strategy & Enterprise Adoption Help shape and execute Vantor’s enterprise AI strategy, aligned to product and operational priorities Serve as one of the the company-wide enterprise AI leaders, driving adoption beyond engineering into business workflows Be a core member of the AI Center of Excellence (CoE) and governance committee to accelerate delivery and standardize patterns Help the organization operationalize LLMs, agentic systems, and automation frameworks into production use cases Assist in shaping pragmatic governance to ensure secure, responsible, and scalable AI usage Developer Platform & Environment (DevEx) Partner with Engineering leadership to Build and own Vantor’s end-to-end development environment Standardize and optimize tooling, CI/CD, infrastructure-as-code, and developer workflows Integrate AI-assisted development (copilots, agents, automated testing) into the SDLC Drive a platform-first model that enables engineers to ship faster with less friction Continuously improve developer productivity, onboarding, and system reliability Architecture & Platform Engineering Define Vantor’s modern architecture strategy across cloud, data, and application layers across secure and non-secure environments Design scalable, cost-efficient, and highly available platforms that support growth Lead modernization efforts, including consolidation, automation, and technical debt reduction Embed observability, security, and performance as core architectural principles Transformation & Execution Lead high-impact initiatives that improve velocity, cost structure, and scalability Establish clear KPIs for AI impact, platform adoption, and engineering efficiency Drive an automation-first culture, reducing manual work across engineering and operations Deliver measurable outcomes (e.g., reduced cycle time, lower cloud spend, improved margins) Executive Partnership Partner closely with the CIO, CTO, and leadership team to shape Vantor’s technology platforms Translate AI and platform investments into clear business value and ROI Align cross-functional stakeholders around a unified architecture and operating model What Success Looks Like Engineers deliver faster with fewer dependencies and better tooling AI is embedded in how Vantor operates—not a side initiative Platform and architecture scale cleanly with business growth Measurable gains in efficiency, cost optimization, and delivery speed Vantor is recognized internally as AI-first in execution, not just strategy Why This Role Matters This is a foundational role for Vantor’s next phase. You will define the systems, platforms, and AI capabilities that determine how fast we move—and how we win. Role Requirements: Minimum 10 years of experience in software engineering, platform engineering, enterprise architecture, or related technical leadership roles, including at least 2 years leading platform engineering, architecture, or AI-driven transformation initiatives Minimum 10 years of experience working with cloud-native platforms, DevOps practices, and modern software engineering methodologies Minimum 5 years of experience delivering enterprise technology solutions, including demonstrated success implementing AI solutions that achieve measurable business outcomes (not just pilots) Minimum 5 years of experience working with large language models (LLMs), automation frameworks, AI/ML systems, or emerging AI architectures Minimum 5 years of experience leading engineering teams, including distributed teams, and managing the scale, reliability, and performance of systems in growth environments Demonstrated ability to evaluate technical decisions in relation to business objectives, including revenue growth, cost management, and operational efficiency Pay Transparency: To support pay transparency, Vantor includes salary ranges in all U.S. job postings. Starting pay for this role will fall within the listed range and will be based on factors such as experience, qualifications, skills, location, and market conditions. Candidates who meet the minimum requirements for the role should not expect to receive compensation at the top of the range. The listed range reflects the expected pay for this position, and final offers will be determined based on each candidate’s experience, expertise, and alignment with the role. ● The base pay for this position within Colorado is: $193,000.00 - $257,000.00 - $282,700.00 annually. For all other states, we use geographic cost of labor as an input to develop market-driven ranges for our roles, and as such, each location where we hire may have a different range. Benefits: Vantor offers a competitive total rewards package that goes beyond the standard, including a robust 401(k) with company match, mental health resources, and unique perks like student loan repayment assistance, adoption reimbursement and pet insurance to support all aspects of your life. You can find more information on our benefits at: https://www.Vantor.com/careers Additionally, this position is incentive eligible with a target based on contribution, company performance, and/or individual results achieved; the specific incentive plan and target amount will be determined based on the role and breadth of contributions. The application window is three days from the date the job is posted and will remain posted until a qualified candidate has been identified for hire. If the job is reposted regardless of reason, it will remain posted three days from the date the job is reposted and will remain reposted until a qualified candidate has been identified for hire. The date of posting can be found on Vantor's Career page at the top of each job posting. To apply, submit your application via Vantor's Career page. EEO Policy: Vantor is an equal opportunity employer committed to an inclusive workplace. We believe in fostering an environment where all team members feel respected, valued, and encouraged to share their ideas. All qualified applicants will receive consideration for employment without regard to race, color, religion, national origin, sex, gender identity, sexual orientation, disability, protected veteran status, age, or any other characteristic protected by law.",USD
Vantor,Senior Imagery Analyst (Data Annotation),R23914,"(Customer Site) Falls Church, VA",United States of America,117500.0,remote,Senior,yes,TS/SCI,unknown,workday,,2026-06-16T21:17:42Z,https://maxar.wd1.myworkdayjobs.com/en-US/Vantor/job/Customer-Site-Falls-Church-VA/Senior-Imagery-Analyst--Data-Annotation-_R23914,"Vantor is forging the new frontier of spatial intelligence, helping decision makers and operators navigate what’s happening now and shape what’s coming next. Vantor is a place for problem solvers, changemakers, and go-getters—where people are working together to help our customers see the world differently, and in doing so, be seen differently. Come be part of a mission, not just a job, where you can: Shape your own future, build the next big thing, and change the world. To be eligible for this position, you must be a U.S. Citizen. This position requires an active U.S. Government security clearance, applicants who do not currently hold the required clearance will not be eligible for consideration. Employment for cleared roles is contingent upon verification of clearance status. Export Control/ITAR: Certain roles may be subject to U.S. export control laws, requiring U.S. person status as defined by 8 U.S.C. 1324b(a)(3). Please review the job details below. This position requires an active U.S. Government Security Clearance at the TS/SCI level. Vantor is seeking a detail-oriented Senior Imagery Analyst (Data Annotation) to guide and improve annotation workflows across EO, SAR, and commercial imagery. You’ll perform quality validation efforts, mentor junior team members, and drive continuous improvement in annotation standards to support mission-critical AI/ML development. Responsibilities: Provide quality assurance reviews of annotated geospatial imagery Train and mentor junior annotators on best practices Identify systemic annotation issues and drive corrective actions Validate annotation accuracy across multiple formats (bounding boxes, segmentation, center points) Collaborate with peers, quality lead, program managers, and other critical partners to align data output with downstream model needs Recommend and implement improvements to annotation tools and processes Write and maintain annotation guidelines and quality control documentation Minimum Qualifications: U.S. citizenship and active TS/SCI clearance 7+ years of experience with EO, SAR, COMINT, and/or commercial imagery analysis and geospatial data annotation Proficiency in geospatial software tools (e.g., ArcGIS, QGIS) Experience using Remote View, SOCET GXP, and/or Fade/Mist Demonstrated leadership in data validation or quality assurance processes Experience with object classification, visual QA, and annotation feedback cycles Preferred Qualifications: Experience supporting government or defense missions Familiarity with automated quality metrics or annotation pipelines Experience with SAR-specific feature analysis Basic scripting or automation (e.g., Python, Jupyter) is a plus Prior experience writing SOPs or developing team workflows #cjpost #LI-RD Pay Transparency: In support of pay transparency at Vantor, we disclose salary ranges on all U.S. job postings. The successful candidate’s starting pay will fall within the salary range provided below and is determined based on job-related factors, including, but not limited to, the experience, qualifications, knowledge, skills, geographic work location, and market conditions. Candidates with the minimum necessary experience, qualifications, knowledge, and skillsets for the position should not expect to receive the upper end of the pay range. The base pay for this position within California, Colorado, Hawaii, New Jersey, the Washington, DC metropolitan area, and for all other states is: $115,000.00 - $120,000.00 Benefits: Vantor offers a competitive total rewards package that goes beyond the standard, including a robust 401(k) with company match, mental health resources, and unique perks like student loan repayment assistance, adoption reimbursement and pet insurance to support all aspects of your life. You can find more information on our benefits at: https://www.Vantor.com/careers The application window is three days from the date the job is posted and will remain posted until a qualified candidate has been identified for hire. If the job is reposted regardless of reason, it will remain posted three days from the date the job is reposted and will remain reposted until a qualified candidate has been identified for hire. The date of posting can be found on Vantor's Career page at the top of each job posting. To apply, submit your application via Vantor's Career page. EEO Policy: Vantor is an equal opportunity employer committed to an inclusive workplace. We believe in fostering an environment where all team members feel respected, valued, and encouraged to share their ideas. All qualified applicants will receive consideration for employment without regard to race, color, religion, national origin, sex, gender identity, sexual orientation, disability, protected veteran status, age, or any other characteristic protected by law.",USD
Vantor,Staff Cloud Security Engineer,R23900,"Longmont, CO",United States of America,119000.0,onsite,Principal,yes,Top Secret,unknown,workday,,2026-06-16T21:17:46Z,https://maxar.wd1.myworkdayjobs.com/en-US/Vantor/job/Longmont-CO/Staff-Cloud-Security-Engineer_R23900,"Vantor is forging the new frontier of spatial intelligence, helping decision makers and operators navigate what’s happening now and shape what’s coming next. Vantor is a place for problem solvers, changemakers, and go-getters—where people are working together to help our customers see the world differently, and in doing so, be seen differently. Come be part of a mission, not just a job, where you can: Shape your own future, build the next big thing, and change the world. To be eligible for this position, you must be a U.S. Citizen. This position requires an active U.S. Government security clearance, applicants who do not currently hold the required clearance will not be eligible for consideration. Employment for cleared roles is contingent upon verification of clearance status. Export Control/ITAR: Certain roles may be subject to U.S. export control laws, requiring U.S. person status as defined by 8 U.S.C. 1324b(a)(3). Please review the job details below. Vantor is currently seeking a Cloud Security Engineer (DevOps) to join our team in Westminster or Longmont, CO. In this role you will have ownership responsibility for the operation of several security applications/services, for integrating security requirements into the common infrastructure design and supporting common infrastructure service solutions for the enterprise. As a key member of our Development and Security Team, you will work with Information Assurance and other DevOps engineers to ensure security is an upfront consideration during design and is operationally practiced throughout the system lifecycle. The collaborative nature of the role will present growth opportunities in both DevOps and Information Security skillsets. Responsibilities: Design, implement and maintain multiple security applications/services in a cloud-based environment that operates using continuous integration/continuous deployment (CI/CD) practices.
Troubleshoot and resolve network, automated pipeline, and infrastructure issues related to security services.
Build, maintain, and monitor configuration of security tools.
Build effective security monitoring, alerting, and metrics from log aggregators and data collectors.
Provide a collaborative conduit between security focused and development focused teams.
Provide configuration and vulnerability management support for production applications and custom code. Minimum Requirements: Must be a U.S. citizen with an existing SECRET security clearance and the ability to obtain Top Secret/SCI access with a Counterintelligence Polygraph required after award of SCI access.
CompTIA Security+ or other DoDD 8140 certification
Willingness to work 90% or as needed in a secure environment with some on-call or after-hours onsite support for customer’s mission.
5 years of DevOps, software, or infrastructure engineering experience and a Bachelor’s degree. 4 additional years of experience may be substituted for a degree.
Ability to quickly learn and use a wide variety of open-source technologies.
Cloud service experience.
Experience with Terraform and K8S or equivalent technologies. Preferred Qualifications: Holds any AWS certification, or other cloud provider’s certifications Prior experience with CI/CD technologies such as Jenkins Proficiency in Python or Java Experience automating, running and maintaining a variety of security tool types (some combination of i.e. monitoring, compliance, vulnerability detection, intrusion detection and prevention, change management and detection, code analysis, etc.)
Experience with custom source application development and maintenance Pay Transparency: To support pay transparency, Vantor includes salary ranges in all U.S. job postings. Starting pay for this role will fall within the listed range and will be based on factors such as experience, qualifications, skills, location, and market conditions. Candidates who meet the minimum requirements for the role should not expect to receive compensation at the top of the range. The listed range reflects the expected pay for this position, and final offers will be determined based on each candidate’s experience, expertise, and alignment with the role. ● The base pay for this position within Colorado is: $102,000.00 - $136,000.00 - $149,600.00 annually. For all other states, we use geographic cost of labor as an input to develop market-driven ranges for our roles, and as such, each location where we hire may have a different range. Benefits: Vantor offers a competitive total rewards package that goes beyond the standard, including a robust 401(k) with company match, mental health resources, and unique perks like student loan repayment assistance, adoption reimbursement and pet insurance to support all aspects of your life. You can find more information on our benefits at: https://www.Vantor.com/careers Additionally, this position is incentive eligible with a target based on contribution, company performance, and/or individual results achieved; the specific incentive plan and target amount will be determined based on the role and breadth of contributions. The application window is three days from the date the job is posted and will remain posted until a qualified candidate has been identified for hire. If the job is reposted regardless of reason, it will remain posted three days from the date the job is reposted and will remain reposted until a qualified candidate has been identified for hire. The date of posting can be found on Vantor's Career page at the top of each job posting. To apply, submit your application via Vantor's Career page. EEO Policy: Vantor is an equal opportunity employer committed to an inclusive workplace. We believe in fostering an environment where all team members feel respected, valued, and encouraged to share their ideas. All qualified applicants will receive consideration for employment without regard to race, color, religion, national origin, sex, gender identity, sexual orientation, disability, protected veteran status, age, or any other characteristic protected by law.",USD
Vantor,Sales Engineer,R23898,2 Locations,United States of America,,remote,Mid,unknown,unknown,unknown,workday,,2026-06-16T21:17:50Z,https://maxar.wd1.myworkdayjobs.com/en-US/Vantor/job/Remote-Brazil/Sales-Engineer_R23898,"Vantor is forging the new frontier of spatial intelligence, helping decision makers and operators navigate what’s happening now and shape what’s coming next. Vantor is a place for problem solvers, changemakers, and go-getters—where people are working together to help our customers see the world differently, and in doing so, be seen differently. Come be part of a mission, not just a job, where you can: Shape your own future, build the next big thing, and change the world. Please review the job details below. Vantor is currently seeking a Sales Engineer to join our team in Colombia or Brazil and be the primary technical resource for the Commercial Direct and Channel field sales teams supporting GIS. In this role, you will work in conjunction with the sales team as the key technical advisor and product advocate for our products internally as well as with the potential end customer and channel partners. To be successful in this role, you must be able to articulate geospatial technology and product positioning to both business and technical users. You will also need to be able to identify all technical issues of assigned accounts to assure complete customer satisfaction through all stages of the sales process. Finally, you will need to provide technical credibility within the customer technical evaluation team and possess strong presentation skills and be able to communicate professionally in written responses to emails, RFPs, and when submitting reports. Responsibilities: Assist to Sell/Upsell products/solutions to customers and their technical experts
Assess and influence customers’ requirements
Guide customers on what product or service will best satisfy their needs
Works closely with Business Development to develop new business
Support the Regional Marketing team in Trade Shows or similar events to provide technical support, demonstrations, and booth handling
Provide training to potential and existing customer over the Vantor portfolio of products
Help in the design/development of custom-made products/solutions
Design product solutions and services to for large/complex opportunities
Attend customers visits
Maintain existing, long-term relationships with customers
Provide weekly summary of activities in the region Minimum Requirements: Bachelor’s degree in Photogrammetry, Remote Sensing, Engineering, Geographic Information Systems, Geography or related field
English and Spanish written and oral proficiency required. Portuguese proficiency is preferred.
Citizenship in Colombia or Brazil
2-5 years GIS work experience
GIS Software skills in one of the following: ArcGIS, QGIS, Google Earth Pro
Previous geospatial experience
Willing to travel at least 40% of time Preferred Qualifications: Experience with Global Mapper, ENVI, MapInfo Pro, Postman, Bruno, or Python
Expert knowledge of geospatial products and solutions
Excellent communication skills
Strong analytical skills
Effective interpersonal/negotiation skills
Ability to work independently
Effective execution skills
Experience with MS Office Suite EEO Policy: Vantor is an equal opportunity employer committed to an inclusive workplace. We believe in fostering an environment where all team members feel respected, valued, and encouraged to share their ideas. All qualified applicants will receive consideration for employment without regard to race, color, religion, national origin, sex, gender identity, sexual orientation, disability, protected veteran status, age, or any other characteristic protected by law.",
Vantor,Strategic Sourcing Manager,R23767,"Westminster, CO",United States of America,129000.0,onsite,Manager,us_person,unknown,unknown,workday,,2026-06-16T21:17:54Z,https://maxar.wd1.myworkdayjobs.com/en-US/Vantor/job/Westminster-CO/Strategic-Sourcing-Manager_R23767,"Vantor is forging the new frontier of spatial intelligence, helping decision makers and operators navigate what’s happening now and shape what’s coming next. Vantor is a place for problem solvers, changemakers, and go-getters—where people are working together to help our customers see the world differently, and in doing so, be seen differently. Come be part of a mission, not just a job, where you can: Shape your own future, build the next big thing, and change the world. To be eligible for this position, you must be a U.S. Person, defined as a U.S. citizen, permanent resident, Asylee, or Refugee. Export Control/ITAR: Certain roles may be subject to U.S. export control laws, requiring U.S. person status as defined by 8 U.S.C. 1324b(a)(3). Please review the job details below. We are building a world-class Procurement organization of trusted advisors that deliver value and foster innovation to fuel Vantor’s mission-critical business operations. The Vantor Procurement organization spans multiple Category Management pillars, including indirect procurement, direct procurement, third-party risk management, and satellite aerospace engineering. Vantor is seeking a Strategic Sourcing Manager with experience supporting technology and services categories to join our team in Westminster, CO. The ideal candidate will bring extensive sourcing and category management experience, a data-driven mindset, and a track record of delivering measurable business value. In this role, you will operate as an individual contributor with full ownership of sourcing strategies, execution and category management focused on technology and services across the business. The ideal candidate will become a trusted partner to cross-functional stakeholders across the organization to ensure alignment with business priorities, program objectives, and financial targets, while contributing to broader procurement and supplier management initiatives across the organization. Responsibilities:
Lead end-to-end sourcing initiatives across a variety of categories, leveraging experience in technology and services, including vendor selection, RFx execution, supplier evaluation, and contracting
Develop sourcing and category strategies that deliver significant value to stakeholders
Analyze supplier landscape and market dynamics to inform category strategies and sourcing decisions
Proactively manage categories to optimize results - including spend analytics, supplier performance and stakeholder management
Drive cost optimization, value creation, and risk mitigation across the supplier portfolio (e.g., savings, cost avoidance, contract optimization)
Leverage data analytics and technology (including AI-enabled tools) to enhance sourcing efficiency, insights, and decision-making
Contract management activities including but not limited to: interpretation, negotiation, redlining, versioning, facilitation between stakeholders, legal and the supplier
Own strategic supplier relationships, including performance management, business reviews, and continuous improvement initiatives
Influence cross-functional stakeholders to align on sourcing strategies, supplier selection, and standardization opportunities
Manage key indirect suppliers and spend across the organization
Drive adoption and continuous improvement of sourcing processes, tools, and governance frameworks
Other duties as assigned
Minimum Requirements:
Must be a US Citizen
Minimum of 7+ years related experience in contract negotiations, strategic sourcing, category management, supplier management, spend analytics and/or market intelligence
Bachelor’s degree in business or a related technical field preferred, or equivalent combination of education and relevant experience
Proficient with Microsoft Office Suite, including Excel, PowerPoint and Word
Demonstrated ability to support multiple indirect spend categories as an individual contributor, with experience in Technology and Services and the ability to operate across diverse stakeholder groups and competing business priorities
Experience sourcing technology and/or services categories (e.g., software, SaaS, cloud, IT services, or professional services)
Preferred Qualifications:
Deep expertise in strategic sourcing, contract management, project management, and supplier performance management
Experience leading large and complex sourcing events and contract negotiations
Experience structuring and negotiating complex, high-value agreements with technology and services providers
Demonstrated experience negotiating supplier agreements to achieve best-value outcomes while maintaining strong supplier relationships
Strong stakeholder influence and change management skills, with the ability to drive adoption of procurement processes and best practices across cross-functional teams
Experience supporting Technology and Services categories (e.g., software, cloud, SaaS, IT services, or professional services) is preferred, but not required to be the sole focus
Strong financial acumen, including cost analysis, total cost of ownership (TCO), and risk assessment
Experience leveraging data analytics and automation tools to enhance sourcing effectiveness and support data-driven decision-making #LI-MG1 Pay Transparency: In support of pay transparency at Vantor, we disclose salary ranges on all U.S. job postings. The successful candidate’s starting pay will fall within the salary range provided below and is determined based on job-related factors, including, but not limited to, the experience, qualifications, knowledge, skills, geographic work location, and market conditions. Candidates with the minimum necessary experience, qualifications, knowledge, and skillsets for the position should not expect to receive the upper end of the pay range. ● The base pay for this position within Colorado is: $97,000.00 - $161,000.00 annually. For all other states, we use geographic cost of labor as an input to develop market-driven ranges for our roles, and as such, each location where we hire may have a different range. Benefits: Vantor offers a competitive total rewards package that goes beyond the standard, including a robust 401(k) with company match, mental health resources, and unique perks like student loan repayment assistance, adoption reimbursement and pet insurance to support all aspects of your life. You can find more information on our benefits at: https://www.Vantor.com/careers Additionally, this position is incentive eligible with a target based on contribution, company performance, and/or individual results achieved; the specific incentive plan and target amount will be determined based on the role and breadth of contributions. The application window is three days from the date the job is posted and will remain posted until a qualified candidate has been identified for hire. If the job is reposted regardless of reason, it will remain posted three days from the date the job is reposted and will remain reposted until a qualified candidate has been identified for hire. The date of posting can be found on Vantor's Career page at the top of each job posting. To apply, submit your application via Vantor's Career page. EEO Policy: Vantor is an equal opportunity employer committed to an inclusive workplace. We believe in fostering an environment where all team members feel respected, valued, and encouraged to share their ideas. All qualified applicants will receive consideration for employment without regard to race, color, religion, national origin, sex, gender identity, sexual orientation, disability, protected veteran status, age, or any other characteristic protected by law.",USD
Vantor,Big Data Analyst (TS/SCI),R23880,2 Locations,United States of America,157000.0,onsite,Mid,yes,TS/SCI + Poly,unknown,workday,,2026-06-16T21:17:58Z,https://maxar.wd1.myworkdayjobs.com/en-US/Vantor/job/Herndon-VA/Big-Data-Analyst--TS-SCI-_R23880,"Vantor is forging the new frontier of spatial intelligence, helping decision makers and operators navigate what’s happening now and shape what’s coming next. Vantor is a place for problem solvers, changemakers, and go-getters—where people are working together to help our customers see the world differently, and in doing so, be seen differently. Come be part of a mission, not just a job, where you can: Shape your own future, build the next big thing, and change the world. To be eligible for this position, you must be a U.S. Citizen. This position requires an active U.S. Government security clearance, applicants who do not currently hold the required clearance will not be eligible for consideration. Employment for cleared roles is contingent upon verification of clearance status. Export Control/ITAR: Certain roles may be subject to U.S. export control laws, requiring U.S. person status as defined by 8 U.S.C. 1324b(a)(3). Please review the job details below. Vantor is currently seeking a Big Data Analyst to join our team. This role will be performed in our Vantor facility located in Herndon, Virginia and the customer site in Springfield, VA. As a Vantor team member, you will have the opportunity to closely support our mission partners, and your work will have a direct impact on mission imperatives. In this role, you will work closely with software developers, ETL engineers, Big Data SMEs, as well our infrastructure and cybersecurity teams leveraging open-source tools to create and maintain a diverse range of applications. About The Team: We are a multi-faceted software development and systems administration team working to build and maintain software applications backed by a self-managed cloud infrastructure with a true big-data footprint (over 20 petabytes). Our diverse background of experience in mission support and software development serves as a catalyst to solve unique and challenging intelligence problems in support of special operations analysts and their on-going activities. Prototyping and frequent, iterative feedback are core to our delivery approach, anchored by a need to work quickly in support of our missions. What You’ll Be Doing: Responsible for performing and developing dataset evaluations and assessments to inform government decision making. Shaping data engineering approaches for analytic tradecraft improvements within our applications. Identifying and documenting gaps within our data corpus and analytical capabilities. Working hand-in-hand with software developers to field requirements and provide feedback as changes are implemented into an application. Working with end-users to provide SME support for various data or application questions and requests. Minimum Requirements: Must have a current/active TS/SCI and be willing and able to obtain a CI polygraph. Bachelors degree in a relevant field. Equivalent years of experience may be substituted in lieu of a degree. At least 5 years of experience as a data analyst, data scientist or similar. Experience formulating a repeatable process for data evaluations and communicating findings to government officials. In-depth knowledge of technical data types based on previous research and work with data sets of interest. Data types of interest include Technical Telemetry Data and other forms of telecommunication protocol data types, including cellular and wi-fi. Excellent written and verbal communication skills. Must be a self-starter with excellent time-management skills and the ability to independently manage multiple concurrent tasks. Must be experienced working in fast-paced environments. Experience working with Software Engineers to provide feedback and validate the technical implementation for custom applications. Experience working with a scripting language like Python, SQL, Spark, PySpark or similar. Must be able to work on-site in Herndon, VA, with the ability to work in Springfield, VA as needed. Preferred Qualifications: Ability to translate technical conclusions and present them to a broader audience. Experience conducting geospatial analysis including Activity-Based Intelligence or Pattern of Life analysis. Experience applying, improving, and documenting innovative analytic methodologies and ensuring they remain up to date with the latest information. Experience with Elasticsearch/Kibana. Experience in a customer facing role. Familiarity with Gitlab and the Software Development Lifecycle. Experience working with Jupyter Notebooks or Apache Zepplin. Experience working with other intel analysts and/or special operations customers. #cjpost #LI-CJ1 LI-Onsite Pay Transparency: In support of pay transparency at Vantor, we disclose salary ranges on all U.S. job postings. The successful candidate’s starting pay will fall within the salary range provided below and is determined based on job-related factors, including, but not limited to, the experience, qualifications, knowledge, skills, geographic work location, and market conditions. Candidates with the minimum necessary experience, qualifications, knowledge, and skillsets for the position should not expect to receive the upper end of the pay range. ● The base pay for this position within the Washington, DC metropolitan area is: $118,000.00 - $196,000.00 annually. For all other states, we use geographic cost of labor as an input to develop market-driven ranges for our roles, and as such, each location where we hire may have a different range. Benefits: Vantor offers a competitive total rewards package that goes beyond the standard, including a robust 401(k) with company match, mental health resources, and unique perks like student loan repayment assistance, adoption reimbursement and pet insurance to support all aspects of your life. You can find more information on our benefits at: https://www.Vantor.com/careers The application window is three days from the date the job is posted and will remain posted until a qualified candidate has been identified for hire. If the job is reposted regardless of reason, it will remain posted three days from the date the job is reposted and will remain reposted until a qualified candidate has been identified for hire. The date of posting can be found on Vantor's Career page at the top of each job posting. To apply, submit your application via Vantor's Career page. EEO Policy: Vantor is an equal opportunity employer committed to an inclusive workplace. We believe in fostering an environment where all team members feel respected, valued, and encouraged to share their ideas. All qualified applicants will receive consideration for employment without regard to race, color, religion, national origin, sex, gender identity, sexual orientation, disability, protected veteran status, age, or any other characteristic protected by law.",USD
Vantor,Master Thesis in Geospatial AI,R22866,Linköping,United States of America,,onsite,Mid,unknown,unknown,unknown,workday,,2026-06-16T21:18:02Z,https://maxar.wd1.myworkdayjobs.com/en-US/Vantor/job/Linkping/Master-Thesis-in-Automated-Image-Selection-for-3D-_R22866,"Vantor is forging the new frontier of spatial intelligence, helping decision makers and operators navigate what’s happening now and shape what’s coming next. Vantor is a place for problem solvers, changemakers, and go-getters—where people are working together to help our customers see the world differently, and in doing so, be seen differently. Come be part of a mission, not just a job, where you can: Shape your own future, build the next big thing, and change the world. Please review the job details below. We are searching for the best and brightest to join a culture that is open and flexible, inclusive and positive. At Vantor, you’ll get the chance to grow, develop your skills, and collaborate with talented people who make a real difference for our clients worldwide. From our R&D hub in Linköping, with around 80 engineers, we develop cutting-edge technology to deliver unparalleled, global, and precise 3D geospatial data and software. Below is one of the master’s thesis projects currently available. In addition to this specific topic, there may be opportunities for other or additional thesis projects within Computer Science, Computer Engineering, Image Processing and/or Computer Vision, Data Science, or other relevant technical fields. We always shape the thesis projects together with the students and welcome both individual thesis work and projects carried out in pairs with another thesis student. About the Thesis Project This thesis explores how to combine multiple satellite data sources to improve analysis and understanding of the Earth’s surface. You will work with: Very High Resolution (VHR) imagery (30–50 cm, lower temporal frequency), primarily from Vantor Medium-resolution imagery (~10 m, higher temporal frequency), such as Sentinel Vantor’s 3D Globe and derived data The work includes designing, implementing, and evaluating algorithms—likely using state-of-the-art machine learning and AI. Depending on your interests and background, the thesis can focus on one of the following application areas: Change detection and monitoring, e.g. urban development, road changes, or deforestation Vegetation segmentation, e.g. segmentation and classification of trees, wetlands, or other vegetation types The exact scope will be defined together with the selected candidate. Who You Are Master’s student in image processing, computer vision, or a related field ​
Interested in algorithm development and software engineering Experience or interest in machine learning/AI is a plus What We Offer Hands-on experience with cutting-edge geospatial technology A supportive, innovative, and inclusive work environment The opportunity to contribute to research with real-world impact in Earth observation The project will be carried out on location at Vantor’s office in Linköping, Sweden.",
Vantor,Acquisition Intelligence Analyst (TS/SCI),R23871,"Tampa, FL",United States of America,72500.0,onsite,Mid,yes,TS/SCI,unknown,workday,,2026-06-16T21:18:06Z,https://maxar.wd1.myworkdayjobs.com/en-US/Vantor/job/Tampa-FL/Acquisition-Intelligence-Analyst--TS-SCI-_R23871,"Vantor is forging the new frontier of spatial intelligence, helping decision makers and operators navigate what’s happening now and shape what’s coming next. Vantor is a place for problem solvers, changemakers, and go-getters—where people are working together to help our customers see the world differently, and in doing so, be seen differently. Come be part of a mission, not just a job, where you can: Shape your own future, build the next big thing, and change the world. To be eligible for this position, you must be a U.S. Citizen. This position requires an active U.S. Government security clearance, applicants who do not currently hold the required clearance will not be eligible for consideration. Employment for cleared roles is contingent upon verification of clearance status. Export Control/ITAR: Certain roles may be subject to U.S. export control laws, requiring U.S. person status as defined by 8 U.S.C. 1324b(a)(3). Please review the job details below. Vantor is seeking an Acquisition Intelligence Analyst to support our newly awarded program in Tampa, FL. In this role, you will be doing the following: Provide Intelligence support to SOF AT&L and the Acquisition process. Respond to all source SOF AT&L tasking and efforts in support of the SOF acquisition production process to include validated on-line Lifecycle Threat Reports (VOLT), create Critical Intelligence Parameters. Produce Technology Targeting Risk Assessments (TTRAs), Intelligence Health Assessments (IHAs), Lifecycle Mission Data Plans (LMDPs), validated IMD Supportability Reports (VISRs), Threat Test Support Packages (TTSP) and Adversary Cyber Threat Assessments (ACTAs). Analysts shall complete 100% of RFI’s assigned per month. All submitted work must be deemed “Acceptable” by JIC Reviewers. Analyze and integrate multiple areas of national security interests, including military and political developments, intentions, and implications. Assess and integrate foreign military and political trends, perceptions, and goals as related to SOF mission areas. Support the operational planning process and provide feedback of strategic/theater changes that have implications for defense/SOF operations, conflicts, and crisis. Provide fused intelligence bridging geospatial and SCA analysis for strategic, operational, and tactical level planning and operations. Respond to assigned RFIs by researching, analyzing, and producing finished intelligence including, but not limited to, Intelligence Studies, Desk Notes, PowerPoint briefings (with associated textual analyses and graphical representation of areas of interest), Intelligence Highlights or SOF Intelligence Bulletins at required classification levels. Conduct in-depth research using classified and unclassified data sources to locate and analyze available intelligence in support of PAS requirements. Collaborate with multiple internal and external POCs to ensure all aspects of a research effort are incorporated. Identify information gaps and develop source-directed requirements (SDR) or identify alternate sources to garner information. HQ SOCOM analyst shall produce 12 products per quarter, at least two of which are near- or mid-term assessments (Info Paper, SOF Intel Brief, or PowerPoint presentation with associated textual analyses and visual representation) as deemed acceptable by JIC reviewers. TSOC PAS analyst will assist in the production of a minimum of six acceptable products per year as deemed by TSOC reviewers. TSOC PAS Analysts will support the Geospatial and SCA analysts in research and discovery to provide the common operational view. Minimum Qualifications: TS/SCI clearance required. Bachelor’s degree (BA/BS) in a national security or equivalent. 5 years’ Acquisition intelligence experience in IC or DoD. 5 years Acquisition intelligence experience with analysis, reporting and briefing in a DOD setting. 2 years’ experience working in a multi-skilled team environment collaborating on the production of intelligence analysis. 5 years’ experience utilizing Intelligence Community databases and software. Analysts must complete ACQ110, ACQ1010 and CLR 101 within 90 days or contract start date. Must have valid US Passport. Must be willing to work on-site client site. #cjpost #LI-CJ1 Pay Transparency: In support of pay transparency at Vantor, we disclose salary ranges on all U.S. job postings. The successful candidate’s starting pay will fall within the salary range provided below and is determined based on job-related factors, including, but not limited to, the experience, qualifications, knowledge, skills, geographic work location, and market conditions. Candidates with the minimum necessary experience, qualifications, knowledge, and skillsets for the position should not expect to receive the upper end of the pay range. The base pay for this position within California, Colorado, Hawaii, New Jersey, the Washington, DC metropolitan area, and for all other states is: $65,000.00 - $80,000.00 Benefits: Vantor offers a competitive total rewards package that goes beyond the standard, including a robust 401(k) with company match, mental health resources, and unique perks like student loan repayment assistance, adoption reimbursement and pet insurance to support all aspects of your life. You can find more information on our benefits at: https://www.Vantor.com/careers The application window is three days from the date the job is posted and will remain posted until a qualified candidate has been identified for hire. If the job is reposted regardless of reason, it will remain posted three days from the date the job is reposted and will remain reposted until a qualified candidate has been identified for hire. The date of posting can be found on Vantor's Career page at the top of each job posting. To apply, submit your application via Vantor's Career page. EEO Policy: Vantor is an equal opportunity employer committed to an inclusive workplace. We believe in fostering an environment where all team members feel respected, valued, and encouraged to share their ideas. All qualified applicants will receive consideration for employment without regard to race, color, religion, national origin, sex, gender identity, sexual orientation, disability, protected veteran status, age, or any other characteristic protected by law.",USD
Vantor,ETL Developer,R23872,"McLean, VA",United States of America,150500.0,onsite,Mid,yes,TS/SCI + Poly,unknown,workday,,2026-06-16T21:18:10Z,https://maxar.wd1.myworkdayjobs.com/en-US/Vantor/job/McLean-VA/ETL-Developer_R23872,"Vantor is forging the new frontier of spatial intelligence, helping decision makers and operators navigate what’s happening now and shape what’s coming next. Vantor is a place for problem solvers, changemakers, and go-getters—where people are working together to help our customers see the world differently, and in doing so, be seen differently. Come be part of a mission, not just a job, where you can: Shape your own future, build the next big thing, and change the world. To be eligible for this position, you must be a U.S. Citizen. This position requires an active U.S. Government security clearance, applicants who do not currently hold the required clearance will not be eligible for consideration. Employment for cleared roles is contingent upon verification of clearance status. Export Control/ITAR: Certain roles may be subject to U.S. export control laws, requiring U.S. person status as defined by 8 U.S.C. 1324b(a)(3). Please review the job details below. This position requires an active U.S. Government Security Clearance at the TS/SCI level with required polygraph. We are seeking an experienced ETL Developer to provide onsite support for a geospatial visualization platform. This role focuses on developing, maintaining, and optimizing data pipelines to ensure reliable data flow into a PostgreSQL database. The ideal candidate will have strong experience in ETL processes, data integration, and working with large, complex datasets, including geospatial data. Responsibilities: Design, develop and manage ETL workflows using Apache NiFi to support a geospatial visualization platform Learn the nuances of the existing NiFi system and the related AWS and PostgreSQL infrastructure in order to monitor and troubleshoot real time issues Obtain an understanding of existing NiFi flows with minimal support from others Develop new NiFi flows that adopt best practices of existing NiFi flows Take feedback on NiFi flows and develop requested changes Take direction and communicate status via a ticketing system Interface with analysts via email, chat, and in person meetings to comprehend future data flow needs and refine general requirements into specific actions Interface with a development cycle using a local development environment of containerized infrastructure and version control via Git and NiFi Registry Gain competency in geospatial database design and employ best practices for table creation, indexing, and unique constraints Take feedback from analysts on nuances to support application data layers Programmatically manipulate and transform data from multiple sources Query and analyze large datasets using SQL Retrieve and process data from external systems via APIs Support data quality, integrity, and performance optimization efforts Understand Python and data science frameworks while differentiating between experimental prototypes and enterprise level software requirements Develop Python in support of data science related efforts or ETL prototypes Minimum Qualifications: Experience: Bachelor’s degree with 8+ years of relevant experience, OR Master’s degree with 7+ years of experience, OR Doctorate with 6+ years of experience Degree in Computer Science, Systems Engineering, Geography, or a related technical field Active TS/SCI clearance with required polygraph U.S. Citizenship required Willingness to work onsite full-time Willingness to develop NiFi flows using existing best practices Strong understanding of ETL concepts and best practices Strong experience with databases for data management Proficiency in SQL for querying large datasets Experience with API integration and data retrieval Demonstrated experience with programmatic data manipulation Competency to rapidly adopt containerized development proficiency Competency to rapidly adopt AWS architecture proficiency Competency to rapidly adopt NiFi registry and Git for code management Preferred Qualifications: Creativity to experiment and recommend best practice coding improvements Drive to adopt and recommend AI into development processes Ability to design and develop custom NiFi processors using Java Experience with AWS cloud services for data ingestion and processing Strong experience with PostgreSQL for data management Hands-on experience with Apache Airflow Hands-on experience with Apache NiFi Hands-on experience with NiFi registry and Git Hands-on experience with Git and repository actions and pull requests Hands-on experience in Python for data manipulation and API interfacing Experience working with geospatial data and related tool Understanding of basic data science concepts and tools Pay Transparency: In support of pay transparency at Vantor, we disclose salary ranges on all U.S. job postings. The successful candidate’s starting pay will fall within the salary range provided below and is determined based on job-related factors, including, but not limited to, the experience, qualifications, knowledge, skills, geographic work location, and market conditions. Candidates with the minimum necessary experience, qualifications, knowledge, and skillsets for the position should not expect to receive the upper end of the pay range. ● The base pay for this position within the Washington, DC metropolitan area is: $113,000.00 - $188,000.00 annually. For all other states, we use geographic cost of labor as an input to develop market-driven ranges for our roles, and as such, each location where we hire may have a different range. Benefits: Vantor offers a competitive total rewards package that goes beyond the standard, including a robust 401(k) with company match, mental health resources, and unique perks like student loan repayment assistance, adoption reimbursement and pet insurance to support all aspects of your life. You can find more information on our benefits at: https://www.Vantor.com/careers The application window is three days from the date the job is posted and will remain posted until a qualified candidate has been identified for hire. If the job is reposted regardless of reason, it will remain posted three days from the date the job is reposted and will remain reposted until a qualified candidate has been identified for hire. The date of posting can be found on Vantor's Career page at the top of each job posting. To apply, submit your application via Vantor's Career page. EEO Policy: Vantor is an equal opportunity employer committed to an inclusive workplace. We believe in fostering an environment where all team members feel respected, valued, and encouraged to share their ideas. All qualified applicants will receive consideration for employment without regard to race, color, religion, national origin, sex, gender identity, sexual orientation, disability, protected veteran status, age, or any other characteristic protected by law.",USD
Vantor,Staff Software Engineer,R23701,"Westminster, CO",United States of America,136000.0,remote,Principal,us_person,unknown,unknown,workday,,2026-06-16T21:18:14Z,https://maxar.wd1.myworkdayjobs.com/en-US/Vantor/job/Westminster-CO/Staff-Software-Engineer_R23701,"Vantor is forging the new frontier of spatial intelligence, helping decision makers and operators navigate what’s happening now and shape what’s coming next. Vantor is a place for problem solvers, changemakers, and go-getters—where people are working together to help our customers see the world differently, and in doing so, be seen differently. Come be part of a mission, not just a job, where you can: Shape your own future, build the next big thing, and change the world. To be eligible for this position, you must be a U.S. Person, defined as a U.S. citizen, permanent resident, Asylee, or Refugee. Export Control/ITAR: Certain roles may be subject to U.S. export control laws, requiring U.S. person status as defined by 8 U.S.C. 1324b(a)(3). Please review the job details below. We are hiring for a Staff Software Engineer to join our team in Westminster, CO. This position can work remotely two days per week and in the office on Tuesday, Wednesday and Thursdays. The software engineering group for this position is responsible for the Mission Control System (MCS) domain of the Vantor Ground System for our constellation of earth observation satellites. The role reports to an Agile Manager and works with System Engineers, Operations Engineers, Spacecraft Engineers, Space Vehicle Operators, Scrum Masters, and Product Owners. As a member of an agile scrum team, the Staff Software Development Engineer will work on a cross-functional team on the next gen, cloud-based, satellite ground system software. The team member will provide on-schedule, high quality, operational and test code adhering to designs, acceptance criteria and corporate standards, with appropriate demonstrations and documentation. Responsibilities
Software design and development of operational code of new features and defect repairs
Develop automated unit, functional, and integration tests
Demonstration and documentation of functionality and test results
Troubleshoot operational issues
Support deadlines and communicate issues/results
Participate in Communities of Practice for adherence and improvement of best practices Minimum Qualifications:
Must be a US Citizen
Computer Science or Engineering degree or equivalent experience
Minimum 5 years software development of complex software systems
Expertise with Python for webservices (django) and scripting
Expertise in Linux (Ubuntu, RHEL, CENTOS/AL3)
Expertise with API concepts like REST/JSON/YAML
Experience with test automation languages/frameworks: Cucumber, Gherkin, Behave Preferred Qualifications:
Experience with build and deploy technologies like K8S, docker, jenkins, helm, terraform
Experience with RabbitMQ/PostgreSQL/Redis/Elasticsearch
Expertise with Ruby and GO programing languages
Experience in hybrid cloud networks
Experience with CI/CD
Experience with Aerospace and/or Satellite Ground Systems
Experience working in an Agile Scrum environment
Experience with operational support of a complex microservice based system #LI-MG1 Pay Transparency: In support of pay transparency at Vantor, we disclose salary ranges on all U.S. job postings. The successful candidate’s starting pay will fall within the salary range provided below and is determined based on job-related factors, including, but not limited to, the experience, qualifications, knowledge, skills, geographic work location, and market conditions. Candidates with the minimum necessary experience, qualifications, knowledge, and skillsets for the position should not expect to receive the upper end of the pay range. ● The base pay for this position within Colorado is: $102,000.00 - $170,000.00 annually. For all other states, we use geographic cost of labor as an input to develop market-driven ranges for our roles, and as such, each location where we hire may have a different range. Benefits: Vantor offers a competitive total rewards package that goes beyond the standard, including a robust 401(k) with company match, mental health resources, and unique perks like student loan repayment assistance, adoption reimbursement and pet insurance to support all aspects of your life. You can find more information on our benefits at: https://www.Vantor.com/careers Additionally, this position is incentive eligible with a target based on contribution, company performance, and/or individual results achieved; the specific incentive plan and target amount will be determined based on the role and breadth of contributions. The application window is three days from the date the job is posted and will remain posted until a qualified candidate has been identified for hire. If the job is reposted regardless of reason, it will remain posted three days from the date the job is reposted and will remain reposted until a qualified candidate has been identified for hire. The date of posting can be found on Vantor's Career page at the top of each job posting. To apply, submit your application via Vantor's Career page. EEO Policy: Vantor is an equal opportunity employer committed to an inclusive workplace. We believe in fostering an environment where all team members feel respected, valued, and encouraged to share their ideas. All qualified applicants will receive consideration for employment without regard to race, color, religion, national origin, sex, gender identity, sexual orientation, disability, protected veteran status, age, or any other characteristic protected by law.",USD
Vantor,System Integration Specialist (TS/SCI),R23427,"Doral, FL (Customer Site)",United States of America,143500.0,onsite,Mid,us_person,Secret,unknown,workday,,2026-06-16T21:18:18Z,https://maxar.wd1.myworkdayjobs.com/en-US/Vantor/job/Doral-FL-Customer-Site/System-Integration-Specialist--TS-SCI-_R23427,"Vantor is forging the new frontier of spatial intelligence, helping decision makers and operators navigate what’s happening now and shape what’s coming next. Vantor is a place for problem solvers, changemakers, and go-getters—where people are working together to help our customers see the world differently, and in doing so, be seen differently. Come be part of a mission, not just a job, where you can: Shape your own future, build the next big thing, and change the world. To be eligible for this position, you must be a U.S. Person, defined as a U.S. citizen, permanent resident, Asylee, or Refugee. Export Control/ITAR: Certain roles may be subject to U.S. export control laws, requiring U.S. person status as defined by 8 U.S.C. 1324b(a)(3). Please review the job details below. Vantor is seeking a System Integration Specialist to support mission requirements for a structured approach to further develop, integrate, and sustain a scalable, federated data ecosystem that enhances interoperability, governance, and mission-driven analytics for a DoD customer. The primary objective of the program is to bridge the operational gaps between DoD, IC, interagency, and non-traditional international partners to enable real-time information sharing, dynamic data integration, and mission-tailored analytical capabilities. Responsibilities: Ensure interoperability between JIRA and GitLab by configuring automated workflows for task tracking, reporting, and approvals. Establish authentication integrations with the sponsoring Command’s Microsoft Active Directory (Azure AD) to enforce CAC/PIV-based access controls in accordance with DoD identity management policies. Submit the System Interoperability & Security Integration Report, documenting authentication measures, security compliance, and integration workflows. Minimum Requirements: An active Top-Secret clearance with SCI eligibility based on a Tier 5 background investigation completed within the past five (5) years at time of the proposal submission. Bachelor's degree in Systems Engineering, Information Technology, or a related field, or; Five (5) years of equivalent experience in system integration. Knowledge and capability to integrate JIRA, GitLab, and other IT service management tools, ensuring seamless data synchronization and workflow automation. Proficient in API integrations, system interoperability, and secure authentication protocols. Strong scripting and automation skills are required to streamline data exchange between platforms. Demonstrated experience in integrating ITSM platforms, developing API-based solutions, and ensuring secure identity federation. Experience with OAuth, SAML, and enterprise authentication protocols is required. This position is part-time. Preferred Qualifications: ITIL Foundation Certification. Microsoft Certified: Azure Solutions Architect. #cjpost Pay Transparency: In support of pay transparency at Vantor, we disclose salary ranges on all U.S. job postings. The successful candidate’s starting pay will fall within the salary range provided below and is determined based on job-related factors, including, but not limited to, the experience, qualifications, knowledge, skills, geographic work location, and market conditions. Candidates with the minimum necessary experience, qualifications, knowledge, and skillsets for the position should not expect to receive the upper end of the pay range. The base pay for this position ranges from our lowest geographic market up to our highest geographic market within California, Colorado, District of Columbia, Hawaii, Illinois, Maryland, Minnesota, New Jersey, New York, and Washington:$92,000.00 - $195,000.00 annually. We offer a comprehensive package of benefits including paid time off, health and welfare insurance, and 401(k) to eligible employees. You can find more information on our benefits at: https://www.vantor.com/careers The application window is three days from the date the job is posted and will remain posted until a qualified candidate has been identified for hire. If the job is reposted regardless of reason, it will remain posted three days from the date the job is reposted and will remain reposted until a qualified candidate has been identified for hire. The date of posting can be found on Vantor's Career page at the top of each job posting. To apply, submit your application via Vantor's Career page. Vantor values diversity in the workplace and is an equal opportunity/affirmative action employer. All qualified applicants will receive consideration for employment without regard to sex, gender identity, sexual orientation, race, color, religion, national origin, disability, protected veteran status, age, or any other characteristic protected by law.",USD
Vantor,Security & Compliance Analyst (TS/SCI),R23431,"Doral, FL (Customer Site)",United States of America,143500.0,hybrid,Mid,us_person,unknown,unknown,workday,,2026-06-16T21:18:22Z,https://maxar.wd1.myworkdayjobs.com/en-US/Vantor/job/Doral-FL-Customer-Site/Security---Compliance-Analyst--TS-SCI-_R23431-2,"Vantor is forging the new frontier of spatial intelligence, helping decision makers and operators navigate what’s happening now and shape what’s coming next. Vantor is a place for problem solvers, changemakers, and go-getters—where people are working together to help our customers see the world differently, and in doing so, be seen differently. Come be part of a mission, not just a job, where you can: Shape your own future, build the next big thing, and change the world. To be eligible for this position, you must be a U.S. Person, defined as a U.S. citizen, permanent resident, Asylee, or Refugee. Export Control/ITAR: Certain roles may be subject to U.S. export control laws, requiring U.S. person status as defined by 8 U.S.C. 1324b(a)(3). Please review the job details below. Vantor is seeking a Security & Compliance Analyst to support mission requirements for a structured approach to further develop, integrate, and sustain a scalable, federated data ecosystem that enhances interoperability, governance, and mission-driven analytics for a DoD customer. The primary objective of the program is to bridge the operational gaps between DoD, IC, interagency, and non-traditional international partners to enable real-time information sharing, dynamic data integration, and mission-tailored analytical capabilities. Responsibilities: Ensure compliance with DoD identity governance policies, regulatory frameworks, and cybersecurity best practices. Conduct security assessments and audits to verify adherence to NIST 800-53 Rev. 5, FedRAMP, DoD IL-4/IL-5 security mandates, and Risk Management Framework (RMF) guidelines. Maintain System Security Plan (SSP), Security Assessment Reports (SAR), and other documentation supporting the Authority to Operate (ATO) process. Provide oversight of security controls related to IAM, data protection, and cloud security configurations. Produce the Security Compliance & Audit Report, documenting compliance gaps, remediation actions, and assessment results. Minimum Requirements: Active TS-SCI Clearance Bachelor's degree in Cybersecurity, Information Assurance, or a related field, or five (5) years of equivalent experience in security compliance analysis. Demonstrated experience in conducting security assessments, preparing compliance documentation (SSPs, POA&Ms), and ensuring regulatory adherence for cloud and hybrid infrastructures. Proficiency with compliance tools such as Microsoft Purview, AWS Security Hub, Nessus, or Splunk Enterprise Security is required. Possess the knowledge and capability to assess, implement, and monitor security compliance frameworks across cloud and hybrid environments, ensuring adherence to FedRAMP, NIST 800-53 Rev. 5, DoD RMF, and Zero Trust security principles. Proficient in security risk assessment, compliance reporting, and vulnerability remediation strategies. Preferred Qualifications: Desirable but not required certifications include Certified Information Systems Auditor (CISA), Certified Information Systems Security Professional (CISSP), or CompTIA Security+. #cjpost Pay Transparency: In support of pay transparency at Vantor, we disclose salary ranges on all U.S. job postings. The successful candidate’s starting pay will fall within the salary range provided below and is determined based on job-related factors, including, but not limited to, the experience, qualifications, knowledge, skills, geographic work location, and market conditions. Candidates with the minimum necessary experience, qualifications, knowledge, and skillsets for the position should not expect to receive the upper end of the pay range. The base pay for this position ranges from our lowest geographic market up to our highest geographic market within California, Colorado, District of Columbia, Hawaii, Illinois, Maryland, Minnesota, New Jersey, New York, and Washington:$92,000.00 - $195,000.00 annually. We offer a comprehensive package of benefits including paid time off, health and welfare insurance, and 401(k) to eligible employees. You can find more information on our benefits at: https://www.vantor.com/careers The application window is three days from the date the job is posted and will remain posted until a qualified candidate has been identified for hire. If the job is reposted regardless of reason, it will remain posted three days from the date the job is reposted and will remain reposted until a qualified candidate has been identified for hire. The date of posting can be found on Vantor's Career page at the top of each job posting. To apply, submit your application via Vantor's Career page. Vantor values diversity in the workplace and is an equal opportunity/affirmative action employer. All qualified applicants will receive consideration for employment without regard to sex, gender identity, sexual orientation, race, color, religion, national origin, disability, protected veteran status, age, or any other characteristic protected by law.",USD
Vantor,Cyber Security Administrators (TS/SCI),R23432,"Doral, FL (Customer Site)",United States of America,143500.0,hybrid,Mid,us_person,unknown,unknown,workday,,2026-06-16T21:18:26Z,https://maxar.wd1.myworkdayjobs.com/en-US/Vantor/job/Doral-FL-Customer-Site/Cyber-Security-Administrators--TS-SCI-_R23432,"Vantor is forging the new frontier of spatial intelligence, helping decision makers and operators navigate what’s happening now and shape what’s coming next. Vantor is a place for problem solvers, changemakers, and go-getters—where people are working together to help our customers see the world differently, and in doing so, be seen differently. Come be part of a mission, not just a job, where you can: Shape your own future, build the next big thing, and change the world. To be eligible for this position, you must be a U.S. Person, defined as a U.S. citizen, permanent resident, Asylee, or Refugee. Export Control/ITAR: Certain roles may be subject to U.S. export control laws, requiring U.S. person status as defined by 8 U.S.C. 1324b(a)(3). Please review the job details below. Vantor is seeking a Cyber Security Administrator to support mission requirements for a structured approach to further develop, integrate, and sustain a scalable, federated data ecosystem that enhances interoperability, governance, and mission-driven analytics for a DoD customer. The primary objective of the program is to bridge the operational gaps between DoD, IC, interagency, and non-traditional international partners to enable real-time information sharing, dynamic data integration, and mission-tailored analytical capabilities. Responsibilities: Ensure compliance with DoD cybersecurity mandates, including NIST 800-53 Rev. 5, FedRAMP, Risk Management Framework (RMF), and DoD IL-4/IL-5 security policies. Implement security monitoring solutions, conduct vulnerability assessments, and enforce zero-trust security principles. Maintain system security documentation, including System Security Plans (SSPs), Security Assessment Reports (SARs), and Plans of Action & Milestones (POA&M), ensuring continuous compliance and audit readiness. Lead and track the progress of Authority to Operate (ATO) processes, ensuring all security controls and risk assessments are documented and submitted for approval. Submit the Cybersecurity Compliance & Risk Assessment Report, summarizing vulnerability findings, risk mitigation strategies, and security control implementation status. Minimum Requirements: Active TS with SCI eligibility. Bachelor’s degree in Cybersecurity, Information Assurance, or a related field, or; five (5) years of equivalent experience in cybersecurity operations. Demonstrated experience in: Implementing and enforcing security controls for cloud infrastructure, ensuring compliance with DoD security frameworks. Managing security configurations, conducting penetration testing, and implementing SIEM solutions (e.g., Microsoft Sentinel, AWS Security Hub). Performing risk assessments, continuous security monitoring, and developing mitigation strategies in cloud and hybrid environments. Administering RBAC and enforcing least-privilege access policies for mission-critical applications. Managing the ATO lifecycle, including the preparation of System Security Plans (SSP), Security Assessment Reports (SAR), and Plans of Action & Milestones (POA&M). Coordinating with DoD cybersecurity officials to achieve and sustain ATOs for cloud-based and on-premises environments. #cjpost Pay Transparency: In support of pay transparency at Vantor, we disclose salary ranges on all U.S. job postings. The successful candidate’s starting pay will fall within the salary range provided below and is determined based on job-related factors, including, but not limited to, the experience, qualifications, knowledge, skills, geographic work location, and market conditions. Candidates with the minimum necessary experience, qualifications, knowledge, and skillsets for the position should not expect to receive the upper end of the pay range. The base pay for this position ranges from our lowest geographic market up to our highest geographic market within California, Colorado, District of Columbia, Hawaii, Illinois, Maryland, Minnesota, New Jersey, New York, and Washington:$92,000.00 - $195,000.00 annually. We offer a comprehensive package of benefits including paid time off, health and welfare insurance, and 401(k) to eligible employees. You can find more information on our benefits at: https://www.vantor.com/careers The application window is three days from the date the job is posted and will remain posted until a qualified candidate has been identified for hire. If the job is reposted regardless of reason, it will remain posted three days from the date the job is reposted and will remain reposted until a qualified candidate has been identified for hire. The date of posting can be found on Vantor's Career page at the top of each job posting. To apply, submit your application via Vantor's Career page. Vantor values diversity in the workplace and is an equal opportunity/affirmative action employer. All qualified applicants will receive consideration for employment without regard to sex, gender identity, sexual orientation, race, color, religion, national origin, disability, protected veteran status, age, or any other characteristic protected by law.",USD
Vantor,Technical Instructor (TS/SCI),R23434,"Doral, FL (Customer Site)",United States of America,127000.0,remote,Mid,us_person,Secret,unknown,workday,,2026-06-16T21:18:30Z,https://maxar.wd1.myworkdayjobs.com/en-US/Vantor/job/Doral-FL-Customer-Site/Technical-Instructor--TS-SCI-_R23434-2,"Vantor is forging the new frontier of spatial intelligence, helping decision makers and operators navigate what’s happening now and shape what’s coming next. Vantor is a place for problem solvers, changemakers, and go-getters—where people are working together to help our customers see the world differently, and in doing so, be seen differently. Come be part of a mission, not just a job, where you can: Shape your own future, build the next big thing, and change the world. To be eligible for this position, you must be a U.S. Person, defined as a U.S. citizen, permanent resident, Asylee, or Refugee. Export Control/ITAR: Certain roles may be subject to U.S. export control laws, requiring U.S. person status as defined by 8 U.S.C. 1324b(a)(3). Please review the job details below. Vantor is seeking a Technical Instructor to support mission requirements for a structured approach to further develop, integrate, and sustain a scalable, federated data ecosystem that enhances interoperability, governance, and mission-driven analytics for a DoD customer. The primary objective of the program is to bridge the operational gaps between DoD, IC, interagency, and non-traditional international partners to enable real-time information sharing, dynamic data integration, and mission-tailored analytical capabilities. Essential Job Duties: Responsible for developing and delivering advanced instruction to an expanded title authority program training audience such as title 10/50 Military Intelligence Program (MIP) and in areas such as: ESRI Software and Geospatial Data Analysis API-based data integration and request workflows Jupyter Notebook-based data engineering and geospatial data layer creation Metadata tagging, data stewardship, and catalog integration OSINT analysis techniques and structured reporting workflows Coordinates closely with the Training Coordinator to align technical content with approved training events and mission objectives. Develop and maintain a training data tracking and reporting capability, under the direction of the Government, to support program performance visibility and strategic planning. Provide dashboard inputs summarizing this data for Government approval on a bi-weekly basis (aligned with sprint reporting) and shall update the dashboard within 5 business days following the conclusion of each training event. Document the planning, delivery, and evaluation of each training program purchased, including travel coordination, curriculum verification, and on-site logistics. A post-execution summary report shall be submitted within 10 business days of event completion. Coordinate country clearances, travel arrangements, and liaison activities with sponsoring Commands, U.S. embassies, and partner nation representatives. Facilitate graduation ceremonies, ensuring proper documentation of participant completion and skill mastery. Implement post-training assessments and evaluations, gathering participant feedback and performance metrics to refine future training iterations. Provide a comprehensive training impact report, detailing the effectiveness of knowledge transfer, skill adoption rates, and recommendations for program enhancement. Administer post-training language satisfaction surveys to partner nation trainees, collecting quantitative and qualitative feedback on language accessibility, translation accuracy, and instructor communication. Compile and analyze feedback data quarterly, identifying trends, deficiencies, and areas for improvement in multilingual training delivery. Provide an annual report summarizing language feedback insights, corrective actions taken, and recommendations for improving multilingual training effectiveness. Host remote training materials, provide access to self-paced learning modules, and facilitate sessions. Track participant engagement in remote training materials. Provide a quarterly report on remote training participation, knowledge retention rates, and areas requiring further improvement. Minimum Requirements: An active Top-Secret clearance with SCI eligibility based on a Tier 5 background investigation completed within the past five (5) years at time of the proposal submission. Bachelor’s degree in Education, Instructional Design, Intelligence Studies, Data Science, or a related field, or; a minimum of five (5) years of equivalent experience in technical training, curriculum development, or applied instruction. Expert-level knowledge in data engineering, geospatial analysis, and open-source intelligence (OSINT) methodologies. Demonstrated proficiency in developing and delivering training on the use of Jupyter Notebooks, API integrations, metadata management, and structured data layer development. Familiarity with secure data environments, role-based access controls (RBAC), and cataloging standards is essential. Personnel must be skilled in creating and adapting hands-on instructional content for technical users, including practical exercises that simulate real-world data processing, analysis, and visualization tasks. The individual must also be able to coordinate with the Training Coordinator to align delivery with broader training objectives and ensure content is responsive to Government-directed priorities. Strong written and verbal communication skills are required to facilitate documentation, post-training support, and dynamic engagement with both U.S. and partner nation personnel. Demonstrate working knowledge of OSINT methodologies, geospatial data analysis, or intelligence tradecraft, with practical exposure to ESRI ArcGIS, dashboard analytics, Jupyter Notebooks, or other mission-relevant tools. Preferred Qualifications: Experience supporting interagency collaboration, training program evaluation, or working with international or partner-nation personnel is desirable but not required for baseline qualification. The position is suited for junior to mid-level professionals with strong instructional delivery skills and the ability to develop practical, scenario-based technical content. Pay Transparency: In support of pay transparency at Vantor, we disclose salary ranges on all U.S. job postings. The successful candidate’s starting pay will fall within the salary range provided below and is determined based on job-related factors, including, but not limited to, the experience, qualifications, knowledge, skills, geographic work location, and market conditions. Candidates with the minimum necessary experience, qualifications, knowledge, and skillsets for the position should not expect to receive the upper end of the pay range. The base pay for this position ranges from our lowest geographic market up to our highest geographic market within California, Colorado, District of Columbia, Hawaii, Illinois, Maryland, Minnesota, New Jersey, New York, and Washington:$81,000.00 - $173,000.00 annually. We offer a comprehensive package of benefits including paid time off, health and welfare insurance, and 401(k) to eligible employees. You can find more information on our benefits at: https://www.vantor.com/careers The application window is three days from the date the job is posted and will remain posted until a qualified candidate has been identified for hire. If the job is reposted regardless of reason, it will remain posted three days from the date the job is reposted and will remain reposted until a qualified candidate has been identified for hire. The date of posting can be found on Vantor's Career page at the top of each job posting. To apply, submit your application via Vantor's Career page. Vantor values diversity in the workplace and is an equal opportunity/affirmative action employer. All qualified applicants will receive consideration for employment without regard to sex, gender identity, sexual orientation, race, color, religion, national origin, disability, protected veteran status, age, or any other characteristic protected by law.",USD
Vantor,DevOps Engineer,R23821,"Melbourne, FL",Australia,143500.0,onsite,Mid,yes,TS/SCI + Poly,unknown,workday,,2026-06-16T21:18:34Z,https://maxar.wd1.myworkdayjobs.com/en-US/Vantor/job/Melbourne-FL/DevOps-Engineer_R23821,"Vantor is forging the new frontier of spatial intelligence, helping decision makers and operators navigate what’s happening now and shape what’s coming next. Vantor is a place for problem solvers, changemakers, and go-getters—where people are working together to help our customers see the world differently, and in doing so, be seen differently. Come be part of a mission, not just a job, where you can: Shape your own future, build the next big thing, and change the world. To be eligible for this position, you must be a U.S. Citizen. This position requires an active U.S. Government security clearance, applicants who do not currently hold the required clearance will not be eligible for consideration. Employment for cleared roles is contingent upon verification of clearance status. Export Control/ITAR: Certain roles may be subject to U.S. export control laws, requiring U.S. person status as defined by 8 U.S.C. 1324b(a)(3). Please review the job details below. This position requires an active U.S. Government Security Clearance at the TS/SCI level with CI polygraph. Vantor is seeking a DevOps Engineer to support the development and integration of intelligence capabilities into test and operational environments. In this role, you will help implement and maintain CI/CD pipelines and deployment infrastructure used to integrate and deploy system components across cloud-based environments and multiple operational networks. This position supports PUMA, the U.S. Intelligence Community’s Program of Record missile warning system, which operates 24/7 in redundant operational environments. PUMA integrates data from Department of Defense and Intelligence OPIR (Overhead Persistent Infrared) sensors to generate 3D fused missile tracks used for tactical and strategic missile warning. In this role, you will support the DevOps infrastructure that enables the integration, testing, and deployment of these mission-critical capabilities. Responsibilities: Assist in deploying and maintaining Kubernetes environments (EKS, RKE). Implement infrastructure using Infrastructure-as-Code tools such as Terraform and Ansible. Develop and maintain CI/CD pipelines to support software integration and deployment. Integrate security and static code analysis tools into DevOps pipelines. Support deployments in cloud environments. Collaborate with software and systems engineers to automate testing and documentation workflows. Troubleshoot infrastructure, networking, and pipeline issues. Support configuration management and release processes for deployed systems. Monitor deployed applications and infrastructure to ensure reliability and performance. Minimum Qualifications: Must have a current/active TS/SCI and be willing and able to pass a CI polygraph. Bachelor’s degree in Computer Science, Software Engineering, or related field. Additional experience may substitute for a degree. 3+ years of relevant DevOps, infrastructure, or platform engineering experience. Experience with Git or other source control tools. Familiarity with CI/CD tools such as Jenkins or GitLab. Experience with Infrastructure-as-Code tools (Terraform, and Ansible). Experience working with Linux systems (RedHat or Amazon Linux preferred). Familiarity with containerization technologies and Kubernetes. Understanding of cloud environments (AWS preferred). Experience working in Agile development environments. Preferred Qualifications: Security+ or similar IAT level 2 certification. Experience with Helm charts and Kubernetes application packaging. Familiarity with REST APIs, microservices, and distributed systems. Exposure to static analysis tools such as Fortify or SonarQube. Experience supporting applications in production environments. Knowledge of web services and SQL databases. Pay Transparency: In support of pay transparency at Vantor, we disclose salary ranges on all U.S. job postings. The successful candidate’s starting pay will fall within the salary range provided below and is determined based on job-related factors, including, but not limited to, the experience, qualifications, knowledge, skills, geographic work location, and market conditions. Candidates with the minimum necessary experience, qualifications, knowledge, and skillsets for the position should not expect to receive the upper end of the pay range. The base pay for this position ranges from our lowest geographic market up to our highest geographic market within California, Colorado, District of Columbia, Hawaii, Illinois, Maryland, Minnesota, New Jersey, New York, and Washington:$92,000.00 - $195,000.00 annually. We offer a comprehensive package of benefits including paid time off, health and welfare insurance, and 401(k) to eligible employees. You can find more information on our benefits at: https://www.vantor.com/careers The application window is three days from the date the job is posted and will remain posted until a qualified candidate has been identified for hire. If the job is reposted regardless of reason, it will remain posted three days from the date the job is reposted and will remain reposted until a qualified candidate has been identified for hire. The date of posting can be found on Vantor's Career page at the top of each job posting. To apply, submit your application via Vantor's Career page. Vantor values diversity in the workplace and is an equal opportunity/affirmative action employer. All qualified applicants will receive consideration for employment without regard to sex, gender identity, sexual orientation, race, color, religion, national origin, disability, protected veteran status, age, or any other characteristic protected by law.",USD
Vantor,Lab Manager (TS/SCI),R23807,"Customer Site (Annapolis Junction, MD)",United States of America,143500.0,onsite,Manager,yes,TS/SCI,unknown,workday,,2026-06-16T21:18:38Z,https://maxar.wd1.myworkdayjobs.com/en-US/Vantor/job/Customer-Site-Annapolis-Junction-MD/Lab-Manager--TS-SCI-_R23807,"Vantor is forging the new frontier of spatial intelligence, helping decision makers and operators navigate what’s happening now and shape what’s coming next. Vantor is a place for problem solvers, changemakers, and go-getters—where people are working together to help our customers see the world differently, and in doing so, be seen differently. Come be part of a mission, not just a job, where you can: Shape your own future, build the next big thing, and change the world. To be eligible for this position, you must be a U.S. Citizen. This position requires an active U.S. Government security clearance, applicants who do not currently hold the required clearance will not be eligible for consideration. Employment for cleared roles is contingent upon verification of clearance status. Export Control/ITAR: Certain roles may be subject to U.S. export control laws, requiring U.S. person status as defined by 8 U.S.C. 1324b(a)(3). Please review the job details below. Vantor is seeking a Lab Manager to own and operate the physical and virtual infrastructure that underpins our customer R&D and testing efforts. This role is responsible for organizing and maintaining a diverse lab environment consisting of hardware devices, virtual machines, networking infrastructure, and specialized tools. You will enable engineers and operators across multiple teams by building, maintaining, and configuring realistic test and rehearsal environments. This is a highly hands-on role requiring strong technical breadth across hardware, networking, and systems. While much of the work happens behind the scenes, the impact is mission-critical: you will be the force multiplier that allows the rest of the organization to execute. Key Responsibilities Lab Infrastructure & Asset Management Organize, track, and maintain a wide range of lab assets, including embedded devices, servers, networking gear, and tooling Manage virtualized environments (VMs, images, configurations) to support development and testing workflows Maintain inventory, documentation, and configuration baselines across lab systems Network Architecture & Management Design, configure, and maintain lab networking environments (physical and virtual) Build isolated, custom network topologies to support testing and operational rehearsal scenarios Troubleshoot connectivity, segmentation, and performance issues across complex setups Rehearsal Range Development Create and maintain test environments (“ranges”) with specific hardware and network configurations Support scenario-based testing with tailored infrastructure setups Rapidly adapt environments based on evolving team requirements Hardware & Firmware Operations Interface directly with embedded systems and hardware platforms Extract firmware using JTAG, UART, SPI, or similar interfaces Re-flash or recover devices, including those in non-functional (“bricked”) states Perform low-level hardware work such as chip removal/de-soldering when required Cross-Team Support & Coordination Serve as a shared resource across multiple teams (Platform Section, C Troop, E Troop) Gather requirements, prioritize competing needs, and communicate timelines clearly Act as the primary point of contact for lab capabilities and constraints Required Qualifications Current/active TS/SCI clearance. Bachelors degree. 5 years experience. Hands-on experience with lab environments, hardware systems, or R&D infrastructure Strong understanding of networking fundamentals (routing, switching, VLANs, segmentation) Experience with virtualization platforms (e.g., VMware, Proxmox, VirtualBox, etc.) Familiarity with embedded systems and low-level hardware interfaces (JTAG, UART, SPI, etc.) Ability to troubleshoot across hardware, software, and network layers Strong organizational skills with the ability to manage many parallel requests Must be willing to work on-site in Annapolis Junction, MD. Preferred Qualifications Experience extracting or modifying firmware from embedded devices Background in hardware reverse engineering or device recovery Experience with soldering, rework, or chip-off techniques Familiarity with range-building, cyber test environments, or simulation infrastructure Prior experience supporting multiple technical teams in a shared services role #cjpost #LI-CJ1 #LI-Onsite Pay Transparency: In support of pay transparency at Vantor, we disclose salary ranges on all U.S. job postings. The successful candidate’s starting pay will fall within the salary range provided below and is determined based on job-related factors, including, but not limited to, the experience, qualifications, knowledge, skills, geographic work location, and market conditions. Candidates with the minimum necessary experience, qualifications, knowledge, and skillsets for the position should not expect to receive the upper end of the pay range. The base pay for this position ranges from our lowest geographic market up to our highest geographic market within California, Colorado, District of Columbia, Hawaii, Illinois, Maryland, Minnesota, New Jersey, New York, and Washington:$92,000.00 - $195,000.00 annually. We offer a comprehensive package of benefits including paid time off, health and welfare insurance, and 401(k) to eligible employees. You can find more information on our benefits at: https://www.vantor.com/careers The application window is three days from the date the job is posted and will remain posted until a qualified candidate has been identified for hire. If the job is reposted regardless of reason, it will remain posted three days from the date the job is reposted and will remain reposted until a qualified candidate has been identified for hire. The date of posting can be found on Vantor's Career page at the top of each job posting. To apply, submit your application via Vantor's Career page. Vantor values diversity in the workplace and is an equal opportunity/affirmative action employer. All qualified applicants will receive consideration for employment without regard to sex, gender identity, sexual orientation, race, color, religion, national origin, disability, protected veteran status, age, or any other characteristic protected by law.",USD
Vantor,Applied Geospatial ML Engineer,R23846,"Herndon, VA",United States of America,206500.0,remote,Mid,yes,TS/SCI + Poly,unknown,workday,,2026-06-16T21:18:42Z,https://maxar.wd1.myworkdayjobs.com/en-US/Vantor/job/Herndon-VA/Applied-Geospatial-ML-Engineer_R23846,"Vantor is forging the new frontier of spatial intelligence, helping decision makers and operators navigate what’s happening now and shape what’s coming next. Vantor is a place for problem solvers, changemakers, and go-getters—where people are working together to help our customers see the world differently, and in doing so, be seen differently. Come be part of a mission, not just a job, where you can: Shape your own future, build the next big thing, and change the world. To be eligible for this position, you must be a U.S. Citizen. This position requires an active U.S. Government security clearance, applicants who do not currently hold the required clearance will not be eligible for consideration. Employment for cleared roles is contingent upon verification of clearance status. Export Control/ITAR: Certain roles may be subject to U.S. export control laws, requiring U.S. person status as defined by 8 U.S.C. 1324b(a)(3). Please review the job details below. This position requires an active U.S. Government Security Clearance at the TS/SCI level. Do you have a head for numbers and enjoy being an integral part of solving mission-critical, real-world problems? Do you like working with geospatial intelligence (GEOINT) data? If so, you’ll love working with us! Our solutions require innovative approaches that integrate bespoke capabilities and tools to solve our customers most complex challenges. We’re seeking an experienced AI/ML engineer to work across the full analytical workflow—from data acquisition and model development to pipeline evaluation, application prototyping, and hardware-based solution implementation. Responsibilities: Contribute to multi-discipline AI/ML engineering teams using multi-INT data (with emphasis on GEOINT) to design, implement, and evaluate machine learning solutions
Engineer and transform diverse data types to support all phases of the AI/ML workflow
Architect, develop, and integrate novel AI/ML models (e.g., semantic activity detection, geospatial analytics, signal processing, and computer vision)
Design, implement, and assess various geospatial AI/ML solutions across hardware and software stacks
Stay current on AI/ML advances from industry and academia, applying them to government mission challenges
Provide subject matter expertise, mentoring, and strategic advice to government and internal teams on AI/ML trends, approaches, and delivery strategies
Communicate progress, results, risks, and challenges to government clients, partners, and project leadership
Support program execution by integrating diverse data science skillsets, managing sprint projections, assessing risks, and occasionally traveling for meetings and demonstrations Minimum Qualifications: Must be a U.S. citizen with an active TS/SCI and the ability to obtain a CI polygraph.
B.S. in Data Science, Engineering, Math, Physics, Computer Science, or related field
5+ years designing, developing, testing, and deploying AI/ML models across diverse data types
Minimum 2 years of experience with low-shot learning, robust ML, spatial trajectory analytics, and cloud-based platforms (e.g., AWS, Azure) and AI/ML services (e.g., SageMaker, Watson Studio)
Experience working with remote sensing and geospatial datasets, including EO/SAR imagery, sensor-based data streams and familiarity with government collection platforms.
Experience with modern development practices, including version control, and CI/CD
Strong communication skills demonstrated through technical writing and speaking engagements (e.g., briefings, conference presentations), with excellent organizational skills and attention to detail
Competence with Linux environments Preferred Qualifications: Advanced degree (M.S. or Ph.D.) in Data Science, Engineering, Math, Physics, Computer Science, or a related field
Proficiency with the Python data science stack (e.g., numpy, pandas, matplotlib, sklearn) and geospatial libraries (e.g., gdal, geopandas, shapely) or equivalent
Experience with a designing and implementing a wide variety of geospatial trajectory processing, analysis (e.g., forecasting), and visualization approaches
Ability to design and implement compute hardware and infrastructure solutions to support both client and backend AI/ML applications Pay Transparency: In support of pay transparency at Vantor, we disclose salary ranges on all U.S. job postings. The successful candidate’s starting pay will fall within the salary range provided below and is determined based on job-related factors, including, but not limited to, the experience, qualifications, knowledge, skills, geographic work location, and market conditions. Candidates with the minimum necessary experience, qualifications, knowledge, and skillsets for the position should not expect to receive the upper end of the pay range. The base pay for this position within California, Colorado, Hawaii, New Jersey, the Washington, DC metropolitan area, and for all other states is: $185,000.00 - $228,000.00 Benefits: Vantor offers a competitive total rewards package that goes beyond the standard, including a robust 401(k) with company match, mental health resources, and unique perks like student loan repayment assistance, adoption reimbursement and pet insurance to support all aspects of your life. You can find more information on our benefits at: https://www.Vantor.com/careers The application window is three days from the date the job is posted and will remain posted until a qualified candidate has been identified for hire. If the job is reposted regardless of reason, it will remain posted three days from the date the job is reposted and will remain reposted until a qualified candidate has been identified for hire. The date of posting can be found on Vantor's Career page at the top of each job posting. To apply, submit your application via Vantor's Career page. EEO Policy: Vantor is an equal opportunity employer committed to an inclusive workplace. We believe in fostering an environment where all team members feel respected, valued, and encouraged to share their ideas. All qualified applicants will receive consideration for employment without regard to race, color, religion, national origin, sex, gender identity, sexual orientation, disability, protected veteran status, age, or any other characteristic protected by law.",USD
Vantor,TechINT Fusion Analyst,R23836,"Reston, VA",United States of America,132000.0,onsite,Mid,yes,TS/SCI + Poly,unknown,workday,,2026-06-16T21:18:46Z,https://maxar.wd1.myworkdayjobs.com/en-US/Vantor/job/Reston-VA/TechINT-Fusion-Analyst_R23836,"Vantor is forging the new frontier of spatial intelligence, helping decision makers and operators navigate what’s happening now and shape what’s coming next. Vantor is a place for problem solvers, changemakers, and go-getters—where people are working together to help our customers see the world differently, and in doing so, be seen differently. Come be part of a mission, not just a job, where you can: Shape your own future, build the next big thing, and change the world. To be eligible for this position, you must be a U.S. Citizen. This position requires an active U.S. Government security clearance, applicants who do not currently hold the required clearance will not be eligible for consideration. Employment for cleared roles is contingent upon verification of clearance status. Export Control/ITAR: Certain roles may be subject to U.S. export control laws, requiring U.S. person status as defined by 8 U.S.C. 1324b(a)(3). Please review the job details below. This position requires an active U.S. Government Security Clearance at the TS/SCI level with CI Polygraph. Vantor is seeking a TechINT Fusion Analyst with all-source and geospatial analysis experience to support the creation and maintenance of Mulit-INT-derived datasets within GIS and other data visualization software. The ideal candidate will have an eagerness to understand the Command, Control, and Logistics (C2L) and WMD domains and translate their domain knowledge into data tailored for end users and war fighters. This project supports a hard and deeply buried target mission set, providing critical analytic insights to government stakeholders. Success depends on analysts who are driven to deeply research topics and generate actionable data for customers. The work directly impacts national security objectives by transforming complex data into actionable intelligence in a highly specialized and sensitive domain. Responsibilities: This position is full time onsite in Reston, VA. Perform analysis using message traffic, FINTEL, social media, and geospatial information. Generate 3D models and 2D data layers within GIS software; generate relevant metadata based on all-source research and analysis. Provide analytic insights and domain knowledge to technical staff for software development and integration. Minimum Qualifications: Current/active TS/SCI security clearance and current/active CI polygraph. U.S. Citizenship At least six (6) years of experience in the following: Applying all-source geospatial analysis techniques to multiple datasets Performing geospatial analysis to determine key terrain, named areas of interest, and targets of interest Integrating social network analysis (SNA) results with traditional all-source analysis, facility characterizations, and in-depth (deep dive) analysis. Creating and editing data layers, shapefiles/KML/KMZ, 3D models, and other data types within GIS software Domain knowledge of the following: Command, Control, and Logistics (C2L), WMD, or related fields Have the technical skills, knowledge, and experience to accomplish the work with minimal oversight. Have demonstrated the ability to: (1) effectively communicate verbally & in writing in English, (2) clearly & concisely express multifaceted concepts, (3) develop ideas in a logical sequence leading to a validated conclusion. Preferred Qualifications: 5+ years of experience using Terrabuilder, SKYLINE Global Server (SGS), SKYLINE Software Suite – Terra Explorer C2MP, ESRI ArcPro 3.x, ESRI ArcGIS 9.x, and SketchUp Experience establishing standard operating procedures (SOPs) and developing clear, repeatable documentation formats Experience using AI/ML tools to support analysis; proficiency in writing prompts for AI/ML tools. Demonstrated ability to develop, process, evaluate, and prototype multi-disciplinary exploitation workflows and analytic methodologies Proficiency in using predictive analytic tools and models (e.g., Signature Analyst) to analyze complex datasets and generate actionable insights Strong capability to ensure new products, signatures, and processes align with customer requirements Experience preparing, reviewing, and ensuring the quality and accuracy of technical reports, briefings, and analytic deliverables Pay Transparency: In support of pay transparency at Vantor, we disclose salary ranges on all U.S. job postings. The successful candidate’s starting pay will fall within the salary range provided below and is determined based on job-related factors, including, but not limited to, the experience, qualifications, knowledge, skills, geographic work location, and market conditions. Candidates with the minimum necessary experience, qualifications, knowledge, and skillsets for the position should not expect to receive the upper end of the pay range. ● The base pay for this position within the Washington, DC metropolitan area is: $99,000.00 - $165,000.00 annually. For all other states, we use geographic cost of labor as an input to develop market-driven ranges for our roles, and as such, each location where we hire may have a different range. Benefits: Vantor offers a competitive total rewards package that goes beyond the standard, including a robust 401(k) with company match, mental health resources, and unique perks like student loan repayment assistance, adoption reimbursement and pet insurance to support all aspects of your life. You can find more information on our benefits at: https://www.Vantor.com/careers The application window is three days from the date the job is posted and will remain posted until a qualified candidate has been identified for hire. If the job is reposted regardless of reason, it will remain posted three days from the date the job is reposted and will remain reposted until a qualified candidate has been identified for hire. The date of posting can be found on Vantor's Career page at the top of each job posting. To apply, submit your application via Vantor's Career page. EEO Policy: Vantor is an equal opportunity employer committed to an inclusive workplace. We believe in fostering an environment where all team members feel respected, valued, and encouraged to share their ideas. All qualified applicants will receive consideration for employment without regard to race, color, religion, national origin, sex, gender identity, sexual orientation, disability, protected veteran status, age, or any other characteristic protected by law.",USD
Vantor,Senior Full Stack Software Engineer (TS/SCI),R23537,"Springfield, VA",United States of America,182500.0,hybrid,Senior,yes,TS/SCI + Poly,unknown,workday,,2026-06-16T21:18:50Z,https://maxar.wd1.myworkdayjobs.com/en-US/Vantor/job/Springfield-VA/Senior-Full-Stack-Software-Engineer--TS-SCI-_R23537,"Vantor is forging the new frontier of spatial intelligence, helping decision makers and operators navigate what’s happening now and shape what’s coming next. Vantor is a place for problem solvers, changemakers, and go-getters—where people are working together to help our customers see the world differently, and in doing so, be seen differently. Come be part of a mission, not just a job, where you can: Shape your own future, build the next big thing, and change the world. To be eligible for this position, you must be a U.S. Citizen. This position requires an active U.S. Government security clearance, applicants who do not currently hold the required clearance will not be eligible for consideration. Employment for cleared roles is contingent upon verification of clearance status. Export Control/ITAR: Certain roles may be subject to U.S. export control laws, requiring U.S. person status as defined by 8 U.S.C. 1324b(a)(3). Please review the job details below. This position requires an active U.S. Government Security Clearance at the TS/SCI level. We’re hiring a solution driven Software Engineer to work onsite with U.S. Government customers to create technology solutions for data collection, data analytics, data visualization, and user workflow automation. You will get to work on an interesting mission focus with large data sets and create solutions with technology in support of national security. You will work directly with analysts to understand mission needs and generate solutions. Technical tasks include ELT, managing, analyzing, and visualizing large sets of geospatial data to extract meaningful knowledge with cloud-based processing technologies and emerging data science techniques. We want a self-motivated engineer who is comfortable digging into data, trying innovative approaches, and isn't afraid to fail fast and move on to other techniques/ideas. Responsibilities: Design and implement efficient, flexible solutions that can scale for mission critical applications. Active in all aspects of the development lifecycle, including planning, requirements development, software design, implementation and build, documentation, testing, deployment and maintenance. Apply software standards and processes to produce high quality, extensible, and maintainable software solutions. Work with cloud tech stacks to perform data extraction, manipulation, transformation; visualization of geospatial-temporal data sets Develop analytics/derivative data products to help users extract meaningful knowledge Proactive approach to trouble shooting and problem-solving issues Work directly with users throughout the IC/DoD to understand their requirements and propose technical solutions Collaborate with diverse teams of engineers, clients, and users Ability to work full time onsite Minimum Qualifications: US citizenship and a current TS/SCI clearance (with willingness to get a CI Polygraph). Bachelor’s degree in computer science or related technology fields.
Minimum of 8 years demonstrated experience in software development, including design, development, and implementation Proficiency in Java, Python, or similar object-oriented programming languages Experience with data extraction, manipulation, visualization, and analysis of large datasets Proficiency in Linux-based environments Experience designing and supporting cloud-based architectures, including AWS and C2S environments Experience developing and maintaining applications in cloud computing environments Experience working with NoSQL data stores such as Elasticsearch, MongoDB, or similar technologies Demonstrated ability to lead small engineering teams and work both independently and collaboratively Strong problem-solving mindset and adaptability, with the ability to leverage emerging technologies to solve mission challenges Familiarity with modern software development tools, DevSecOps practices, and CI/CD pipelines Experience with Agile development methodologies Preferred Qualifications: Experience working with containerization and orchestration technologies, including Docker and Kubernetes, in cloud or hybrid environments Knowledge of GIS technologies, geospatial data processing, and visualization techniques Experience working with open-source technologies in government computing environments Pay Transparency: In support of pay transparency at Vantor, we disclose salary ranges on all U.S. job postings. The successful candidate’s starting pay will fall within the salary range provided below and is determined based on job-related factors, including, but not limited to, the experience, qualifications, knowledge, skills, geographic work location, and market conditions. Candidates with the minimum necessary experience, qualifications, knowledge, and skillsets for the position should not expect to receive the upper end of the pay range. ● The base pay for this position within the Washington, DC metropolitan area is: $137,000.00 - $228,000.00 annually. For all other states, we use geographic cost of labor as an input to develop market-driven ranges for our roles, and as such, each location where we hire may have a different range. Benefits: Vantor offers a competitive total rewards package that goes beyond the standard, including a robust 401(k) with company match, mental health resources, and unique perks like student loan repayment assistance, adoption reimbursement and pet insurance to support all aspects of your life. You can find more information on our benefits at: https://www.Vantor.com/careers The application window is three days from the date the job is posted and will remain posted until a qualified candidate has been identified for hire. If the job is reposted regardless of reason, it will remain posted three days from the date the job is reposted and will remain reposted until a qualified candidate has been identified for hire. The date of posting can be found on Vantor's Career page at the top of each job posting. To apply, submit your application via Vantor's Career page. EEO Policy: Vantor is an equal opportunity employer committed to an inclusive workplace. We believe in fostering an environment where all team members feel respected, valued, and encouraged to share their ideas. All qualified applicants will receive consideration for employment without regard to race, color, religion, national origin, sex, gender identity, sexual orientation, disability, protected veteran status, age, or any other characteristic protected by law.",USD
Vantor,Cyber Operations Capabilities Developer (TS/SCI),R23806,"Customer Site (Annapolis Junction, MD)",United States of America,143500.0,remote,Mid,unknown,TS/SCI,unknown,workday,,2026-06-16T21:18:54Z,https://maxar.wd1.myworkdayjobs.com/en-US/Vantor/job/Customer-Site-Annapolis-Junction-MD/Cyber-Operations-Capabilities-Developer--TS-SCI-_R23806,"Please review the job details below. Vantor is seeking an experienced Cyber Operations Capabilities Developer to build advanced offensive cyber tooling in support of mission-critical operations. This role is focused on developing low-level, high-performance capabilities used in real-world environments. This is a highly technical position suited for engineers with deep hands-on experience in systems programming, reverse engineering, and offensive capability development. Candidates should be comfortable working across the full lifecycle—from research and development to operational deployment. What You’ll Do Develop and maintain cyber capabilities using C and Python Design modular, scalable tooling for operational use Perform cross-compilation across multiple architectures and platforms Conduct reverse engineering and low-level system analysis Contribute to vulnerability research and exploit development Build and integrate implants and tooling with C2 frameworks Collaborate with operators to iterate on mission-driven requirements Maintain clean, version-controlled codebases and reproducible builds Required Qualifications Active TS/SCI clearance Bachelors degree is technical discipline Minimum of 5 years experience Strong, recent experience with: C (systems-level programming) Python (tooling, scripting, automation) Proficiency with Git and modern development practices Hands-on experience in several of the following areas: Cross-compilation for diverse targets Reverse engineering (e.g., GDB, IDA Pro, Ghidra) Vulnerability research or exploit development Development of modular implants or payload frameworks Process injection or similar low-level techniques Command and Control (C2) systems (e.g., Mythic, Cobalt Strike, Vermilion Strike) Network stack programming (sockets, protocols, TCP/IP) Preferred Experience 8 years experience Strong background in *nix environments (Linux preferred) Windows expertise will be considered with equivalent depth Demonstrated experience building complex offensive tooling end-to-end Highly desirable: experience developing and cross compiling a full Remote Access Tool (RAT) Familiarity with secure coding practices and testing methodologies Must be willing to work on-site in Annapolis Junction, MD. Nice to Have Experience with: Mbed TLS CMocka Prompt Toolkit Click Poetry #cjpost #LI-CJ1 #LI-Onsite In support of pay transparency at Vantor, we disclose salary ranges on all U.S. job postings. The successful candidate’s starting pay will fall within the salary range provided below and is determined based on job-related factors, including, but not limited to, the experience, qualifications, knowledge, skills, geographic work location, and market conditions. Candidates with the minimum necessary experience, qualifications, knowledge, and skillsets for the position should not expect to receive the upper end of the pay range. The base pay for this position ranges from our lowest geographic market up to our highest geographic market within California, Colorado, District of Columbia, Hawaii, Illinois, Maryland, Minnesota, New Jersey, New York, and Washington:$92,000.00 - $195,000.00 annually. We offer a comprehensive package of benefits including paid time off, health and welfare insurance, and 401(k) to eligible employees. You can find more information on our benefits at: https://www.vantor.com/careers The application window is three days from the date the job is posted and will remain posted until a qualified candidate has been identified for hire. If the job is reposted regardless of reason, it will remain posted three days from the date the job is reposted and will remain reposted until a qualified candidate has been identified for hire. The date of posting can be found on Vantor's Career page at the top of each job posting. To apply, submit your application via Vantor's Career page. Vantor values diversity in the workplace and is an equal opportunity/affirmative action employer. All qualified applicants will receive consideration for employment without regard to sex, gender identity, sexual orientation, race, color, religion, national origin, disability, protected veteran status, age, or any other characteristic protected by law.",USD
Vantor,Senior Full Stack Software Engineer,R23794,"Herndon, VA",United States of America,182500.0,onsite,Senior,yes,TS/SCI + Poly,unknown,workday,,2026-06-16T21:18:58Z,https://maxar.wd1.myworkdayjobs.com/en-US/Vantor/job/Herndon-VA/Senior-Full-Stack-Software-Engineer_R23794,"Vantor is forging the new frontier of spatial intelligence, helping decision makers and operators navigate what’s happening now and shape what’s coming next. Vantor is a place for problem solvers, changemakers, and go-getters—where people are working together to help our customers see the world differently, and in doing so, be seen differently. Come be part of a mission, not just a job, where you can: Shape your own future, build the next big thing, and change the world. To be eligible for this position, you must be a U.S. Citizen. This position requires an active U.S. Government security clearance, applicants who do not currently hold the required clearance will not be eligible for consideration. Employment for cleared roles is contingent upon verification of clearance status. Export Control/ITAR: Certain roles may be subject to U.S. export control laws, requiring U.S. person status as defined by 8 U.S.C. 1324b(a)(3). Please review the job details below. This position requires an active U.S. Government Security Clearance at the TS/SCI with CI poly level. We are seeking an experienced Senior Full Stack Engineer to develop and enhance advanced geospatial and Motion GEOINT applications. This role involves building scalable, high-performance solutions across the full technology stack, including interactive visualization and 3D capabilities. You will work within an Agile team to deliver mission-critical features, improve system architecture, and optimize performance across distributed systems. The position requires strong object-oriented design skills, a performance-focused mindset, and the ability to quickly contribute to complex environments. The ideal candidate is a self-driven engineer who collaborates effectively and thrives in fast-paced, technically challenging settings. Responsibilities: Design, develop, and maintain full stack applications supporting geospatial and Motion GEOINT systems.
Build scalable, high-performance software across front-end, back-end, and data layers.
Develop interactive visualization and 3D rendering capabilities for GIS and simulation-based applications.
Collaborate with cross-functional teams to deliver mission-critical features and enhancements.
Contribute to system architecture, object-oriented design, and microservices-based solutions.
Optimize application performance, scalability, and reliability across distributed systems.
Implement and support CI/CD pipelines, automated testing, and configuration management.
Participate in Agile development processes, including sprint planning, standups, and code reviews.
Troubleshoot and resolve complex technical issues across multiple environments and technology stacks. Minimum Qualifications: Must be a U.S. Citizen with an active TS/SCI with CI poly (or willingness to obtain a CI poly).
10+ years of full stack software development experience.
Experience with geospatial applications, including Motion GEOINT data, concepts, and systems.
Strong proficiency in one or more programming languages such as C, C++, Java, Python, or JavaScript.
Experience with modern development practices, including version control, automated testing, and CI/CD.
Solid understanding of object-oriented design principles and distributed systems.
Ability to collaborate effectively within a team and communicate technical concepts clearly. Desired Qualifications: Expertise in modern frameworks and technologies such as React, Angular, Node.js, Django, or Spring.
Experience with 3D graphics, visualization, or game engine technologies (e.g., OpenGL, WebGL, Unity, CesiumJS).
Strong background in geospatial tools and platforms (e.g., PostGIS, GeoServer, ArcGIS, QGIS, Leaflet, Mapbox).
Experience with big data and distributed processing frameworks (e.g., Hadoop, Spark, GeoWave).
Familiarity with DevOps tools and practices (e.g., Jenkins, Chef, Vagrant, automated configuration management).
Experience with cloud and virtualization technologies (e.g., AWS, VMware, VirtualBox).
Proficiency with databases such as PostgreSQL, MySQL, Cassandra, or SQLite.
Experience with multithreading, multiprocessing, and high-performance computing.
Knowledge of mobile development platforms (Android, iOS, Windows).
Strong UI/UX development experience with a focus on usability and performance.
Demonstrated ability to quickly learn new technologies and adapt in a fast-paced environment.
Self-motivated, results-oriented mindset with the ability to work independently. Pay Transparency: In support of pay transparency at Vantor, we disclose salary ranges on all U.S. job postings. The successful candidate’s starting pay will fall within the salary range provided below and is determined based on job-related factors, including, but not limited to, the experience, qualifications, knowledge, skills, geographic work location, and market conditions. Candidates with the minimum necessary experience, qualifications, knowledge, and skillsets for the position should not expect to receive the upper end of the pay range. ● The base pay for this position within the Washington, DC metropolitan area is: $137,000.00 - $228,000.00 annually. For all other states, we use geographic cost of labor as an input to develop market-driven ranges for our roles, and as such, each location where we hire may have a different range. Benefits: Vantor offers a competitive total rewards package that goes beyond the standard, including a robust 401(k) with company match, mental health resources, and unique perks like student loan repayment assistance, adoption reimbursement and pet insurance to support all aspects of your life. You can find more information on our benefits at: https://www.Vantor.com/careers The application window is three days from the date the job is posted and will remain posted until a qualified candidate has been identified for hire. If the job is reposted regardless of reason, it will remain posted three days from the date the job is reposted and will remain reposted until a qualified candidate has been identified for hire. The date of posting can be found on Vantor's Career page at the top of each job posting. To apply, submit your application via Vantor's Career page. EEO Policy: Vantor is an equal opportunity employer committed to an inclusive workplace. We believe in fostering an environment where all team members feel respected, valued, and encouraged to share their ideas. All qualified applicants will receive consideration for employment without regard to race, color, religion, national origin, sex, gender identity, sexual orientation, disability, protected veteran status, age, or any other characteristic protected by law.",USD
Vantor,GIS DevOps Engineer,R23791,3 Locations,United States of America,180000.0,hybrid,Mid,yes,TS/SCI + Poly,unknown,workday,,2026-06-16T21:19:02Z,https://maxar.wd1.myworkdayjobs.com/en-US/Vantor/job/Herndon-VA/GIS-DevOps-Engineer_R23791,"Vantor is forging the new frontier of spatial intelligence, helping decision makers and operators navigate what’s happening now and shape what’s coming next. Vantor is a place for problem solvers, changemakers, and go-getters—where people are working together to help our customers see the world differently, and in doing so, be seen differently. Come be part of a mission, not just a job, where you can: Shape your own future, build the next big thing, and change the world. To be eligible for this position, you must be a U.S. Citizen. This position requires an active U.S. Government security clearance, applicants who do not currently hold the required clearance will not be eligible for consideration. Employment for cleared roles is contingent upon verification of clearance status. Export Control/ITAR: Certain roles may be subject to U.S. export control laws, requiring U.S. person status as defined by 8 U.S.C. 1324b(a)(3). Please review the job details below. This position requires an active U.S. Government Security Clearance at the TS/SCI with CI poly level. Build the Engine Behind the Map. We’re seeking a GIS DevOps Engineer to power the spatial intelligence that drives critical decisions. You'll design and deliver robust, scalable services for ingesting, storing, and querying geospatial data at scale. If you thrive on solving complex GIS backend challenges and believe geospatial can change the game—let’s build something that matters. Responsibilities: Design, deploy, and manage Kubernetes and OpenShift clusters across cloud and/or on-prem environments
Build and maintain CI/CD pipelines to support containerized application delivery
Implement infrastructure as code
Monitor platform performance, availability, and security; respond to incidents and optimize systems
Develop and maintain platform tooling, automation, and self-service capabilities
Collaborate with development, security, and operations teams to improve platform usability and reliability
Ensure compliance with organizational security and governance standards
Communicate with multidisciplinary SAFe Agile teams and articulate technical concepts and ideas effectively. Minimum Qualifications: Must be a U.S. Citizen with an active TS/SCI with CI poly (or willingness to obtain a CI poly)
Minimum of 14 years of total professional experience in a technical support role
Demonstrated technical experience with DevSecOps
Demonstrated experience working with Kubernetes in production environments
Demonstrated experience with Red Hat OpenShift
Proficiency in container technologies such as Docker or CRI-O
Experience with CI/CD tools (e.g., Jenkins, GitHub Actions, GitLab CI)
Open source and custom application deployments and maintenance experience.
Capable of working effectively with a geographically distributed ops & development team
Demonstrated ability to communicate effectively with customers and team in written and oral forums
Willingness to work 90% or as needed in a SCIF environment with some on-call or after-hours onsite support for customer’s mission in either Herndon, VA; Westminster, CO; or St. Louis, MO
Degree or equivalent demonstrated experience in a technical field. Desired Qualifications: Strong scripting or programming skills (e.g., Python, Bash, Go)
Familiarity with cloud platforms (AWS, Azure, or GCP)
Understanding of networking, security, and Linux systems administration
Kubernetes certifications (e.g., CKA, CKAD, or CKS)
Familiarity with policy and security tools (e.g., OPA, Kyverno)
Experience with hybrid or multi-cloud platform architectures
Background in SRE (Site Reliability Engineering) practices
Experience working with geospatial technology and tools
CompTIA Security+ or comparable certification for privileged user access.
Experience in/or supporting military/intelligence or knowledge of some IC PED systems is a plus! Pay Transparency: In support of pay transparency at Vantor, we disclose salary ranges on all U.S. job postings. The successful candidate’s starting pay will fall within the salary range provided below and is determined based on job-related factors, including, but not limited to, the experience, qualifications, knowledge, skills, geographic work location, and market conditions. Candidates with the minimum necessary experience, qualifications, knowledge, and skillsets for the position should not expect to receive the upper end of the pay range. The base pay for this position within California, Colorado, Hawaii, New Jersey, the Washington, DC metropolitan area, and for all other states is: $145,000.00 - $215,000.00 Benefits: Vantor offers a competitive total rewards package that goes beyond the standard, including a robust 401(k) with company match, mental health resources, and unique perks like student loan repayment assistance, adoption reimbursement and pet insurance to support all aspects of your life. You can find more information on our benefits at: https://www.Vantor.com/careers The application window is three days from the date the job is posted and will remain posted until a qualified candidate has been identified for hire. If the job is reposted regardless of reason, it will remain posted three days from the date the job is reposted and will remain reposted until a qualified candidate has been identified for hire. The date of posting can be found on Vantor's Career page at the top of each job posting. To apply, submit your application via Vantor's Career page. EEO Policy: Vantor is an equal opportunity employer committed to an inclusive workplace. We believe in fostering an environment where all team members feel respected, valued, and encouraged to share their ideas. All qualified applicants will receive consideration for employment without regard to race, color, religion, national origin, sex, gender identity, sexual orientation, disability, protected veteran status, age, or any other characteristic protected by law.",USD
Vantor,Platform Engineer (Kubernetes),R23789,3 Locations,United States of America,180000.0,hybrid,Mid,yes,TS/SCI + Poly,unknown,workday,,2026-06-16T21:19:06Z,https://maxar.wd1.myworkdayjobs.com/en-US/Vantor/job/Herndon-VA/Platform-Engineer--Kubernetes-_R23789,"Vantor is forging the new frontier of spatial intelligence, helping decision makers and operators navigate what’s happening now and shape what’s coming next. Vantor is a place for problem solvers, changemakers, and go-getters—where people are working together to help our customers see the world differently, and in doing so, be seen differently. Come be part of a mission, not just a job, where you can: Shape your own future, build the next big thing, and change the world. To be eligible for this position, you must be a U.S. Citizen. This position requires an active U.S. Government security clearance, applicants who do not currently hold the required clearance will not be eligible for consideration. Employment for cleared roles is contingent upon verification of clearance status. Export Control/ITAR: Certain roles may be subject to U.S. export control laws, requiring U.S. person status as defined by 8 U.S.C. 1324b(a)(3). Please review the job details below. This position requires an active U.S. Government Security Clearance at the TS/SCI with CI poly level. Unlock the future with Vantor! We are seeking a Platform Engineer with strong experience in Kubernetes and OpenShift to design, build, and maintain scalable, secure, and highly available platforms. This role focuses on enabling development teams through robust platform services, automation, and best practices. The ideal candidate is passionate about infrastructure as code, platform reliability, and continuous improvement. Responsibilities: Design, deploy, and manage Kubernetes and OpenShift clusters across cloud and/or on-prem environments
Build and maintain CI/CD pipelines to support containerized application delivery
Implement infrastructure as code
Monitor platform performance, availability, and security; respond to incidents and optimize systems
Develop and maintain platform tooling, automation, and self-service capabilities
Collaborate with development, security, and operations teams to improve platform usability and reliability
Ensure compliance with organizational security and governance standards
Communicate with multidisciplinary SAFe Agile teams and articulate technical concepts and ideas effectively. Minimum Qualifications: Must be a U.S. Citizen with an active TS/SCI with CI poly (or willingness to obtain a CI poly)
Minimum of 14 years of total professional experience in a technical support role
Demonstrated technical experience with DevSecOps
Demonstrated experience working with Kubernetes in production environments
Demonstrated experience with Red Hat OpenShift
Proficiency in container technologies such as Docker or CRI-O
Experience with CI/CD tools (e.g., Jenkins, GitHub Actions, GitLab CI)
Open source and custom application deployments and maintenance experience.
Capable of working effectively with a geographically distributed ops & development team
Demonstrated ability to communicate effectively with customers and team in written and oral forums
Willingness to work 90% or as needed in a SCIF environment with some on-call or after-hours onsite support for customer’s mission in either Herndon, VA; Westminster, CO; or St. Louis, MO
Degree or equivalent demonstrated experience in a technical field. Desired Qualifications: Strong scripting or programming skills (e.g., Python, Bash, Go)
Familiarity with cloud platforms (AWS, Azure, or GCP)
Understanding of networking, security, and Linux systems administration
Kubernetes certifications (e.g., CKA, CKAD, or CKS)
Familiarity with policy and security tools (e.g., OPA, Kyverno)
Experience with hybrid or multi-cloud platform architectures
Background in SRE (Site Reliability Engineering) practices
Experience working with geospatial technology and tools
CompTIA Security+ or comparable certification for privileged user access.
Experience in/or supporting military/intelligence or knowledge of some IC PED systems is a plus! Pay Transparency: In support of pay transparency at Vantor, we disclose salary ranges on all U.S. job postings. The successful candidate’s starting pay will fall within the salary range provided below and is determined based on job-related factors, including, but not limited to, the experience, qualifications, knowledge, skills, geographic work location, and market conditions. Candidates with the minimum necessary experience, qualifications, knowledge, and skillsets for the position should not expect to receive the upper end of the pay range. The base pay for this position within California, Colorado, Hawaii, New Jersey, the Washington, DC metropolitan area, and for all other states is: $145,000.00 - $215,000.00 Benefits: Vantor offers a competitive total rewards package that goes beyond the standard, including a robust 401(k) with company match, mental health resources, and unique perks like student loan repayment assistance, adoption reimbursement and pet insurance to support all aspects of your life. You can find more information on our benefits at: https://www.Vantor.com/careers The application window is three days from the date the job is posted and will remain posted until a qualified candidate has been identified for hire. If the job is reposted regardless of reason, it will remain posted three days from the date the job is reposted and will remain reposted until a qualified candidate has been identified for hire. The date of posting can be found on Vantor's Career page at the top of each job posting. To apply, submit your application via Vantor's Career page. EEO Policy: Vantor is an equal opportunity employer committed to an inclusive workplace. We believe in fostering an environment where all team members feel respected, valued, and encouraged to share their ideas. All qualified applicants will receive consideration for employment without regard to race, color, religion, national origin, sex, gender identity, sexual orientation, disability, protected veteran status, age, or any other characteristic protected by law.",USD
Vantor,AI/ML Engineer (Senior),R23753,3 Locations,United States of America,150500.0,onsite,Senior,yes,TS/SCI + Poly,unknown,workday,,2026-06-16T21:19:10Z,https://maxar.wd1.myworkdayjobs.com/en-US/Vantor/job/Bolling-AFB-DC/AI-ML-Engineer--Senior-_R23753-1,"Vantor is forging the new frontier of spatial intelligence, helping decision makers and operators navigate what’s happening now and shape what’s coming next. Vantor is a place for problem solvers, changemakers, and go-getters—where people are working together to help our customers see the world differently, and in doing so, be seen differently. Come be part of a mission, not just a job, where you can: Shape your own future, build the next big thing, and change the world. To be eligible for this position, you must be a U.S. Citizen. This position requires an active U.S. Government security clearance, applicants who do not currently hold the required clearance will not be eligible for consideration. Employment for cleared roles is contingent upon verification of clearance status. Export Control/ITAR: Certain roles may be subject to U.S. export control laws, requiring U.S. person status as defined by 8 U.S.C. 1324b(a)(3). Please review the job details below. This position requires an active U.S. Government Security Clearance at the TS/SCI level with CI polygraph. This role helps design, build, integrate, and sustain secure technical capabilities that support high-volume analysis and mission operations. The position contributes to AI-enabled, data-driven solutions that help users work across complex datasets at scale, improve operational outcomes, and accelerate the delivery of mission-relevant applications and services. All work is performed in secure environments. Work location is Joint Base Anacostia, Arlington, VA, or Reston, VA. Responsibilities: Defines, develops, and delivers machine learning models and AI solutions
Tests, deploys, and maintains AI systems
Optimizes Al models for performance, scalability, and efficiency, leveraging cloud-based resources and distributed computing frameworks
Manages the data flow and infrastructure for effective AI deployment, including the preprocessing of data
Ensures the quality and accuracy of data fed into models and deploys these models into production
Conducts data analysis, preprocessing, and feature engineering to extract valuable insights from large datasets, improving model performance
Applies machine learning algorithms to large sets of structured and unstructured data to solve a broad range of problems that include applications in pattern recognition, target detection and tracking, machine learning and decision systems
May use system-of-systems and multi-agent approaches to architect and design AI software systems Minimum Qualifications: Master's degree or PhD with 8+ years of experience in AI/ML. Expert in the field in designing novel algorithms for complex intelligence problems using AI lifecycle management and model optimization. Guides strategic AI implementation and represents capabilities to senior stakeholders. Active Top Secret clearance with CI Polygraph. Preferred Qualifications: Experience with cloud platforms (e.g., AWS, Azure, or GCP) Experience with system integration and database management Relevant technical or project management certifications Ability to stay current with industry trends and emerging technologies Pay Transparency: In support of pay transparency at Vantor, we disclose salary ranges on all U.S. job postings. The successful candidate’s starting pay will fall within the salary range provided below and is determined based on job-related factors, including, but not limited to, the experience, qualifications, knowledge, skills, geographic work location, and market conditions. Candidates with the minimum necessary experience, qualifications, knowledge, and skillsets for the position should not expect to receive the upper end of the pay range. ● The base pay for this position within the Washington, DC metropolitan area is: $113,000.00 - $188,000.00 annually. For all other states, we use geographic cost of labor as an input to develop market-driven ranges for our roles, and as such, each location where we hire may have a different range. Benefits: Vantor offers a competitive total rewards package that goes beyond the standard, including a robust 401(k) with company match, mental health resources, and unique perks like student loan repayment assistance, adoption reimbursement and pet insurance to support all aspects of your life. You can find more information on our benefits at: https://www.Vantor.com/careers The application window is three days from the date the job is posted and will remain posted until a qualified candidate has been identified for hire. If the job is reposted regardless of reason, it will remain posted three days from the date the job is reposted and will remain reposted until a qualified candidate has been identified for hire. The date of posting can be found on Vantor's Career page at the top of each job posting. To apply, submit your application via Vantor's Career page. EEO Policy: Vantor is an equal opportunity employer committed to an inclusive workplace. We believe in fostering an environment where all team members feel respected, valued, and encouraged to share their ideas. All qualified applicants will receive consideration for employment without regard to race, color, religion, national origin, sex, gender identity, sexual orientation, disability, protected veteran status, age, or any other characteristic protected by law.",USD
Vantor,Model Based Systems Engineering (MBSE) & Test Engineer,R23785,"Customer Site (Colorado Springs, CO)",United States of America,109000.0,remote,Mid,yes,TS/SCI,unknown,workday,,2026-06-16T21:19:14Z,https://maxar.wd1.myworkdayjobs.com/en-US/Vantor/job/Customer-Site-Colorado-Springs-CO/Model-Based-Systems-Engineering--MBSE----Test-Engineer_R23785,"Vantor is forging the new frontier of spatial intelligence, helping decision makers and operators navigate what’s happening now and shape what’s coming next. Vantor is a place for problem solvers, changemakers, and go-getters—where people are working together to help our customers see the world differently, and in doing so, be seen differently. Come be part of a mission, not just a job, where you can: Shape your own future, build the next big thing, and change the world. To be eligible for this position, you must be a U.S. Citizen. This position requires an active U.S. Government security clearance, applicants who do not currently hold the required clearance will not be eligible for consideration. Employment for cleared roles is contingent upon verification of clearance status. Export Control/ITAR: Certain roles may be subject to U.S. export control laws, requiring U.S. person status as defined by 8 U.S.C. 1324b(a)(3). Please review the job details below. Are you looking for an opportunity to combine your technical skills with big picture thinking to make an impact in the DoD? You understand your customer’s environment and how to develop the right systems for their mission. Your ability to translate real-world needs into technical specifications makes you an integral part of delivering a customer focused engineering solution. At Vantor, you’ll work with the U.S. Space Force as part of the effort to define and manage an integrated system-of-systems space enterprise. Your customer will trust you to not only architect, engineer, integrate, test and deploy these systems, but also identify areas requiring urgent mitigation up front and early to develop this system with advanced technology solutions. Within this role, you will use your experience to work with developers and engineers to evaluate software developed for national defense. You’ll create test plans with test cases based on user stories and requirements. Using automated and manual processes, you’ll generate data and implement the test cases to observe how the software performs, then document the results and communicate defects to the development team so they can start improving the tool. Grow your skills by researching new requirements, technologies, and threats and using innovative engineering methodologies and tools to create tomorrow’s solutions. Due to the nature of work performed within this facility, U.S. citizenship is required. Qualifications: Secret clearance Bachelor’s degree 3+ years of experience in developmental testing Experience performing requirements analysis, synthesis, and traceability for shall statement and supplemental fields evaluation, including test method and success criteria Experience with Microsoft Office suite, including Word, PowerPoint, and Excel Experience architecting complex systems in Model-Based Systems Engineering, including CAMEO or Rhapsody Knowledge of DoD Instructions 5000.87 and 5000.89 Ability to develop and execute detailed test procedures for Developmental and Operational Test Events Ability to build automated test scripts and custom harnesses using a tool such as a Python or Cypress Preferred Qualifications: TS/SCI clearance Security+ Certification Experience with the Atlassian Suite, including Confluence or Jira Experience with radar system operations or radar modeling Experience with Docker or Kubernetes Experience interfacing with formal government test organizations, including 17TES or JITC Knowledge of software deployment and troubleshooting processes in DevSecOps pipelines, including Platform 1 or DAFCw Ability to run and evaluate complex simulation frameworks Docker or Kubernetes Certification Clearance: Secret/SCI Eligible Work Location: Colorado Springs (Peterson SFB) – primarily on-site (limited remote/hybrid). #cjpost #LI-CJ1 Pay Transparency: In support of pay transparency at Vantor, we disclose salary ranges on all U.S. job postings. The successful candidate’s starting pay will fall within the salary range provided below and is determined based on job-related factors, including, but not limited to, the experience, qualifications, knowledge, skills, geographic work location, and market conditions. Candidates with the minimum necessary experience, qualifications, knowledge, and skillsets for the position should not expect to receive the upper end of the pay range. ● The base pay for this position within Colorado is: $82,000.00 - $136,000.00 annually. For all other states, we use geographic cost of labor as an input to develop market-driven ranges for our roles, and as such, each location where we hire may have a different range. Benefits: Vantor offers a competitive total rewards package that goes beyond the standard, including a robust 401(k) with company match, mental health resources, and unique perks like student loan repayment assistance, adoption reimbursement and pet insurance to support all aspects of your life. You can find more information on our benefits at: https://www.Vantor.com/careers The application window is three days from the date the job is posted and will remain posted until a qualified candidate has been identified for hire. If the job is reposted regardless of reason, it will remain posted three days from the date the job is reposted and will remain reposted until a qualified candidate has been identified for hire. The date of posting can be found on Vantor's Career page at the top of each job posting. To apply, submit your application via Vantor's Career page. EEO Policy: Vantor is an equal opportunity employer committed to an inclusive workplace. We believe in fostering an environment where all team members feel respected, valued, and encouraged to share their ideas. All qualified applicants will receive consideration for employment without regard to race, color, religion, national origin, sex, gender identity, sexual orientation, disability, protected veteran status, age, or any other characteristic protected by law.",USD
Vantor,Full Stack Software Engineer,R23770,"Colorado Springs, CO",United States of America,109000.0,remote,Mid,yes,TS/SCI,unknown,workday,,2026-06-16T21:19:18Z,https://maxar.wd1.myworkdayjobs.com/en-US/Vantor/job/Colorado-Springs-CO/Software-Engineer_R23770,"Vantor is forging the new frontier of spatial intelligence, helping decision makers and operators navigate what’s happening now and shape what’s coming next. Vantor is a place for problem solvers, changemakers, and go-getters—where people are working together to help our customers see the world differently, and in doing so, be seen differently. Come be part of a mission, not just a job, where you can: Shape your own future, build the next big thing, and change the world. To be eligible for this position, you must be a U.S. Citizen. This position requires an active U.S. Government security clearance, applicants who do not currently hold the required clearance will not be eligible for consideration. Employment for cleared roles is contingent upon verification of clearance status. Export Control/ITAR: Certain roles may be subject to U.S. export control laws, requiring U.S. person status as defined by 8 U.S.C. 1324b(a)(3). Please review the job details below. Vantor has an immediate opportunity for a Full Stack Developer to join a team building and maintaining multiple solutions leveraging custom web services with real time information and a visualization front-end. This would include working with a development team to outline, build and maintain an operational front-end focused on information and knowledge sharing as well as back-end services for managing data in real-time. LOCATION: Colorado Springs - On Site Responsibilities: Participating in the design, maintenance, enhancement, and coding of web pages and any associated backend requirements leveraging modern frameworks Recommending and implementing approved process and tool improvement based on user feedback or analysis of user interaction Assisting in the ingest of geospatial data including imagery, maps, charts, GIS feature data, and integrated GIS data to the front- and back-end Minimum Requirements: Must be a US Citizen with the ability to obtain and maintain a TS/SCI clearance. Bachelor’s degree in Computer Science, Software Engineering or a related field (4 additional years of experience may be substituted for a Bachelor’s degree. A Master's degree may count as an additional 2 years of experience.). 2 years demonstrated experience with programming, design, and development. Demonstrated experience with Object-Oriented Design and Programming using C++, Java, or similar programming language Experience with JavaScript and modern web-frameworks Agile Development experience Ability to work independently and take ownership of the entire software development lifecycle Desired: Current TS/SCI Clearance Experience with front-end development using Vue, Angular, or similar JS framework Experience using Node.js Working knowledge of containerization (Docker, Podman) Experience with ORM software (Prisma, SQLAlchemy, etc) Experience with Cesium Understanding of TCP/IP networking and working knowledge of remote system workflows (SSH, port forwarding, server/client architecture, etc) Working knowledge of software development tools, such as Jira, Confluence, BitBucket Experience profiling for performance improvements to an existing codebase Strong verbal, written, and organizational skills. #cjpost #LI-CJ1 #LI-Onsite Pay Transparency: In support of pay transparency at Vantor, we disclose salary ranges on all U.S. job postings. The successful candidate’s starting pay will fall within the salary range provided below and is determined based on job-related factors, including, but not limited to, the experience, qualifications, knowledge, skills, geographic work location, and market conditions. Candidates with the minimum necessary experience, qualifications, knowledge, and skillsets for the position should not expect to receive the upper end of the pay range. ● The base pay for this position within Colorado is: $82,000.00 - $136,000.00 annually. For all other states, we use geographic cost of labor as an input to develop market-driven ranges for our roles, and as such, each location where we hire may have a different range. Benefits: Vantor offers a competitive total rewards package that goes beyond the standard, including a robust 401(k) with company match, mental health resources, and unique perks like student loan repayment assistance, adoption reimbursement and pet insurance to support all aspects of your life. You can find more information on our benefits at: https://www.Vantor.com/careers The application window is three days from the date the job is posted and will remain posted until a qualified candidate has been identified for hire. If the job is reposted regardless of reason, it will remain posted three days from the date the job is reposted and will remain reposted until a qualified candidate has been identified for hire. The date of posting can be found on Vantor's Career page at the top of each job posting. To apply, submit your application via Vantor's Career page. EEO Policy: Vantor is an equal opportunity employer committed to an inclusive workplace. We believe in fostering an environment where all team members feel respected, valued, and encouraged to share their ideas. All qualified applicants will receive consideration for employment without regard to race, color, religion, national origin, sex, gender identity, sexual orientation, disability, protected veteran status, age, or any other characteristic protected by law.",USD
Vantor,Associate Proposal Manager,R23782,"Herndon, VA",United States of America,111000.0,onsite,Manager,us_person,Secret,unknown,workday,,2026-06-16T21:19:22Z,https://maxar.wd1.myworkdayjobs.com/en-US/Vantor/job/Herndon-VA/Associate-Proposal-Manager_R23782,"Vantor is forging the new frontier of spatial intelligence, helping decision makers and operators navigate what’s happening now and shape what’s coming next. Vantor is a place for problem solvers, changemakers, and go-getters—where people are working together to help our customers see the world differently, and in doing so, be seen differently. Come be part of a mission, not just a job, where you can: Shape your own future, build the next big thing, and change the world. To be eligible for this position, you must be a U.S. Person, defined as a U.S. citizen, permanent resident, Asylee, or Refugee. Export Control/ITAR: Certain roles may be subject to U.S. export control laws, requiring U.S. person status as defined by 8 U.S.C. 1324b(a)(3). Please review the job details below. This position requires an active U.S. Government Secret clearance. Vantor is hiring an Associate Proposal Manager to play a key role in the development of complex federal proposals that position Vantor to win enterprise and multi-hundred-million-dollar opportunities. You will work closely with Capture Managers, Program and Account leadership, technical SMEs, cost teams, and proposal support to craft compliant, compelling, and executable proposal solutions. This role has high visibility; you will regularly interact with senior leadership and help shape proposal strategy across pre-RFP and post-RFP phases for DoD, Intelligence Community, and other federal customers. Responsibilities: Support the full lifecycle development of complex federal proposals for enterprise and large opportunities from pre-proposal phase through post-proposal submittal phases.
Develop winning proposal strategies and translate capture objectives into high-quality, compliant proposal content across all volumes (technical, management, cost, past performance, etc.).
Work closely with executives, leadership teams, business development staff, partners, and subject matter experts to lead and guide proposal efforts, providing strategic direction and support throughout.
Own compliance and on-time submission: manage and control all proposal activities against the proposal schedule and RFP requirements within Vantor’s complex business environment.
Drive storyboarding, proposal mock-ups, and iterative drafts from concept through final submission; ensure cost volume integration and alignment with technical/management volumes.
Plan and conduct structured kick-offs that set expectations, responsibilities, and schedules for all contributors.
Lead and/or coordinate color reviews that produce actionable feedback (in-briefs / de-briefs) and ensure reviewer accountability.
Coach SMEs, authors, and proposal contributors in persuasive writing and proposal best practices; collaborate closely with production, graphics, and desktop publishing teams to ensure high-quality deliverables.
Communicate progress, risks, and decisions effectively with senior leadership, capture teams, and program leadership.
Operate effectively under pressure and tight deadlines, maintaining composure and ensuring proposal quality when proposals have CEO visibility. Minimum Qualifications: Bachelor of Arts, Bachelor of Science, Bachelor of Business Administration (or equivalent experience).
3–5 years of related experience managing and developing complex federal proposals (experience with opportunities exceeding $100M strongly preferred).
Demonstrated experience coordinating and leading major sections of all proposal volumes (technical, solution, management, cost) for large/enterprise opportunities.
Demonstrated experience developing and applying formal proposal management artifacts and processes: proposal schedules, outlines, compliance matrices, kick-offs, storyboards, mockups, and color review in-briefs/de-briefs.
Strong time management, prioritization, attention to detail, and sound judgment under deadline pressure.
Advanced Microsoft Word and Office skills; familiarity with proposal production tools and Adobe Acrobat for final production.
Excellent written and verbal communication skills; proven ability to present to senior executives.
Willingness to work onsite in Herndon, VA 3 days per week.
U.S. citizenship required. Must possess an active Secret clearance. Preferred Qualifications: Formal proposal training and/or certifications (e.g., Shipley, APMP)
Experience collaborating with Senior/Corporate leadership
Background in geospatial services/products, digital transformation, cybersecurity, cloud, or related technical domains
Experience supporting large, complex federal proposals (e.g., IDIQs, GWACs, BPAs)
Proposal experience within a large systems integrator or federal contractor
Familiarity with AI tools, workflows, and processes Pay Transparency: In support of pay transparency at Vantor, we disclose salary ranges on all U.S. job postings. The successful candidate’s starting pay will fall within the salary range provided below and is determined based on job-related factors, including, but not limited to, the experience, qualifications, knowledge, skills, geographic work location, and market conditions. Candidates with the minimum necessary experience, qualifications, knowledge, and skillsets for the position should not expect to receive the upper end of the pay range. ● The base pay for this position within the Washington, DC metropolitan area is: $83,000.00 - $139,000.00 annually. For all other states, we use geographic cost of labor as an input to develop market-driven ranges for our roles, and as such, each location where we hire may have a different range. Benefits: Vantor offers a competitive total rewards package that goes beyond the standard, including a robust 401(k) with company match, mental health resources, and unique perks like student loan repayment assistance, adoption reimbursement and pet insurance to support all aspects of your life. You can find more information on our benefits at: https://www.Vantor.com/careers The application window is three days from the date the job is posted and will remain posted until a qualified candidate has been identified for hire. If the job is reposted regardless of reason, it will remain posted three days from the date the job is reposted and will remain reposted until a qualified candidate has been identified for hire. The date of posting can be found on Vantor's Career page at the top of each job posting. To apply, submit your application via Vantor's Career page. EEO Policy: Vantor is an equal opportunity employer committed to an inclusive workplace. We believe in fostering an environment where all team members feel respected, valued, and encouraged to share their ideas. All qualified applicants will receive consideration for employment without regard to race, color, religion, national origin, sex, gender identity, sexual orientation, disability, protected veteran status, age, or any other characteristic protected by law.",USD
Vantor,AI/ML Engineer,R23761,"McLean, VA",United States of America,150500.0,onsite,Mid,yes,TS/SCI + Poly,unknown,workday,,2026-06-16T21:19:26Z,https://maxar.wd1.myworkdayjobs.com/en-US/Vantor/job/McLean-VA/AI-ML-Engineer_R23761,"Vantor is forging the new frontier of spatial intelligence, helping decision makers and operators navigate what’s happening now and shape what’s coming next. Vantor is a place for problem solvers, changemakers, and go-getters—where people are working together to help our customers see the world differently, and in doing so, be seen differently. Come be part of a mission, not just a job, where you can: Shape your own future, build the next big thing, and change the world. To be eligible for this position, you must be a U.S. Citizen. This position requires an active U.S. Government security clearance, applicants who do not currently hold the required clearance will not be eligible for consideration. Employment for cleared roles is contingent upon verification of clearance status. Export Control/ITAR: Certain roles may be subject to U.S. export control laws, requiring U.S. person status as defined by 8 U.S.C. 1324b(a)(3). Please review the job details below. This position requires an active U.S. Government Security Clearance at the TS/SCI level with required Polygraph. Responsibilities: Implement and maintain RAG pipelines, including document processing, embedding generation, retrieval configuration, and prompt assembly.
Integrate LLMs into applications using available APIs and frameworks.
Develop and maintain REST API interactions to support data retrieval and system integration.
Design or refine Postgres schemas to improve data organization and query performance. Minimum Qualifications: Bachelor's degree in computer science or related area of study.
Senior Labor Category: Minimum 8 years of experience with a Bachelor’s degree; or 7 years of experience with a Master’s degree; or 6 years of experience with a Doctorate.
Active/current TS/SCI with required polygraph.
Willingness to work onsite full time.
US citizenship required.
Experience developing AI/ML applications with a focus on Retrieval-Augmented Generation (RAG) or similar retrieval-based workflows.
Proficiency with Python and common data/AI libraries.
Experience designing and using REST APIs to retrieve, process or integrate data.
Familiarity with LLMs and integrating them into applications. Preferred Qualifications: Experience working with Docker Containers for development.
Experience with vector databases, data transformation, AWS, and containerized development environments. Pay Transparency: In support of pay transparency at Vantor, we disclose salary ranges on all U.S. job postings. The successful candidate’s starting pay will fall within the salary range provided below and is determined based on job-related factors, including, but not limited to, the experience, qualifications, knowledge, skills, geographic work location, and market conditions. Candidates with the minimum necessary experience, qualifications, knowledge, and skillsets for the position should not expect to receive the upper end of the pay range. ● The base pay for this position within the Washington, DC metropolitan area is: $113,000.00 - $188,000.00 annually. For all other states, we use geographic cost of labor as an input to develop market-driven ranges for our roles, and as such, each location where we hire may have a different range. Benefits: Vantor offers a competitive total rewards package that goes beyond the standard, including a robust 401(k) with company match, mental health resources, and unique perks like student loan repayment assistance, adoption reimbursement and pet insurance to support all aspects of your life. You can find more information on our benefits at: https://www.Vantor.com/careers The application window is three days from the date the job is posted and will remain posted until a qualified candidate has been identified for hire. If the job is reposted regardless of reason, it will remain posted three days from the date the job is reposted and will remain reposted until a qualified candidate has been identified for hire. The date of posting can be found on Vantor's Career page at the top of each job posting. To apply, submit your application via Vantor's Career page. EEO Policy: Vantor is an equal opportunity employer committed to an inclusive workplace. We believe in fostering an environment where all team members feel respected, valued, and encouraged to share their ideas. All qualified applicants will receive consideration for employment without regard to race, color, religion, national origin, sex, gender identity, sexual orientation, disability, protected veteran status, age, or any other characteristic protected by law.",USD
Vantor,AI/ML Engineer (SME),R23752,3 Locations,United States of America,215000.0,onsite,Mid,yes,TS/SCI + Poly,unknown,workday,,2026-06-16T21:19:30Z,https://maxar.wd1.myworkdayjobs.com/en-US/Vantor/job/Bolling-AFB-DC/AI-ML-Engineer--SME-_R23752,"Vantor is forging the new frontier of spatial intelligence, helping decision makers and operators navigate what’s happening now and shape what’s coming next. Vantor is a place for problem solvers, changemakers, and go-getters—where people are working together to help our customers see the world differently, and in doing so, be seen differently. Come be part of a mission, not just a job, where you can: Shape your own future, build the next big thing, and change the world. To be eligible for this position, you must be a U.S. Citizen. This position requires an active U.S. Government security clearance, applicants who do not currently hold the required clearance will not be eligible for consideration. Employment for cleared roles is contingent upon verification of clearance status. Export Control/ITAR: Certain roles may be subject to U.S. export control laws, requiring U.S. person status as defined by 8 U.S.C. 1324b(a)(3). Please review the job details below. This position requires an active U.S. Government Security Clearance at the TS/SCI level with CI polygraph. This role helps design, build, integrate, and sustain secure technical capabilities that support high-volume analysis and mission operations. The position contributes to AI-enabled, data-driven solutions that help users work across complex datasets at scale, improve operational outcomes, and accelerate the delivery of mission-relevant applications and services. All work is performed in secure environments. Work location is Joint Base Anacostia, Arlington, VA, or Reston, VA. Responsibilities: Defines, develops, and delivers machine learning models and AI solutions
Tests, deploys, and maintains AI systems
Optimizes Al models for performance, scalability, and efficiency, leveraging cloud-based resources and distributed computing frameworks
Manages the data flow and infrastructure for effective AI deployment, including the preprocessing of data
Ensures the quality and accuracy of data fed into models and deploys these models into production
Conducts data analysis, preprocessing, and feature engineering to extract valuable insights from large datasets, improving model performance
Applies machine learning algorithms to large sets of structured and unstructured data to solve a broad range of problems that include applications in pattern recognition, target detection and tracking, machine learning and decision systems
May use system-of-systems and multi-agent approaches to architect and design AI software systems Minimum Qualifications: Master's degree or PhD with 13+ years of experience in AI/ML. Recognized authority in the field with expertise in designing novel algorithms for complex intelligence problems. Guides strategic AI implementation and represents capabilities to senior stakeholders. Active Top Secret clearance with CI Polygraph. Preferred Qualifications: Experience with cloud platforms (e.g., AWS, Azure, or GCP) Experience with system integration and database management Relevant technical or project management certifications Ability to stay current with industry trends and emerging technologies Pay Transparency: In support of pay transparency at Vantor, we disclose salary ranges on all U.S. job postings. The successful candidate’s starting pay will fall within the salary range provided below and is determined based on job-related factors, including, but not limited to, the experience, qualifications, knowledge, skills, geographic work location, and market conditions. Candidates with the minimum necessary experience, qualifications, knowledge, and skillsets for the position should not expect to receive the upper end of the pay range. ● The base pay for this position within the Washington, DC metropolitan area is: $161,000.00 - $269,000.00 annually. For all other states, we use geographic cost of labor as an input to develop market-driven ranges for our roles, and as such, each location where we hire may have a different range. Benefits: Vantor offers a competitive total rewards package that goes beyond the standard, including a robust 401(k) with company match, mental health resources, and unique perks like student loan repayment assistance, adoption reimbursement and pet insurance to support all aspects of your life. You can find more information on our benefits at: https://www.Vantor.com/careers The application window is three days from the date the job is posted and will remain posted until a qualified candidate has been identified for hire. If the job is reposted regardless of reason, it will remain posted three days from the date the job is reposted and will remain reposted until a qualified candidate has been identified for hire. The date of posting can be found on Vantor's Career page at the top of each job posting. To apply, submit your application via Vantor's Career page. EEO Policy: Vantor is an equal opportunity employer committed to an inclusive workplace. We believe in fostering an environment where all team members feel respected, valued, and encouraged to share their ideas. All qualified applicants will receive consideration for employment without regard to race, color, religion, national origin, sex, gender identity, sexual orientation, disability, protected veteran status, age, or any other characteristic protected by law.",USD
Vantor,Business Analyst (Senior),R23755,3 Locations,United States of America,111000.0,onsite,Senior,yes,TS/SCI + Poly,unknown,workday,,2026-06-16T21:19:34Z,https://maxar.wd1.myworkdayjobs.com/en-US/Vantor/job/Bolling-AFB-DC/Business-Analyst--Senior-_R23755,"Vantor is forging the new frontier of spatial intelligence, helping decision makers and operators navigate what’s happening now and shape what’s coming next. Vantor is a place for problem solvers, changemakers, and go-getters—where people are working together to help our customers see the world differently, and in doing so, be seen differently. Come be part of a mission, not just a job, where you can: Shape your own future, build the next big thing, and change the world. To be eligible for this position, you must be a U.S. Citizen. This position requires an active U.S. Government security clearance, applicants who do not currently hold the required clearance will not be eligible for consideration. Employment for cleared roles is contingent upon verification of clearance status. Export Control/ITAR: Certain roles may be subject to U.S. export control laws, requiring U.S. person status as defined by 8 U.S.C. 1324b(a)(3). Please review the job details below. This position requires an active U.S. Government Security Clearance at the TS/SCI level with CI polygraph. This role supports mission users by transforming complex data into actionable insights, improving analysis speed, rigor, and decision quality. The position contributes to AI-enabled, data-driven solutions that help users work across complex datasets at scale, improve operational outcomes, and accelerate the delivery of mission-relevant applications and services. All work is performed in secure environments. Work location is Joint Base Anacostia, Arlington, VA, or Reston, VA. Responsibilities: Prepares assessments of current events based on the sophisticated collection, research and analysis of classified and open-source information
Develops and maintains analytical procedures to meet changing requirements and ensure maximum operations
Collects data using a combination of standard intelligence methods and business processes Minimum Qualifications: Bachelor's or Master's degree with 8-12 years of experience.
Expert in complex requirements analysis, business process modeling, and intelligence assessments.
Leads analytical efforts and mentors junior staff.
Develops sophisticated analytical methodologies.
Active Top Secret clearance with CI Polygraph. Preferred Qualifications: Experience with cloud platforms (e.g., AWS, Azure, or GCP)
Experience with system integration and database management
Relevant technical or project management certifications
Ability to stay current with industry trends and emerging technologies Pay Transparency: In support of pay transparency at Vantor, we disclose salary ranges on all U.S. job postings. The successful candidate’s starting pay will fall within the salary range provided below and is determined based on job-related factors, including, but not limited to, the experience, qualifications, knowledge, skills, geographic work location, and market conditions. Candidates with the minimum necessary experience, qualifications, knowledge, and skillsets for the position should not expect to receive the upper end of the pay range. ● The base pay for this position within the Washington, DC metropolitan area is: $83,000.00 - $139,000.00 annually. For all other states, we use geographic cost of labor as an input to develop market-driven ranges for our roles, and as such, each location where we hire may have a different range. Benefits: Vantor offers a competitive total rewards package that goes beyond the standard, including a robust 401(k) with company match, mental health resources, and unique perks like student loan repayment assistance, adoption reimbursement and pet insurance to support all aspects of your life. You can find more information on our benefits at: https://www.Vantor.com/careers The application window is three days from the date the job is posted and will remain posted until a qualified candidate has been identified for hire. If the job is reposted regardless of reason, it will remain posted three days from the date the job is reposted and will remain reposted until a qualified candidate has been identified for hire. The date of posting can be found on Vantor's Career page at the top of each job posting. To apply, submit your application via Vantor's Career page. EEO Policy: Vantor is an equal opportunity employer committed to an inclusive workplace. We believe in fostering an environment where all team members feel respected, valued, and encouraged to share their ideas. All qualified applicants will receive consideration for employment without regard to race, color, religion, national origin, sex, gender identity, sexual orientation, disability, protected veteran status, age, or any other characteristic protected by law.",USD
Vantor,Software Engineer (Mid),R23749,3 Locations,United States of America,150500.0,onsite,Mid,yes,TS/SCI + Poly,unknown,workday,,2026-06-16T21:19:38Z,https://maxar.wd1.myworkdayjobs.com/en-US/Vantor/job/Bolling-AFB-DC/Software-Engineer--Mid-_R23749,"Vantor is forging the new frontier of spatial intelligence, helping decision makers and operators navigate what’s happening now and shape what’s coming next. Vantor is a place for problem solvers, changemakers, and go-getters—where people are working together to help our customers see the world differently, and in doing so, be seen differently. Come be part of a mission, not just a job, where you can: Shape your own future, build the next big thing, and change the world. To be eligible for this position, you must be a U.S. Citizen. This position requires an active U.S. Government security clearance, applicants who do not currently hold the required clearance will not be eligible for consideration. Employment for cleared roles is contingent upon verification of clearance status. Export Control/ITAR: Certain roles may be subject to U.S. export control laws, requiring U.S. person status as defined by 8 U.S.C. 1324b(a)(3). Please review the job details below. This position requires an active U.S. Government Security Clearance at the TS/SCI level with CI Polygraph. This role helps design, build, integrate, and sustain secure technical capabilities that support high-volume analysis and mission operations. The position contributes to AI-enabled, data-driven solutions that help users work across complex datasets at scale, improve operational outcomes, and accelerate the delivery of mission-relevant applications and services. All work is performed in secure environments. Work location is Joint Base Anacostia, Arlington, VA, or Reston, VA. Responsibilities: Designs, develops, documents, tests and debugs applications software and systems that contain logical and mathematical solutions
Conducts multidisciplinary research and collaborates with equipment designers and/or hardware engineers in the planning, design, development, and utilization of electronic data processing systems for product and commercial software
Determines computer user needs; analyzes system capabilities to resolve problems on program intent, output requirements, input data acquisition, programming techniques and controls; prepares operating instructions; designs and develops compilers and assemblers, utility programs, and operating systems
Ensures software standards are met
Experience with cloud platforms, system integration, and database management is also important
Individual should be strategic, up-to-date with industry trends, and able to align engineering goals with business objectives
Certifications in project management and specific technologies are beneficial Minimum Qualifications: Bachelor's degree in Computer Science or a related field with 4-7 years of software development experience.
Strong proficiency in multiple programming languages, software design methodologies, and development tools.
Experience with CI/CD pipelines and automated testing.
Capable of designing and implementing complex software components with minimal supervision.
Active Top Secret clearance with CI Polygraph. Preferred Qualifications: Experience with cloud platforms (e.g., AWS, Azure, or GCP)
Experience with system integration and database management
Relevant technical or project management certifications
Ability to stay current with industry trends and emerging technologies Pay Transparency: In support of pay transparency at Vantor, we disclose salary ranges on all U.S. job postings. The successful candidate’s starting pay will fall within the salary range provided below and is determined based on job-related factors, including, but not limited to, the experience, qualifications, knowledge, skills, geographic work location, and market conditions. Candidates with the minimum necessary experience, qualifications, knowledge, and skillsets for the position should not expect to receive the upper end of the pay range. ● The base pay for this position within the Washington, DC metropolitan area is: $113,000.00 - $188,000.00 annually. For all other states, we use geographic cost of labor as an input to develop market-driven ranges for our roles, and as such, each location where we hire may have a different range. Benefits: Vantor offers a competitive total rewards package that goes beyond the standard, including a robust 401(k) with company match, mental health resources, and unique perks like student loan repayment assistance, adoption reimbursement and pet insurance to support all aspects of your life. You can find more information on our benefits at: https://www.Vantor.com/careers The application window is three days from the date the job is posted and will remain posted until a qualified candidate has been identified for hire. If the job is reposted regardless of reason, it will remain posted three days from the date the job is reposted and will remain reposted until a qualified candidate has been identified for hire. The date of posting can be found on Vantor's Career page at the top of each job posting. To apply, submit your application via Vantor's Career page. EEO Policy: Vantor is an equal opportunity employer committed to an inclusive workplace. We believe in fostering an environment where all team members feel respected, valued, and encouraged to share their ideas. All qualified applicants will receive consideration for employment without regard to race, color, religion, national origin, sex, gender identity, sexual orientation, disability, protected veteran status, age, or any other characteristic protected by law.",USD
Vantor,UI/UX Designer (Senior),R23750,3 Locations,United States of America,150500.0,onsite,Senior,yes,TS/SCI + Poly,unknown,workday,,2026-06-16T21:19:42Z,https://maxar.wd1.myworkdayjobs.com/en-US/Vantor/job/Bolling-AFB-DC/UI-UX-Designer--Senior-_R23750,"Vantor is forging the new frontier of spatial intelligence, helping decision makers and operators navigate what’s happening now and shape what’s coming next. Vantor is a place for problem solvers, changemakers, and go-getters—where people are working together to help our customers see the world differently, and in doing so, be seen differently. Come be part of a mission, not just a job, where you can: Shape your own future, build the next big thing, and change the world. To be eligible for this position, you must be a U.S. Citizen. This position requires an active U.S. Government security clearance, applicants who do not currently hold the required clearance will not be eligible for consideration. Employment for cleared roles is contingent upon verification of clearance status. Export Control/ITAR: Certain roles may be subject to U.S. export control laws, requiring U.S. person status as defined by 8 U.S.C. 1324b(a)(3). Please review the job details below. This position requires an active U.S. Government Security Clearance at the TS/SCI level with CI Polygraph. This role improves user experience, usability, and mission workflow effectiveness through intuitive interface design and human-centered product development. The position contributes to AI-enabled, data-driven solutions that help users work across complex datasets at scale, improve operational outcomes, and accelerate the delivery of mission-relevant applications and services. All work is performed in secure environments. Work location is Joint Base Anacostia, Arlington, VA, or Reston, VA. Responsibilities: Proficient in design tools like Adobe Creative Suite, Sketch, or Figma, and have a basic understanding of front-end development
Key skills include user research, responsive design, and knowledge of the latest UI/UX trends and accessibility standards
Strong problem- solving abilities, effective communication skills, creativity, and attention to detail are essential to collaborate with cross-functional teams and create user-centric designs
Certifications can further enhance a candidate's qualifications Minimum Qualifications: Bachelor's or Master's degree with 8-12 years of experience.
Expert in user experience design methodologies and accessibility standards.
Leads design for major systems and establishes design systems and standards for consistent user experiences across applications.
Active Top Secret clearance with CI Polygraph. Preferred Qualifications: Experience with cloud platforms (e.g., AWS, Azure, or GCP)
Experience with system integration and database management
Relevant technical or project management certifications
Ability to stay current with industry trends and emerging technologies Pay Transparency: In support of pay transparency at Vantor, we disclose salary ranges on all U.S. job postings. The successful candidate’s starting pay will fall within the salary range provided below and is determined based on job-related factors, including, but not limited to, the experience, qualifications, knowledge, skills, geographic work location, and market conditions. Candidates with the minimum necessary experience, qualifications, knowledge, and skillsets for the position should not expect to receive the upper end of the pay range. ● The base pay for this position within the Washington, DC metropolitan area is: $113,000.00 - $188,000.00 annually. For all other states, we use geographic cost of labor as an input to develop market-driven ranges for our roles, and as such, each location where we hire may have a different range. Benefits: Vantor offers a competitive total rewards package that goes beyond the standard, including a robust 401(k) with company match, mental health resources, and unique perks like student loan repayment assistance, adoption reimbursement and pet insurance to support all aspects of your life. You can find more information on our benefits at: https://www.Vantor.com/careers The application window is three days from the date the job is posted and will remain posted until a qualified candidate has been identified for hire. If the job is reposted regardless of reason, it will remain posted three days from the date the job is reposted and will remain reposted until a qualified candidate has been identified for hire. The date of posting can be found on Vantor's Career page at the top of each job posting. To apply, submit your application via Vantor's Career page. EEO Policy: Vantor is an equal opportunity employer committed to an inclusive workplace. We believe in fostering an environment where all team members feel respected, valued, and encouraged to share their ideas. All qualified applicants will receive consideration for employment without regard to race, color, religion, national origin, sex, gender identity, sexual orientation, disability, protected veteran status, age, or any other characteristic protected by law.",USD
Vantor,GIS Engineer (Jr),R23748,3 Locations,United States of America,89000.0,onsite,Mid,yes,TS/SCI + Poly,unknown,workday,,2026-06-16T21:19:46Z,https://maxar.wd1.myworkdayjobs.com/en-US/Vantor/job/Bolling-AFB-DC/GIS-Engineer--Jr-_R23748,"Vantor is forging the new frontier of spatial intelligence, helping decision makers and operators navigate what’s happening now and shape what’s coming next. Vantor is a place for problem solvers, changemakers, and go-getters—where people are working together to help our customers see the world differently, and in doing so, be seen differently. Come be part of a mission, not just a job, where you can: Shape your own future, build the next big thing, and change the world. To be eligible for this position, you must be a U.S. Citizen. This position requires an active U.S. Government security clearance, applicants who do not currently hold the required clearance will not be eligible for consideration. Employment for cleared roles is contingent upon verification of clearance status. Export Control/ITAR: Certain roles may be subject to U.S. export control laws, requiring U.S. person status as defined by 8 U.S.C. 1324b(a)(3). Please review the job details below. This position requires an active U.S. Government Security Clearance at the TS/SCI level with CI Polygraph. This role helps design, build, integrate, and sustain secure technical capabilities that support high-volume analysis and mission operations. The position contributes to AI-enabled, data-driven solutions that help users work across complex datasets at scale, improve operational outcomes, and accelerate the delivery of mission-relevant applications and services. All work is performed in secure environments. Work location is Joint Base Anacostia, Arlington, VA, or Reston, VA. Responsibilities: Design, analyze and develop geo-spatial solutions and product specifications for infrastructure, hydrographic and physiographic features for global geo-spatial images and vector products
Performs geographic information systems (GIS) analyses on natural resources data
Plans, designs, develops, documents and analyzes spatial and relational databases
Applies software to manage spatial and related tabular data
Builds databases by capturing map information with coordinate digitizer
Produces computer map products depicting contents of databases, Locates sources of GIS data Minimum Qualifications: Bachelor's degree in GIS or related field with 0-3 years of experience.
Experience with GIS software and spatial data analysis.
Develops geospatial applications and performs complex GIS analyses to support intelligence requirements.
Active Top Secret clearance with CI Polygraph. Preferred Qualifications: Experience with cloud platforms (e.g., AWS, Azure, or GCP)
Experience with system integration and database management
Relevant technical or project management certifications
Ability to stay current with industry trends and emerging technologies Pay Transparency: In support of pay transparency at Vantor, we disclose salary ranges on all U.S. job postings. The successful candidate’s starting pay will fall within the salary range provided below and is determined based on job-related factors, including, but not limited to, the experience, qualifications, knowledge, skills, geographic work location, and market conditions. Candidates with the minimum necessary experience, qualifications, knowledge, and skillsets for the position should not expect to receive the upper end of the pay range. ● The base pay for this position within the Washington, DC metropolitan area is: $67,000.00 - $111,000.00 annually. For all other states, we use geographic cost of labor as an input to develop market-driven ranges for our roles, and as such, each location where we hire may have a different range. Benefits: Vantor offers a competitive total rewards package that goes beyond the standard, including a robust 401(k) with company match, mental health resources, and unique perks like student loan repayment assistance, adoption reimbursement and pet insurance to support all aspects of your life. You can find more information on our benefits at: https://www.Vantor.com/careers The application window is three days from the date the job is posted and will remain posted until a qualified candidate has been identified for hire. If the job is reposted regardless of reason, it will remain posted three days from the date the job is reposted and will remain reposted until a qualified candidate has been identified for hire. The date of posting can be found on Vantor's Career page at the top of each job posting. To apply, submit your application via Vantor's Career page. EEO Policy: Vantor is an equal opportunity employer committed to an inclusive workplace. We believe in fostering an environment where all team members feel respected, valued, and encouraged to share their ideas. All qualified applicants will receive consideration for employment without regard to race, color, religion, national origin, sex, gender identity, sexual orientation, disability, protected veteran status, age, or any other characteristic protected by law.",USD
Vantor,GIS Engineer (Mid),R23747,3 Locations,United States of America,111000.0,onsite,Mid,yes,TS/SCI + Poly,unknown,workday,,2026-06-16T21:19:50Z,https://maxar.wd1.myworkdayjobs.com/en-US/Vantor/job/Bolling-AFB-DC/GIS-Engineer--Mid-_R23747-1,"Vantor is forging the new frontier of spatial intelligence, helping decision makers and operators navigate what’s happening now and shape what’s coming next. Vantor is a place for problem solvers, changemakers, and go-getters—where people are working together to help our customers see the world differently, and in doing so, be seen differently. Come be part of a mission, not just a job, where you can: Shape your own future, build the next big thing, and change the world. To be eligible for this position, you must be a U.S. Citizen. This position requires an active U.S. Government security clearance, applicants who do not currently hold the required clearance will not be eligible for consideration. Employment for cleared roles is contingent upon verification of clearance status. Export Control/ITAR: Certain roles may be subject to U.S. export control laws, requiring U.S. person status as defined by 8 U.S.C. 1324b(a)(3). Please review the job details below. This position requires an active U.S. Government Security Clearance at the TS/SCI level with CI Poly. This role helps design, build, integrate, and sustain secure technical capabilities that support high-volume analysis and mission operations. The position contributes to AI-enabled, data-driven solutions that help users work across complex datasets at scale, improve operational outcomes, and accelerate the delivery of mission-relevant applications and services. All work is performed in secure environments. Work location is Joint Base Anacostia, Arlington, VA, or Reston, VA. Responsibilities: Design, analyze and develop geo-spatial solutions and product specifications for infrastructure, hydrographic and physiographic features for global geo-spatial images and vector products
Performs geographic information systems (GIS) analyses on natural resources data
Plans, designs, develops, documents and analyzes spatial and relational databases
Applies software to manage spatial and related tabular data
Builds databases by capturing map information with coordinate digitizer
Produces computer map products depicting contents of databases, Locates sources of GIS data Minimum Qualifications: Bachelor's degree in GIS or related field with 4-7 years of experience.
Experience with GIS software and spatial data analysis.
Develops geospatial applications and performs complex GIS analyses to support intelligence requirements.
Active Top Secret clearance with CI Polygraph. Preferred Qualifications: Experience with cloud platforms (e.g., AWS, Azure, or GCP)
Experience with system integration and database management
Relevant technical or project management certifications
Ability to stay current with industry trends and emerging technologies Pay Transparency: In support of pay transparency at Vantor, we disclose salary ranges on all U.S. job postings. The successful candidate’s starting pay will fall within the salary range provided below and is determined based on job-related factors, including, but not limited to, the experience, qualifications, knowledge, skills, geographic work location, and market conditions. Candidates with the minimum necessary experience, qualifications, knowledge, and skillsets for the position should not expect to receive the upper end of the pay range. ● The base pay for this position within the Washington, DC metropolitan area is: $83,000.00 - $139,000.00 annually. For all other states, we use geographic cost of labor as an input to develop market-driven ranges for our roles, and as such, each location where we hire may have a different range. Benefits: Vantor offers a competitive total rewards package that goes beyond the standard, including a robust 401(k) with company match, mental health resources, and unique perks like student loan repayment assistance, adoption reimbursement and pet insurance to support all aspects of your life. You can find more information on our benefits at: https://www.Vantor.com/careers The application window is three days from the date the job is posted and will remain posted until a qualified candidate has been identified for hire. If the job is reposted regardless of reason, it will remain posted three days from the date the job is reposted and will remain reposted until a qualified candidate has been identified for hire. The date of posting can be found on Vantor's Career page at the top of each job posting. To apply, submit your application via Vantor's Career page. EEO Policy: Vantor is an equal opportunity employer committed to an inclusive workplace. We believe in fostering an environment where all team members feel respected, valued, and encouraged to share their ideas. All qualified applicants will receive consideration for employment without regard to race, color, religion, national origin, sex, gender identity, sexual orientation, disability, protected veteran status, age, or any other characteristic protected by law.",USD
Vantor,GIS Engineer (Senior),R23746,3 Locations,United States of America,142500.0,onsite,Senior,yes,TS/SCI + Poly,unknown,workday,,2026-06-16T21:19:54Z,https://maxar.wd1.myworkdayjobs.com/en-US/Vantor/job/Bolling-AFB-DC/GIS-Engineer--Senior-_R23746,"Vantor is forging the new frontier of spatial intelligence, helping decision makers and operators navigate what’s happening now and shape what’s coming next. Vantor is a place for problem solvers, changemakers, and go-getters—where people are working together to help our customers see the world differently, and in doing so, be seen differently. Come be part of a mission, not just a job, where you can: Shape your own future, build the next big thing, and change the world. To be eligible for this position, you must be a U.S. Citizen. This position requires an active U.S. Government security clearance, applicants who do not currently hold the required clearance will not be eligible for consideration. Employment for cleared roles is contingent upon verification of clearance status. Export Control/ITAR: Certain roles may be subject to U.S. export control laws, requiring U.S. person status as defined by 8 U.S.C. 1324b(a)(3). Please review the job details below. This position requires an active U.S. Government Security Clearance at the TS/SCI level with CI Polygraph. This role helps design, build, integrate, and sustain secure technical capabilities that support high-volume analysis and mission operations. The position contributes to AI-enabled, data-driven solutions that help users work across complex datasets at scale, improve operational outcomes, and accelerate the delivery of mission-relevant applications and services. All work is performed in secure environments. Work location is Joint Base Anacostia, Arlington, VA, or Reston, VA. Responsibilities: Design, analyze and develop geo-spatial solutions and product specifications for infrastructure, hydrographic and physiographic features for global geo-spatial images and vector products
Performs geographic information systems (GIS) analyses on natural resources data
Plans, designs, develops, documents and analyzes spatial and relational databases
Applies software to manage spatial and related tabular data
Builds databases by capturing map information with coordinate digitizer
Produces computer map products depicting contents of databases, Locates sources of GIS data Minimum Qualifications: Bachelor's or Master's degree with 8-12 years of experience.
Expert in advanced GIS technologies and spatial modeling.
Leads GIS projects and designs complex geospatial solutions for intelligence applications.
Active Top Secret clearance with CI Polygraph. Preferred Qualifications: Experience with cloud platforms (e.g., AWS, Azure, or GCP)
Experience with system integration and database management
Relevant technical or project management certifications
Ability to stay current with industry trends and emerging technologies Pay Transparency: In support of pay transparency at Vantor, we disclose salary ranges on all U.S. job postings. The successful candidate’s starting pay will fall within the salary range provided below and is determined based on job-related factors, including, but not limited to, the experience, qualifications, knowledge, skills, geographic work location, and market conditions. Candidates with the minimum necessary experience, qualifications, knowledge, and skillsets for the position should not expect to receive the upper end of the pay range. ● The base pay for this position within the Washington, DC metropolitan area is: $107,000.00 - $178,000.00 annually. For all other states, we use geographic cost of labor as an input to develop market-driven ranges for our roles, and as such, each location where we hire may have a different range. Benefits: Vantor offers a competitive total rewards package that goes beyond the standard, including a robust 401(k) with company match, mental health resources, and unique perks like student loan repayment assistance, adoption reimbursement and pet insurance to support all aspects of your life. You can find more information on our benefits at: https://www.Vantor.com/careers The application window is three days from the date the job is posted and will remain posted until a qualified candidate has been identified for hire. If the job is reposted regardless of reason, it will remain posted three days from the date the job is reposted and will remain reposted until a qualified candidate has been identified for hire. The date of posting can be found on Vantor's Career page at the top of each job posting. To apply, submit your application via Vantor's Career page. EEO Policy: Vantor is an equal opportunity employer committed to an inclusive workplace. We believe in fostering an environment where all team members feel respected, valued, and encouraged to share their ideas. All qualified applicants will receive consideration for employment without regard to race, color, religion, national origin, sex, gender identity, sexual orientation, disability, protected veteran status, age, or any other characteristic protected by law.",USD
Vantor,GIS Engineer (SME),R23745,3 Locations,United States of America,196000.0,onsite,Mid,yes,TS/SCI + Poly,unknown,workday,,2026-06-16T21:19:58Z,https://maxar.wd1.myworkdayjobs.com/en-US/Vantor/job/Bolling-AFB-DC/GIS-Engineer--SME-_R23745,"Vantor is forging the new frontier of spatial intelligence, helping decision makers and operators navigate what’s happening now and shape what’s coming next. Vantor is a place for problem solvers, changemakers, and go-getters—where people are working together to help our customers see the world differently, and in doing so, be seen differently. Come be part of a mission, not just a job, where you can: Shape your own future, build the next big thing, and change the world. To be eligible for this position, you must be a U.S. Citizen. This position requires an active U.S. Government security clearance, applicants who do not currently hold the required clearance will not be eligible for consideration. Employment for cleared roles is contingent upon verification of clearance status. Export Control/ITAR: Certain roles may be subject to U.S. export control laws, requiring U.S. person status as defined by 8 U.S.C. 1324b(a)(3). Please review the job details below. This position requires an active U.S. Government Security Clearance at the TS/SCI level with CI Polygraph. This role helps design, build, integrate, and sustain secure technical capabilities that support high-volume analysis and mission operations. The position contributes to AI-enabled, data-driven solutions that help users work across complex datasets at scale, improve operational outcomes, and accelerate the delivery of mission-relevant applications and services. All work is performed in secure environments. Work location is Joint Base Anacostia, Arlington, VA, or Reston, VA. Responsibilities: Design, analyze and develop geo-spatial solutions and product specifications for infrastructure, hydrographic and physiographic features for global geo-spatial images and vector products
Performs geographic information systems (GIS) analyses on natural resources data
Plans, designs, develops, documents and analyzes spatial and relational databases
Applies software to manage spatial and related tabular data
Builds databases by capturing map information with coordinate digitizer
Produces computer map products depicting contents of databases, Locates sources of GIS data Minimum Qualifications: Bachelor's or Master's degree with 13+ years of experience.
Expert in advanced GIS technologies and spatial modeling.
Leads GIS projects and designs complex geospatial solutions for intelligence applications.
Active Top Secret clearance with CI Polygraph. Preferred Qualifications: Experience with cloud platforms (e.g., AWS, Azure, or GCP)
Experience with system integration and database management
Relevant technical or project management certifications
Ability to stay current with industry trends and emerging technologies Pay Transparency: In support of pay transparency at Vantor, we disclose salary ranges on all U.S. job postings. The successful candidate’s starting pay will fall within the salary range provided below and is determined based on job-related factors, including, but not limited to, the experience, qualifications, knowledge, skills, geographic work location, and market conditions. Candidates with the minimum necessary experience, qualifications, knowledge, and skillsets for the position should not expect to receive the upper end of the pay range. ● The base pay for this position within the Washington, DC metropolitan area is: $147,000.00 - $245,000.00 annually. For all other states, we use geographic cost of labor as an input to develop market-driven ranges for our roles, and as such, each location where we hire may have a different range. Benefits: Vantor offers a competitive total rewards package that goes beyond the standard, including a robust 401(k) with company match, mental health resources, and unique perks like student loan repayment assistance, adoption reimbursement and pet insurance to support all aspects of your life. You can find more information on our benefits at: https://www.Vantor.com/careers The application window is three days from the date the job is posted and will remain posted until a qualified candidate has been identified for hire. If the job is reposted regardless of reason, it will remain posted three days from the date the job is reposted and will remain reposted until a qualified candidate has been identified for hire. The date of posting can be found on Vantor's Career page at the top of each job posting. To apply, submit your application via Vantor's Career page. EEO Policy: Vantor is an equal opportunity employer committed to an inclusive workplace. We believe in fostering an environment where all team members feel respected, valued, and encouraged to share their ideas. All qualified applicants will receive consideration for employment without regard to race, color, religion, national origin, sex, gender identity, sexual orientation, disability, protected veteran status, age, or any other characteristic protected by law.",USD
Vantor,Ground Systems Test Engineer (Secret clearance),R23740,2 Locations,United States of America,120000.0,remote,Mid,yes,TS/SCI,unknown,workday,,2026-06-16T21:20:02Z,https://maxar.wd1.myworkdayjobs.com/en-US/Vantor/job/Buckley-AFB-CO/Ground-Systems-Test-Engineer--Secret-clearance-_R23740,"Vantor is forging the new frontier of spatial intelligence, helping decision makers and operators navigate what’s happening now and shape what’s coming next. Vantor is a place for problem solvers, changemakers, and go-getters—where people are working together to help our customers see the world differently, and in doing so, be seen differently. Come be part of a mission, not just a job, where you can: Shape your own future, build the next big thing, and change the world. To be eligible for this position, you must be a U.S. Citizen. This position requires an active U.S. Government security clearance, applicants who do not currently hold the required clearance will not be eligible for consideration. Employment for cleared roles is contingent upon verification of clearance status. Export Control/ITAR: Certain roles may be subject to U.S. export control laws, requiring U.S. person status as defined by 8 U.S.C. 1324b(a)(3). Please review the job details below. At Vantor, you’ll work with the U.S. Space Force as part of the effort to develop and rapidly deploy the next generation of resilient Missile Warning (MW), Tactical Intelligence, Surveillance, and Reconnaissance (TISR), and Environmental Monitoring (EM) capabilities to deter attacks and provide critical information to our warfighters to defeat our enemies in battle. Within this role, you’ll test, analyze, evaluate, verify, and validate these systems, and identify areas requiring urgent mitigation up-front and early to develop this system with advanced technology solutions. Your functional expertise, communication and collaboration skills, and attention to detail will be vital as you contribute to the acquisition and development of space sensing capabilities. Join our team and create the future of Remote Sensing in the Space Force. Due to the nature of work performed within this facility, U.S. citizenship is required. Qualifications: Secret clearance Bachelor's degree in an Engineering, Mathematics, Physics, or Technology field 6+ years of experience working/planning on test and evaluation, and system integration on Major Defense Acquisition Programs, including complex ground software, and hardware systems 6+ years of experience working in a collaborative team environment, developing test strategies, plans, reports, and briefings, and participating in test execution, verification, or analysis Experience supporting overall engineering integration of systems engineering and integration efforts for the DoD, government agencies, or commercial programs Knowledge of systems engineering standards, including IEEE 15288.1 and IEEE 15288.2 Ability to define, develop, maintain, and execute large-scale system test plans and overarching test and evaluation strategy documents, including Test and Evaluation Strategy (TES), Test and Evaluation Master Plans (TEMP), System Integration Test Plans (SITP), Enterprise Verification Plans (EVP), Verification Cross Reference Matrices (VCRM), and Requirements Verification Files (RVFs) Ability to communicate and establish collaborative relationships with government clients, Federally Funded Research and Developmental Centers (FFRDC), and associate contractor teammates to achieve program goals Preferred Qualifications: TS/SCI clearance Master’s degree in an Engineering, Mathematics, Physics, or Technology field Experience performing systems engineering, integration, and testing on ground-based remote sensing systems Experience with portfolio and program verification, interoperability, validation and certification, and operational acceptance Experience planning, executing, and reporting testing on behalf of the Lead Developmental Test Organization or the Operational Test Agency. Experience planning and executing program reviews throughout the lifecycle of the system Experience using Model-Based Systems Engineering tools to manage system definitions and technical baselines Knowledge of DoD 5000.01, 5000.02, 5000.89, 5000.98 or 5000.100 CTEP or INCOSE Systems Engineering Professional Certifications such as ASEP, CSEP, or ESEP Certification Clearance: Secret The position will require at least 2-3x per week on site. Meetings/schedules may require more days on site. #cjpost #LI-CJ1 Pay Transparency: In support of pay transparency at Vantor, we disclose salary ranges on all U.S. job postings. The successful candidate’s starting pay will fall within the salary range provided below and is determined based on job-related factors, including, but not limited to, the experience, qualifications, knowledge, skills, geographic work location, and market conditions. Candidates with the minimum necessary experience, qualifications, knowledge, and skillsets for the position should not expect to receive the upper end of the pay range. ● The base pay for this position within Colorado is: $90,000.00 - $150,000.00 annually. For all other states, we use geographic cost of labor as an input to develop market-driven ranges for our roles, and as such, each location where we hire may have a different range. Benefits: Vantor offers a competitive total rewards package that goes beyond the standard, including a robust 401(k) with company match, mental health resources, and unique perks like student loan repayment assistance, adoption reimbursement and pet insurance to support all aspects of your life. You can find more information on our benefits at: https://www.Vantor.com/careers The application window is three days from the date the job is posted and will remain posted until a qualified candidate has been identified for hire. If the job is reposted regardless of reason, it will remain posted three days from the date the job is reposted and will remain reposted until a qualified candidate has been identified for hire. The date of posting can be found on Vantor's Career page at the top of each job posting. To apply, submit your application via Vantor's Career page. EEO Policy: Vantor is an equal opportunity employer committed to an inclusive workplace. We believe in fostering an environment where all team members feel respected, valued, and encouraged to share their ideas. All qualified applicants will receive consideration for employment without regard to race, color, religion, national origin, sex, gender identity, sexual orientation, disability, protected veteran status, age, or any other characteristic protected by law.",USD
Vantor,Staff Applied AI Engineer,R23677,"Westminster, CO",United States of America,165000.0,remote,Principal,us_person,unknown,unknown,workday,,2026-06-16T21:20:06Z,https://maxar.wd1.myworkdayjobs.com/en-US/Vantor/job/Westminster-CO/Staff-Applied-AI-Engineer_R23677,"Vantor is forging the new frontier of spatial intelligence, helping decision makers and operators navigate what’s happening now and shape what’s coming next. Vantor is a place for problem solvers, changemakers, and go-getters—where people are working together to help our customers see the world differently, and in doing so, be seen differently. Come be part of a mission, not just a job, where you can: Shape your own future, build the next big thing, and change the world. To be eligible for this position, you must be a U.S. Person, defined as a U.S. citizen, permanent resident, Asylee, or Refugee. Export Control/ITAR: Certain roles may be subject to U.S. export control laws, requiring U.S. person status as defined by 8 U.S.C. 1324b(a)(3). Please review the job details below. We are seeking a hands-on Staff-level Applied AI Engineer to build the next generation of decision intelligence within our mission planning systems. This role focuses on learning from historical mission data, quantifying economic outcomes, and improving planning decisions through optimization and machine learning. You will operate as a roving specialist across our engineering organization, working at the intersection of data, algorithms, and operational systems to unlock measurable business impact. This is not a generic AI role. You will be solving real-world constrained optimization problems with direct revenue implications. The next generation MPS system doesn’t just automate—it needs to both think and act. With AI built in, MPS will function as a digital operator capable of scheduling tasks on specific sensors and autonomously managing and optimizing constellations, while keeping human operators in the loop with auditable controls. Cybersecurity must be engineered in—not bolted on. The system will align to zero trust principles and modern DevSecOps practices to accelerate accreditation and deployment across missions. An open architecture and integrated data layer will enable secure collaboration with allies without sacrificing security. This system must be cloud-native and capable of operating from anywhere. With remote access and seamless integration across terrestrial and space-based networks, operators will compress satellite tasking cycles from days to minutes while maintaining secure operations (potentially) globally. What You’ll Do • Develop models to attribute revenue to individual collection plans • Build counterfactual and simulation frameworks to evaluate alternative strategies • Design decision-support systems used daily by mission planners • Apply optimization, reinforcement learning, and heuristic approaches • Map system complexity and identify efficiency improvements • Rapidly prototype solutions using AI-assisted development tools • Collaborate across engineering, data, and product teams · Engineer AI-driven capabilities that enable MPS to act as an autonomous or semi-autonomous operator, balancing automation with human-in-the-loop control · Design and build systems aligned to zero trust and DevSecOps principles, ensuring security is foundational—not an afterthought · Contribute to open architecture and integrated data layer strategies that enable secure collaboration with partners and allied systems · Build and deploy cloud-native solutions that enable remote mission operations and dramatically reduce planning cycle times What Success Looks Like (12–18 Months) • A decision-support system is actively used by planners in daily operations · Vantor can quantify revenue at the level of individual collection plans · Teams can evaluate alternative planning strategies with measurable economic outcomes · Early-stage learning systems (optimization / RL) are improving planning performance over time Minimum Qualifications • 5+ years building data-driven or ML-powered systems • Strong Python or similar programming skills • Experience with optimization, simulation, or decision systems • Ability to work in complex problem spaces • U.S. Citizenship required · Bachelor’s or Master’s degree in Computer Science, Applied Mathematics, Operations Research, Engineering, or a related field Preferred Qualifications • Experience with operations research or reinforcement learning • Background in decision science or economics • Experience with simulation environments • Familiarity with geospatial or satellite systems • Experience in mission-critical or ITAR environments Pay Transparency: In support of pay transparency at Vantor, we disclose salary ranges on all U.S. job postings. The successful candidate’s starting pay will fall within the salary range provided below and is determined based on job-related factors, including, but not limited to, the experience, qualifications, knowledge, skills, geographic work location, and market conditions. Candidates with the minimum necessary experience, qualifications, knowledge, and skillsets for the position should not expect to receive the upper end of the pay range. ● The base pay for this position within Colorado is: $124,000.00 - $206,000.00 annually. For all other states, we use geographic cost of labor as an input to develop market-driven ranges for our roles, and as such, each location where we hire may have a different range. Benefits: Vantor offers a competitive total rewards package that goes beyond the standard, including a robust 401(k) with company match, mental health resources, and unique perks like student loan repayment assistance, adoption reimbursement and pet insurance to support all aspects of your life. You can find more information on our benefits at: https://www.Vantor.com/careers Additionally, this position is incentive eligible with a target based on contribution, company performance, and/or individual results achieved; the specific incentive plan and target amount will be determined based on the role and breadth of contributions. The application window is three days from the date the job is posted and will remain posted until a qualified candidate has been identified for hire. If the job is reposted regardless of reason, it will remain posted three days from the date the job is reposted and will remain reposted until a qualified candidate has been identified for hire. The date of posting can be found on Vantor's Career page at the top of each job posting. To apply, submit your application via Vantor's Career page. EEO Policy: Vantor is an equal opportunity employer committed to an inclusive workplace. We believe in fostering an environment where all team members feel respected, valued, and encouraged to share their ideas. All qualified applicants will receive consideration for employment without regard to race, color, religion, national origin, sex, gender identity, sexual orientation, disability, protected veteran status, age, or any other characteristic protected by law.",USD
Vantor,Staff Edge Compute Systems Engineer,R23700,"Westminster, CO",United States of America,136000.0,onsite,Principal,yes,Secret,unknown,workday,,2026-06-16T21:20:10Z,https://maxar.wd1.myworkdayjobs.com/en-US/Vantor/job/Westminster-CO/Staff-Edge-Compute-Systems-Engineer_R23700,"Vantor is forging the new frontier of spatial intelligence, helping decision makers and operators navigate what’s happening now and shape what’s coming next. Vantor is a place for problem solvers, changemakers, and go-getters—where people are working together to help our customers see the world differently, and in doing so, be seen differently. Come be part of a mission, not just a job, where you can: Shape your own future, build the next big thing, and change the world. To be eligible for this position, you must be a U.S. Person, defined as a U.S. citizen, permanent resident, Asylee, or Refugee. Export Control/ITAR: Certain roles may be subject to U.S. export control laws, requiring U.S. person status as defined by 8 U.S.C. 1324b(a)(3). Please review the job details below. Vantor is currently seeking a Staff Edge Compute Systems Engineer to join our SpaceWrx Engineering team in Westminster, CO. Our team within the SpaceWrx organization is responsible for defining and managing the design, development, and deployment of resilient, autonomous space systems that push advanced computation and AI closer to where data is generated: on-orbit. We are seeking a senior Edge Compute Engineer fluent in embedded software, compute hardware, and on-orbit AI/ML integration. This role plays a central part in the full lifecycle of onboard processing — from architecture and hardware selection, through integration, deployment, and operational performance. You will work at the intersection of: · High-performance embedded software · Compute hardware architecture · Satellite interfaces and avionics integration · Edge AI and real-time processing Responsibilities: · Contribute to the architecture and development of Vantor’s GPU-accelerated onboard compute platform through flight deployment. · Help guide technical direction for NVIDIA-based embedded systems, balancing performance, power, reliability, and scalability. · Design and optimize GPU-accelerated compute stacks for on-orbit AI/ML inference under strict spaceflight constraints. · Develop high-performance C/C++ and GPU-accelerated components where efficiency is mission-critical. · Lead full-stack performance optimization, including memory management, model acceleration, quantization, and runtime tuning. · Integrate compute subsystems with spacecraft avionics, sensors, radios, and command/telemetry systems. · Contribute to system bring-up, hardware-in-the-loop validation, profiling, and flight-representative testing. · Design for reliability, fault tolerance, and autonomous operation in constrained or degraded environments. · Evaluate emerging onboard processing approaches and applications and determine which warrant system-level integration. · Deliver production-grade systems ready for operational deployment. Minimum requirements: · Must be a U.S. citizen and possess, or have the ability to obtain, a U.S. Government Secret security clearance · Bachelor’s or Master’s degree in Computer Science, Electrical/Computer Engineering, Systems Engineering, or equivalent experience. · Significant experience developing software for space, aerospace, or other mission-critical embedded systems. · Strong C/C++ expertise for performance-critical, real-time systems. · Experience optimizing software in resource-constrained environments (power, thermal, memory, latency). · Experience with Linux-based embedded platforms, cross-compilation, debugging, and performance tuning. · Strong understanding of compute architectures (memory hierarchy, concurrency, scheduling, hardware acceleration). · Experience deploying or optimizing AI/ML inference workloads in embedded or edge environments. · Familiarity with spacecraft or aerospace subsystem interfaces (e.g., SpaceWire, CAN, Ethernet, PCIe, telemetry/command architectures). · Ability to operate independently, communicate architectural decisions clearly, and drive technically complex initiatives with minimal oversight. · Proven ability to collaborate effectively across multidisciplinary engineering teams. Preferred Requirements: · Experience with NVIDIA GPUs or GPU-accelerated systems (CUDA a plus). · Familiarity with AI/ML inference acceleration frameworks (TensorRT, ONNX Runtime, or similar). · Exposure to radiation-aware design or flight-qualified hardware considerations. · Experience supporting system bring-up, HIL testing, or flight validation. · Experience tuning inference performance in constrained edge environments. · Background in distributed, fault-tolerant, or autonomous systems. #LI-MG1 Pay Transparency: In support of pay transparency at Vantor, we disclose salary ranges on all U.S. job postings. The successful candidate’s starting pay will fall within the salary range provided below and is determined based on job-related factors, including, but not limited to, the experience, qualifications, knowledge, skills, geographic work location, and market conditions. Candidates with the minimum necessary experience, qualifications, knowledge, and skillsets for the position should not expect to receive the upper end of the pay range. ● The base pay for this position within Colorado is: $102,000.00 - $170,000.00 annually. For all other states, we use geographic cost of labor as an input to develop market-driven ranges for our roles, and as such, each location where we hire may have a different range. Benefits: Vantor offers a competitive total rewards package that goes beyond the standard, including a robust 401(k) with company match, mental health resources, and unique perks like student loan repayment assistance, adoption reimbursement and pet insurance to support all aspects of your life. You can find more information on our benefits at: https://www.Vantor.com/careers Additionally, this position is incentive eligible with a target based on contribution, company performance, and/or individual results achieved; the specific incentive plan and target amount will be determined based on the role and breadth of contributions. The application window is three days from the date the job is posted and will remain posted until a qualified candidate has been identified for hire. If the job is reposted regardless of reason, it will remain posted three days from the date the job is reposted and will remain reposted until a qualified candidate has been identified for hire. The date of posting can be found on Vantor's Career page at the top of each job posting. To apply, submit your application via Vantor's Career page. EEO Policy: Vantor is an equal opportunity employer committed to an inclusive workplace. We believe in fostering an environment where all team members feel respected, valued, and encouraged to share their ideas. All qualified applicants will receive consideration for employment without regard to race, color, religion, national origin, sex, gender identity, sexual orientation, disability, protected veteran status, age, or any other characteristic protected by law.",USD
Vantor,"Senior Account Executive, U.S. Government (TS)",R23656,"Herndon, VA",United States of America,292000.0,hybrid,Senior,us_person,unknown,unknown,workday,,2026-06-16T21:20:14Z,https://maxar.wd1.myworkdayjobs.com/en-US/Vantor/job/Herndon-VA/Senior-Account-Executive--US-Government--TS-_R23656,"Vantor is forging the new frontier of spatial intelligence, helping decision makers and operators navigate what’s happening now and shape what’s coming next. Vantor is a place for problem solvers, changemakers, and go-getters—where people are working together to help our customers see the world differently, and in doing so, be seen differently. Come be part of a mission, not just a job, where you can: Shape your own future, build the next big thing, and change the world. To be eligible for this position, you must be a U.S. Person, defined as a U.S. citizen, permanent resident, Asylee, or Refugee. Export Control/ITAR: Certain roles may be subject to U.S. export control laws, requiring U.S. person status as defined by 8 U.S.C. 1324b(a)(3). Please review the job details below. Location: Herndon, VA (Hybrid)
Clearance: Active TS Required Vantor is seeking driven and results-oriented Senior Account Executive’s to join our U.S. Government team. These roles are responsible for driving growth across Vantor’s portfolio of space-based technologies, geospatial data, and analytics solutions supporting mission-critical operations across DoD, Intelligence Community (IC), and federal civilian agencies (e.g., DHS, Army, SOCOM, NGA, USAF, Navy, Marine Corps). This is a hands-on 50/50 sales role, focused on new business development. You will identify, develop, and close opportunities while building long-term strategic relationships across multiple agencies. Key Responsibilities Develop and execute account strategies to grow Vantor’s footprint across USG customers
Identify, qualify, and close new business opportunities across DoD, IC, and civilian agencies
Manage and expand existing accounts through relationship development, renewals, and program growth
Build and maintain relationships with senior government stakeholders, operators, and partners
Lead and support capture and proposal efforts in collaboration with technical, product, and contracts teams
Maintain accurate pipeline management and forecasting using Salesforce or similar CRM tools
Translate customer mission needs into compelling value propositions and solution strategies
Partner cross-functionally with Product, Engineering, Marketing, Finance, and Legal teams
Represent Vantor at industry events, conferences, and customer engagements
Provide field insight to influence product development and go-to-market strategy Required Qualifications Bachelor’s degree in Business or related field (or equivalent experience)
Active TS clearance
Based in or able to work hybrid in Herndon, VA
5–8+ years of experience in U.S. Government sales, account management, or business development
Proven track record of meeting or exceeding sales quotas in complex, solution-based environments
Experience navigating DoD, IC, or federal acquisition and procurement processes
Strong ability to engage and influence senior-level defense and government stakeholders
Demonstrated success managing both new business capture and account growth
Excellent communication, presentation, and strategic thinking skills
Ability to travel up to 50% Preferred Qualifications Existing relationships within DoD, IC, or federal civilian agencies
Experience in GEOINT, space, ISR, analytics, or advanced technology solutions
Military or government background
Experience managing or contributing to multi-million-dollar deals or portfolios ($5M+)
Familiarity with key organizations such as NGA, SOCOM, Army, USAF, Navy, Marine Corps, DHS, and IC elements
Experience bringing new technologies or products to market What Success Looks Like Consistently achieves or exceeds revenue and bookings targets
Expands Vantor’s presence across multiple USG agencies
Builds trusted relationships with decision-makers and mission users
Drives adoption of Vantor’s full suite of capabilities Pay Transparency: In support of pay transparency at Vantor, we disclose salary ranges on all U.S. job postings. The successful candidate’s starting pay will fall within the salary range provided below and is determined based on job-related factors, including, but not limited to, the experience, qualifications, knowledge, skills, geographic work location, and market conditions. Candidates with the minimum necessary experience, qualifications, knowledge, and skillsets for the position should not expect to receive the upper end of the pay range. ● The pay for this position within the Washington, DC metropolitan area is: $219,000.00 - $365,000.00 annually. For all other states, we use geographic cost of labor as an input to develop market-driven ranges for our roles, and as such, each location where we hire may have a different range. Benefits: Vantor offers a competitive total rewards package that goes beyond the standard, including a robust 401(k) with company match, mental health resources, and unique perks like student loan repayment assistance, adoption reimbursement and pet insurance to support all aspects of your life. You can find more information on our benefits at: https://www.Vantor.com/careers The application window is three days from the date the job is posted and will remain posted until a qualified candidate has been identified for hire. If the job is reposted regardless of reason, it will remain posted three days from the date the job is reposted and will remain reposted until a qualified candidate has been identified for hire. The date of posting can be found on Vantor's Career page at the top of each job posting. To apply, submit your application via Vantor's Career page. EEO Policy: Vantor is an equal opportunity employer committed to an inclusive workplace. We believe in fostering an environment where all team members feel respected, valued, and encouraged to share their ideas. All qualified applicants will receive consideration for employment without regard to race, color, religion, national origin, sex, gender identity, sexual orientation, disability, protected veteran status, age, or any other characteristic protected by law.",USD
Vantor,"Backend Developer, Data Platform",R23667,"Reston, VA",United States of America,150500.0,hybrid,Mid,yes,TS/SCI + Poly,unknown,workday,,2026-06-16T21:20:18Z,https://maxar.wd1.myworkdayjobs.com/en-US/Vantor/job/Reston-VA/Backend-Developer--Data-Platform_R23667,"Vantor is forging the new frontier of spatial intelligence, helping decision makers and operators navigate what’s happening now and shape what’s coming next. Vantor is a place for problem solvers, changemakers, and go-getters—where people are working together to help our customers see the world differently, and in doing so, be seen differently. Come be part of a mission, not just a job, where you can: Shape your own future, build the next big thing, and change the world. To be eligible for this position, you must be a U.S. Citizen. This position requires an active U.S. Government security clearance, applicants who do not currently hold the required clearance will not be eligible for consideration. Employment for cleared roles is contingent upon verification of clearance status. Export Control/ITAR: Certain roles may be subject to U.S. export control laws, requiring U.S. person status as defined by 8 U.S.C. 1324b(a)(3). Please review the job details below. This position requires an active U.S. Government Security Clearance at the TS/SCI level with CI Polygraph. We are a sleek and modern software development team building mission-critical applications with real-world impact for the Intelligence Community. We are seeking an experienced Backend Developer/Engineer to join our hybrid agile team and help build and scale our data platform to support IC AI efforts. Responsibilities: Design, build, and maintain backend services and platform components for a modern data architecture
Build integrations with internal and external data sources, APIs, and event streams
Partner with data engineering, analytics, and product managers to define scalable data models and platform capabilities
Improve reliability, observability, and performance of data workflows and backend services
Implement best practices for testing, monitoring, logging, and deployment
Contribute to architecture decisions around storage, orchestration, metadata management, and access patterns
Help establish engineering standards for code quality, documentation, CI/CD, and operational excellence
Troubleshoot and debug production systems Minimum Qualifications: 5+ years of professional software engineering experience, with strong backend development skills
Strong proficiency in Python
Experience building backend systems, APIs, or distributed services in production environments
PostgreSQL and Elasticsearch proficiency
Familiarity with AWS, especially S3, RDS, and other data centric services
Current/active TS/SCI with a current CI polygraph or be willing and able to obtain a CI polygraph.
Bachelor's degree in a related field, e.g. Computer Science, Systems Engineering or equivalent experience
Understanding of software engineering fundamentals including testing, version control, CI/CD, and system design
Tenacious troubleshooting, problem solving and error fixing mentality
Strong communication and collaboration skills, ability to work, collaborate and thrive on a small technical team. Preferred Qualifications: Experience working with data platforms, data pipelines, ETL/ELT workflows, or large-scale data processing systems
Gitlab and Gitlab CI experience
Openshift and Helm experience
Docker and containerization experience
DoD 8570 IAT II and Privileged User Access requirements met (Security+, CySA+, CCNA Security, GICSP, GSEC, SSCP) Pay Transparency: In support of pay transparency at Vantor, we disclose salary ranges on all U.S. job postings. The successful candidate’s starting pay will fall within the salary range provided below and is determined based on job-related factors, including, but not limited to, the experience, qualifications, knowledge, skills, geographic work location, and market conditions. Candidates with the minimum necessary experience, qualifications, knowledge, and skillsets for the position should not expect to receive the upper end of the pay range. ● The base pay for this position within the Washington, DC metropolitan area is: $113,000.00 - $188,000.00 annually. For all other states, we use geographic cost of labor as an input to develop market-driven ranges for our roles, and as such, each location where we hire may have a different range. Benefits: Vantor offers a competitive total rewards package that goes beyond the standard, including a robust 401(k) with company match, mental health resources, and unique perks like student loan repayment assistance, adoption reimbursement and pet insurance to support all aspects of your life. You can find more information on our benefits at: https://www.Vantor.com/careers The application window is three days from the date the job is posted and will remain posted until a qualified candidate has been identified for hire. If the job is reposted regardless of reason, it will remain posted three days from the date the job is reposted and will remain reposted until a qualified candidate has been identified for hire. The date of posting can be found on Vantor's Career page at the top of each job posting. To apply, submit your application via Vantor's Career page. EEO Policy: Vantor is an equal opportunity employer committed to an inclusive workplace. We believe in fostering an environment where all team members feel respected, valued, and encouraged to share their ideas. All qualified applicants will receive consideration for employment without regard to race, color, religion, national origin, sex, gender identity, sexual orientation, disability, protected veteran status, age, or any other characteristic protected by law.",USD
Vantor,Applied AI Scientist,R23624,2 Locations,United States of America,205733.33,remote,Mid,us_person,unknown,unknown,workday,,2026-06-16T21:20:22Z,https://maxar.wd1.myworkdayjobs.com/en-US/Vantor/job/Herndon-VA/Applied-AI-Scientist_R23624,"Vantor is forging the new frontier of spatial intelligence, helping decision makers and operators navigate what’s happening now and shape what’s coming next. Vantor is a place for problem solvers, changemakers, and go-getters—where people are working together to help our customers see the world differently, and in doing so, be seen differently. Come be part of a mission, not just a job, where you can: Shape your own future, build the next big thing, and change the world. To be eligible for this position, you must be a U.S. Person, defined as a U.S. citizen, permanent resident, Asylee, or Refugee. Export Control/ITAR: Certain roles may be subject to U.S. export control laws, requiring U.S. person status as defined by 8 U.S.C. 1324b(a)(3). Please review the job details below. Responsibilities Design, develop, and deploy AI-driven applications that transform large-scale geospatial data into actionable insights and predictive intelligence. Build and operate end-to-end AI/ML pipelines including data ingestion, preprocessing, feature engineering, training, evaluation, and production inference. Productionize reasoning models, vision-language models (VLMs), and multimodal AI systems that combine imagery, geospatial signals, and structured data. Architect enterprise-grade training and experimentation frameworks, including automated pipelines, experiment tracking, benchmarking, and reproducible evaluation. Create synthetic datasets and test harnesses to validate model performance, robustness, and edge-case behavior in real-world operational environments. Work closely with domain experts, software engineers, product managers, and research partners to translate complex Earth intelligence challenges into deployable AI solutions. Optimize models and inference systems for scalability, latency, cost efficiency, and reliability on modern cloud infrastructure. Implement and maintain production inference systems, including monitoring, model versioning, retraining workflows, and performance tracking. Stay current with the latest advances in foundation models, generative AI, multimodal learning, and reasoning systems, and translate research breakthroughs into practical systems. Maintain high engineering standards through code reviews, documentation, experimentation discipline, and collaborative problem solving. Help shape the next generation of Earth AI capabilities through collaboration with leading research organizations and technology partners. Minimum Qualifications MS or PhD in Computer Science, Machine Learning, Artificial Intelligence, Applied Mathematics, or a related technical field, or equivalent practical experience. 5+ years of experience building and deploying machine learning systems in production environments. Demonstrated experience designing and delivering end-to-end ML pipelines, including data processing, training automation, evaluation frameworks, and scalable inference. Hands-on experience developing and deploying deep learning models, particularly in one or more of the following areas: Vision-language models (VLMs) Multimodal learning Reasoning models Large language models (LLMs) Computer vision or geospatial AI Strong programming skills in Python, with experience using modern ML frameworks such as PyTorch, TensorFlow, or JAX. Experience building reproducible experimentation pipelines, including model evaluation, dataset versioning, and experiment tracking. Experience deploying models into production environments using modern cloud infrastructure and containerized systems. Familiarity with distributed training, large-scale data processing, and model optimization techniques. Ability to collaborate across research, engineering, and product teams to bring advanced AI capabilities into real-world applications. Preferred Qualifications Experience working with geospatial data, remote sensing, satellite imagery, or Earth observation systems. Experience building or fine-tuning foundation models, multimodal models, or agentic AI systems. Familiarity with Google Cloud Platform (GCP), including large-scale AI/ML infrastructure. Experience implementing model monitoring, evaluation pipelines, and automated retraining systems. Contributions to open-source AI projects, research publications, or patents. Pay Transparency: In support of pay transparency at Vantor, we disclose salary ranges on all U.S. job postings. The successful candidate’s starting pay will fall within the salary range provided below and is determined based on job-related factors, including, but not limited to, the experience, qualifications, knowledge, skills, geographic work location, and market conditions. Candidates with the minimum necessary experience, qualifications, knowledge, and skillsets for the position should not expect to receive the upper end of the pay range. ● The base pay for this position within Colorado is: $146,000.00 - $244,000.00 annually.
● The base pay for this position within New Jersey is: $146,000.00 - $244,000.00 annually.
● The base pay for this position within Delaware is: $146,000.00 - $244,000.00 annually. ● The base pay for this position within the Washington, DC metropolitan area is: $161,000.00 - $269,000.00 annually.
● The base pay for this position within California is: $168,000.00 - $246,400.00 annually. For all other states, we use geographic cost of labor as an input to develop market-driven ranges for our roles, and as such, each location where we hire may have a different range. Benefits: Vantor offers a competitive total rewards package that goes beyond the standard, including a robust 401(k) with company match, mental health resources, and unique perks like student loan repayment assistance, adoption reimbursement and pet insurance to support all aspects of your life. You can find more information on our benefits at: https://www.Vantor.com/careers The application window is three days from the date the job is posted and will remain posted until a qualified candidate has been identified for hire. If the job is reposted regardless of reason, it will remain posted three days from the date the job is reposted and will remain reposted until a qualified candidate has been identified for hire. The date of posting can be found on Vantor's Career page at the top of each job posting. To apply, submit your application via Vantor's Career page. EEO Policy: Vantor is an equal opportunity employer committed to an inclusive workplace. We believe in fostering an environment where all team members feel respected, valued, and encouraged to share their ideas. All qualified applicants will receive consideration for employment without regard to race, color, religion, national origin, sex, gender identity, sexual orientation, disability, protected veteran status, age, or any other characteristic protected by law.",USD
Vantor,Sr. Database Administrator (DBA),R23614,"Westminster, CO",United States of America,120000.0,onsite,Senior,yes,unknown,unknown,workday,,2026-06-16T21:20:26Z,https://maxar.wd1.myworkdayjobs.com/en-US/Vantor/job/Westminster-CO/Sr-Database-Administrator--DBA-_R23614,"Vantor is forging the new frontier of spatial intelligence, helping decision makers and operators navigate what’s happening now and shape what’s coming next. Vantor is a place for problem solvers, changemakers, and go-getters—where people are working together to help our customers see the world differently, and in doing so, be seen differently. Come be part of a mission, not just a job, where you can: Shape your own future, build the next big thing, and change the world. To be eligible for this position, you must be a U.S. Citizen. This position requires an active U.S. Government security clearance, applicants who do not currently hold the required clearance will not be eligible for consideration. Employment for cleared roles is contingent upon verification of clearance status. Export Control/ITAR: Certain roles may be subject to U.S. export control laws, requiring U.S. person status as defined by 8 U.S.C. 1324b(a)(3). Please review the job details below. We’re looking for a skilled Database Administrator (DBA) to join our team supporting mission-critical systems. This role is ideal for a mid- to senior-level professional who thrives in secure environments and brings broad experience across database administration, AWS, and DevOps practices. You’ll play a key role in maintaining, optimizing, and securing database systems that directly support high-impact operations across both on-premises and cloud environments. 🛠️ Key Responsibilities Design, implement, and maintain enterprise database systems (relational and/or NoSQL)
Support and manage databases across on-premises and cloud (AWS) environments
Monitor performance, troubleshoot issues, and optimize queries and indexing
Manage database backups, recovery strategies, and high availability solutions
Deploy and manage database infrastructure in AWS environments (RDS, EC2, Aurora, etc.)
Collaborate with DevOps teams to integrate databases into CI/CD pipelines
Implement and enforce database security best practices (encryption, access control, auditing)
Support system migrations, upgrades, and patching activities
Maintain documentation for database configurations, processes, and procedures ⚙️ Required Qualifications Active Security Clearance (Secret or higher)
4–8+ years of database administration experience (mid to senior level)
Hands-on experience managing any major database platforms (e.g., Oracle, MySQL, PostgreSQL, SQL Server, MongoDB, etc.)
Experience working in AWS cloud environments (RDS, EC2, S3, IAM, etc.)
Familiarity with DevOps tools and practices (e.g., Terraform, Docker, Kubernetes, Jenkins, Git)
Proficiency in SQL scripting, performance tuning, and query optimization
Experience with backup/recovery, replication, and high availability setups
Solid understanding of security and compliance requirements in controlled environments 💡 Preferred Qualifications Experience with PostgreSQL (including Aurora PostgreSQL) and/or Microsoft SQL Server
Experience with infrastructure as code (IaC) tools (Terraform, CloudFormation)
Knowledge of monitoring tools (CloudWatch, Prometheus, Grafana, etc.)
Experience supporting federal or defense environments
Familiarity with data migration and ETL processes 🔐 Security & Compliance Ensure all database systems comply with applicable security standards and policies
Participate in audits and maintain compliance documentation
Implement role-based access controls and data protection mechanisms Pay Transparency: In support of pay transparency at Vantor, we disclose salary ranges on all U.S. job postings. The successful candidate’s starting pay will fall within the salary range provided below and is determined based on job-related factors, including, but not limited to, the experience, qualifications, knowledge, skills, geographic work location, and market conditions. Candidates with the minimum necessary experience, qualifications, knowledge, and skillsets for the position should not expect to receive the upper end of the pay range. ● The base pay for this position within Colorado is: $90,000.00 - $150,000.00 annually. For all other states, we use geographic cost of labor as an input to develop market-driven ranges for our roles, and as such, each location where we hire may have a different range. Benefits: Vantor offers a competitive total rewards package that goes beyond the standard, including a robust 401(k) with company match, mental health resources, and unique perks like student loan repayment assistance, adoption reimbursement and pet insurance to support all aspects of your life. You can find more information on our benefits at: https://www.Vantor.com/careers The application window is three days from the date the job is posted and will remain posted until a qualified candidate has been identified for hire. If the job is reposted regardless of reason, it will remain posted three days from the date the job is reposted and will remain reposted until a qualified candidate has been identified for hire. The date of posting can be found on Vantor's Career page at the top of each job posting. To apply, submit your application via Vantor's Career page. EEO Policy: Vantor is an equal opportunity employer committed to an inclusive workplace. We believe in fostering an environment where all team members feel respected, valued, and encouraged to share their ideas. All qualified applicants will receive consideration for employment without regard to race, color, religion, national origin, sex, gender identity, sexual orientation, disability, protected veteran status, age, or any other characteristic protected by law.",USD
Vantor,System Administrator,R23591,"Customer Site (Chantilly, VA)",United States of America,132000.0,onsite,Mid,yes,TS/SCI + Poly,unknown,workday,,2026-06-16T21:20:30Z,https://maxar.wd1.myworkdayjobs.com/en-US/Vantor/job/Customer-Site-Chantilly-VA/System-Administrator_R23591,"Vantor is forging the new frontier of spatial intelligence, helping decision makers and operators navigate what’s happening now and shape what’s coming next. Vantor is a place for problem solvers, changemakers, and go-getters—where people are working together to help our customers see the world differently, and in doing so, be seen differently. Come be part of a mission, not just a job, where you can: Shape your own future, build the next big thing, and change the world. To be eligible for this position, you must be a U.S. Citizen. This position requires an active U.S. Government security clearance, applicants who do not currently hold the required clearance will not be eligible for consideration. Employment for cleared roles is contingent upon verification of clearance status. Export Control/ITAR: Certain roles may be subject to U.S. export control laws, requiring U.S. person status as defined by 8 U.S.C. 1324b(a)(3). Please review the job details below. This position requires an active U.S. Government Security Clearance at the TS/SCI level with required polygraph. Are you a System Administrator that likes working on important and high visibility projects? Then we need your help! We have an urgent and immediate need for a Systems Administrator to join our team at a customer-site in Chantilly, VA Responsibilities: Work with team members to deploy, optimize and maintain enterprise geospatial systems including databases, tools and applications and provide user support
Maintain and optimize on-premise hardware and cloud-deployed systems
Assist in security accreditation process, patching and continuing maintenance including security scans and creating and adhering to security technical implementation guides (STIGs). Minimum Qualifications: US Citizen with active/current TS/SCI security clearance with required Polygraph
Bachelor’s degree in a technical field such as Computer Science, Systems Engineering, Software Engineering, Geography, etc. 4 years of relevant experience may be substituted for a degree.
Experience as a Systems Administrator to include physical and AWS/C2E cloud-based systems, providing patching and upgrades
Experience or familiarity with geospatial data and applications Preferred Qualifications: Experience deploying, maintaining and managing geospatial tools and applications including Google Earth Enterprise and the ESRI stack to include enterprise deplyments.
Familiarity with Geospatial Database administration Experience with some or all of the following: Apache Tomcat
Linux
Commercial software deployment and maintenance
Continuous Integration (CI) configuration and management
Troubleshooting and debugging system issues and outages
Updating system design and architecture documentation
Experience in scripting including Bash and Python Pay Transparency: In support of pay transparency at Vantor, we disclose salary ranges on all U.S. job postings. The successful candidate’s starting pay will fall within the salary range provided below and is determined based on job-related factors, including, but not limited to, the experience, qualifications, knowledge, skills, geographic work location, and market conditions. Candidates with the minimum necessary experience, qualifications, knowledge, and skillsets for the position should not expect to receive the upper end of the pay range. ● The base pay for this position within the Washington, DC metropolitan area is: $99,000.00 - $165,000.00 annually. For all other states, we use geographic cost of labor as an input to develop market-driven ranges for our roles, and as such, each location where we hire may have a different range. Benefits: Vantor offers a competitive total rewards package that goes beyond the standard, including a robust 401(k) with company match, mental health resources, and unique perks like student loan repayment assistance, adoption reimbursement and pet insurance to support all aspects of your life. You can find more information on our benefits at: https://www.Vantor.com/careers The application window is three days from the date the job is posted and will remain posted until a qualified candidate has been identified for hire. If the job is reposted regardless of reason, it will remain posted three days from the date the job is reposted and will remain reposted until a qualified candidate has been identified for hire. The date of posting can be found on Vantor's Career page at the top of each job posting. To apply, submit your application via Vantor's Career page. EEO Policy: Vantor is an equal opportunity employer committed to an inclusive workplace. We believe in fostering an environment where all team members feel respected, valued, and encouraged to share their ideas. All qualified applicants will receive consideration for employment without regard to race, color, religion, national origin, sex, gender identity, sexual orientation, disability, protected veteran status, age, or any other characteristic protected by law.",USD
Vantor,Cloud Security Engineer (Secret clearance),R23428,3 Locations,United States of America,143600.0,onsite,Mid,us_person,Secret,unknown,workday,,2026-06-16T21:20:34Z,https://maxar.wd1.myworkdayjobs.com/en-US/Vantor/job/Remote-United-States/Cloud-Security-Engineer--Secret-clearance-_R23428,"Vantor is forging the new frontier of spatial intelligence, helping decision makers and operators navigate what’s happening now and shape what’s coming next. Vantor is a place for problem solvers, changemakers, and go-getters—where people are working together to help our customers see the world differently, and in doing so, be seen differently. Come be part of a mission, not just a job, where you can: Shape your own future, build the next big thing, and change the world. To be eligible for this position, you must be a U.S. Person, defined as a U.S. citizen, permanent resident, Asylee, or Refugee. Export Control/ITAR: Certain roles may be subject to U.S. export control laws, requiring U.S. person status as defined by 8 U.S.C. 1324b(a)(3). Please review the job details below. Vantor is seeking a Cloud Security Engineer to support mission requirements for a structured approach to further develop, integrate, and sustain a scalable, federated data ecosystem that enhances interoperability, governance, and mission-driven analytics for a DoD customer. The primary objective of the program is to bridge the operational gaps between DoD, IC, interagency, and non-traditional international partners to enable real-time information sharing, dynamic data integration, and mission-tailored analytical capabilities. Responsibilities: Implement and maintain cloud security frameworks, ensuring compliance with NIST 800-53 Rev. 5, FedRAMP, and DoD IL-4/IL-5 security mandates. Configure and manage Identity and Access Management (IAM) solutions, role-based access controls (RBAC), and Zero Trust Architecture (ZTA) principles. Conduct vulnerability assessments, security monitoring, and incident response within cloud environments. Develop and maintain System Security Plans (SSP), Security Assessment Reports (SAR), and Plans of Action & Milestones (POA&M). Provide the Cloud Security Compliance & Risk Report, ensuring all cloud-based operations remain in accordance with DoD security requirements. Minimum Requirements: Active SECRET Clearance Bachelor's degree in Cybersecurity, Information Assurance, or a related field, or five (5) years of equivalent experience in cloud security engineering. Personnel must have demonstrated experience in implementing cloud security frameworks, configuring identity and access management (IAM) solutions, and conducting vulnerability assessments in cloud environments. Experience with SIEM tools, zero-trust architecture, and cloud security monitoring solutions is required. Possess the knowledge and capability to implement security controls and frameworks within cloud environments, ensuring compliance with NIST 800-53 Rev. 5, FedRAMP, and DoD IL 2, 4, and 5 security policies. Personnel must be proficient in identity and access management (IAM), security monitoring, and cloud-native security solutions. Preferred Qualifications: Desirable but not required certifications include CISSP, AWS Certified Security‚ Äì Specialty, or Microsoft Certified: Security, Compliance, and Identity Fundamentals. #cjpost Pay Transparency: In support of pay transparency at Vantor, we disclose salary ranges on all U.S. job postings. The successful candidate’s starting pay will fall within the salary range provided below and is determined based on job-related factors, including, but not limited to, the experience, qualifications, knowledge, skills, geographic work location, and market conditions. Candidates with the minimum necessary experience, qualifications, knowledge, and skillsets for the position should not expect to receive the upper end of the pay range. ● The base pay for this position within Colorado is: $102,000.00 - $170,000.00 annually.
● The base pay for this position within New Jersey is: $102,000.00 - $170,000.00 annually.
● The base pay for this position within Delaware is: $102,000.00 - $170,000.00 annually. ● The base pay for this position within the Washington, DC metropolitan area is: $113,000.00 - $188,000.00 annually.
● The base pay for this position within California is: $117,000.00 - $171,600.00 annually. For all other states, we use geographic cost of labor as an input to develop market-driven ranges for our roles, and as such, each location where we hire may have a different range. Benefits: Vantor offers a competitive total rewards package that goes beyond the standard, including a robust 401(k) with company match, mental health resources, and unique perks like student loan repayment assistance, adoption reimbursement and pet insurance to support all aspects of your life. You can find more information on our benefits at: https://www.Vantor.com/careers The application window is three days from the date the job is posted and will remain posted until a qualified candidate has been identified for hire. If the job is reposted regardless of reason, it will remain posted three days from the date the job is reposted and will remain reposted until a qualified candidate has been identified for hire. The date of posting can be found on Vantor's Career page at the top of each job posting. To apply, submit your application via Vantor's Career page. EEO Policy: Vantor is an equal opportunity employer committed to an inclusive workplace. We believe in fostering an environment where all team members feel respected, valued, and encouraged to share their ideas. All qualified applicants will receive consideration for employment without regard to race, color, religion, national origin, sex, gender identity, sexual orientation, disability, protected veteran status, age, or any other characteristic protected by law.",USD
Vantor,IAM Engineer (Secret clearance),R23430,3 Locations,United States of America,143600.0,hybrid,Mid,us_person,Secret,unknown,workday,,2026-06-16T21:20:38Z,https://maxar.wd1.myworkdayjobs.com/en-US/Vantor/job/Remote-United-States/IAM-Engineer--Secret-clearance-_R23430,"Vantor is forging the new frontier of spatial intelligence, helping decision makers and operators navigate what’s happening now and shape what’s coming next. Vantor is a place for problem solvers, changemakers, and go-getters—where people are working together to help our customers see the world differently, and in doing so, be seen differently. Come be part of a mission, not just a job, where you can: Shape your own future, build the next big thing, and change the world. To be eligible for this position, you must be a U.S. Person, defined as a U.S. citizen, permanent resident, Asylee, or Refugee. Export Control/ITAR: Certain roles may be subject to U.S. export control laws, requiring U.S. person status as defined by 8 U.S.C. 1324b(a)(3). Please review the job details below. Vantor is seeking a IAM Engineers to support mission requirements for a structured approach to further develop, integrate, and sustain a scalable, federated data ecosystem that enhances interoperability, governance, and mission-driven analytics for a DoD customer. The primary objective of the program is to bridge the operational gaps between DoD, IC, interagency, and non-traditional international partners to enable real-time information sharing, dynamic data integration, and mission-tailored analytical capabilities. Responsibilities: Design, implement, and manage Identity and Access Management (IAM) solutions, ensuring secure authentication and access control across cloud and on-premises environments. Enforce Zero Trust Architecture (ZTA) principles and role-based access control (RBAC) policies to protect mission-critical systems. Integrate IAM solutions with Microsoft Entra ID (formerly Azure Active Directory), Public Key Infrastructure (PKI), and Common Access Card (CAC) authentication mechanisms. Oversee IAM automation, ensuring streamlined provisioning and de-provisioning of user roles and permissions. Submit the Identity & Access Management Compliance Report, detailing system configurations, access logs, and compliance status Minimum Requirements: Active SECRET Clearance Bachelor's degree in Cybersecurity, Information Assurance, Computer Science, or a related field, or five (5) years of equivalent experience in IAM engineering. Demonstrated experience in designing and managing IAM frameworks in cloud environments (AWS, Azure), configuring identity governance tools, and implementing zero-trust architecture models. Experience with tools such as Microsoft Entra ID (formerly Azure AD), Okta, Ping Identity, or AWS IAM is required. Possess the knowledge and capability to design, implement, and manage Identity and Access Management (IAM) solutions within secure cloud and on-premises environments. Proficient in authentication protocols (SAML, OAuth, OpenID Connect), role-based access control (RBAC), multi-factor authentication (MFA), and identity federation across hybrid environments. Strong knowledge of DoD IL2, IL4, and IL5 security frameworks and compliance standards is required. Preferred Qualifications: Desirable but not required certifications include Certified Information Systems Security Professional (CISSP), AWS Certified Security – Specialty, or Microsoft Certified: Identity and Access Administrator Associate. #cjpost Pay Transparency: In support of pay transparency at Vantor, we disclose salary ranges on all U.S. job postings. The successful candidate’s starting pay will fall within the salary range provided below and is determined based on job-related factors, including, but not limited to, the experience, qualifications, knowledge, skills, geographic work location, and market conditions. Candidates with the minimum necessary experience, qualifications, knowledge, and skillsets for the position should not expect to receive the upper end of the pay range. ● The base pay for this position within Colorado is: $102,000.00 - $170,000.00 annually.
● The base pay for this position within New Jersey is: $102,000.00 - $170,000.00 annually.
● The base pay for this position within Delaware is: $102,000.00 - $170,000.00 annually. ● The base pay for this position within the Washington, DC metropolitan area is: $113,000.00 - $188,000.00 annually.
● The base pay for this position within California is: $117,000.00 - $171,600.00 annually. For all other states, we use geographic cost of labor as an input to develop market-driven ranges for our roles, and as such, each location where we hire may have a different range. Benefits: Vantor offers a competitive total rewards package that goes beyond the standard, including a robust 401(k) with company match, mental health resources, and unique perks like student loan repayment assistance, adoption reimbursement and pet insurance to support all aspects of your life. You can find more information on our benefits at: https://www.Vantor.com/careers The application window is three days from the date the job is posted and will remain posted until a qualified candidate has been identified for hire. If the job is reposted regardless of reason, it will remain posted three days from the date the job is reposted and will remain reposted until a qualified candidate has been identified for hire. The date of posting can be found on Vantor's Career page at the top of each job posting. To apply, submit your application via Vantor's Career page. EEO Policy: Vantor is an equal opportunity employer committed to an inclusive workplace. We believe in fostering an environment where all team members feel respected, valued, and encouraged to share their ideas. All qualified applicants will receive consideration for employment without regard to race, color, religion, national origin, sex, gender identity, sexual orientation, disability, protected veteran status, age, or any other characteristic protected by law.",USD
Vantor,Geospatial Solutions Architect,R23426,Remote (United States),United States of America,143600.0,remote,Principal,us_person,unknown,unknown,workday,,2026-06-16T21:20:42Z,https://maxar.wd1.myworkdayjobs.com/en-US/Vantor/job/Remote-United-States/Geospatial-Solutions-Architect_R23426,"Vantor is forging the new frontier of spatial intelligence, helping decision makers and operators navigate what’s happening now and shape what’s coming next. Vantor is a place for problem solvers, changemakers, and go-getters—where people are working together to help our customers see the world differently, and in doing so, be seen differently. Come be part of a mission, not just a job, where you can: Shape your own future, build the next big thing, and change the world. To be eligible for this position, you must be a U.S. Person, defined as a U.S. citizen, permanent resident, Asylee, or Refugee. Export Control/ITAR: Certain roles may be subject to U.S. export control laws, requiring U.S. person status as defined by 8 U.S.C. 1324b(a)(3). Please review the job details below. Vantor is seeking a Geospatial Solutions Architect to support mission requirements for a structured approach to further develop, integrate, and sustain a scalable, federated data ecosystem that enhances interoperability, governance, and mission-driven analytics for a DoD customer. The primary objective of the program is to bridge the operational gaps between DoD, IC, interagency, and non-traditional international partners to enable real-time information sharing, dynamic data integration, and mission-tailored analytical capabilities. Responsibilities: Design, implement, and maintain geospatial data visualization solutions that integrate with cloud-based platforms.
Develop operational dashboards that leverage GIS tools such as ESRI ArcGIS, QGIS, and open-source geospatial platforms.
Optimize geospatial data layers for real-time analytics and cross-domain information sharing.
Oversee the integration of geospatial AI/ML models, ensuring accuracy and alignment with mission requirements.
Provide the Geospatial Data & Dashboard Integration Report, detailing geospatial system enhancements and user engagement metrics. Minimum Requirements: Bachelor's degree in Geography, Geospatial Science, or a related field, or
five (5) years of equivalent experience in geospatial architecture.
Demonstrated experience in developing GIS solutions using ESRI ArcGIS, QGIS, or similar platforms, as well as integrating geospatial data into cloud-based applications.
Experience with spatial analysis, remote sensing, and geospatial AI/ML applications is required.
Possess the knowledge and capability to design and implement geospatial visualization solutions, ensuring integration with operational dashboards and cloud-based platforms.
Personnel must be proficient in proficient in GIS tools, geospatial data processing, and mapping services. Preferred Qualifications: Desirable but not required certifications include include ESRI ArcGIS Desktop Associate or GISP certification. Pay Transparency: In support of pay transparency at Vantor, we disclose salary ranges on all U.S. job postings. The successful candidate’s starting pay will fall within the salary range provided below and is determined based on job-related factors, including, but not limited to, the experience, qualifications, knowledge, skills, geographic work location, and market conditions. Candidates with the minimum necessary experience, qualifications, knowledge, and skillsets for the position should not expect to receive the upper end of the pay range. ● The base pay for this position within Colorado is: $102,000.00 - $170,000.00 annually.
● The base pay for this position within New Jersey is: $102,000.00 - $170,000.00 annually.
● The base pay for this position within Delaware is: $102,000.00 - $170,000.00 annually. ● The base pay for this position within the Washington, DC metropolitan area is: $113,000.00 - $188,000.00 annually.
● The base pay for this position within California is: $117,000.00 - $171,600.00 annually. For all other states, we use geographic cost of labor as an input to develop market-driven ranges for our roles, and as such, each location where we hire may have a different range. Benefits: Vantor offers a competitive total rewards package that goes beyond the standard, including a robust 401(k) with company match, mental health resources, and unique perks like student loan repayment assistance, adoption reimbursement and pet insurance to support all aspects of your life. You can find more information on our benefits at: https://www.Vantor.com/careers The application window is three days from the date the job is posted and will remain posted until a qualified candidate has been identified for hire. If the job is reposted regardless of reason, it will remain posted three days from the date the job is reposted and will remain reposted until a qualified candidate has been identified for hire. The date of posting can be found on Vantor's Career page at the top of each job posting. To apply, submit your application via Vantor's Career page. EEO Policy: Vantor is an equal opportunity employer committed to an inclusive workplace. We believe in fostering an environment where all team members feel respected, valued, and encouraged to share their ideas. All qualified applicants will receive consideration for employment without regard to race, color, religion, national origin, sex, gender identity, sexual orientation, disability, protected veteran status, age, or any other characteristic protected by law.",USD
Vantor,Mid-Level OSINT Analyst,R23396,"Reston, VA",United States of America,132000.0,onsite,Mid,yes,TS/SCI + Poly,unknown,workday,,2026-06-16T21:20:46Z,https://maxar.wd1.myworkdayjobs.com/en-US/Vantor/job/Reston-VA/Mid-Level-OSINT-Analyst_R23396,"Vantor is forging the new frontier of spatial intelligence, helping decision makers and operators navigate what’s happening now and shape what’s coming next. Vantor is a place for problem solvers, changemakers, and go-getters—where people are working together to help our customers see the world differently, and in doing so, be seen differently. Come be part of a mission, not just a job, where you can: Shape your own future, build the next big thing, and change the world. To be eligible for this position, you must be a U.S. Citizen. This position requires an active U.S. Government security clearance, applicants who do not currently hold the required clearance will not be eligible for consideration. Employment for cleared roles is contingent upon verification of clearance status. Export Control/ITAR: Certain roles may be subject to U.S. export control laws, requiring U.S. person status as defined by 8 U.S.C. 1324b(a)(3). Please review the job details below. This position requires an active U.S. Government Security Clearance at the TS/SCI level and be willing and able to obtain CI polygraph. This project supports a hard and deeply buried target mission set, providing critical analytic insights to government stakeholders. Success depends on accurate reporting that augment other analytic products and enable timely and informed decision-making. The work directly impacts national security objectives by transforming complex data into actionable intelligence in a highly specialized and sensitive domain. Responsibilities: This position is full time onsite in Reston, VA. Conduct comprehensive OSINT research and analysis using public, private, and government open-source materials. Execute social media research and exploitation projects with minimal guidance. Apply social network/link analysis techniques to map relationships and patterns of interest. Use advanced search techniques, managed attribution, and relevant tools to securely gather and verify online data. Conduct geolocation and geospatial analysis, including photo and map verification. Perform image and video verification to assess authenticity and identify key visual indicators. Synthesize findings into clear, actionable written reports and briefings. Apply critical thinking and pattern recognition to identify trends and anomalies. Track and report on progress using basic project and metrics tracking tools. Minimum Qualifications: Current/active TS/SCI security clearance and be willing and able to obtain CI polygraph. Bachelor’s degree in a relevant field (e.g., International Relations, Political Science, Cybersecurity, Area Studies). 6+ years of experience in open-source research, analysis, and reporting. ​Demonstrated ability to: Work independently with limited oversight. Communicate complex findings clearly and concisely in English (written and verbal). Apply structured analytic techniques to support intelligence production. Experience conducting social media exploitation and writing intelligence or research reports. Recent (within last 2 years) training or hands-on experience in OSINT or social media research techniques. Preferred Qualifications: Language proficiency (Chinese or Russian preferred). Experience with: Photo geolocation and advanced image analysis. Cyber concepts including obfuscation techniques and digital attribution. Threat finance research and analysis. Familiarity with IC or defense analytic tools. Exposure to human geography and sociocultural analysis. Demonstrated ability to develop or refine search strategies and methods. Pay Transparency: In support of pay transparency at Vantor, we disclose salary ranges on all U.S. job postings. The successful candidate’s starting pay will fall within the salary range provided below and is determined based on job-related factors, including, but not limited to, the experience, qualifications, knowledge, skills, geographic work location, and market conditions. Candidates with the minimum necessary experience, qualifications, knowledge, and skillsets for the position should not expect to receive the upper end of the pay range. ● The base pay for this position within the Washington, DC metropolitan area is: $99,000.00 - $165,000.00 annually. For all other states, we use geographic cost of labor as an input to develop market-driven ranges for our roles, and as such, each location where we hire may have a different range. Benefits: Vantor offers a competitive total rewards package that goes beyond the standard, including a robust 401(k) with company match, mental health resources, and unique perks like student loan repayment assistance, adoption reimbursement and pet insurance to support all aspects of your life. You can find more information on our benefits at: https://www.Vantor.com/careers The application window is three days from the date the job is posted and will remain posted until a qualified candidate has been identified for hire. If the job is reposted regardless of reason, it will remain posted three days from the date the job is reposted and will remain reposted until a qualified candidate has been identified for hire. The date of posting can be found on Vantor's Career page at the top of each job posting. To apply, submit your application via Vantor's Career page. EEO Policy: Vantor is an equal opportunity employer committed to an inclusive workplace. We believe in fostering an environment where all team members feel respected, valued, and encouraged to share their ideas. All qualified applicants will receive consideration for employment without regard to race, color, religion, national origin, sex, gender identity, sexual orientation, disability, protected veteran status, age, or any other characteristic protected by law.",USD
Vantor,Mid-Level OSINT Analyst,R23397,"Reston, VA",United States of America,132000.0,onsite,Mid,yes,TS/SCI + Poly,unknown,workday,,2026-06-16T21:20:50Z,https://maxar.wd1.myworkdayjobs.com/en-US/Vantor/job/Reston-VA/Mid-Level-OSINT-Analyst_R23397,"Vantor is forging the new frontier of spatial intelligence, helping decision makers and operators navigate what’s happening now and shape what’s coming next. Vantor is a place for problem solvers, changemakers, and go-getters—where people are working together to help our customers see the world differently, and in doing so, be seen differently. Come be part of a mission, not just a job, where you can: Shape your own future, build the next big thing, and change the world. To be eligible for this position, you must be a U.S. Citizen. This position requires an active U.S. Government security clearance, applicants who do not currently hold the required clearance will not be eligible for consideration. Employment for cleared roles is contingent upon verification of clearance status. Export Control/ITAR: Certain roles may be subject to U.S. export control laws, requiring U.S. person status as defined by 8 U.S.C. 1324b(a)(3). Please review the job details below. This position requires an active U.S. Government Security Clearance at the TS/SCI level and be willing and able to obtain CI polygraph. This project supports a hard and deeply buried target mission set, providing critical analytic insights to government stakeholders. Success depends on accurate reporting that augment other analytic products and enable timely and informed decision-making. The work directly impacts national security objectives by transforming complex data into actionable intelligence in a highly specialized and sensitive domain. Responsibilities: This position is full time onsite in Reston, VA. Conduct comprehensive OSINT research and analysis using public, private, and government open-source materials. Execute social media research and exploitation projects with minimal guidance. Apply social network/link analysis techniques to map relationships and patterns of interest. Use advanced search techniques, managed attribution, and relevant tools to securely gather and verify online data. Conduct geolocation and geospatial analysis, including photo and map verification. Perform image and video verification to assess authenticity and identify key visual indicators. Synthesize findings into clear, actionable written reports and briefings. Apply critical thinking and pattern recognition to identify trends and anomalies. Track and report on progress using basic project and metrics tracking tools. Minimum Qualifications: Current/active TS/SCI security clearance and be willing and able to obtain CI polygraph. Bachelor’s degree in a relevant field (e.g., International Relations, Political Science, Cybersecurity, Area Studies). 6+ years of experience in open-source research, analysis, and reporting. ​Demonstrated ability to: Work independently with limited oversight. Communicate complex findings clearly and concisely in English (written and verbal). Apply structured analytic techniques to support intelligence production. Experience conducting social media exploitation and writing intelligence or research reports. Recent (within last 2 years) training or hands-on experience in OSINT or social media research techniques. Preferred Qualifications: Language proficiency (Chinese or Russian preferred). Experience with: Photo geolocation and advanced image analysis. Cyber concepts including obfuscation techniques and digital attribution. Threat finance research and analysis. Familiarity with IC or defense analytic tools. Exposure to human geography and sociocultural analysis. Demonstrated ability to develop or refine search strategies and methods. Pay Transparency: In support of pay transparency at Vantor, we disclose salary ranges on all U.S. job postings. The successful candidate’s starting pay will fall within the salary range provided below and is determined based on job-related factors, including, but not limited to, the experience, qualifications, knowledge, skills, geographic work location, and market conditions. Candidates with the minimum necessary experience, qualifications, knowledge, and skillsets for the position should not expect to receive the upper end of the pay range. ● The base pay for this position within the Washington, DC metropolitan area is: $99,000.00 - $165,000.00 annually. For all other states, we use geographic cost of labor as an input to develop market-driven ranges for our roles, and as such, each location where we hire may have a different range. Benefits: Vantor offers a competitive total rewards package that goes beyond the standard, including a robust 401(k) with company match, mental health resources, and unique perks like student loan repayment assistance, adoption reimbursement and pet insurance to support all aspects of your life. You can find more information on our benefits at: https://www.Vantor.com/careers The application window is three days from the date the job is posted and will remain posted until a qualified candidate has been identified for hire. If the job is reposted regardless of reason, it will remain posted three days from the date the job is reposted and will remain reposted until a qualified candidate has been identified for hire. The date of posting can be found on Vantor's Career page at the top of each job posting. To apply, submit your application via Vantor's Career page. EEO Policy: Vantor is an equal opportunity employer committed to an inclusive workplace. We believe in fostering an environment where all team members feel respected, valued, and encouraged to share their ideas. All qualified applicants will receive consideration for employment without regard to race, color, religion, national origin, sex, gender identity, sexual orientation, disability, protected veteran status, age, or any other characteristic protected by law.",USD
Vantor,Data Scientist,R23310,"Reston, VA",United States of America,150500.0,onsite,Mid,yes,TS/SCI + Poly,unknown,workday,,2026-06-16T21:20:55Z,https://maxar.wd1.myworkdayjobs.com/en-US/Vantor/job/Reston-VA/Data-Scientist_R23310,"Vantor is forging the new frontier of spatial intelligence, helping decision makers and operators navigate what’s happening now and shape what’s coming next. Vantor is a place for problem solvers, changemakers, and go-getters—where people are working together to help our customers see the world differently, and in doing so, be seen differently. Come be part of a mission, not just a job, where you can: Shape your own future, build the next big thing, and change the world. To be eligible for this position, you must be a U.S. Citizen. This position requires an active U.S. Government security clearance, applicants who do not currently hold the required clearance will not be eligible for consideration. Employment for cleared roles is contingent upon verification of clearance status. Export Control/ITAR: Certain roles may be subject to U.S. export control laws, requiring U.S. person status as defined by 8 U.S.C. 1324b(a)(3). Please review the job details below. This position requires an active U.S. Government Security Clearance at the TS/SCI level with CI Polygraph. This project supports a hard and deeply buried target mission set, providing critical analytic insights to government stakeholders. Success depends on the development of accurate, scalable, and mission-tailored data solutions that enable timely and informed decision-making. The work directly impacts national security objectives by transforming complex data into actionable intelligence in a highly specialized and sensitive domain. Responsibilities: Automate and maintain data extraction, cleaning, processing, and analysis workflows using Python, SQL, and ETL tools under established best practices. Process and analyze structured and unstructured datasets using big data or cloud-native frameworks (e.g., Spark, Hadoop, or managed cloud services). Develop, test, and evaluate predictive models and statistical analyses to support mission-focused use cases. Contribute to end-to-end data science and data engineering workflows, from data preparation and feature engineering through model development and results delivery, with guidance from senior team members as needed. Write clear, well-structured documentation of methods, assumptions, and results; assist with briefings or presentations to technical and non-technical stakeholders. Support the use of Large Language Models (LLMs) within existing systems and workflows, including: Implementing LLM-based solutions for summarization, tagging, classification, and information retrieval. Integrating pre-trained LLMs into pipelines to improve knowledge discovery and data accessibility. Assisting with deployment and evaluation of internal LLM-enabled tools or assistants. Collaborate closely with data scientists, engineers, analysts, and mission partners to refine requirements and iterate on solutions. Minimum Qualifications: Current/active TS/SCI security clearance and be willing and able to obtain CI polygraph. 5 years of professional experience in data science, analytics, or data engineering roles. Bachelor’s degree in data science, computer science, engineering, statistics, GIS, or related discipline. Degree may be substituted with an additional 2 yrs of experience. Strong coding proficiency in Python and SQL, with experience writing production-quality, maintainable code; working knowledge of R is a plus. Hands-on experience with data manipulation, feature engineering, machine learning libraries (e.g., scikit-learn, PyTorch, TensorFlow), and automation tools. Experience contributing to full-cycle data projects, including data preparation, modeling, validation, and reporting. Ability to clearly communicate technical concepts and analytical results in writing and verbally. Familiarity with NLP and LLM concepts, including practical experience applying pre-trained models (e.g., GPT-style models) for automation, summarization, or search. Ability to work effectively in a collaborative environment, taking direction and feedback while owning assigned technical tasks. Preferred Qualifications: Master’s degree in data science, computer science, statistics, engineering, or a related technical field. Experience with cloud-based environments (e.g., AWS, Azure, or GCP) and scalable data processing pipelines. Working knowledge of NLP techniques, embeddings, vector search, or retrieval-augmented generation (RAG). Experience integrating LLMs into applications or workflows using APIs and open-source tooling. Exposure to CI/CD, version control, testing frameworks, and software engineering best practices. Interest in responsible AI principles, model evaluation, and risk-aware deployment of LLM-based solutions. Pay Transparency: In support of pay transparency at Vantor, we disclose salary ranges on all U.S. job postings. The successful candidate’s starting pay will fall within the salary range provided below and is determined based on job-related factors, including, but not limited to, the experience, qualifications, knowledge, skills, geographic work location, and market conditions. Candidates with the minimum necessary experience, qualifications, knowledge, and skillsets for the position should not expect to receive the upper end of the pay range. ● The base pay for this position within the Washington, DC metropolitan area is: $113,000.00 - $188,000.00 annually. For all other states, we use geographic cost of labor as an input to develop market-driven ranges for our roles, and as such, each location where we hire may have a different range. Benefits: Vantor offers a competitive total rewards package that goes beyond the standard, including a robust 401(k) with company match, mental health resources, and unique perks like student loan repayment assistance, adoption reimbursement and pet insurance to support all aspects of your life. You can find more information on our benefits at: https://www.Vantor.com/careers The application window is three days from the date the job is posted and will remain posted until a qualified candidate has been identified for hire. If the job is reposted regardless of reason, it will remain posted three days from the date the job is reposted and will remain reposted until a qualified candidate has been identified for hire. The date of posting can be found on Vantor's Career page at the top of each job posting. To apply, submit your application via Vantor's Career page. EEO Policy: Vantor is an equal opportunity employer committed to an inclusive workplace. We believe in fostering an environment where all team members feel respected, valued, and encouraged to share their ideas. All qualified applicants will receive consideration for employment without regard to race, color, religion, national origin, sex, gender identity, sexual orientation, disability, protected veteran status, age, or any other characteristic protected by law.",USD
Vantor,Full Stack Developer,R23277,"McLean, VA",United States of America,150500.0,onsite,Mid,yes,TS/SCI + Poly,unknown,workday,,2026-06-16T21:20:58Z,https://maxar.wd1.myworkdayjobs.com/en-US/Vantor/job/McLean-VA/Full-Stack-Developer_R23277,"Vantor is forging the new frontier of spatial intelligence, helping decision makers and operators navigate what’s happening now and shape what’s coming next. Vantor is a place for problem solvers, changemakers, and go-getters—where people are working together to help our customers see the world differently, and in doing so, be seen differently. Come be part of a mission, not just a job, where you can: Shape your own future, build the next big thing, and change the world. To be eligible for this position, you must be a U.S. Citizen. This position requires an active U.S. Government security clearance, applicants who do not currently hold the required clearance will not be eligible for consideration. Employment for cleared roles is contingent upon verification of clearance status. Export Control/ITAR: Certain roles may be subject to U.S. export control laws, requiring U.S. person status as defined by 8 U.S.C. 1324b(a)(3). Please review the job details below. This position requires an active U.S. Government Security Clearance at the TS/SCI level with required polygraph. We are seeking a Full Stack Developer with a strong frontend and data-integration focus to support the development of a mission-critical, web-based application used for data ingest, analytics, visualization, and dissemination. This role emphasizes building intuitive user interfaces backed by robust APIs and data-processing services in a fast-paced, customer-facing environment. Responsibilities: Collaborate with government stakeholders and product leadership to refine and document application requirements.
Design and implement modern, responsive user interfaces using Angular or comparable frameworks (React or Vue).
Build and integrate backend APIs using Node.js (Nest.js) and Python-based analytics services.
Integrate external data sources, analytics libraries, and query engines to support complex workflows.
Partner with UI/UX designers and power users to deliver intuitive, data-driven user experiences.
Participate in Agile development activities including sprint planning, daily standups, demos, and retrospectives.
Test and validate features to ensure functional, performance, and usability requirements are met. Minimum Qualifications: Bachelor’s degree in Computer Science or related technical field.
5+ years of professional software development experience.
Strong experience with modern frontend frameworks (Angular preferred; React or Vue acceptable).
Experience using UI component libraries (PrimeNG preferred) and/or Tailwind CSS.
Backend API development experience using Node.js (Nest.js or similar).
Experience integrating Python-based analytics or data processing services.
Hands-on experience with relational databases, particularly PostgreSQL.
Experience building and deploying applications in AWS environments.
Willingness to work onsite full time. Preferred Qualifications: Experience with data visualization and analytical presentation of results.
Familiarity with pandas or polars for data processing.
Experience with Trino or distributed query engines.
Experience implementing authentication and authorization in cloud-based systems.
Familiarity with Docker-based development workflows. Pay Transparency: In support of pay transparency at Vantor, we disclose salary ranges on all U.S. job postings. The successful candidate’s starting pay will fall within the salary range provided below and is determined based on job-related factors, including, but not limited to, the experience, qualifications, knowledge, skills, geographic work location, and market conditions. Candidates with the minimum necessary experience, qualifications, knowledge, and skillsets for the position should not expect to receive the upper end of the pay range. ● The base pay for this position within the Washington, DC metropolitan area is: $113,000.00 - $188,000.00 annually. For all other states, we use geographic cost of labor as an input to develop market-driven ranges for our roles, and as such, each location where we hire may have a different range. Benefits: Vantor offers a competitive total rewards package that goes beyond the standard, including a robust 401(k) with company match, mental health resources, and unique perks like student loan repayment assistance, adoption reimbursement and pet insurance to support all aspects of your life. You can find more information on our benefits at: https://www.Vantor.com/careers The application window is three days from the date the job is posted and will remain posted until a qualified candidate has been identified for hire. If the job is reposted regardless of reason, it will remain posted three days from the date the job is reposted and will remain reposted until a qualified candidate has been identified for hire. The date of posting can be found on Vantor's Career page at the top of each job posting. To apply, submit your application via Vantor's Career page. EEO Policy: Vantor is an equal opportunity employer committed to an inclusive workplace. We believe in fostering an environment where all team members feel respected, valued, and encouraged to share their ideas. All qualified applicants will receive consideration for employment without regard to race, color, religion, national origin, sex, gender identity, sexual orientation, disability, protected veteran status, age, or any other characteristic protected by law.",USD
Vantor,Full Stack Developer,R23301,"McLean, VA",United States of America,150500.0,onsite,Mid,yes,TS/SCI + Poly,unknown,workday,,2026-06-16T21:21:02Z,https://maxar.wd1.myworkdayjobs.com/en-US/Vantor/job/McLean-VA/Full-Stack-Developer_R23301,"Vantor is forging the new frontier of spatial intelligence, helping decision makers and operators navigate what’s happening now and shape what’s coming next. Vantor is a place for problem solvers, changemakers, and go-getters—where people are working together to help our customers see the world differently, and in doing so, be seen differently. Come be part of a mission, not just a job, where you can: Shape your own future, build the next big thing, and change the world. To be eligible for this position, you must be a U.S. Citizen. This position requires an active U.S. Government security clearance, applicants who do not currently hold the required clearance will not be eligible for consideration. Employment for cleared roles is contingent upon verification of clearance status. Export Control/ITAR: Certain roles may be subject to U.S. export control laws, requiring U.S. person status as defined by 8 U.S.C. 1324b(a)(3). Please review the job details below. This position requires an active U.S. Government Security Clearance at the TS/SCI level with required polygraph. We are seeking a mid-level Full Stack Developer with a strong data engineering and backend focus to support the development and operation of cloud-based ETL pipelines for mission-critical geospatial and location-based data workflows. This role is hands-on and delivery-focused, emphasizing day-to-day development, operation, and optimization of data pipelines running in AWS environments. The ideal candidate is comfortable working in AWS, building and operating ETL workflows using Apache NiFi and Python, and delivering reliable, well-structured JSON data products for consumption by enterprise application development teams. Responsibilities: Build, operate, and maintain ETL pipelines in AWS, leveraging Apache NiFi and Python.
Work directly within AWS environments to deploy, configure, and support data pipeline components.
Develop and integrate RESTful APIs to retrieve data from internal and external sources for ingestion.
Implement data transformation, validation, and enrichment logic to support downstream use cases.
Produce clean, consistent JSON data layers consumed by enterprise application developers.
Support processing of high-volume, location-based and geospatial datasets.
Monitor pipeline health, troubleshoot failures, and optimize performance in production.
Collaborate with application developers, data engineers, and government stakeholders to ensure data products meet mission needs.
Participate in Agile development activities including sprint planning, standups, demos, and retrospectives.
Contribute to technical documentation, data architecture diagrams, and operational runbooks. Minimum Qualifications: Bachelor’s degree in Computer Science, Engineering, or a related technical field (or equivalent experience).
3–6 years of professional software development or data engineering experience.
Strong, hands-on experience building, deploying, and supporting production data workflows in AWS, with direct use of services such as S3, EC2, Lambda, and RDS.
Hands-on experience building and maintaining ETL pipelines using Apache NiFi.
Proficiency in Python for data processing and pipeline development.
Experience working with REST APIs for data ingestion and integration.
Experience producing structured data outputs such as JSON for downstream systems.
Willingness to work onsite full time. Preferred Qualifications: Experience working with geospatial or high-volume location-based data.
Familiarity with geospatial data formats or concepts (e.g., GeoJSON, spatial indexing).
Experience optimizing AWS-based data pipelines for performance and reliability.
Familiarity with containerized development workflows (Docker).
Experience supporting mission-critical or production systems.
Experience working in Agile or sprint-based development environments. Pay Transparency: In support of pay transparency at Vantor, we disclose salary ranges on all U.S. job postings. The successful candidate’s starting pay will fall within the salary range provided below and is determined based on job-related factors, including, but not limited to, the experience, qualifications, knowledge, skills, geographic work location, and market conditions. Candidates with the minimum necessary experience, qualifications, knowledge, and skillsets for the position should not expect to receive the upper end of the pay range. ● The base pay for this position within the Washington, DC metropolitan area is: $113,000.00 - $188,000.00 annually. For all other states, we use geographic cost of labor as an input to develop market-driven ranges for our roles, and as such, each location where we hire may have a different range. Benefits: Vantor offers a competitive total rewards package that goes beyond the standard, including a robust 401(k) with company match, mental health resources, and unique perks like student loan repayment assistance, adoption reimbursement and pet insurance to support all aspects of your life. You can find more information on our benefits at: https://www.Vantor.com/careers The application window is three days from the date the job is posted and will remain posted until a qualified candidate has been identified for hire. If the job is reposted regardless of reason, it will remain posted three days from the date the job is reposted and will remain reposted until a qualified candidate has been identified for hire. The date of posting can be found on Vantor's Career page at the top of each job posting. To apply, submit your application via Vantor's Career page. EEO Policy: Vantor is an equal opportunity employer committed to an inclusive workplace. We believe in fostering an environment where all team members feel respected, valued, and encouraged to share their ideas. All qualified applicants will receive consideration for employment without regard to race, color, religion, national origin, sex, gender identity, sexual orientation, disability, protected veteran status, age, or any other characteristic protected by law.",USD
Vantor,Geospatial Data Scientist,R23262,"McLean, VA",United States of America,150500.0,onsite,Mid,yes,TS/SCI + Poly,unknown,workday,,2026-06-16T21:21:06Z,https://maxar.wd1.myworkdayjobs.com/en-US/Vantor/job/McLean-VA/Geospatial-Data-Scientist_R23262,"Vantor is forging the new frontier of spatial intelligence, helping decision makers and operators navigate what’s happening now and shape what’s coming next. Vantor is a place for problem solvers, changemakers, and go-getters—where people are working together to help our customers see the world differently, and in doing so, be seen differently. Come be part of a mission, not just a job, where you can: Shape your own future, build the next big thing, and change the world. To be eligible for this position, you must be a U.S. Citizen. This position requires an active U.S. Government security clearance, applicants who do not currently hold the required clearance will not be eligible for consideration. Employment for cleared roles is contingent upon verification of clearance status. Export Control/ITAR: Certain roles may be subject to U.S. export control laws, requiring U.S. person status as defined by 8 U.S.C. 1324b(a)(3). Please review the job details below. This position requires an active U.S. Government Security Clearance at the TS/SCI level with required polygraph. Our team has an immediate need for an experienced Geospatial Data Scientist to join our team at a customer-site in McLean, VA. The candidate will support gathering project requirements from the customer and implementing data-driven solutions. Responsibilities: Use Python scripting and AWS services to automate geospatial data ingestion, transformation, and analysis
Apply geospatial data science techniques to identify patterns, trends, and mission-relevant insights
Create maps, visualizations, and analytic products for technical and non-technical audiences
Maintain high-quality, repeatable data workflows, ensuring data integrity, documentation, and performance Minimum Qualifications: Bachelor’s degree with 3+ years of relevant experience, or Master’s degree with 1+ year of relevant experience
Strong experience using Python for geospatial data transformation, automation, and analysis
Strong experience working with geospatial data in thick-client GIS software (e.g., ArcGIS)
Experience with PostgreSQL/PostGIS, AWS services, and Linux-based environments
U.S. citizenship and Active TS/SCI with required polygraph
willingness to work on-site full time Preferred Qualifications: Experience working with Python notebooks (e.g., Jupyter) for exploratory and reproducible analysis
Experience integrating and consuming data via REST APIs
Experience with R, Tableau, or similar analytical and visualization tools
Experience with Apache NiFi or comparable data workflow/orchestration tools
Familiarity with Git for versioning scripts and analytic artifacts Pay Transparency: In support of pay transparency at Vantor, we disclose salary ranges on all U.S. job postings. The successful candidate’s starting pay will fall within the salary range provided below and is determined based on job-related factors, including, but not limited to, the experience, qualifications, knowledge, skills, geographic work location, and market conditions. Candidates with the minimum necessary experience, qualifications, knowledge, and skillsets for the position should not expect to receive the upper end of the pay range. ● The base pay for this position within the Washington, DC metropolitan area is: $113,000.00 - $188,000.00 annually. For all other states, we use geographic cost of labor as an input to develop market-driven ranges for our roles, and as such, each location where we hire may have a different range. Benefits: Vantor offers a competitive total rewards package that goes beyond the standard, including a robust 401(k) with company match, mental health resources, and unique perks like student loan repayment assistance, adoption reimbursement and pet insurance to support all aspects of your life. You can find more information on our benefits at: https://www.Vantor.com/careers The application window is three days from the date the job is posted and will remain posted until a qualified candidate has been identified for hire. If the job is reposted regardless of reason, it will remain posted three days from the date the job is reposted and will remain reposted until a qualified candidate has been identified for hire. The date of posting can be found on Vantor's Career page at the top of each job posting. To apply, submit your application via Vantor's Career page. EEO Policy: Vantor is an equal opportunity employer committed to an inclusive workplace. We believe in fostering an environment where all team members feel respected, valued, and encouraged to share their ideas. All qualified applicants will receive consideration for employment without regard to race, color, religion, national origin, sex, gender identity, sexual orientation, disability, protected veteran status, age, or any other characteristic protected by law.",USD
Vantor,Mid-Level OSINT Analyst,R23133,"Reston, VA",United States of America,105000.0,onsite,Mid,yes,TS/SCI + Poly,unknown,workday,,2026-06-16T21:21:10Z,https://maxar.wd1.myworkdayjobs.com/en-US/Vantor/job/Reston-VA/Mid-Level-OSINT-Analyst_R23133,"Vantor is forging the new frontier of spatial intelligence, helping decision makers and operators navigate what’s happening now and shape what’s coming next. Vantor is a place for problem solvers, changemakers, and go-getters—where people are working together to help our customers see the world differently, and in doing so, be seen differently. Come be part of a mission, not just a job, where you can: Shape your own future, build the next big thing, and change the world. To be eligible for this position, you must be a U.S. Citizen. This position requires an active U.S. Government security clearance, applicants who do not currently hold the required clearance will not be eligible for consideration. Employment for cleared roles is contingent upon verification of clearance status. Export Control/ITAR: Certain roles may be subject to U.S. export control laws, requiring U.S. person status as defined by 8 U.S.C. 1324b(a)(3). Please review the job details below. This position requires an active U.S. Government Security Clearance at the TS/SCI level and be willing and able to obtain CI polygraph. This project supports a hard and deeply buried target mission set, providing critical analytic insights to government stakeholders. Success depends on accurate reporting that augment other analytic products and enable timely and informed decision-making. The work directly impacts national security objectives by transforming complex data into actionable intelligence in a highly specialized and sensitive domain. Responsibilities: This position is full time onsite in Reston, VA. Conduct comprehensive OSINT research and analysis using public, private, and government open-source materials. Execute social media research and exploitation projects with minimal guidance. Apply social network/link analysis techniques to map relationships and patterns of interest. Use advanced search techniques, managed attribution, and relevant tools to securely gather and verify online data. Conduct geolocation and geospatial analysis, including photo and map verification. Perform image and video verification to assess authenticity and identify key visual indicators. Synthesize findings into clear, actionable written reports and briefings. Apply critical thinking and pattern recognition to identify trends and anomalies. Track and report on progress using basic project and metrics tracking tools. Minimum Qualifications: Current/active TS/SCI security clearance and be willing and able to obtain CI polygraph. Bachelor’s degree in a relevant field (e.g., International Relations, Political Science, Cybersecurity, Area Studies). 6+ years of experience in open-source research, analysis, and reporting. ​Demonstrated ability to: Work independently with limited oversight. Communicate complex findings clearly and concisely in English (written and verbal). Apply structured analytic techniques to support intelligence production. Experience conducting social media exploitation and writing intelligence or research reports. Recent (within last 2 years) training or hands-on experience in OSINT or social media research techniques. Preferred Qualifications: Language proficiency (Chinese or Russian preferred). Experience with: Photo geolocation and advanced image analysis. Cyber concepts including obfuscation techniques and digital attribution. Threat finance research and analysis. Familiarity with IC or defense analytic tools. Exposure to human geography and sociocultural analysis. Demonstrated ability to develop or refine search strategies and methods. Pay Transparency: In support of pay transparency at Vantor, we disclose salary ranges on all U.S. job postings. The successful candidate’s starting pay will fall within the salary range provided below and is determined based on job-related factors, including, but not limited to, the experience, qualifications, knowledge, skills, geographic work location, and market conditions. Candidates with the minimum necessary experience, qualifications, knowledge, and skillsets for the position should not expect to receive the upper end of the pay range. ● The base pay for this position within the Washington, DC metropolitan area is: $79,000.00 - $131,000.00 annually. For all other states, we use geographic cost of labor as an input to develop market-driven ranges for our roles, and as such, each location where we hire may have a different range. Benefits: Vantor offers a competitive total rewards package that goes beyond the standard, including a robust 401(k) with company match, mental health resources, and unique perks like student loan repayment assistance, adoption reimbursement and pet insurance to support all aspects of your life. You can find more information on our benefits at: https://www.Vantor.com/careers The application window is three days from the date the job is posted and will remain posted until a qualified candidate has been identified for hire. If the job is reposted regardless of reason, it will remain posted three days from the date the job is reposted and will remain reposted until a qualified candidate has been identified for hire. The date of posting can be found on Vantor's Career page at the top of each job posting. To apply, submit your application via Vantor's Career page. EEO Policy: Vantor is an equal opportunity employer committed to an inclusive workplace. We believe in fostering an environment where all team members feel respected, valued, and encouraged to share their ideas. All qualified applicants will receive consideration for employment without regard to race, color, religion, national origin, sex, gender identity, sexual orientation, disability, protected veteran status, age, or any other characteristic protected by law.",USD
Vantor,Mid-Level OSINT Analyst,R23135,"Reston, VA",United States of America,132000.0,onsite,Mid,yes,TS/SCI + Poly,unknown,workday,,2026-06-16T21:21:14Z,https://maxar.wd1.myworkdayjobs.com/en-US/Vantor/job/Reston-VA/Mid-Level-OSINT-Analyst_R23135,"Vantor is forging the new frontier of spatial intelligence, helping decision makers and operators navigate what’s happening now and shape what’s coming next. Vantor is a place for problem solvers, changemakers, and go-getters—where people are working together to help our customers see the world differently, and in doing so, be seen differently. Come be part of a mission, not just a job, where you can: Shape your own future, build the next big thing, and change the world. To be eligible for this position, you must be a U.S. Citizen. This position requires an active U.S. Government security clearance, applicants who do not currently hold the required clearance will not be eligible for consideration. Employment for cleared roles is contingent upon verification of clearance status. Export Control/ITAR: Certain roles may be subject to U.S. export control laws, requiring U.S. person status as defined by 8 U.S.C. 1324b(a)(3). Please review the job details below. This position requires an active U.S. Government Security Clearance at the TS/SCI level and be willing and able to obtain CI polygraph. This project supports a hard and deeply buried target mission set, providing critical analytic insights to government stakeholders. Success depends on accurate reporting that augment other analytic products and enable timely and informed decision-making. The work directly impacts national security objectives by transforming complex data into actionable intelligence in a highly specialized and sensitive domain. Responsibilities: This position is full time onsite in Reston, VA. Conduct comprehensive OSINT research and analysis using public, private, and government open-source materials. Execute social media research and exploitation projects with minimal guidance. Apply social network/link analysis techniques to map relationships and patterns of interest. Use advanced search techniques, managed attribution, and relevant tools to securely gather and verify online data. Conduct geolocation and geospatial analysis, including photo and map verification. Perform image and video verification to assess authenticity and identify key visual indicators. Synthesize findings into clear, actionable written reports and briefings. Apply critical thinking and pattern recognition to identify trends and anomalies. Track and report on progress using basic project and metrics tracking tools. Minimum Qualifications: Current/active TS/SCI security clearance and be willing and able to obtain CI polygraph. Bachelor’s degree in a relevant field (e.g., International Relations, Political Science, Cybersecurity, Area Studies). 6+ years of experience in open-source research, analysis, and reporting. ​Demonstrated ability to: Work independently with limited oversight. Communicate complex findings clearly and concisely in English (written and verbal). Apply structured analytic techniques to support intelligence production. Experience conducting social media exploitation and writing intelligence or research reports. Recent (within last 2 years) training or hands-on experience in OSINT or social media research techniques. Preferred Qualifications: Language proficiency (Chinese or Russian preferred). Experience with: Photo geolocation and advanced image analysis. Cyber concepts including obfuscation techniques and digital attribution. Threat finance research and analysis. Familiarity with IC or defense analytic tools. Exposure to human geography and sociocultural analysis. Demonstrated ability to develop or refine search strategies and methods. Pay Transparency: In support of pay transparency at Vantor, we disclose salary ranges on all U.S. job postings. The successful candidate’s starting pay will fall within the salary range provided below and is determined based on job-related factors, including, but not limited to, the experience, qualifications, knowledge, skills, geographic work location, and market conditions. Candidates with the minimum necessary experience, qualifications, knowledge, and skillsets for the position should not expect to receive the upper end of the pay range. ● The base pay for this position within the Washington, DC metropolitan area is: $99,000.00 - $165,000.00 annually. For all other states, we use geographic cost of labor as an input to develop market-driven ranges for our roles, and as such, each location where we hire may have a different range. Benefits: Vantor offers a competitive total rewards package that goes beyond the standard, including a robust 401(k) with company match, mental health resources, and unique perks like student loan repayment assistance, adoption reimbursement and pet insurance to support all aspects of your life. You can find more information on our benefits at: https://www.Vantor.com/careers The application window is three days from the date the job is posted and will remain posted until a qualified candidate has been identified for hire. If the job is reposted regardless of reason, it will remain posted three days from the date the job is reposted and will remain reposted until a qualified candidate has been identified for hire. The date of posting can be found on Vantor's Career page at the top of each job posting. To apply, submit your application via Vantor's Career page. EEO Policy: Vantor is an equal opportunity employer committed to an inclusive workplace. We believe in fostering an environment where all team members feel respected, valued, and encouraged to share their ideas. All qualified applicants will receive consideration for employment without regard to race, color, religion, national origin, sex, gender identity, sexual orientation, disability, protected veteran status, age, or any other characteristic protected by law.",USD
Vantor,UI-UX Designer,R23283,"McLean, VA",United States of America,150500.0,onsite,Mid,yes,TS/SCI + Poly,unknown,workday,,2026-06-16T21:21:18Z,https://maxar.wd1.myworkdayjobs.com/en-US/Vantor/job/McLean-VA/UI-UX-Designer_R23283,"Vantor is forging the new frontier of spatial intelligence, helping decision makers and operators navigate what’s happening now and shape what’s coming next. Vantor is a place for problem solvers, changemakers, and go-getters—where people are working together to help our customers see the world differently, and in doing so, be seen differently. Come be part of a mission, not just a job, where you can: Shape your own future, build the next big thing, and change the world. To be eligible for this position, you must be a U.S. Citizen. This position requires an active U.S. Government security clearance, applicants who do not currently hold the required clearance will not be eligible for consideration. Employment for cleared roles is contingent upon verification of clearance status. Export Control/ITAR: Certain roles may be subject to U.S. export control laws, requiring U.S. person status as defined by 8 U.S.C. 1324b(a)(3). Please review the job details below. This position requires an active U.S. Government Security Clearance at the TS/SCI level with required polygraph. We are seeking an experienced UI/UX Designer to lead human-centered design efforts for mission-critical applications supporting government users. This role is responsible for end-to-end UX and UI design, from user research and analysis through interaction design, prototyping, and delivery. The ideal candidate brings a strong balance of research-driven UX practice and high-quality visual/UI design and is comfortable operating within the constraints of government environments. This role works closely with product managers, engineers, and stakeholders to ensure designs are grounded in real user needs, validated through research, and translated into intuitive, accessible interfaces. Responsibilities: User Research & Analysis Plan and conduct user research activities including interviews, usability testing, and feedback sessions with diverse user groups (e.g., analysts, SMEs, managers, data scientists). Analyze and synthesize research findings into actionable insights, personas, user journeys, and workflow maps. Document research findings and recommendations to support stakeholder understanding and buy-in, particularly in government settings. Apply ethical, secure, and compliant research practices appropriate for classified or sensitive environments. UX Strategy & Design Systems Lead UX and UI efforts for complex, high-visibility applications. Define, maintain, and evolve design systems and component libraries in collaboration with engineering teams. Establish consistent interaction patterns, workflows, and design standards across multiple applications. Create service blueprints and end-to-end experience maps to align cross-functional teams. UI Design & Prototyping Develop interactive prototypes using tools such as Figma, Adobe XD, or similar, to explore concepts and validate user flows. Produce high-fidelity UI designs that are accessible, usable, and visually consistent. Ensure designs align with accessibility standards (e.g., WCAG) and applicable government design guidelines. Document interaction behaviors, design rationale, and micro-copy to support implementation. Minimum Qualifications: Bachelor’s degree in Design, Human-Computer Interaction, Psychology, Computer Science, or a related field (or equivalent experience). Minimum of 5 years of professional experience in UI/UX design. Demonstrated experience conducting UX research, analysis, and synthesis (not UI-only). Strong proficiency with design and prototyping tools such as Figma, Adobe XD, or equivalent. Experience collaborating closely with product managers and engineering teams. Ability to clearly articulate design decisions and research findings to stakeholders. Willingness to work onsite full time in McLean, VA. Preferred Qualifications: Portfolio (website, case studies, or work samples) demonstrating UX research methodology, analysis, and UI design quality. Experience designing for mission-critical or government systems. Familiarity with accessibility standards (WCAG) and inclusive design practices. Experience contributing to or managing design systems. Familiarity with modern front-end frameworks and design constraints (e.g., component-based development). Experience supporting data-heavy or analytical user workflows. Pay Transparency: In support of pay transparency at Vantor, we disclose salary ranges on all U.S. job postings. The successful candidate’s starting pay will fall within the salary range provided below and is determined based on job-related factors, including, but not limited to, the experience, qualifications, knowledge, skills, geographic work location, and market conditions. Candidates with the minimum necessary experience, qualifications, knowledge, and skillsets for the position should not expect to receive the upper end of the pay range. ● The base pay for this position within the Washington, DC metropolitan area is: $113,000.00 - $188,000.00 annually. For all other states, we use geographic cost of labor as an input to develop market-driven ranges for our roles, and as such, each location where we hire may have a different range. Benefits: Vantor offers a competitive total rewards package that goes beyond the standard, including a robust 401(k) with company match, mental health resources, and unique perks like student loan repayment assistance, adoption reimbursement and pet insurance to support all aspects of your life. You can find more information on our benefits at: https://www.Vantor.com/careers The application window is three days from the date the job is posted and will remain posted until a qualified candidate has been identified for hire. If the job is reposted regardless of reason, it will remain posted three days from the date the job is reposted and will remain reposted until a qualified candidate has been identified for hire. The date of posting can be found on Vantor's Career page at the top of each job posting. To apply, submit your application via Vantor's Career page. EEO Policy: Vantor is an equal opportunity employer committed to an inclusive workplace. We believe in fostering an environment where all team members feel respected, valued, and encouraged to share their ideas. All qualified applicants will receive consideration for employment without regard to race, color, religion, national origin, sex, gender identity, sexual orientation, disability, protected veteran status, age, or any other characteristic protected by law.",USD
Vantor,"Sales Director, Japan",R22285,Japan,United States of America,,remote,Director,us_person,Top Secret,unknown,workday,,2026-06-16T21:21:22Z,https://maxar.wd1.myworkdayjobs.com/en-US/Vantor/job/Japan/Sales-Director--Japan_R22285,"Vantor is forging the new frontier of spatial intelligence, helping decision makers and operators navigate what’s happening now and shape what’s coming next. Vantor is a place for problem solvers, changemakers, and go-getters—where people are working together to help our customers see the world differently, and in doing so, be seen differently. Come be part of a mission, not just a job, where you can: Shape your own future, build the next big thing, and change the world. Please review the job details below. The Role: As a Sales Director for Japan, your job is to drive and lead government sales in Japan – especially in Defence & Intelligence (D&I) that moves the needle on growth targets. Reporting to the VP, Head of APAC, the Sales Director of for Japan will be responsible for driving large, complex transactions, smaller transactions in the medium-sized business market, all while ensuring consistent and predictable growth and success. You will be expected to: Think Strategically: ​Identify target clients and build capture plans around strategic activities, desired relationships and business strategies that optimize business opportunities and deliver results.
Guide the positioning and articulation of our key value propositions to targeted, high value customers.
Develop and lead a strategy to identify and capitalize on funding sources with a focus on USG Security Assistance and Security Cooperation programs. Gain recognition as a trusted and respected representative of Vantor. Act Tactically: Direct responsibility for driving Government and National Security business development and sales.
Take a “hands-on” approach in proactively engaging Defence D&I stakeholders.
Co-develop proposals to respond to RFPs, RFIs, and tenders.
Work with Sales, Marketing, and Finance teams to accurately forecast, implement, and monitor a successful strategic BD/go-to-market program.
Represent Vantor at user conferences, and a variety of public speaking engagements. ​ Understand Our Customers: Leverage your government industry and mission domain knowledge when working with cross-divisional teams to grow business and increase market share for Vantor.
Demonstrate government industry and foreign relations knowledge and its relevance to the application of remote sensing and Earth observation.
Identify key stakeholders and business drivers for government customers. Understand customer budgeting and acquisition processes. Use consultative selling skills to understand operational, mission and business challenges of customers. Required Qualifications: Government industry experience >10 years
Experience with Defence & National Security > 10 years
Solutions selling experience > 10 years
Be willing to go through Japan security clearance process equivalent to US Active Top Secret security clearance.
15+ years of direct government industry work experience, preferably in operational, diplomatic, defense and intelligence or geospatial domains.
Bachelor’s degree in Business, Geospatial, Engineering or related fields
Previous experience in Japan Government, Japan MoD and foreign government Security Assistance and FMS related activities.
Experience responding to RFPs, RFIs, and tenders in complex environments and short timeframes
Lives in Tokyo or is prepared to relocate there.
Ability to travel domestically or internationally averaging about 25% with potential peaks up to 50% travel Preferred Qualifications: Existing Japan security clearance equivalent to US Active Top Secret security clearance.
Multi-lingual with communication skills in English and Japanese as a minimum
Understanding of International Traffic in Arms Regulations (ITAR) and the Foreign Military Sales (FMS) process
Experience working within the Earth Imagery, GEOINT markets highly desired
Master’s degree in a technical discipline or Analysis and Strategy EEO Policy: Vantor is an equal opportunity employer committed to an inclusive workplace. We believe in fostering an environment where all team members feel respected, valued, and encouraged to share their ideas. All qualified applicants will receive consideration for employment without regard to race, color, religion, national origin, sex, gender identity, sexual orientation, disability, protected veteran status, age, or any other characteristic protected by law.",
