company,title,job_id,location,country,salary,remote,seniority,us_citizenship_required,security_clearance,relocation_assistance,source_platform,date_posted,scraped_at,apply_url,description_text
Woodward,Mitarbeiter (m/w/d) für Produktionssteuerung – Bereich: Produktion,JR111176,"Aken (Elbe), DE",United States of America,,onsite,Mid,us_person,unknown,unknown,workday,N/A,2026-06-13T02:50:27Z,https://woodward.wd5.myworkdayjobs.com/en-US/woodward/job/Aken-Elbe-DE/Mitarbeiter--m-w-d--fr-Produktionssteuerung---Bereich--Produktion_JR111176,"Für unseren Standort in Aken (Elbe) suchen wir einen Mitarbeiter (m/w/d) in der Produktionssteuerung, der unser Produktionsteam bei der Erreichung der operativen Ziele unterstützt. Ihre Aufgaben Fachliche Unterstützung der Meisterebene im Produktionsbereich durch Planung, Steuerung und kontinuierliche Optimierung der Produktionsabläufe Sicherstellung der Materialverfügbarkeit in enger Zusammenarbeit mit Planung und Fertigung Überwachung des Produktionsfortschritts und Sicherstellung der termingerechten Abarbeitung von Fertigungsaufträgen Regelmäßige Inventur der Materialbestände im Produktionsbereich Übernahme der Schnittstellenfunktion zwischen Produktion, Planung, Logistik und weiteren Bereichen Erstellung, Auswertung und Präsentation von Produktionskennzahlen Ihre Qualifikation Abgeschlossene Berufsausbildung, idealerweise im technischen oder kaufmännischen Bereich Erste Erfahrung in der Produktion, Produktionssteuerung und Logistik von Vorteil Gutes Verständnis für Produktionsprozesse sowie Material- und Warenflüsse Sicherer Umgang mit ERP- oder Produktionsplanungssystemen Strukturierte, eigenständige und lösungsorientierte Arbeitsweise sowie ausgeprägte Kommunikationsfähigkeit und Teamorientierung Ihre Vorteile Ein angenehmes und teamorientiertes Arbeitsklima in einem internationalen Umfeld Eine attraktive Vergütung und Teilnahme am Konzernbonusplan 30 Tage Jahresurlaub und flexible Arbeitszeiten Zuschüsse zur betrieblichen Altersvorsorge oder vermögenswirksame Leistungen sowie eine kostenfreie Gruppenunfallversicherung Externe und interne Weiterbildungsmöglichkeiten und regelmäßige Maßnahmen zur Gesundheitsförderung und Mitarbeiterevents Bewerben Sie sich gerne direkt online auf www.woodward.com/careers E-Mail: Akenhr@woodward.com"
Woodward,"Senior Commercial Counsel, Aerospace",JR109645,2 Locations,United States of America,,hybrid,Senior,us_person,unknown,unknown,workday,N/A,2026-06-13T02:50:31Z,https://woodward.wd5.myworkdayjobs.com/en-US/woodward/job/Rockford---Rock-Cut-Campus-RCC/Senior-Commercial-Counsel--Aerospace_JR109645,"Woodward is committed to creating a great workplace for all team members. Our company and its members are committed to acting with integrity, being respectful and accountable to one another, and staying humble and driven, while maintaining the highest professional and ethical standards. We are steadfastly committed to attracting the best talent across our communities creating a rewarding workplace. Together we are fulfilling our purpose to design and deliver energy control solutions our partners count on to power a clean future. Woodward supports our members’ wellbeing and regularly benchmarks with other companies in our industry to offer an extensive Total Reward package for this position. Salary will be determined by the applicant's education, experience, knowledge, skills, and abilities, as well as internal equity and alignment with market data. Estimated annual base pay: $113,000 (minimum) - $147,000 (midpoint) - $181,000 (maximum) All members included in annual cash bonus opportunity 401(k) match (4.5%) Annual Woodward stock contribution (5%) Tuition reimbursement and Training/Professional Development opportunities for all members 12 paid holidays, including floating holidays Industry leading medical, dental, and vision Insurance upon date of hire Vacation / Sick Time / Vacation Buy-up / Short Term Disability / Bereavement leave Paid parental leave Adoption Assistance Employee Assistance Program, including mental health benefits Member Life & AD&D / Long Term Disability / Member Optional Life Member referral bonus Spouse / Child Optional Life / Optional AD&D / Healthcare and Dependent Care Flexible Spending Voluntary benefits, including: Home / Auto Insurance discounts Whole Life Insurance / Critical Illness Insurance / Legal Assistance / Military Leave Are you ready to make your mark? We have an exciting opportunity for you. Woodward is seeking an experienced Senior Commercial Counsel, Aerospace to provide strategic legal support for a broad range of commercial and transactional matters in its Aerospace business segment. The ideal candidate will have strong commercial contracting experience, preferably in the aerospace or manufacturing sector, and will collaborate closely with internal stakeholders across business units and geographies. This is a unique opportunity to contribute to Woodward’s mission while navigating a dynamic regulatory environment and partnering cross-functionally to enable business success. Key Responsibilities: Legal Advisory Services: Senior Counsel provides expert legal advice and guidance to various departments within the organization, ensuring that all business activities comply with applicable laws and regulations. Contract Management: Senior Counsel drafts, reviews, negotiates, and manages a wide range of contracts and agreements to protect the organization's interests and mitigate legal risks. Risk Assessment and Mitigation: Senior Counsel identifies potential legal risks associated with business operations and develops strategies to minimize exposure to litigation and regulatory issues. Regulatory Compliance: Senior Counsel oversees the organization’s compliance with relevant laws and industry standards, conducting regular audits and implementing necessary policies and procedures. Leadership and Mentorship: Senior Counsel leads the legal team by providing mentorship and guidance to junior legal staff, fostering professional development and ensuring the effective functioning of the legal department. Key Skills: Legal Expertise: A Senior Counsel possesses comprehensive knowledge of relevant laws, regulations, and legal principles to effectively advise the organization. Contract Drafting and Negotiation: They are skilled in drafting, reviewing, and negotiating contracts to ensure favorable terms and mitigate potential risks. Regulatory Compliance: Ensuring the organization adheres to all applicable laws and regulations is a key responsibility of a Senior Counsel. Risk Management: They identify, assess, and develop strategies to manage legal risks that could impact the organization's operations and reputation. Strategic Thinking: Senior Counsel contributes to the organization's strategic planning by providing legal insights that align with business objectives. Communication Skills: They communicate complex legal concepts clearly and effectively to stakeholders at all levels within the organization. Leadership and Team Management: A Senior Counsel leads and mentors junior legal staff, fostering a collaborative and productive team environment. Problem Solving Ability: They demonstrate strong analytical and problem-solving skills to address and resolve legal challenges efficiently. Client Relationship Management: Building and maintaining strong relationships with internal and external clients is essential for a Senior Counsel. Project Management: They manage multiple legal projects simultaneously, ensuring timely and accurate completion of tasks and deliverables. Other Qualifications: A Juris Doctor (JD) degree from an accredited law school is required. Candidates must be licensed to practice law in the relevant country and jurisdiction(s). Application window is anticipated to close 14 days from original posting date. This information is provided in compliance with the Colorado Equal Pay for Equal Work Act and is the company’s good faith and reasonable estimate of the compensation range and benefits offered for this position. The compensation offered to the successful applicant may vary based on factors including experience, skills, education, location, and other job-related reasons. This position requires use of information which is subject to the International Traffic in Arms Regulations (ITAR) and/or the Export Administration Regulations (EAR). All applicants must be U.S. Persons within the meaning of the ITAR and EAR, or eligible to obtain all required authorizations from the U.S. Department of State and/or the U.S. Department of Commerce. The ITAR defines a U.S. Person as a U.S. citizen or national, lawful permanent resident (i.e., 'Green Card holder'), or a protected person (e.g., asylee, or refugee). Woodward is an equal opportunity employer and does not discriminate in hiring or employment on the basis of race, color, religion, sex (including sexual orientation and gender identity), national origin, age, disability, protected veteran status, or any other category protected under federal, state, or local laws. #LI-Hybrid"
Woodward,"Director, Intellectual Property",JR110952,3 Locations,United States of America,,hybrid,Director,us_person,unknown,unknown,workday,N/A,2026-06-13T02:50:35Z,https://woodward.wd5.myworkdayjobs.com/en-US/woodward/job/Fort-Collins---Drake-Campus/Director--Intellectual-Property_JR110952,"Woodward is committed to creating a great workplace for all team members. Our company and its members are committed to acting with integrity, being respectful and accountable to one another, and staying humble and driven, while maintaining the highest professional and ethical standards. We are steadfastly committed to attracting the best talent across our communities, creating a rewarding workplace. Together we are fulfilling our purpose to design and deliver energy control solutions our partners count on to power a clean future. Woodward supports our members’ wellbeing and regularly benchmarks with other companies in our industry to offer an extensive Total Reward package for this position. Salary will be determined by the applicant's education, experience, knowledge, skills, and abilities, as well as internal equity and alignment with market data. Estimated annual base pay: $203,000(minimum) - $244,000(midpoint) - $284,000(maximum)
Equity All Levels are eligible for the benefits below: All members included in annual cash bonus opportunity. 401(k) match (4.5%)
Annual Woodward stock contribution (5%)
Tuition reimbursement and Training/Professional Development opportunities for all members 12 paid holidays, including floating holidays. Industry leading medical, dental, and vision Insurance upon date of hire
Vacation / Sick Time / Vacation Buy-up / Short Term Disability / Bereavement leave. Paid parental leave.
Adoption Assistance Employee Assistance Program, including mental health benefits. Member Life & AD&D / Long Term Disability / Member Optional Life Member referral bonus Spouse / Child Optional Life / Optional AD&D / Healthcare and Dependent Care Flexible Spending Voluntary benefits, including: Home / Auto Insurance discounts Whole Life Insurance / Critical Illness Insurance / Legal Assistance / Military Leave Are you ready to make your mark? If you’re a Intellectual Property leader, we have an exciting opportunity for you. Provide strategic intellectual property (IP) legal leadership for Woodward’s Aerospace segment by identifying and managing IP-related risks and opportunities, advising business and engineering stakeholders, and ensuring compliance with applicable laws and regulations. This role leads the drafting, review, and negotiation of IP and development agreements; implements the enterprise IP strategy and program within the Aerospace segment; oversees IP harvesting, processing, protection, and asset management (including managing outside counsel) within the Aerospace segment; supports M&A transactions through IP due diligence and risk identification; and mentors/educates team members to strengthen IP awareness and execution across the organization. What You Will Be Doing Segment Strategic Legal Leadership: Provide strategic and practical IP guidance to the Aerospace segment and overall organization by identifying legal risks and opportunities, ensuring that all business activities comply with applicable laws and regulations.
Contract Management: Oversee and assist in the drafting, review, and negotiation of all IP and development agreements to protect the company’s IP interests and mitigate potential liabilities within the Aerospace segment.
Risk Management: Identify potential IP related risks related to business operations and develop strategies and solutions to manage and minimize those risks effectively.
IP Strategy and Program Implementation: Implement the enterprise-wide IP strategy and IP program within Aerospace segment.
Team Development and Education: Mentor and educate Woodward members about IP strategy and program, fostering a collaborative environment with Engineering and other departments within the Aerospace segment.
Manage outside counsel support of IP asset management within the Aerospace segment.
Manage the harvesting, processing, and protecting of intellectual property within the Aerospace segment.
Support M&A transactions in performing due diligence and identifying risks associated with the acquisition and divestment of IP assets. What We Are Looking For Legal Expertise: Demonstrates comprehensive knowledge of relevant IP laws, regulations, and legal precedents to effectively guide the organization’s IP strategy implementation.
Strategic Thinking: Develops and implements long-term legal strategies that align with the company’s business objectives and mitigate potential risks.
Leadership: Provides strong leadership to the legal team, fostering a collaborative environment and ensuring high performance and professional growth.
Risk Management: Identifies, assesses, and mitigates IP legal risks to protect the organization from potential liabilities and ensure compliance.
Negotiation Skills: Expertly negotiates contracts, licenses, and agreements to secure favorable outcomes for the organization.
Communication: Communicates complex legal concepts clearly and effectively to stakeholders, including executives, employees, and external partners.
Project Management: Manages multiple legal projects efficiently, ensuring deadlines are met and resources are effectively allocated.
Ethical Judgment: Upholds the highest ethical standards, ensuring the organization’s actions comply with legal and moral guidelines.
Adaptability: Stays current with evolving laws and industry trends, adapting legal strategies to address new challenges and opportunities. Other Qualifications: A Juris Doctor (JD) degree from an accredited law school is required. Candidates must be licensed to practice law in the relevant country and jurisdiction(s).
Registered as a Patent Attorney with the United States Patent and Trademark Office (USPTO). Successful Candidates Will Typically Have: At least 10 years of experience.
Aerospace and/or manufacturing experience.
In-house experience. Application window is anticipated to close 30 days from original posting date. This information is provided in compliance with the Colorado Equal Pay for Equal Work Act and is the company’s good faith and reasonable estimate of the compensation range and benefits offered for this position. The compensation offered to the successful applicant may vary based on factors including experience, skills, education, location, and other job-related reasons. This position requires use of information which is subject to the International Traffic in Arms Regulations (ITAR) and/or the Export Administration Regulations (EAR). All applicants must be U.S. Persons within the meaning of the ITAR and EAR, or eligible to obtain all required authorizations from the U.S. Department of State and/or the U.S. Department of Commerce. The ITAR defines a U.S. Person as a U.S. citizen or national, lawful permanent resident (i.e., 'Green Card holder'), or a protected person (e.g., asylee, or refugee). Woodward is an equal opportunity employer and does not discriminate in hiring or employment on the basis of race, color, religion, sex (including sexual orientation and gender identity), national origin, age, disability, protected veteran status, or any other category protected under federal, state, or local laws. #LI-Hybrid"
Woodward,"Sr. Manager, Strategy & Corporate Development",JR110199,Fort Collins - Lincoln Campus HQ,United States of America,,hybrid,Manager,us_person,unknown,unknown,workday,N/A,2026-06-13T02:50:39Z,https://woodward.wd5.myworkdayjobs.com/en-US/woodward/job/Fort-Collins---Lincoln-Campus-HQ/Sr-Manager--Strategy---Corporate-Development_JR110199,"Woodward is committed to creating a great workplace for all team members. Our company and its members are committed to acting with integrity, being respectful and accountable to one another, and staying humble and driven, while maintaining the highest professional and ethical standards. We are steadfastly committed to attracting the best talent across our communities, creating a rewarding workplace. Together we are fulfilling our purpose to design and deliver energy control solutions our partners count on to power a clean future. Woodward supports our members’ wellbeing and regularly benchmarks with other companies in our industry to offer an extensive Total Reward package for this position. Salary will be determined by the applicant's education, experience, knowledge, skills, and abilities, as well as internal equity and alignment with market data. Estimated annual base pay: $134,000(minimum) - $167,000(midpoint) - $201,000(maximum) All Levels are eligible for the benefits below: All members included in annual cash bonus opportunity. 401(k) match (4.5%)
Annual Woodward stock contribution (5%)
Tuition reimbursement and Training/Professional Development opportunities for all members 12 paid holidays, including floating holidays. Industry leading medical, dental, and vision Insurance upon date of hire
Vacation / Sick Time / Vacation Buy-up / Short Term Disability / Bereavement leave. Paid parental leave.
Adoption Assistance Employee Assistance Program, including mental health benefits. Member Life & AD&D / Long Term Disability / Member Optional Life Member referral bonus Spouse / Child Optional Life / Optional AD&D / Healthcare and Dependent Care Flexible Spending Voluntary benefits, including: Home / Auto Insurance discounts Whole Life Insurance / Critical Illness Insurance / Legal Assistance / Military Leave Are you ready to make your mark? If you’re a Mergers & Acquisitions professional, we have an exciting opportunity for you. We are seeking a senior Strategy & Business Development leader with private equity, investment banking, or Wall Street execution experience to independently lead strategic transactions and growth initiatives. This role will own the end-to-end deal lifecycle from target identification through diligence, valuation, negotiation, and close—while partnering closely with executive leadership and cross-functional teams. This role will own the end-to-end deal lifecycle, starting with target identification and continuing through diligence, valuation, negotiation, and close, while partnering closely with executive leadership and cross-functional teams. This is a hands-on, high-impact role for someone who thrives in ambiguity, moves fast with rigor, and brings both strategic altitude and roll-up-your-sleeves execution. What You Will Be Doing End-to-End Deal Leadership: Own the full lifecycle of M&A, divestitures, joint ventures, and strategic investments- from sourcing and screening through diligence, valuation, negotiation, and close.
Target Identification & Market Scanning: Proactively identify, evaluate, and prioritize acquisition and partnership opportunities aligned to strategic growth priorities.
Transaction Execution & Diligence Management: Lead financial modeling, valuation, synergy analysis, and business case development. Manage diligence workstreams across Finance, Legal, Operations, HR, IT, and external advisors.
Executive Partnership: Serve as a trusted advisor to executive leadership. Prepare investment memos, executive readouts and materials with clear recommendations and risk assessments.
Post-Merger Integration (PMI) & Value Realization: Partner with functional leaders to ensure smooth integration, synergy capture, and accountability for deal value delivery. What We Are Looking For M&A / Transaction Expertise – Proven experience executing complex transactions in PE, IB, or corporate development environments.
Financial Acumen & Valuation – Advanced modeling, valuation methodologies, ROI analysis, and capital allocation discipline.
Strategic Thinking – Ability to connect market trends, competitive dynamics, and long-term strategy into actionable opportunities.
Independent Execution – Comfortable running deals end-to-end with minimal oversight. Brings structure to ambiguity.
Analytical Rigor – Synthesizes large volumes of qualitative and quantitative data into clear insights and recommendations.
Negotiation Skills – Confident, commercial negotiator who can balance firmness with relationship building.
Executive Communication – Crisp, compelling communicator with presence in the room and clarity in the deck.
Cross-Functional Leadership –Able to orchestrate diverse teams without formal authority.
Project Management & Drive – Relentless about timelines, quality, and follow-through.
Market & Industry Insight – Deep curiosity and understanding of industry dynamics, competitive landscapes, and growth vectors. Experience & Education
6+ years of experience in Private Equity, Investment Banking, Strategy Consulting, or Corporate Development with direct deal execution responsibility.
Demonstrated experience leading transactions independently. Application window is anticipated to close 30 days from original posting date. This information is provided in compliance with the Colorado Equal Pay for Equal Work Act and is the company’s good faith and reasonable estimate of the compensation range and benefits offered for this position. The compensation offered to the successful applicant may vary based on factors including experience, skills, education, location, and other job-related reasons. This position requires use of information which is subject to the International Traffic in Arms Regulations (ITAR) and/or the Export Administration Regulations (EAR). All applicants must be U.S. Persons within the meaning of the ITAR and EAR, or eligible to obtain all required authorizations from the U.S. Department of State and/or the U.S. Department of Commerce. The ITAR defines a U.S. Person as a U.S. citizen or national, lawful permanent resident (i.e., 'Green Card holder'), or a protected person (e.g., asylee, or refugee). Woodward is an equal opportunity employer and does not discriminate in hiring or employment on the basis of race, color, religion, sex (including sexual orientation and gender identity), national origin, age, disability, protected veteran status, or any other category protected under federal, state, or local laws. #LI-Hybrid"
Woodward,Engineering Manager - Test Equipment,JR109305,"Niles, IL, US",United States of America,,onsite,Manager,us_person,unknown,unknown,workday,N/A,2026-06-13T02:50:43Z,https://woodward.wd5.myworkdayjobs.com/en-US/woodward/job/Niles-IL-US/Engineering-Manager---Test-Equipment_JR109305,"Woodward is committed to creating a great workplace for all team members. Our company and its members are committed to acting with integrity, being respectful and accountable to one another, and staying humble and driven, while maintaining the highest professional and ethical standards. We are steadfastly committed to attracting the best talent across our communities creating a rewarding workplace. Together we are fulfilling our purpose to design and deliver energy control solutions our partners count on to power a clean future. Woodward supports our members’ wellbeing and regularly benchmarks with other companies in our industry to offer an extensive Total Reward package for this position. Salary will be determined by the applicant's education, experience, knowledge, skills, and abilities, as well as internal equity and alignment with market data. Estimated annual base pay: $113,000 (minimum) - $147,000 (midpoint) - $181,000 (maximum) All members included in annual cash bonus opportunity. 401(k) match (4.5%) Annual Woodward stock contribution (5%) Tuition reimbursement and Training/Professional Development opportunities for all members 12 paid holidays, including floating holidays. Industry leading medical, dental, and vision Insurance upon date of hire Vacation / Sick Time / Vacation Buy-up / Short Term Disability / Bereavement leave. Paid parental leave. Adoption Assistance Employee Assistance Program, including mental health benefits. Member Life & AD&D / Long Term Disability / Member Optional Life Member referral bonus Spouse / Child Optional Life / Optional AD&D / Healthcare and Dependent Care Flexible Spending Voluntary benefits, including: Home / Auto Insurance discounts Whole Life Insurance / Critical Illness Insurance / Legal Assistance / Military Leave Key Responsibilities: Team Leadership: Oversees and directs a team of engineering professionals to achieve short term operational objectives and maintain high performance standards. Performance Management: Conducts performance appraisals, manages hiring and termination processes, and implements training and development programs to enhance team skills. Operational Planning: Develops and adapts departmental plans and priorities to address resource and operational challenges, ensuring the achievement of financial and operational goals. Technical Problem Solving: Identifies and resolves technical and operational issues, considering their broader impact on the department and implementing effective solutions. Cross Department Collaboration: Partners with other departments to integrate engineering initiatives with overall business objectives, ensuring seamless operational synergy. Key Skills: Leadership: Demonstrates the ability to lead and inspire engineering teams to achieve strategic and operational goals. People Management: Expertise in hiring, training, performance evaluations, and employee development to build a high performing team. Strategic Planning: Skilled in developing and adapting short term operational plans to meet organizational objectives. Business Acumen: Understands how engineering functions integrate with overall business operations to drive success. Technical Expertise: Provides advanced technical guidance and support to team members and stakeholders. Problem Solving: Capable of identifying, analyzing, and resolving complex technical and operational issues effectively. Financial Management: Manages budgets and financial resources to ensure the achievement of financial and operational targets. Decision Making: Makes informed and policy driven decisions to navigate operational challenges and opportunities. Interpersonal Influence: Effectively guides and influences team members and other stakeholders to adopt new perspectives and approaches. Adaptability: Adjusts departmental plans and priorities in response to changing resources and operational demands. Other Qualifications: 4year Bachelors BS AND 10+ years equivalent experience in Management and Engineering. This position requires use of information which is subject to the International Traffic in Arms Regulations (ITAR) and/or the Export Administration Regulations (EAR). All applicants must be U.S. Persons within the meaning of the ITAR and EAR, or eligible to obtain all required authorizations from the U.S. Department of State and/or the U.S. Department of Commerce. The ITAR defines a U.S. Person as a U.S. citizen or national, lawful permanent resident (i.e., 'Green Card holder'), or a protected person (e.g., asylee, or refugee). Woodward is an equal opportunity employer and does not discriminate in hiring or employment on the basis of race, color, religion, sex (including sexual orientation and gender identity), national origin, age, disability, protected veteran status, or any other category protected under federal, state, or local laws. #LI-AT1"
Woodward,Customer Support Representative - AWS,JR110701,Rockford - Loves Park Campus (LPC),United States of America,,onsite,Mid,us_person,unknown,unknown,workday,N/A,2026-06-13T02:50:47Z,https://woodward.wd5.myworkdayjobs.com/en-US/woodward/job/Rockford---Loves-Park-Campus-LPC/Customer-Support-Representative_JR110701-1,"Woodward is committed to creating a great workplace for all team members. Our company and its members are committed to acting with integrity, being respectful and accountable to one another, and staying humble and driven, while maintaining the highest professional and ethical standards. We are steadfastly committed to attracting the best talent across our communities creating a rewarding workplace. Together we are fulfilling our purpose to design and deliver energy control solutions our partners count on to power a clean future. Woodward supports our members’ wellbeing and regularly benchmarks with other companies in our industry to offer an extensive Total Reward package for this position. Salary will be determined by the applicant's education, experience, knowledge, skills, and abilities, as well as internal equity and alignment with market data. Estimated annual base pay: $20.19(minimum) - $26.44(midpoint) - $32.21(maximum) Plus shift differential and overtime All levels are eligible for the following benefits: All members included in annual cash bonus opportunity. 401(k) match (4.5%)
Annual Woodward stock contribution (5%)
Tuition reimbursement and Training/Professional Development opportunities for all members 12 paid holidays, including floating holidays. Industry leading medical, dental, and vision Insurance upon date of hire
Vacation / Sick Time / Vacation Buy-up / Short Term Disability / Bereavement leave. Paid parental leave.
Adoption Assistance Employee Assistance Program, including mental health benefits. Member Life & AD&D / Long Term Disability / Member Optional Life Member referral bonus Spouse / Child Optional Life / Optional AD&D / Healthcare and Dependent Care Flexible Spending Voluntary benefits, including: Home / Auto Insurance discounts Whole Life Insurance / Critical Illness Insurance / Legal Assistance / Military Leave AWS Shift: Friday through Sunday from 3:00pm until 3:30am Key Responsibilities: Respond to Customer Inquiries: Handle customer questions and issues via phone, email, customer portals, or chat following established procedures.
Customer Interactions: Accurately record details of customer interactions and transactions.
Provide Product Information: Supply customers with information about products and services based on current guidelines.
Resolve Basic Issues: Address and resolve straightforward customer problems using predefined solutions.
Follow-up on Support Cases: Ensure timely follow-up with customers to confirm resolution and satisfaction. Key Skills: Communication: Effectively conveys information to customers through verbal and written channels.
Active Listening: Pays close attention to customer needs and concerns to provide appropriate responses.
Problem Resolution: Utilizes predefined procedures to resolve common customer issues efficiently.
Product Knowledge: Demonstrates understanding of company products and services to assist customers accurately.
Time Management: Manages work efficiently to handle multiple customer inquiries within set timeframes.
Technical Proficiency: Uses customer support software and basic computer applications proficiently.
Attention to Detail: Ensures accuracy in data entry and information provided to customers.
Team Collaboration: Works effectively with team members to achieve common support objectives.
Empathy: Understands and responds to customer emotions to enhance service experience.
Adaptability: Adjusts to new procedures and updates in a structured work environment. Successful candidates typically have: Customer support experience in manufacturing environment This position requires use of information which is subject to the International Traffic in Arms Regulations (ITAR) and/or the Export Administration Regulations (EAR). All applicants must be U.S. Persons within the meaning of the ITAR and EAR, or eligible to obtain all required authorizations from the U.S. Department of State and/or the U.S. Department of Commerce. The ITAR defines a U.S. Person as a U.S. citizen or national, lawful permanent resident (i.e., 'Green Card holder'), or a protected person (e.g., asylee, or refugee). Woodward is an equal opportunity employer and does not discriminate in hiring or employment on the basis of race, color, religion, sex (including sexual orientation and gender identity), national origin, age, disability, protected veteran status, or any other category protected under federal, state, or local laws."
Woodward,Customer Support Representative 1,JR111713,"Santa Clarita, CA, US",United States of America,,onsite,Mid,us_person,unknown,unknown,workday,N/A,2026-06-13T02:50:51Z,https://woodward.wd5.myworkdayjobs.com/en-US/woodward/job/Santa-Clarita-CA-US/Customer-Support-Representative-1_JR111713-1,"Woodward is committed to creating a great workplace for all team members. Our company and its members are committed to acting with integrity, being respectful and accountable to one another, and staying humble and driven, while maintaining the highest professional and ethical standards. We are steadfastly committed to attracting the best talent across our communities creating a rewarding workplace. Together we are fulfilling our purpose to design and deliver energy control solutions our partners count on to power a clean future. Woodward supports our members’ wellbeing and regularly benchmarks with other companies in our industry to offer an extensive Total Reward package for this position. Salary will be determined by the applicant's education, experience, knowledge, skills, and abilities, as well as internal equity and alignment with market data. LEVEL I Estimated annual base pay: $22.60(minimum) - $29.33(midpoint) - $36.06(maximum) Plus overtime LEVEL II Estimated annual base pay: $25.00(minimum) - $32.21(midpoint) - $39.90(maximum) Plus overtime All levels are eligible for the following benefits: All members included in annual cash bonus opportunity. 401(k) match (4.5%)
Annual Woodward stock contribution (5%)
Tuition reimbursement and Training/Professional Development opportunities for all members 12 paid holidays, including floating holidays. Industry leading medical, dental, and vision Insurance upon date of hire
Vacation / Sick Time / Vacation Buy-up / Short Term Disability / Bereavement leave. Paid parental leave.
Adoption Assistance Employee Assistance Program, including mental health benefits. Member Life & AD&D / Long Term Disability / Member Optional Life Member referral bonus Spouse / Child Optional Life / Optional AD&D / Healthcare and Dependent Care Flexible Spending Voluntary benefits, including: Home / Auto Insurance discounts Whole Life Insurance / Critical Illness Insurance / Legal Assistance / Military Leave LEVEL I Key Responsibilities: Respond to Customer Inquiries: Handle customer questions and issues via phone, email, customer portals, or chat following established procedures.
Document Customer Interactions: Accurately record details of customer interactions and transactions.
Provide Product Information: Supply customers with information about products and services based on current guidelines.
Resolve Basic Issues: Address and resolve straightforward customer problems using predefined solutions.
Follow up on Support Cases: Ensure timely follow-up with customers to confirm resolution and satisfaction. Key Skills: Communication: Effectively conveys information to customers through verbal and written channels.
Active Listening: Pays close attention to customer needs and concerns to provide appropriate responses.
Problem Resolution: Utilizes predefined procedures to resolve common customer issues efficiently.
Product Knowledge: Demonstrates understanding of company products and services to assist customers accurately.
Time Management: Manages work tasks efficiently to handle multiple customer inquiries within set timeframes.
Technical Proficiency: Uses customer support software and basic computer applications proficiently.
Attention to Detail: Ensures accuracy in data entry and information provided to customers.
Team Collaboration: Works effectively with team members to achieve common support objectives.
Empathy: Understands and responds to customer emotions to enhance service experience.
Adaptability: Adjusts to new procedures and updates in a structured work environment. LEVEL II Key Responsibilities: Respond to Customer Inquiries: Handles customer questions and concerns through phone, email, customer portals, or chat, ensuring prompt and accurate assistance.
Resolve Routine Issues: Diagnoses, assist in resolving, and escalate routine problems using established procedures and resources.
Maintain Customer Records: Documents all customer interactions and transactions with attention to detail.
Collaborate with Team Members: Works with fellow support representatives and other departments to provide seamless customer service.
Adhere to Service Standards: Follows company policies and standardized procedures to uphold high quality support and compliance. Key Skills: Communication: Effectively exchanges clear and concise information with customers and team members.
Problem Solving: Identifies and resolves common customer issues using established procedures.
Time Management: Efficiently manages individual workload to meet service level agreements.
Customer Service: Provides exceptional support to ensure high levels of customer satisfaction.
Technical Proficiency: Utilizes customer support software and tools proficiently.
Team Collaboration: Works cohesively within the team and coordinates with other related teams.
Decision Making: Makes informed decisions based on standard guidelines with minimal supervision.
Attention to Detail: Maintains accuracy in handling customer information and documentation.
Procedural Compliance: Adheres to standardized procedures and practices consistently.
Conflict Resolution: Manages and resolves straightforward customer disputes effectively. This position requires use of information which is subject to the International Traffic in Arms Regulations (ITAR) and/or the Export Administration Regulations (EAR). All applicants must be U.S. Persons within the meaning of the ITAR and EAR, or eligible to obtain all required authorizations from the U.S. Department of State and/or the U.S. Department of Commerce. The ITAR defines a U.S. Person as a U.S. citizen or national, lawful permanent resident (i.e., 'Green Card holder'), or a protected person (e.g., asylee, or refugee). Woodward is an equal opportunity employer and does not discriminate in hiring or employment on the basis of race, color, religion, sex (including sexual orientation and gender identity), national origin, age, disability, protected veteran status, or any other category protected under federal, state, or local laws."
Woodward,IT Compliance & Product Security Analyst,JR111734,3 Locations,United States of America,,hybrid,Mid,us_person,unknown,unknown,workday,N/A,2026-06-13T02:50:55Z,https://woodward.wd5.myworkdayjobs.com/en-US/woodward/job/Fort-Collins---Lincoln-Campus-HQ/IT-Compliance---Product-Security-Analyst_JR111734,"Woodward is committed to creating a great workplace for all team members. Our company and its members are committed to acting with integrity, being respectful and accountable to one another, and staying humble and driven, while maintaining the highest professional and ethical standards. We are steadfastly committed to attracting the best talent across our communities creating a rewarding workplace. Together we are fulfilling our purpose to design and deliver energy control solutions our partners count on to power a clean future. Woodward supports our members’ wellbeing and regularly benchmarks with other companies in our industry to offer an extensive Total Reward package for this position. Salary will be determined by the applicant's education, experience, knowledge, skills, and abilities, as well as internal equity and alignment with market data. Estimated annual base pay: $95,000(minimum) - $123,000(midpoint) - $152,000(maximum) All Levels are eligible for the benefits below: All members included in annual cash bonus opportunity. 401(k) match (4.5%)
Annual Woodward stock contribution (5%)
Tuition reimbursement and Training/Professional Development opportunities for all members 12 paid holidays, including floating holidays. Industry leading medical, dental, and vision Insurance upon date of hire
Vacation / Sick Time / Vacation Buy-up / Short Term Disability / Bereavement leave. Paid parental leave.
Adoption Assistance Employee Assistance Program, including mental health benefits. Member Life & AD&D / Long Term Disability / Member Optional Life Member referral bonus Spouse / Child Optional Life / Optional AD&D / Healthcare and Dependent Care Flexible Spending Voluntary benefits, including: Home / Auto Insurance discounts Whole Life Insurance / Critical Illness Insurance / Legal Assistance / Military Leave Key Responsibilities: Creates and updates IT compliance and product security policies to align with regulations and best practices. Leads Review Board for open-source compliance.
Tracks and analyzes changes in relevant laws and regulations to ensure compliance. Identifies product roadmap and regulatory challenges. Performs audits of IT systems and processes to ensure adherence to relevant regulations and internal policies. Leads segment quality or customer audits.
Advise segments on cyber-physical security development, incorporating customer specifications, threat analysis, regulatory requirements, and lifecycle activities.
Develops cases for process and tool improvements using vulnerability, incident, and secure development metrics; oversees incident response teams. Key Skills: Regulatory Expertise: In-depth understanding of IT compliance regulations (NIST, CMMC, SOX, ISO, GDPR, CRA, PART-IS) and segment industry standards such as IEC 62443, ISO 21434 and DO-326A. Understands the standards development lifecycle
Risk Assessment: Expert in evaluating compliance and supply chain security risks, implementing mitigations, and conducting Failure Mode Effects Analysis and advanced cyber-physical assessments.
Audit Management: In-depth skill in planning, executing, and managing internal and external IT compliance and product security audits to ensure adherence to standards and customer expectation.
Policy Development: Expertise in analyzing current policy, identifying contemporary language changes, working with legal and other stakeholders to write effective policies to drive a secure environment in line with business objectives
Data Analysis: Expertise in analyzing complex data sets to monitor compliance status and detect potential issues or anomalies.
Communication: Detailed understanding and ability to convey complex compliance and product security information clearly and concisely to diverse stakeholders and build consensus.
Problem Solving: Adept at resolving complex product security and compliance challenges by applying analytical thinking and innovative solutions. Ability to look outside and pull in non-traditional information sources.
Technical Knowledge: Strong understanding of IT infrastructure, security controls, and systems to assess compliance effectively. Expertise in cyber-physical protocols, hardware component security topics, and platform risk mitigation.
Documentation: Expertise in maintaining accurate compliance and product security records, preparing detailed reports, and presenting findings to relevant parties.
Cross Functional Collaboration: Ability to work seamlessly with various teams to ensure compliance and secure product development objectives are achieved. Application window is anticipated to close 7 days from original posting date. This information is provided in compliance with the Colorado Equal Pay for Equal Work Act and is the company’s good faith and reasonable estimate of the compensation range and benefits offered for this position. The compensation offered to the successful applicant may vary based on factors including experience, skills, education, location, and other job-related reasons. This position requires use of information which is subject to the International Traffic in Arms Regulations (ITAR) and/or the Export Administration Regulations (EAR). All applicants must be U.S. Persons within the meaning of the ITAR and EAR, or eligible to obtain all required authorizations from the U.S. Department of State and/or the U.S. Department of Commerce. The ITAR defines a U.S. Person as a U.S. citizen or national, lawful permanent resident (i.e., 'Green Card holder'), or a protected person (e.g., asylee, or refugee). Woodward is an equal opportunity employer and does not discriminate in hiring or employment on the basis of race, color, religion, sex (including sexual orientation and gender identity), national origin, age, disability, protected veteran status, or any other category protected under federal, state, or local laws. #LI-Hybrid"
Woodward,Data Governance Lead,JR110834,Fort Collins - Lincoln Campus HQ,United States of America,,onsite,Mid,us_person,unknown,unknown,workday,N/A,2026-06-13T02:50:59Z,https://woodward.wd5.myworkdayjobs.com/en-US/woodward/job/Fort-Collins---Lincoln-Campus-HQ/Data-Governance-Lead_JR110834,"Woodward is committed to creating a great workplace for all team members. Our company and its members are committed to acting with integrity, being respectful and accountable to one another, and staying humble and driven, while maintaining the highest professional and ethical standards. We are steadfastly committed to attracting the best talent across our communities creating a rewarding workplace. Together we are fulfilling our purpose to design and deliver energy control solutions our partners count on to power a clean future. Woodward supports our members’ wellbeing and regularly benchmarks with other companies in our industry to offer an extensive Total Reward package for this position. Salary will be determined by the applicant's education, experience, knowledge, skills, and abilities, as well as internal equity and alignment with market data. Estimated annual base pay: $95,000(minimum) - $123,000(midpoint) - $152,000(maximum) All Levels are eligible for the benefits below: All members included in annual cash bonus opportunity. 401(k) match (4.5%)
Annual Woodward stock contribution (5%)
Tuition reimbursement and Training/Professional Development opportunities for all members 12 paid holidays, including floating holidays. Industry leading medical, dental, and vision Insurance upon date of hire
Vacation / Sick Time / Vacation Buy-up / Short Term Disability / Bereavement leave. Paid parental leave.
Adoption Assistance Employee Assistance Program, including mental health benefits. Member Life & AD&D / Long Term Disability / Member Optional Life Member referral bonus Spouse / Child Optional Life / Optional AD&D / Healthcare and Dependent Care Flexible Spending Voluntary benefits, including: Home / Auto Insurance discounts Whole Life Insurance / Critical Illness Insurance / Legal Assistance / Military Leave The Data Governance Lead is responsible for supporting the execution of the enterprise data governance framework, ensuring high standards of data quality, consistency, and compliance across all data domains. This role reports directly to the Director of Data Governance and works closely with Master Data Management, BI teams, and business stakeholders. Key Responsibilities: Implement and operationalize enterprise data governance policies, standards, and procedures
Partner with Data Owners, MDM, and business teams to ensure consistent data definitions and usage across domains
Monitor and improve data quality, identifying issues and driving resolution across systems and sites
Support governance of master data domains including Business Partner, Material, and Finance data
Oversee data issue management, escalation processes, and remediation tracking
Ensure compliance with internal controls, audit requirements, and regulatory standards
Support data governance forums, including preparation of metrics, KPIs, and status reporting
Promote data stewardship practices and drive adoption of governance standards across the organization
Own and maintain the Business Glossary, ensuring alignment of terms, definitions, and metadata across teams and systems.
Lead data governance councils for data domains, driving collaboration, decision-making, and accountability for data-related initiatives Key Skills: Strong understanding of data governance principles, frameworks, and operating models
Experience with data quality management and issue remediation processes
Ability to collaborate across business, IT, and analytics teams
Strong stakeholder management and communication skills
Analytical mindset with attention to detail and problem-solving ability
Familiarity with enterprise data domains (finance, supply chain, customer data)
Experience working in ERP environments (preferred SAP S/4HANA exposure is a plus) Qualifications: Bachelor’s degree in Data Management, Information Systems, Business, Finance, or related field
5+ years of experience in data governance, data management, or master data environments preferred
Experience working in cross-functional enterprise data programs
Prior involvement in data quality, metadata, or master data initiatives strongly preferred
Experience in large ERP environments (e.g., SAP, Oracle) beneficial; SAP S/4HANA experience preferred but not required Application window is anticipated to close 7 days from original posting date. This information is provided in compliance with the Colorado Equal Pay for Equal Work Act and is the company’s good faith and reasonable estimate of the compensation range and benefits offered for this position. The compensation offered to the successful applicant may vary based on factors including experience, skills, education, location, and other job-related reasons. This position requires use of information which is subject to the International Traffic in Arms Regulations (ITAR) and/or the Export Administration Regulations (EAR). All applicants must be U.S. Persons within the meaning of the ITAR and EAR, or eligible to obtain all required authorizations from the U.S. Department of State and/or the U.S. Department of Commerce. The ITAR defines a U.S. Person as a U.S. citizen or national, lawful permanent resident (i.e., 'Green Card holder'), or a protected person (e.g., asylee, or refugee). Woodward is an equal opportunity employer and does not discriminate in hiring or employment on the basis of race, color, religion, sex (including sexual orientation and gender identity), national origin, age, disability, protected veteran status, or any other category protected under federal, state, or local laws."
Woodward,Facilities Technician/Maintenace Mechanic II,JR111692,"Niles, IL, US",United States of America,,onsite,Mid,us_person,unknown,unknown,workday,N/A,2026-06-13T02:51:03Z,https://woodward.wd5.myworkdayjobs.com/en-US/woodward/job/Niles-IL-US/Facilities-Technician-Maintenace-Mechanic-II_JR111692,"Woodward is committed to creating a great workplace for all team members. Our company and its members are committed to acting with integrity, being respectful and accountable to one another, and staying humble and driven, while maintaining the highest professional and ethical standards. We are steadfastly committed to attracting the best talent across our communities creating a rewarding workplace. Together we are fulfilling our purpose to design and deliver energy control solutions our partners count on to power a clean future. Woodward supports our members’ wellbeing and regularly benchmarks with other companies in our industry to offer an extensive Total Reward package for this position. Salary will be determined by the applicant's education, experience, knowledge, skills, and abilities, as well as internal equity and alignment with market data. Estimated hourly base pay: $24.52 (minimum) - $31.73 (midpoint) - $39.42 (maximum) Plus overtime Woodward offers an extensive Total Reward package for this position, including: Annual cash bonus opportunity Up to 4.5% 401(k) match PLUS another 5% in Woodward stock options contributed to members’ 401(k) accounts annually, bringing the retirement benefit opportunity to an amazing 9.5% Up to $5250 in Tuition Reimbursement annually for all members 11 paid holidays, including a floating holiday High quality, low cost medical, dental, and vision Insurance Vacation / Sick Time / Vacation Buy-up / Short Term Disability / Bereavement leave Adoption Assistance Employee Assistance Program Member Life & AD&D / Long Term Disability / Member Optional Life Spouse / Child Optional Life / Optional AD&D / Healthcare and Dependent Care Flexible Spending Voluntary benefits, including: Home / Auto Insurance discounts Whole Life Insurance / Critical Illness Insurance / Legal Assistance / Military Leave Key Responsibilities: Conduct Preventive Maintenance: Execute routine maintenance procedures on machinery and equipment to ensure optimal performance and reduce the likelihood of unexpected failures. Diagnose Mechanical Issues: Identify and resolve equipment malfunctions by applying technical expertise and standard troubleshooting methods. Maintain Maintenance Records: Accurately document all maintenance activities, including work orders, repairs performed, and parts utilized, to ensure comprehensive history and compliance. Adhere to Safety Protocols: Implement and follow safety guidelines and standard operating procedures to maintain a safe working environment for oneself and team members. Communicate Technical Information: Effectively share technical updates and maintenance status with team members to facilitate coordinated and efficient operations. Prioritize and respond promptly to urgent maintenance and safety issues. General building maintenance tasks, examples including patching and painting walls, building and repairing furniture and cabinetry, repairing door hardware and flooring, moving equipment, setting up meetings, etc. Light plumbing tasks, examples including faucet/fixture repair/replacement (sinks, toilets, showers, drains, valves), air hose fabrication, piping system replacement, repair, and installation. Grounds tasks to maintain and beautify the exterior building and landscaping. Light HVAC tasks, examples including replacing belts and filters, adjusting thermostats, and cleaning coils. Light electrical tasks such as replacing bulbs, ballasts, and electrical switches and outlets. Inspect, maintain and test life safety systems such as emergency lights, fire extinguishers, exit signs. Conduct routing inspections of property and report deficiencies Key Skills: Mechanical Repair: Expertise in maintaining, repairing, and troubleshooting machinery and equipment. Diagnostic Analysis: Proficient in identifying and analyzing equipment malfunctions using analytical methods. Preventative Maintenance Planning: Skilled in scheduling and conducting routine maintenance to prevent equipment downtime. Technical Documentation: Ability to interpret and utilize technical manuals, schematics, and blueprints effectively. Calibration Techniques: Knowledgeable in calibrating machinery and tools to ensure precision and proper functionality. Safety Procedures: Adherence to and implementation of workplace safety standards and protocols. Tool Proficiency: Skilled in using a variety of hand and power tools required for maintenance tasks. Workflow Management: Efficiently managing personal workload to meet maintenance schedules and team objectives. Collaborative Communication: Effectively communicating technical information within the team environment. Analytical Problem Solving: Applying established procedures and methods to resolve typical maintenance issues. This position requires use of information which is subject to the International Traffic in Arms Regulations (ITAR) and/or the Export Administration Regulations (EAR). All applicants must be U.S. Persons within the meaning of the ITAR and EAR, or eligible to obtain all required authorizations from the U.S. Department of State and/or the U.S. Department of Commerce. The ITAR defines a U.S. Person as a U.S. citizen or national, lawful permanent resident (i.e., 'Green Card holder'), or a protected person (e.g., asylee, or refugee). Woodward is an equal opportunity employer and does not discriminate in hiring or employment on the basis of race, color, religion, sex (including sexual orientation and gender identity), national origin, age, disability, protected veteran status, or any other category protected under federal, state, or local laws."
Woodward,Senior Software Verification & Validation Engineer (f/m),JR111500,"Niepolomice, PL",United States of America,,hybrid,Senior,unknown,unknown,unknown,workday,N/A,2026-06-13T02:51:07Z,https://woodward.wd5.myworkdayjobs.com/en-US/woodward/job/Niepolomice-PL/Senior-Software-Verification---Validation-Engineer--f-m-_JR111500,"ABOUT THE ROLE: We are seeking a skilled and passionate professional to join our Industrial Systems & Services Group. The Software Verification Engineer will design test cases and test station, will verify software developed for modern industrial electronics hardware that is used to monitor and control the power generation applications as well as applications used in the marine business. WHAT YOU WILL DO: Requirements analysis, test plan and test cases creation Automate testing using various tools and approaches Execute automated and manual testing per predefined test plans Working with Embedded/OS software developers to assure software quality Expand existing automated test frameworks in Python (PyTest) and NI LabView/TestStand to implement verification strategy Testing on real targets and instrumentation with “Hardware in the Loop” concept WHAT YOU WILL NEED: Good communication skills both in Polish and English Between 4-6 years of experience in software testing Bachelor's degree in Software Engineering, Computer Science, Electronics/Electrical Engineering or equivalent Required good or very good knowledge/experience in: NI LabVIEW programming and/or Python scripting
Test automation
Requirement-based test case development
Requirements management tools and version control systems
Using laboratory equipment such as oscilloscopes, power supplies, DAQ, logic analyzers, etc.
Problem solving Advantage would be:
Knowledge of NI TestStand, LabVIEW FPGA
Python with PyTest framework experience
ISTQB Foundation Level certificate
3-phase AC power distribution and synchronization basic knowledge
CI systems (Jenkins or Bamboo) Working on assigned tasks independently to meet schedule WHAT YOU WILL GAIN: Salary ranges from 14000 to 22000 PLN gross (depending on the experience) Private health insurance, life and accident insurance, and a MyBenefit/Multikafeteria package Participate in the company performance bonus program Remuneration structure based on creative works PPK payment account up to 4% of your compensation, depending on seniority Hybrid work model Employee Benefit Fund Meal vouchers Experienced team and professional development Create world-changing technology"
Woodward,Sourcing  Compliance Specialist (Senior and Level II),JR111625,4 Locations,United States of America,,onsite,Senior,us_person,unknown,unknown,workday,N/A,2026-06-13T02:51:11Z,https://woodward.wd5.myworkdayjobs.com/en-US/woodward/job/Niles-IL-US/Sourcing--Compliance-Specialist--Senior-and-Level-II-_JR111625,"Woodward is committed to creating a great workplace for all team members. Our company and its members are committed to acting with integrity, being respectful and accountable to one another, and staying humble and driven, while maintaining the highest professional and ethical standards. We are steadfastly committed to attracting the best talent across our communities creating a rewarding workplace. Together we are fulfilling our purpose to design and deliver energy control solutions our partners count on to power a clean future. Woodward supports our members’ wellbeing and regularly benchmarks with other companies in our industry to offer an extensive Total Reward package for this position. Salary will be determined by the applicant's education, experience, knowledge, skills, and abilities, as well as internal equity and alignment with market data. Estimated annual base pay: Sr Sourcing Compliance Specialist: $85,000(minimum) - $110,000(midpoint) - $136,000(maximum) Sourcing Compliance Specialist II: $72,000(minimum) - $93,000(midpoint) - $115,000(maximum) All levels are eligible for the following: All members included in annual cash bonus opportunity. 401(k) match (4.5%) Annual Woodward stock contribution (5%) Tuition reimbursement and Training/Professional Development opportunities for all members 12 paid holidays, including floating holidays. Industry leading medical, dental, and vision Insurance upon date of hire Vacation / Sick Time / Vacation Buy-up / Short Term Disability / Bereavement leave. Paid parental leave. Adoption Assistance Employee Assistance Program, including mental health benefits. Member Life & AD&D / Long Term Disability / Member Optional Life Member referral bonus Spouse / Child Optional Life / Optional AD&D / Healthcare and Dependent Care Flexible Spending Voluntary benefits, including: Home / Auto Insurance discounts Whole Life Insurance / Critical Illness Insurance / Legal Assistance / Military Leave Sr Sourcing Compliance Specialist Key Responsibilities: Develop and implement procurement compliance programs and initiatives: Moving beyond basic implementation, takes a more active role in designing and establishing the framework for compliance. This includes creating new policies, procedures, and tools to ensure adherence to regulations and internal guidelines. Conducting internal audits and risk assessments of procurement processes: This involves proactively evaluating procurement activities to identify potential areas of non-compliance and assess the associated risks. This often includes analyzing data, reviewing documentation, and interviewing stakeholders to ensure processes are sound and compliant. Complete government Purchase Order compliance reviews to support maintaining of an approved purchasing system and complete DCMA Small Business 640 reviews to maintain an acceptable government rating. Managing and monitoring vendor compliance: The Sr. Compliance Specialist takes ownership of ensuring that external vendors and suppliers also adhere to relevant regulations and the organization's compliance requirements. This can involve due diligence processes, contract reviews, and ongoing monitoring of vendor activities Investigating potential compliance violations and recommending corrective actions: When potential breaches of compliance are identified, the Sr. Compliance specialist plays a key role in investigating the issues, determining the root cause, and recommending appropriate solutions to prevent future occurrences Providing guidance and training to procurement staff and stakeholders on compliance matters: This involves acting as a subject matter expert, offering advice and support on complex compliance questions, and developing and delivering training programs to enhance compliance awareness and understanding across the organization. Other duties as assigned. Key Skills: Advanced Knowledge of Procurement/Small Business/Government Property Principles and Regulations: A more comprehensive understanding of the legal and regulatory landscape impacting procurement/small business/government property. May develop and implement compliance programs: Ability to design, implement, and manage effective compliance policies, procedures, and monitoring systems Auditing and Risk Assessment Expertise: Proficiency in conducting internal audits of procurement processes, identifying potential risks, and developing mitigation strategies Vendor Management and Due Diligence Skills: Ability to assess vendor compliance, conducting due diligence, and managing compliance-related aspects of vendor relationships Investigation and Remediation Skills: Ability to investigate potential compliance violations, analyze findings, and recommend and implement corrective actions Training and Presentation Skills: The capacity to develop and deliver effective compliance training programs to diverse audiences within the organization Stakeholder Management and Communication: Strong interpersonal skills to effectively communicate with and influence various stakeholders, including procurement teams, legal counsel, and senior management Advanced Data Analysis and Reporting Skills: Advanced ability to analyze procurement/small business/government property data to identify compliance trends, generate reports, and provide insights to improve compliance efforts. Project Management Skills: The capacity to manage compliance-related projects, such as implementing new policies or conducting risk assessments, effectively and efficiently Problem-Solving and Escalation Skills: The ability to identify basic compliance issues and know when and how to escalate more complex problems to senior staff Sourcing Compliance Specialist II Key Responsibilities: Implement procurement/small business/government property policies and procedures: This involves learning and helping to put into practice the established rules and guidelines that govern the purchasing of goods and services within the organization. This might include tasks like distributing policy updates or helping to train new staff on basic compliance requirements. Monitoring procurement/small business/government property activities for adherence to regulations and internal policies: This means keeping an eye on purchasing processes to ensure they follow legal requirements, ethical standards, and the company's own rules. This could involve reviewing purchase orders, contracts, and vendor documentation for completeness and compliance Maintaining and organizing compliance-related documentation: This includes managing records, such as contracts, vendor certifications, and audit trails, in a systematic way. This ensures that information is easily accessible for audits and reporting purposes Independently support audits by providing documentation and information: When internal or external audits are conducted, the compliance specialist assists by gathering and presenting the necessary paperwork and data to demonstrate compliance with procurement/small business/government property Develop and deliver compliance training materials: This involves helping to create and potentially deliver training sessions to employees on procurement/small business/government property compliance topics. This could include preparing presentations or assisting with the creation of online training modules Key Skills: Understanding of Procurement Principles: A foundational knowledge of how the purchasing process works, including sourcing, negotiation, and contract management, is essential to identify potential compliance risks Deep Working Knowledge of Regulatory Requirements: Deep working knowledge of relevant laws, regulations, and industry standards that impact procurement/small business/government property Attention to Detail: The ability to carefully review documents, identify inconsistencies, and ensure accuracy. Organizational Skills: Manage and maintain compliance-related documentation and processes. Demonstrate strong organizational abilities. Communication Skills (Written and Verbal): Clearly and concisely communicate compliance requirements, findings, and recommendations to various stakeholders. Analytical Skills: Advanced ability to analyze data and procurement activities to identify potential compliance issues and trends Ethical Conduct and Integrity: A strong commitment to ethical behavior and upholding compliance standards is fundamental in this role. Problem-Solving Skills: Being able to identify and help resolve compliance-related challenges. Proficiency in Office Software: Moderate to advanced skills with word processing, spreadsheets (like Excel), and presentation software is necessary for documentation, analysis, and reporting Learning Agility: Proactively seeking to learn and adapt to new regulations, policies, and technologies within the procurement/small business/government property landscape. This position requires use of information which is subject to the International Traffic in Arms Regulations (ITAR) and/or the Export Administration Regulations (EAR). All applicants must be U.S. Persons within the meaning of the ITAR and EAR, or eligible to obtain all required authorizations from the U.S. Department of State and/or the U.S. Department of Commerce. The ITAR defines a U.S. Person as a U.S. citizen or national, lawful permanent resident (i.e., 'Green Card holder'), or a protected person (e.g., asylee, or refugee). Woodward is an equal opportunity employer and does not discriminate in hiring or employment on the basis of race, color, religion, sex (including sexual orientation and gender identity), national origin, age, disability, protected veteran status, or any other category protected under federal, state, or local laws."
Woodward,IT Client Services Manager,JR111621,Fort Collins - Lincoln Campus HQ,United States of America,,onsite,Manager,us_person,unknown,unknown,workday,N/A,2026-06-13T02:51:15Z,https://woodward.wd5.myworkdayjobs.com/en-US/woodward/job/Fort-Collins---Lincoln-Campus-HQ/IT-Client-Services-Manager_JR111621,"Woodward is committed to creating a great workplace for all team members. Our company and its members are committed to acting with integrity, being respectful and accountable to one another, and staying humble and driven, while maintaining the highest professional and ethical standards. We are steadfastly committed to attracting the best talent across our communities creating a rewarding workplace. Together we are fulfilling our purpose to design and deliver energy control solutions our partners count on to power a clean future. Woodward supports our members’ wellbeing and regularly benchmarks with other companies in our industry to offer an extensive Total Reward package for this position. Salary will be determined by the applicant's education, experience, knowledge, skills, and abilities, as well as internal equity and alignment with market data. Estimated annual base pay: $113,000(minimum) - $147,000(midpoint) - $181,000(maximum) All Levels are eligible for the benefits below: All members included in annual cash bonus opportunity. 401(k) match (4.5%) Annual Woodward stock contribution (5%) Tuition reimbursement and Training/Professional Development opportunities for all members 12 paid holidays, including floating holidays. Industry leading medical, dental, and vision Insurance upon date of hire Vacation / Sick Time / Vacation Buy-up / Short Term Disability / Bereavement leave. Paid parental leave. Adoption Assistance Employee Assistance Program, including mental health benefits. Member Life & AD&D / Long Term Disability / Member Optional Life Member referral bonus Spouse / Child Optional Life / Optional AD&D / Healthcare and Dependent Care Flexible Spending Voluntary benefits, including: Home / Auto Insurance discounts Whole Life Insurance / Critical Illness Insurance / Legal Assistance / Military Leave Key Responsibilities: Team Leadership: Oversees and directs the IT Client Services team or larger projects, with a focus on managing resources, budgets, and workflows. They are responsible for ensuring the successful execution of IT initiatives and maintaining operational efficiency. Operational Planning: Expertise in developing and adapting departmental plans to address resource and operational challenges effectively. Strategic Planning: Capable of developing and implementing strategic initiatives that align with organizational goals, drive service excellence and address operational challenges. Technical Guidance: Provides technical expertise and direction to team members and stakeholders to ensure alignment with best practices and organizational standards. Project Management: Skilled in overseeing complex IT client services projects from initiation to completion, ensuring timely delivery within budget. Key Skills: Leadership: Demonstrates the ability to lead and inspire a team, fostering a collaborative and high performance work environment. Financial Acumen: Proficient in managing budgets, forecasting financial performance, and optimizing resource allocation to achieve financial targets. Technical Expertise: Possesses in depth knowledge of IT client services technologies and best practices to provide effective technical guidance and support. Problem Solving: Excels in identifying complex technical and operational issues and developing effective solutions to mitigate risks and enhance service quality. Communication: Effective in articulating ideas clearly and facilitating open communication channels within the team and with stakeholders. Change Management: Skilled in leading and managing organizational change initiatives, ensuring smooth transitions and minimal disruptions to services. Resource Management: Allocates team resources and sets daily priorities to meet departmental objectives and improve efficiency. Performance Management: Experienced in conducting performance appraisals, setting objectives, and implementing development plans to enhance team productivity. Vendor Management: Experience in selecting, negotiating, and managing relationships with external IT vendors and service providers. Client Relationship Management: Excels at building and maintaining strong relationships with clients, ensuring high levels of satisfaction and retention. Application window is anticipated to close 7 days from original posting date. This information is provided in compliance with the Colorado Equal Pay for Equal Work Act and is the company’s good faith and reasonable estimate of the compensation range and benefits offered for this position. The compensation offered to the successful applicant may vary based on factors including experience, skills, education, location, and other job-related reasons. This position requires use of information which is subject to the International Traffic in Arms Regulations (ITAR) and/or the Export Administration Regulations (EAR). All applicants must be U.S. Persons within the meaning of the ITAR and EAR, or eligible to obtain all required authorizations from the U.S. Department of State and/or the U.S. Department of Commerce. The ITAR defines a U.S. Person as a U.S. citizen or national, lawful permanent resident (i.e., 'Green Card holder'), or a protected person (e.g., asylee, or refugee). Woodward is an equal opportunity employer and does not discriminate in hiring or employment on the basis of race, color, religion, sex (including sexual orientation and gender identity), national origin, age, disability, protected veteran status, or any other category protected under federal, state, or local laws."
Woodward,Machine Repair Technician (1st shift),JR111671,"Spartanburg, SC, US",United States of America,,onsite,Mid,us_person,unknown,unknown,workday,N/A,2026-06-13T02:51:19Z,https://woodward.wd5.myworkdayjobs.com/en-US/woodward/job/Spartanburg-SC-US/Machine-Repair-Technician--1st-shift-_JR111671,"Woodward is committed to creating a great workplace for all team members. Our company and its members are committed to acting with integrity, being respectful and accountable to one another, and staying humble and driven, while maintaining the highest professional and ethical standards. We are steadfastly committed to attracting the best talent across our communities creating a rewarding workplace. Together we are fulfilling our purpose to design and deliver energy control solutions our partners count on to power a clean future. Woodward supports our members’ wellbeing and regularly benchmarks with other companies in our industry to offer an extensive Total Reward package for this position. Salary will be determined by the applicant's education, experience, knowledge, skills, and abilities, as well as internal equity and alignment with market data. Estimated hourly base pay: $28.85 (minimum) - $37.50 (midpoint) - $46.15 (maximum). Plus, overtime.
Long-term incentive compensation in the form of equity
All members included in annual cash bonus opportunity
401(k) match (4.5%)
Annual Woodward stock contribution (5%)
Tuition reimbursement and Training/Professional Development opportunities for all members 12 paid holidays, including floating holidays
Industry leading medical, dental, and vision Insurance upon date of hire
Vacation / Sick Time / Vacation Buy-up / Short Term Disability / Bereavement leave. Paid parental leave
Adoption Assistance Employee Assistance Program, including mental health benefits
Member Life & AD&D / Long Term Disability / Member Optional Life Member referral bonus Spouse / Child Optional Life / Optional AD&D / Healthcare and Dependent Care Flexible Spending Voluntary benefits, including: Home / Auto Insurance discounts Whole Life Insurance / Critical Illness Insurance / Legal Assistance / Military Leave Are you ready to make your mark? If you are an experienced Machine Repair Technician, we have an exciting opportunity for you. In this role, you will take responsibility for repairing, troubleshooting, and maintaining industrial machinery and CNC equipment. This position requires strong troubleshooting skills, sound decision-making, and problem-solving abilities in a fast-paced manufacturing environment. ** This is a 1st shift position, Monday to Friday. What You Will Be Doing Diagnose Complex Issues: Identifies and troubleshoots advanced mechanical and electrical problems in machinery using comprehensive technical knowledge.
Perform Advanced Repairs: Executes intricate repair tasks on equipment, ensuring compliance with technical specifications and safety standards.
Mentor Junior Technicians: Provides guidance and support to less experienced team members, acting as an informal resource for troubleshooting and technical procedures.
Develop Maintenance Procedures: Creates and refines maintenance protocols to enhance equipment reliability and improve team efficiency.
Collaborate with Teams: Coordinates with related departments to ensure seamless operation and effective resource allocation towards achieving team objectives. What We Are Looking For Machinery Diagnostics: Proficient in diagnosing malfunctions and identifying necessary repairs for diverse machinery.
Advanced Troubleshooting: Skilled in resolving complex and atypical technical issues using established procedures.
Technical Training: Experienced in mentoring and guiding junior technicians on specialized repair techniques.
Process Optimization: Ability to enhance and streamline repair processes for increased efficiency and effectiveness.
Cross Team Coordination: Adept at collaborating with related teams to achieve common repair and maintenance objectives.
Independent Problem Solving: Capable of handling complex assignments with minimal supervision and oversight.
Technical Communication: Skilled in clearly explaining intricate technical information and interdependencies to team members.
Quality Assurance: Ensures all repair work meets high-quality standards and contributes to team effectiveness.
Resource Management: Efficiently manages tools and resources to support and optimize repair operations.
Adaptable Methodologies: Flexible in determining and applying appropriate approaches for new and atypical assignments. Other Qualifications: Knowledge and hands-on experience with CNC equipment repair, troubleshooting, and preventive maintenance.
Ability to diagnose electrical, mechanical, and control system issues on CNC machines.
Familiarity with CNC machine components, including servos, drives, motors, controllers, and tooling systems.
Experience reading and interpreting technical manuals, schematics, and maintenance documentation for CNC equipment.
Understanding machine calibration, alignment, and performance verification procedures.
Experience working with CNC equipment in a manufacturing or industrial maintenance environment. Application window is anticipated to close 15 days from original posting date. This position requires use of information which is subject to the International Traffic in Arms Regulations (ITAR) and/or the Export Administration Regulations (EAR). All applicants must be U.S. Persons within the meaning of the ITAR and EAR, or eligible to obtain all required authorizations from the U.S. Department of State and/or the U.S. Department of Commerce. The ITAR defines a U.S. Person as a U.S. citizen or national, lawful permanent resident (i.e., 'Green Card holder'), or a protected person (e.g., asylee, or refugee). Woodward is an equal opportunity employer and does not discriminate in hiring or employment on the basis of race, color, religion, sex (including sexual orientation and gender identity), national origin, age, disability, protected veteran status, or any other category protected under federal, state, or local laws."
Woodward,SAP Source‑to‑Pay IT Analyst,JR111834,3 Locations,United States of America,,onsite,Mid,us_person,unknown,unknown,workday,N/A,2026-06-13T02:51:23Z,https://woodward.wd5.myworkdayjobs.com/en-US/woodward/job/Niles-IL-US/SAP-Source-to-Pay-IT-Analyst_JR111834,"Woodward is committed to creating a great workplace for all team members. Our company and its members are committed to acting with integrity, being respectful and accountable to one another, and staying humble and driven, while maintaining the highest professional and ethical standards. We are steadfastly committed to attracting the best talent across our communities creating a rewarding workplace. Together we are fulfilling our purpose to design and deliver energy control solutions our partners count on to power a clean future. Woodward supports our members’ wellbeing and regularly benchmarks with other companies in our industry to offer an extensive Total Reward package for this position. Salary will be determined by the applicant's education, experience, knowledge, skills, and abilities, as well as internal equity and alignment with market data. Estimated annual base pay: $88,000(minimum) - $115,000(midpoint) - $144,000(maximum) All Levels are eligible for the benefits below: All members included in annual cash bonus opportunity. 401(k) match (4.5%)
Annual Woodward stock contribution (5%)
Tuition reimbursement and Training/Professional Development opportunities for all members 12 paid holidays, including floating holidays. Industry leading medical, dental, and vision Insurance upon date of hire
Vacation / Sick Time / Vacation Buy-up / Short Term Disability / Bereavement leave. Paid parental leave.
Adoption Assistance Employee Assistance Program, including mental health benefits. Member Life & AD&D / Long Term Disability / Member Optional Life Member referral bonus Spouse / Child Optional Life / Optional AD&D / Healthcare and Dependent Care Flexible Spending Voluntary benefits, including: Home / Auto Insurance discounts Whole Life Insurance / Critical Illness Insurance / Legal Assistance / Military Leave A Level 2 SAP Source to Pay Analyst supports the end‑to‑end procurement lifecycle in SAP, including sourcing, purchasing, supplier management, and integration to finance, while ensuring standardized and compliant processes across the enterprise. The role works closely with global business and IT teams to support the design, testing, and rollout of SAP S/4HANA Source‑to‑Pay capabilities aligned to a global template. This analyst executes functional testing, resolves defects, supports master data and supplier processes, and assists with cutover and hypercare activities during go‑lives. A strong emphasis is placed on enabling consistent procurement processes while supporting regional adoption and change management during a global SAP rollout. Key Responsibilities: Business Requirements Analysis: Independently elicit, analyze, and document business requirements; Evaluate enhancement vs. new solution options; Collaborate with stakeholders to define scope.
Documentation and Testing: Own documentation for assigned projects; Coordinate and execute system testing, integration testing, and User Acceptance Testing to ensure the system meets business needs and traceability.
Solution Design and Implementation: Facilitate cross-functional teams to design and implement solutions; Configure platform modules to meet business requirements, including cross-module integration; Ensure alignment with organizational standards and promote reuse of existing capabilities.
Stakeholder Communication and Training: Act as a liaison between business and IT; Lead training sessions and manage stakeholder expectations.
System Development and Support: Identify and resolve complex platform-related issues, providing timely support to users; Manage enhancements and bug fixes; Collaborate with developers to ensure quality and adherence to standards; Own small-to-medium development efforts; Mentor other team members as needed. Key Skills: Working knowledge of SAP Source to Pay processes, including purchasing, sourcing, supplier management, contracts, and integration points with finance and inventory
Experience supporting SAP S/4HANA global implementations or rollouts, including functional testing, defect resolution, and hypercare support across sites
Analytical & Problem-Solving Skills: Analyze complex problems and recommend solutions. Use data to support decisions; Advanced problem-solving skills to address complex system issues.
Business Process Modeling: Design and optimize business processes; Use modeling tools to support solution design; Ability to identify inefficiencies in platform-related processes and recommending improvements.
Change Management & Training: Lead training and change initiatives; Develop materials and measure adoption; Experience in managing change requests and implementing system changes.
Documentation & Traceability: Own documentation for projects; Ensure version control and audit readiness.
Project Coordination & Execution: Lead small projects or workstreams; Ensure timely delivery and attention to detail.
Requirements Gathering & Analysis: Independently gather, analyze, and validate requirements; Facilitate workshops and resolve requirement conflicts.
Solution Design Thinking: Translate requirements into functional designs. Evaluate solution options.
Stakeholder Communication: Facilitate meetings, manage expectations, and resolve conflicts.
Technical Acumen: Proficient in using and analyzing data within at least one enterprise system; Deep knowledge of specific platform modules and their integration points; Collaborate with technical teams to support integrations, configurations, and troubleshooting; Demonstrate continuous learning mindset, interest in technology trends, platform direction.
Testing & Quality Assurance: Lead testing efforts; Ensure traceability and quality standards. Travel Requirements: This role currently supports a large, multi‑year, co‑located project that requires travel approximately every other week, with frequency expected to increase or decrease at different phases of the project. Outside of this project, typical business travel is estimated at 5-10% annually. Application window is anticipated to close 7 days from original posting date. This information is provided in compliance with the Colorado Equal Pay for Equal Work Act and is the company’s good faith and reasonable estimate of the compensation range and benefits offered for this position. The compensation offered to the successful applicant may vary based on factors including experience, skills, education, location, and other job-related reasons. This position requires use of information which is subject to the International Traffic in Arms Regulations (ITAR) and/or the Export Administration Regulations (EAR). All applicants must be U.S. Persons within the meaning of the ITAR and EAR, or eligible to obtain all required authorizations from the U.S. Department of State and/or the U.S. Department of Commerce. The ITAR defines a U.S. Person as a U.S. citizen or national, lawful permanent resident (i.e., 'Green Card holder'), or a protected person (e.g., asylee, or refugee). Woodward is an equal opportunity employer and does not discriminate in hiring or employment on the basis of race, color, religion, sex (including sexual orientation and gender identity), national origin, age, disability, protected veteran status, or any other category protected under federal, state, or local laws."
Woodward,Project Manager (Licensee Onboarding),JR111373,2 Locations,United States of America,,hybrid,Manager,us_person,unknown,unknown,workday,N/A,2026-06-13T02:51:27Z,https://woodward.wd5.myworkdayjobs.com/en-US/woodward/job/Rockford---Loves-Park-Campus-LPC/Project-Manager--Licensee-Onboarding-_JR111373-1,"Woodward is committed to creating a great workplace for all team members. Our company and its members are committed to acting with integrity, being respectful and accountable to one another, and staying humble and driven, while maintaining the highest professional and ethical standards. We are steadfastly committed to attracting the best talent across our communities creating a rewarding workplace. Together we are fulfilling our purpose to design and deliver energy control solutions our partners count on to power a clean future. Woodward supports our members’ wellbeing and regularly benchmarks with other companies in our industry to offer an extensive Total Reward package for this position. Salary will be determined by the applicant's education, experience, knowledge, skills, and abilities, as well as internal equity and alignment with market data. Estimated annual base pay: $67,000(minimum) - $87,000(midpoint) - $107,000(maximum)
All members included in annual cash bonus opportunity. 401(k) match (4.5%)
Annual Woodward stock contribution (5%)
Tuition reimbursement and Training/Professional Development opportunities for all members 12 paid holidays, including floating holidays. Industry leading medical, dental, and vision Insurance upon date of hire
Vacation / Sick Time / Vacation Buy-up / Short Term Disability / Bereavement leave. Paid parental leave.
Adoption Assistance Employee Assistance Program, including mental health benefits. Member Life & AD&D / Long Term Disability / Member Optional Life Member referral bonus Spouse / Child Optional Life / Optional AD&D / Healthcare and Dependent Care Flexible Spending Voluntary benefits, including: Home / Auto Insurance discounts Whole Life Insurance / Critical Illness Insurance / Legal Assistance / Military Leave Are you ready to make your mark? The Project Manager in this role will coordinate activities needed to prepare a Licensed MRO facility to perform maintenance on Woodward LRUs. The role will manage onboarding activities, schedule training and correlations, support tooling procurement, and coordinate initial provisioning efforts. The Project Manager will work across internal and external teams to track readiness tasks, remove barriers, and help ensure the licensee is prepared to begin maintenance operations. Key Responsibilities: Project Actions: Lead projects. Mentors Project Coordinators.
Product Actions: Accountable for project results.
Project Artifacts: Accountable for project artifacts (scope, schedule, budget, risk, quality, etc.).
Project Governance: Lead project meetings and reviews.
Project Life Cycle: Accountable for project gates and deliverables. Key Skills: Leadership (Empathy/ Influence/Mentoring): Leads teams to achieve project goals. Build trust, resolve conflicts, and fostering collaboration among team members. Takes personal ownership of the project and drives commitment from team members.
Time Management / Prioritization: Basic ability to manage schedules, set milestones, and ensure timely delivery of project outcomes. With the help of the Program Manager or PMO Leadership, prioritizes tasks and effectively addresses competing demands.
Communication: Conveys project information to stakeholders, team members, and sponsors. Manages stakeholder expectations and ensures alignment on goals.
Stakeholder Management (upward): Engages stakeholders to ensure alignment with project objectives. Addresses stakeholder concerns. Builds and maintains relationships to secure stakeholder buy-in.
Risk Management: Identifies, analyzes, and mitigates risks throughout the project lifecycle. Develops contingency plans and addresses potential obstacles. Monitors and addresses threats to minimize negative impacts on project objectives.
Problem-Solving: Analyzes situations, identifies solutions, and makes informed decisions, with the support of the Program Manager or PMO Leader. Manages challenges and conflicts that arise during the project lifecycle. Leverages data and metrics to evaluate options and choose the best course of action, with the support of the Program Manager or PMO Leader.
Budget Management: Estimates, allocates, and manages project budgets. Monitors financial performance to ensure projects are delivered within budget.
Team Management (cross-functional/matrix): Creates teamwork by fostering trust, accountability, and open communication. Encourages collaboration to contribute to project success.
Scope (Change) Management: Adjusts plans in response to changing circumstances or new information. Defines and controls the project scope to prevent scope creep. Manages change requests while ensuring alignment with project objectives and constraints. Maintains focus on deliverables and ensures they meet agreed-upon requirements.
Technical Project Management Skills (incl. Scheduling): Solid project management methodologies (e.g., Agile, Waterfall, or hybrid approaches). Uses tools and software (e.g., Planisware, Jira, etc.) to plan, execute, and monitor projects. Apply standard PM techniques like Work Breakdown Structures (WBS) and Gantt charts. This position requires use of information which is subject to the International Traffic in Arms Regulations (ITAR) and/or the Export Administration Regulations (EAR). All applicants must be U.S. Persons within the meaning of the ITAR and EAR, or eligible to obtain all required authorizations from the U.S. Department of State and/or the U.S. Department of Commerce. The ITAR defines a U.S. Person as a U.S. citizen or national, lawful permanent resident (i.e., 'Green Card holder'), or a protected person (e.g., asylee, or refugee). Woodward is an equal opportunity employer and does not discriminate in hiring or employment on the basis of race, color, religion, sex (including sexual orientation and gender identity), national origin, age, disability, protected veteran status, or any other category protected under federal, state, or local laws. #LI-Hybrid"
Woodward,SAP Basis and Security Administrator,JR110796,3 Locations,United States of America,,onsite,Mid,us_person,unknown,unknown,workday,N/A,2026-06-13T02:51:31Z,https://woodward.wd5.myworkdayjobs.com/en-US/woodward/job/Niles-IL-US/SAP-Basis-and-Security-Administrator_JR110796,"Woodward is committed to creating a great workplace for all team members. Our company and its members are committed to acting with integrity, being respectful and accountable to one another, and staying humble and driven, while maintaining the highest professional and ethical standards. We are steadfastly committed to attracting the best talent across our communities creating a rewarding workplace. Together we are fulfilling our purpose to design and deliver energy control solutions our partners count on to power a clean future. Woodward supports our members’ wellbeing and regularly benchmarks with other companies in our industry to offer an extensive Total Reward package for this position. Salary will be determined by the applicant's education, experience, knowledge, skills, and abilities, as well as internal equity and alignment with market data. Estimated annual base pay: $78,000(minimum) - $102,000(midpoint) - $125,000(maximum) All Levels are eligible for the benefits below: All members included in annual cash bonus opportunity. 401(k) match (4.5%)
Annual Woodward stock contribution (5%)
Tuition reimbursement and Training/Professional Development opportunities for all members 12 paid holidays, including floating holidays. Industry leading medical, dental, and vision Insurance upon date of hire
Vacation / Sick Time / Vacation Buy-up / Short Term Disability / Bereavement leave. Paid parental leave.
Adoption Assistance Employee Assistance Program, including mental health benefits. Member Life & AD&D / Long Term Disability / Member Optional Life Member referral bonus Spouse / Child Optional Life / Optional AD&D / Healthcare and Dependent Care Flexible Spending Voluntary benefits, including: Home / Auto Insurance discounts Whole Life Insurance / Critical Illness Insurance / Legal Assistance / Military Leave A Level 2 SAP Basis and Security Administrator is responsible for supporting the stability, performance, and security of SAP landscapes while enabling standardized and secure access during a global SAP rollout. The role supports day‑to‑day Basis activities such as system monitoring, transports, patching, upgrades, and environment refreshes, while also administering SAP security through role‑based access, user provisioning, and Segregation of Duties controls. This position works closely with application teams, infrastructure, and SAP security governance to support system changes, testing cycles, cutover, and hypercare activities across regions. A strong focus is placed on operational excellence, compliance, and ensuring consistent technical and security processes as part of an enterprise‑wide SAP S/4HANA transformation. Key Responsibilities: System Lifecycle Management: Independently manage system (e.g. SAP, Windchill, Workday, etc.) upgrades and environment refreshes; troubleshoot installation issues and optimize configurations; Take ownership of application updates, patches, and upgrades to ensure optimal performance and security; Identify inefficiencies in application workflows and recommend improvements.
Performance and Reliability Engineering: Analyze performance metrics to identify trends; implement tuning recommendations and validate improvements.
Security and Compliance Administration: Manage role-based access controls and support internal audits; resolve segregation of duties (SoD) conflicts; Configure and manage user roles, access controls, and permissions to ensure application (e.g. SAP, Windchill, Workday, etc.) security.
Change and Transport Management: Coordinate change deployments across systems (e.g. SAP, Windchill, Workday, etc.); troubleshoot transport errors and maintain logs.
Collaboration and Knowledge Transfer: Collaborate with other team members; contribute to SOPs and knowledge bases; Plan, execute, and oversee small application-related projects, such as system migrations, tool upgrades, or workflow automation; Define project goals, allocate resources, monitor timelines, and ensure deliverables are achieved. Key Skills: Hands‑on experience with SAP Basis administration, including system monitoring, transports (TMS), system refreshes, patching, upgrades, and performance tuning across ECC and S/4HANA landscape.
Ability to support global SAP implementations and rollouts, including build, test, cutover, and hypercare activities across multiple environments and regions.
Working knowledge of SAP Security and GRC, including role‑based access control, user provisioning, Segregation of Duties (SoD) analysis, and audit support.
Experience supporting security role design and access models, including business roles, task‑based roles, and alignment to global security strategy standards.
Experience administering and supporting NextLabs for data protection, access control enforcement, and compliance with regulatory and engineering data security requirements.
Basic understanding of cloud platforms such as IBP, BTP, and Azure.
Software Installation and Configuration: Independently install, configure, and optimize enterprise software solutions; Customize settings to meet business requirements and ensure integration with existing systems.
Performance Monitoring and Optimization: Manage updates, patches, and upgrades for software applications to ensure optimal performance; Analyze performance metrics, identify bottlenecks, and implement tuning strategies. Recommend improvements based on trend analysis.
Security and Access Management: Implement role-based access controls (RBAC), enforce security policies, and support compliance audits.
Change and Release Management: Coordinate releases, manage version control, and ensure rollback readiness. Participate in change advisory boards (CABs).
Troubleshooting and Root Cause Analysis: Perform root cause analysis and implement long-term fixes; Address complex application issues and make decisions regarding configurations and workflows; Document findings and share knowledge with peers.
Automation and Scripting: Develop and maintain automation scripts for provisioning, monitoring, and reporting. Integrate with CI/CD pipelines.
Infrastructure and Architecture Planning: Plan and execute infrastructure changes, including scaling, redundancy, and failover strategies.
Documentation and Knowledge Sharing: Create detailed documentation for systems and processes; Provide guidance to junior administrators and assist in building their technical and project management skills; Contribute to internal knowledge bases and peer training.
Cross-Functional Collaboration: Collaborate with developers, QA, and security teams to resolve issues and implement changes.
Audit and Compliance Readiness: Manage SoD conflicts, prepare for audits, and ensure adherence to policies and standards. Application window is anticipated to close 7 days from original posting date. This information is provided in compliance with the Colorado Equal Pay for Equal Work Act and is the company’s good faith and reasonable estimate of the compensation range and benefits offered for this position. The compensation offered to the successful applicant may vary based on factors including experience, skills, education, location, and other job-related reasons. This position requires use of information which is subject to the International Traffic in Arms Regulations (ITAR) and/or the Export Administration Regulations (EAR). All applicants must be U.S. Persons within the meaning of the ITAR and EAR, or eligible to obtain all required authorizations from the U.S. Department of State and/or the U.S. Department of Commerce. The ITAR defines a U.S. Person as a U.S. citizen or national, lawful permanent resident (i.e., 'Green Card holder'), or a protected person (e.g., asylee, or refugee). Woodward is an equal opportunity employer and does not discriminate in hiring or employment on the basis of race, color, religion, sex (including sexual orientation and gender identity), national origin, age, disability, protected veteran status, or any other category protected under federal, state, or local laws."
Woodward,Operations Supervisor (f/m),JR111531,"Niepolomice, PL",United States of America,,onsite,Mid,unknown,unknown,unknown,workday,N/A,2026-06-13T02:51:35Z,https://woodward.wd5.myworkdayjobs.com/en-US/woodward/job/Niepolomice-PL/Operations-Supervisor--f-m-_JR111531,"About The Job: Operations Supervisor oversees day-to-day activities to ensure the production department is running efficiently and meets the expectations and needs of Customers and Stakeholders. What You Will Do: Ensure that safety guidelines are always followed by workers Provide immediate supervision to a group of operational employees in direct production and indirect support functions in mechanical and electromechanical manufacturing environment Implement, supervise, and execute scheduled production plans Coordinate workload and capacity requirements and work scheduling with teams Develop, review, and maintain staffing requirements Collaborate with engineers to evaluate current work tools, processes, tooling/equipment, and lean manufacturing concepts Lead continuous improvement activities Identify training needs related to safety, quality, new technologies and application tools What You Will Need: Bachelor’s degree Experience in mechanical or electromechanical manufacturing environment – nice to have Experience in AEROSPACE industry would be advantage Minimum 3 years experience in leadership position in manufacturing environment with LEAN leadership principles Fluent English & Polish language skills Solid knowledge in Lean Management Ability to quickly learn processes, equipment and tools used in specific areas of responsibility Ability to analyze data and prepare reports / presentations of ongoing manufacturing processes Solid communication skills - both written and verbal Ability to effectively organize and prioritize day-to-day activities and issues within functional area Excellent problem solving skills Readiness to international business trips What You Will Gain: Salary range from 11 500 to 18 000 PLN gross – depending on experience Opportunities to be part of newly created AERO team A total rewards package, that includes: private health insurance, life & accidental insurance Multisport package Meal Vouchers Company performance bonus program Work-life balance PPK: Woodward offers payment to your PPK account up to 4% of your compensation depending on seniority Educational support"
Woodward,Pracownik/ca działu montażu i testów,JR111753,"Niepolomice, PL",United States of America,,onsite,Mid,unknown,unknown,unknown,workday,N/A,2026-06-13T02:51:39Z,https://woodward.wd5.myworkdayjobs.com/en-US/woodward/job/Niepolomice-PL/Pracownik-ca-dziau-montau-i-testw_JR111753-1,"Pracownik/ca montażu i testów postępuje zgodnie z rysunkami technicznymi, specyfikacjami, instrukcjami pracy w celu montażu i weryfikacji mechanicznych układów sterowania zaworami. Osoba zatrudniona na tym stanowisku raportuje bezpośrednio do Kierownika produkcji. Obowiązki: Przygotowywanie części do montażu zgodnie z odpowiednimi instrukcjami pracy. Montaż prostych siłowników mechanicznych za pomocą ręcznych narzędzi oraz pras. Testowanie urządzeń produkcyjnych zgodnie z pisemnymi procedurami za pomocą automatycznych stacji testujących. Uczestniczenie w inicjatywach w zakresie ciągłego doskonalenia i zarządzania „lean” Prowadzenie dokumentacji zgodnie z obowiązującymi procedurami. Prowadzenie szkoleń na stanowisku pracy dla innych pracowników. Wymagania: Wykształcenie min. zawodowe lub średnie na kierunku mechanicznym, elektromechanicznym lub podobnym. Od 2 do 5 lat doświadczenia na podobnym stanowisku. Umiejętność posługiwania się narzędziami ręcznymi takimi jak klucze, młotki, śrubokręty, skrobaki, klucze dynamometryczne. Wiedza i umiejętności czytania, rozumienia i posługiwania się informacjami przedstawionymi na rysunkach, schematach inżynieryjnych oraz instrukcjach pracy. Umiejętność korzystania z systemów komputerowych do wprowadzania, uzyskiwania dostępu, modyfikowania lub wyprowadzania informacji. Umiejętność identyfikowania problemów i uczestniczenie w ich rozwiązywaniu. Dbałość o szczegóły i precyzję – zdolność postrzegania drobnych niespójności lub wad w częściach, sprzęcie czy procesach produkcyjnych, aby zapobieć wypuszczeniu produktów niezgodnych z wymaganiami. Brak przeciwskazań do podnoszenia materiałów do 50 kg. Gotowość do pracy w trybie zmianowym (2 zmiany). Oferujemy: Wynagrodzenie od 5000 PLN do 6850 PLN (w zależności od doświadczenia) Prywatne ubezpieczenie zdrowotne, ubezpieczenie na życie, platformę MyBenefit Program premii za wyniki firmy Wpłaty na konto PPK w wysokoście do 4% wynagrodzenia w zależności od stażu pracy Zakładowy Fundusz Świadczeń Socjalnych Kartę Lunchową Doświadczony zespół i możliwości rozwoju"
Woodward,CNC Programmer II/III,JR111710,Rockford - Loves Park Campus (LPC),United States of America,,onsite,Mid,us_person,unknown,unknown,workday,N/A,2026-06-13T02:51:43Z,https://woodward.wd5.myworkdayjobs.com/en-US/woodward/job/Rockford---Loves-Park-Campus-LPC/CNC-Programmer-II-III_JR111710,"Woodward is committed to creating a great workplace for all team members. Our company and its members are committed to acting with integrity, being respectful and accountable to one another, and staying humble and driven, while maintaining the highest professional and ethical standards. We are steadfastly committed to attracting the best talent across our communities, creating a rewarding workplace. Together we are fulfilling our purpose to design and deliver energy control solutions our partners count on to power a clean future. Woodward supports our members’ wellbeing and regularly benchmarks with other companies in our industry to offer an extensive Total Reward package for this position. Salary will be determined by the applicant's education, experience, knowledge, skills, and abilities, as well as internal equity and alignment with market data. Estimated hourly base pay: Level II: $31.25 (minimum) - $40.38 (midpoint) - $50.00 (maximum) Level III: $37.02 (minimum) - $48.08 (midpoint) - $59.13 (maximum) All members included in annual cash bonus opportunity 401(k) match (4.5%) Annual Woodward stock contribution (5%) Tuition reimbursement and Training/Professional Development opportunities for all members 12 paid holidays, including floating holidays. Industry leading medical, dental, and vision Insurance upon date of hire Vacation / Sick Time / Vacation Buy-up / Short Term Disability / Bereavement leave. Paid parental leave. Adoption Assistance Employee Assistance Program, including mental health benefits. Member Life & AD&D / Long Term Disability / Member Optional Life Member referral bonus Spouse / Child Optional Life / Optional AD&D / Healthcare and Dependent Care Flexible Spending Voluntary benefits, including: Home / Auto Insurance discounts Whole Life Insurance / Critical Illness Insurance / Legal Assistance / Military Leave Are you ready to make your mark? If you’re a leader and a skilled repair technician, we have an exciting opportunity for you. Woodward is hiring a CNC Programmer at our Loves Park Campus. This role will be on 1st shift (Mon-Fri 7:00am-3:30am) and be responsible for ensuring the team operates in a safe and efficient manner, meets production goals while targeting quality expectations. If you are looking for the next step in your career, apply now! Level II: Key Responsibilities: Develop CNC Programs: Writes and optimizes multiaxis CNC code using CAD/CAM software to produce complex, precisionmachined components. Conduct Program Validations: Performs dryruns and simulations to verify tool paths, confirm machining parameters, and ensure errorfree execution. Troubleshoot Machining Issues: Analyzes production data and part defects to identify root causes and implement corrective toolpath or fixture adjustments. Mentor Junior Programmers: Provides subjectmatter guidance to lessexperienced team members on programming techniques, best practices, and process improvements. Drive Process Improvements: Proposes and implements enhancements to programming workflows and tooling strategies to boost efficiency and reduce cycle times. Key Skills: CNC Programming: Skilled in developing and refining Gcode and Mcode for complex multiaxis machining operations. CAD/CAM Software: Expert in utilizing CAD/CAM platforms (e.g., Mastercam, Siemens NX) to generate efficient toolpaths from 3D models. Machine Setup: Experienced in planning and executing precise machine setups, including tool selection, fixturing, and calibration. Toolpath Optimization: Adept at analyzing and optimizing machining sequences to minimize cycle time and material waste. Material Science: Indepth understanding of material properties and their effects on cutting parameters and tool wear. Process Troubleshooting: Proficient in diagnosing and resolving machining issues through data driven parameter adjustments. Quality Assurance: Skilled in applying GD&T principles and conducting inspections with CM Ms and precision measuring tools. Data Analysis: Capable of interpreting machining and production data to identify trends and drive continuous improvements. Technical Leadership: Experienced in mentoring junior programmers, providing subjectmatter guidance, and coordinating team efforts. Documentation Standards: Proficient in creating and maintaining detailed machining documentation, including setup sheets and change logs. Level III: Key Responsibilities: Develop CNC Programs: Writes and optimizes multiaxis CNC code using CAD/CAM software to produce complex, precisionmachined components. Conduct Program Validations: Performs dryruns and simulations to verify tool paths, confirm machining parameters, and ensure errorfree execution. Troubleshoot Machining Issues: Analyzes production data and part defects to identify root causes and implement corrective toolpath or fixture adjustments. Mentor Junior Programmers: Provides subjectmatter guidance to lessexperienced team members on programming techniques, best practices, and process improvements. Drive Process Improvements: Proposes and implements enhancements to programming workflows and tooling strategies to boost efficiency and reduce cycle times. Key Skills: CNC Programming: Skilled in developing and refining Gcode and Mcode for complex multiaxis machining operations. CAD/CAM Software: Expert in utilizing CAD/CAM platforms (e.g., Mastercam, Siemens NX) to generate efficient toolpaths from 3D models. Machine Setup: Experienced in planning and executing precise machine setups, including tool selection, fixturing, and calibration. Toolpath Optimization: Adept at analyzing and optimizing machining sequences to minimize cycle time and material waste. Material Science: Indepth understanding of material properties and their effects on cutting parameters and tool wear. Process Troubleshooting: Proficient in diagnosing and resolving machining issues through data driven parameter adjustments. Quality Assurance: Skilled in applying GD&T principles and conducting inspections with CM Ms and precision measuring tools. Data Analysis: Capable of interpreting machining and production data to identify trends and drive continuous improvements. Technical Leadership: Experienced in mentoring junior programmers, providing subjectmatter guidance, and coordinating team efforts. Documentation Standards: Proficient in creating and maintaining detailed machining documentation, including setup sheets and change logs. This position requires use of information which is subject to the International Traffic in Arms Regulations (ITAR) and/or the Export Administration Regulations (EAR). All applicants must be U.S. Persons within the meaning of the ITAR and EAR, or eligible to obtain all required authorizations from the U.S. Department of State and/or the U.S. Department of Commerce. The ITAR defines a U.S. Person as a U.S. citizen or national, lawful permanent resident (i.e., 'Green Card holder'), or a protected person (e.g., asylee, or refugee). Woodward is an equal opportunity employer and does not discriminate in hiring or employment on the basis of race, color, religion, sex (including sexual orientation and gender identity), national origin, age, disability, protected veteran status, or any other category protected under federal, state, or local laws."
Woodward,Supply Chain Analyst I,JR111480,"Pune, IN",United States of America,,onsite,Mid,unknown,unknown,unknown,workday,N/A,2026-06-13T02:51:47Z,https://woodward.wd5.myworkdayjobs.com/en-US/woodward/job/Pune-IN/Supply-Chain-Analyst-I_JR111480,"Woodward is the global leader in the design, manufacturing, and service of energy conversion and control solutions for the aerospace and industrial equipment markets. Together with our customers, we are enabling the path to a cleaner, decarbonized world. Our innovative fluid, combustion, electrical, propulsion and motion control systems perform in some of the world’s harshest environments. At Woodward we have created a culture that appreciates and values the contributions of every member. We are a global team of curious, innovative problem-solvers who commit our knowledge, resources and technical expertise to the challenges associated with reducing emissions, enabling alternative energy sources and increasing efficiency, always innovating for a better future. We are committed to creating a great workplace for all team members. Our company and its members are committed to acting with integrity, being respectful and accountable to one another, and staying humble and driven, while maintaining the highest professional and ethical standards. We are steadfastly committed to attracting the best talent across our communities, creating a rewarding workplace. Together we are fulfilling our purpose to design and deliver energy control solutions our partners count on to power a clean future. Responsibilities: Data Collection: Collect data and support development of data retrieval and storage solutions for consistent access while ensuring consistent quality of the data. Reporting: Prepare and present regular reports on supply chain performance metrics to inform decision making. Data Analysis: Identify trends and recommend areas for improvement. Process Optimization: Assist in developing and implementing strategies to enhance supply chain efficiency, improve performance, and reduce costs. Collaboration: Work closely with other departments, stakeholders, and suppliers to coordinate supply chain activities and resolve any issues that arise. Key Skills: Data Analysis: Ability to analyze and interpret supply chain data to identify trends, threats, and opportunities for improvement. Proficiency in Analytical Tools: Skilled in using Excel, SQL, and other analytical software to manage and manipulate data effectively. Understanding of Supply Chain Processes: Knowledge of key supply chain functions such as procurement, logistics, inventory management, and distribution. Attention to Detail: Meticulous in ensuring accuracy in data entry, analysis, and reporting to avoid errors and maintain data integrity. Problem Solving Skills: Capable of identifying issues within the supply chain and developing effective solutions to address them. Effective Communication: Strong written and verbal communication skills to convey findings and collaborate with team members and stakeholders. Time Management: Ability to prioritize tasks and manage time efficiently to meet deadlines and handle multiple projects simultaneously. Basic Financial Acumen: Understanding of financial principles relevant to supply chain operations, such as cost analysis and budgeting. Knowledge of ERP Systems: Familiarity with Enterprise Resource Planning (ERP) software like SAP or Oracle to manage and streamline supply chain activities. Team Collaboration: Ability to work effectively within a team environment, contributing to group efforts and supporting colleagues to achieve common goals. Other Qualifications: Education - Graduate in Engineering/ Science or Commerce Certification : Data Analysist, Data Scientist etc Experience - 5 years in Supply Chain Analystics"
Woodward,Mechanical Drafter/Designer III/Senior,JR111287,Rockford - Rock Cut Campus (RCC),United States of America,,onsite,Senior,us_person,unknown,unknown,workday,N/A,2026-06-13T02:51:51Z,https://woodward.wd5.myworkdayjobs.com/en-US/woodward/job/Rockford---Rock-Cut-Campus-RCC/Mechanical-Drafter-Designer-III-Senior_JR111287,"Woodward is committed to creating a great workplace for all team members. Our company and its members are committed to acting with integrity, being respectful and accountable to one another, and staying humble and driven, while maintaining the highest professional and ethical standards. We are steadfastly committed to attracting the best talent across our communities creating a rewarding workplace. Together we are fulfilling our purpose to design and deliver energy control solutions our partners count on to power a clean future. Woodward supports our members’ wellbeing and regularly benchmarks with other companies in our industry to offer an extensive Total Reward package for this position. Salary will be determined by the applicant's education, experience, knowledge, skills, and abilities, as well as internal equity and alignment with market data. Drafter/Designer III: Estimated hourly base pay: $31.25 (Minimum) - $40.50 (Midpoint) - $50.00 (Maximum) Senior Designer: Estimated annual base pay: $93,000 (Minimum) - $121,000 (Midpoint) - $149,000 (Maximum) All members included in annual cash bonus opportunity. 401(k) match (4.5%) Annual Woodward stock contribution (5%) Tuition reimbursement and Training/Professional Development opportunities for all members 12 paid holidays, including floating holidays. Industry leading medical, dental, and vision Insurance upon date of hire Vacation / Sick Time / Vacation Buy-up / Short Term Disability / Bereavement leave. Paid parental leave. Adoption Assistance Employee Assistance Program, including mental health benefits. Member Life & AD&D / Long Term Disability / Member Optional Life Member referral bonus Spouse / Child Optional Life / Optional AD&D / Healthcare and Dependent Care Flexible Spending Voluntary benefits, including: Home / Auto Insurance discounts Whole Life Insurance / Critical Illness Insurance / Legal Assistance / Military Leave Drafter/Designer III: Key Responsibilities: Must be able to 3D model several complex devices and smaller housings Must be able to perform intermediate level linear stackup studies. Works assigned tasks to meet schedule and coordination of details with other departments. Key Skills: Ability to understand and apply Geometric Dimension & Tolerancing or International equivalent at an advanced level Solid understanding of manufacturing and assembly processes. Advanced CAD/ PLM software skills. Demonstrated commitment to quality and professionalism. Participates in continuous improvement activities related to position Strong communication and interpersonal skills. Demonstrated ability to effectively interact with all levels of the organization. The ability to process multiple types of information and/or perform multiple tasks simultaneously with competing priorities. Practices effective time management. Solid organization and prioritization skills, not only for self but for those supported by this position The ability to define, diagnose, and resolve problems and the ability to make decisions in a timely manner, sometimes with limited information and under tight deadlines and pressure The ability to assist lower-level drafters/designers with tasks The ability and willingness to take independent action and complete job tasks with minimal instruction. This includes the ability and willingness to recognize assignments or tasks that need to be completed, to seek out additional assignments or tasks, and to help others Senior Designer: Key Responsibilities: Plans, schedules and coordinates detailed phases of a project. Must 3D model at an expert level, complex housings in 5 axes. Must be able to perform advanced level linear and radial stackup studies Designs may be one on a more complex level - not only designing LRUs but also working on complete systems with all elements of the life cycle process in accordance with the PLC process Ability to support customer design reviews Key Skills: Ability to understand and apply Geometric Dimension & Tolerancing or International equivalent at an expert level Expert CAD skills in CAD/ PLM Softwares. May have ability to do low level FEA, CFD using CAD tools Advanced understanding of manufacturing and assembly processes and how to optimize designs based on competing inputs relating to each to achieve the best possible design for the enterprise An understanding of fundamental engineering principles (heat transfer, fluid mechanics, material strength). Demonstrated commitment to quality and professionalism. Ability to identify continuous improvement activities to improve efficiencies or work. Excellent communication and interpersonal skills. Demonstrated ability to effectively interact with all levels of the organization and customers. The ability to interact cooperatively and collaboratively with others as a team. The ability to reinforce positive teamwork. The ability to define, diagnose, and resolve problems with a significant organizational impact. Must also have the ability to make decisions in a timely manner, sometimes with limited information and under tight deadlines and pressure The ability to mentor and provide assistance to lower-level drafters/designers and engineers. This position requires use of information which is subject to the International Traffic in Arms Regulations (ITAR) and/or the Export Administration Regulations (EAR). All applicants must be U.S. Persons within the meaning of the ITAR and EAR, or eligible to obtain all required authorizations from the U.S. Department of State and/or the U.S. Department of Commerce. The ITAR defines a U.S. Person as a U.S. citizen or national, lawful permanent resident (i.e., 'Green Card holder'), or a protected person (e.g., asylee, or refugee). Woodward is an equal opportunity employer and does not discriminate in hiring or employment on the basis of race, color, religion, sex (including sexual orientation and gender identity), national origin, age, disability, protected veteran status, or any other category protected under federal, state, or local laws. #LI-AT1"
Woodward,Pricing Analyst I,JR110697,Fort Collins - Lincoln Campus,United States of America,,hybrid,Mid,us_person,unknown,unknown,workday,N/A,2026-06-13T02:51:55Z,https://woodward.wd5.myworkdayjobs.com/en-US/woodward/job/Fort-Collins---Lincoln-Campus/Pricing-Analyst-I_JR110697,"Woodward is committed to creating a great workplace for all team members. Our company and its members are committed to acting with integrity, being respectful and accountable to one another, and staying humble and driven, while maintaining the highest professional and ethical standards. We are steadfastly committed to attracting the best talent across our communities creating a rewarding workplace. Together we are fulfilling our purpose to design and deliver energy control solutions our partners count on to power a clean future. Woodward supports our members’ wellbeing and regularly benchmarks with other companies in our industry to offer an extensive Total Reward package for this position. Salary will be determined by the applicant's education, experience, knowledge, skills, and abilities, as well as internal equity and alignment with market data. Estimated annual base pay: $60,000(minimum) - $78,000(midpoint) - $96,000(maximum) $All members included in annual cash bonus opportunity 401(k) match (4.5%) Annual Woodward stock contribution (5%) Tuition reimbursement and Training/Professional Development opportunities for all members 12 paid holidays, including floating holidays Industry leading medical, dental, and vision Insurance upon date of hire Vacation / Sick Time / Vacation Buy-up / Short Term Disability / Bereavement leave Paid parental leave Adoption Assistance Employee Assistance Program, including mental health benefits Member Life & AD&D / Long Term Disability / Member Optional Life Member referral bonus Spouse / Child Optional Life / Optional AD&D / Healthcare and Dependent Care Flexible Spending Voluntary benefits, including: Home / Auto Insurance discounts Whole Life Insurance / Critical Illness Insurance / Legal Assistance / Military Leave Key Responsibilities: Conducting in-depth pricing analysis and identifying opportunities for optimization and making recommendations for improving price realization and financial results. Monitoring and reporting on key performance metrics related to pricing, and making recommendations for adjustments as needed to ensure continued success. Execute day-to-day standard pricing processes and implement pricing strategies and tactics that maximize revenue and profitability while ensuring customer satisfaction. Collaborating with cross-functional teams, including sales, marketing, and product management, to develop pricing plans and promotions that support business objectives. Developing and refining pricing models based on business objectives. Key Skills: Financial analysis skills: Ability to perform detailed financial analysis and modeling, including using financial software and tools. Quantitative analysis: Strong analytical skills and ability to work with large datasets to develop insights and recommendations. Market research and analysis: Ability to conduct market research, analyze trends and data, and identify new pricing opportunities. Pricing strategy implementation: Ability to implement pricing strategies that maximize revenue and profitability. Data analysis and visualization: Ability to use data analysis tools and techniques to visualize and communicate pricing insights and recommendations. Communication skills: Ability to communicate complex pricing information clearly and effectively to both technical and non-technical audiences. Collaborative skills: Ability to work effectively with cross-functional teams and build strong relationships with internal and external stakeholders. Project management: Ability to manage multiple tasks and priorities, met deadlines and work independently. Attention to detail: Strong attention to detail and ability to identify errors and discrepancies in financial and pricing data. Business acumen: Knowledge of the company's business and industry, including the ability to understand market trends and competitive dynamics. Successful Candidates Will Typically Have: Bachelor’s degree in finance, economics, business or related field 3-5 years Pricing experience, ideally in the manufacturing industry Advanced Excel skills Data Visualization Tools (Power BI, Tableau) experience Pricing Software Experience Certified Pricing Professional (CCP) certification Application window is anticipated to close 14 days from original posting date. This information is provided in compliance with the Colorado Equal Pay for Equal Work Act and is the company’s good faith and reasonable estimate of the compensation range and benefits offered for this position. The compensation offered to the successful applicant may vary based on factors including experience, skills, education, location, and other job-related reasons. Woodward is an equal opportunity employer and does not discriminate in hiring or employment on the basis of race, color, religion, sex (including sexual orientation and gender identity), national origin, age, disability, protected veteran status, or any other category protected under federal, state, or local laws. #LI-Hybrid"
Woodward,Customer Support Representative 1,JR111372,Rockford - Loves Park Campus (LPC),United States of America,,onsite,Mid,us_person,unknown,unknown,workday,N/A,2026-06-13T02:51:59Z,https://woodward.wd5.myworkdayjobs.com/en-US/woodward/job/Rockford---Loves-Park-Campus-LPC/Customer-Support-Representative-1_JR111372-1,"Woodward is committed to creating a great workplace for all team members. Our company and its members are committed to acting with integrity, being respectful and accountable to one another, and staying humble and driven, while maintaining the highest professional and ethical standards. We are steadfastly committed to attracting the best talent across our communities creating a rewarding workplace. Together we are fulfilling our purpose to design and deliver energy control solutions our partners count on to power a clean future. Woodward supports our members’ wellbeing and regularly benchmarks with other companies in our industry to offer an extensive Total Reward package for this position. Salary will be determined by the applicant's education, experience, knowledge, skills, and abilities, as well as internal equity and alignment with market data. Estimated annual base pay: $20.19(minimum) - $26.44(midpoint) - $32.21(maximum) Plus overtime
All members included in annual cash bonus opportunity. 401(k) match (4.5%)
Annual Woodward stock contribution (5%)
Tuition reimbursement and Training/Professional Development opportunities for all members 12 paid holidays, including floating holidays. Industry leading medical, dental, and vision Insurance upon date of hire
Vacation / Sick Time / Vacation Buy-up / Short Term Disability / Bereavement leave. Paid parental leave.
Adoption Assistance Employee Assistance Program, including mental health benefits. Member Life & AD&D / Long Term Disability / Member Optional Life Member referral bonus Spouse / Child Optional Life / Optional AD&D / Healthcare and Dependent Care Flexible Spending Voluntary benefits, including: Home / Auto Insurance discounts Whole Life Insurance / Critical Illness Insurance / Legal Assistance / Military Leave Key Responsibilities: Respond to Customer Inquiries: Handle customer questions and issues via phone, email, customer portals, or chat following established procedures.
Document Customer Interactions: Accurately record details of customer interactions and transactions.
Provide Product Information: Supply customers with information about products and services based on current guidelines.
Resolve Basic Issues: Address and resolve straightforward customer problems using predefined solutions.
Follow up on Support Cases: Ensure timely follow up with customers to confirm resolution and satisfaction. Key Skills: Communication: Effectively conveys information to customers through verbal and written channels.
Active Listening: Pays close attention to customer needs and concerns to provide appropriate responses.
Problem Resolution: Utilizes predefined procedures to resolve common customer issues efficiently.
Product Knowledge: Demonstrates understanding of company products and services to assist customers accurately.
Time Management: Manages work tasks efficiently to handle multiple customer inquiries within set timeframes.
Technical Proficiency: Uses customer support software and basic computer applications proficiently.
Attention to Detail: Ensures accuracy in data entry and information provided to customers.
Team Collaboration: Works effectively with team members to achieve common support objectives.
Empathy: Understands and responds to customer emotions to enhance service experience.
Adaptability: Adjusts to new procedures and updates in a structured work environment. This position requires use of information which is subject to the International Traffic in Arms Regulations (ITAR) and/or the Export Administration Regulations (EAR). All applicants must be U.S. Persons within the meaning of the ITAR and EAR, or eligible to obtain all required authorizations from the U.S. Department of State and/or the U.S. Department of Commerce. The ITAR defines a U.S. Person as a U.S. citizen or national, lawful permanent resident (i.e., 'Green Card holder'), or a protected person (e.g., asylee, or refugee). Woodward is an equal opportunity employer and does not discriminate in hiring or employment on the basis of race, color, religion, sex (including sexual orientation and gender identity), national origin, age, disability, protected veteran status, or any other category protected under federal, state, or local laws."
Woodward,SVT- Operations Technician (A&T - 1st shift),JR111636,Rockford - Loves Park Campus (LPC),United States of America,,onsite,Mid,us_person,unknown,unknown,workday,N/A,2026-06-13T02:52:03Z,https://woodward.wd5.myworkdayjobs.com/en-US/woodward/job/Rockford---Loves-Park-Campus-LPC/SVT--Operations-Technician--A-T---1st-shift-_JR111636-1,"Woodward is committed to creating a great workplace for all team members. Our company and its members are committed to acting with integrity, being respectful and accountable to one another, and staying humble and driven, while maintaining the highest professional and ethical standards. We are steadfastly committed to attracting the best talent across our communities creating a rewarding workplace. Together we are fulfilling our purpose to design and deliver energy control solutions our partners count on to power a clean future. Woodward supports our members’ wellbeing and regularly benchmarks with other companies in our industry to offer an extensive Total Reward package for this position. Salary will be determined by the applicant's education, experience, knowledge, skills, and abilities, as well as internal equity and alignment with market data. Level 1: Estimated hourly base pay: $18.27(minimum) - $24.04 (midpoint) - $29.33 (maximum) Level 2: Estimated hourly base pay: $21.15 (minimum) - $27.40 (midpoint) - $33.65 (maximum) All Levels are eligible for the benefits below: All members included in annual cash bonus opportunity. 401(k) match (4.5%) Annual Woodward stock contribution (5%) Tuition reimbursement and Training/Professional Development opportunities for all members 12 paid holidays, including floating holidays. Industry leading medical, dental, and vision Insurance upon date of hire Vacation / Sick Time / Vacation Buy-up / Short Term Disability / Bereavement leave. Paid parental leave. Adoption Assistance Employee Assistance Program, including mental health benefits. Member Life & AD&D / Long Term Disability / Member Optional Life Member referral bonus Spouse / Child Optional Life / Optional AD&D / Healthcare and Dependent Care Flexible Spending Voluntary benefits, including: Home / Auto Insurance discounts Whole Life Insurance / Critical Illness Insurance / Legal Assistance / Military Leave Woodwards is looking to bring on skilled, motivated and driven Operations Technicians that are ready to showcase their talent. Join our amazing 1st shift (Monday-Thursday 4:30am-3:00pm) production teams at our Loves Park Campus on our new servo line, where innovation, precision, and quality are at the heart of everything we do. This role will provide support and operations in products such as servo valves, actuators, fuel metering units, specialty valves or pumps. If you’re ready to take your career to the next level with a company that values your skills and offers opportunities for growth, we want to hear from you! Training shift for the first 2 weeks: Mon-Fri, 7am - 3:30pm Training starting week 3: Hours may vary, will be on 1st shift Key Responsibilities: Operations: Follows documented procedures to accurately and efficiently produce products using specified tools and equipment. Flexes and supports the full product line in various processes/ capacities. Process: Observes and records key process variables to ensure consistency and quality in operations. Accurately logs daily operations and resolves or escalates concerns. Follows standard operating procedures. Quality: Conducts inspections and tests to verify the accuracy and functionality of products and records and maintains data per operating standards. Organization & Cleanliness: Adheres to 5S principles by keeping workstations clean, organized, and free of unnecessary items. Follows established guidelines to ensure tools, materials, and equipment are properly stored and maintained. Safety Mindset: Adheres to all established safety protocols, procedures, and regulatory requirements; maintains mindfulness of self and surrounding work area to promote a safe working environment. Key Skills: Technical Capability: Understands and follows basic technical instructions and standard operating procedures (SOPs). Critical Thinking: Identifies gap-to-standard and resolves or escalates them per standard processes/procedures. Mechanical Aptitude: Demonstrates basic understanding of mechanical systems and components. Uses hand tools and basic equipment safely and effectively. Can produce products and may perform basic setups of equipment. Team Communication: Communicates effectively with team members and supervisors to support workflow and escalate immediate issues. Adherence to Woodward's Core Values. Time Management: Effectively manages time to complete assigned tasks within established schedules. Adheres to individual schedule. Lean Mindset: Follows lean practices such as 5S and waste reduction. Participates in continuous improvement activities. Production Systems: Understands and adheres to standardized work and escalates when cannot be followed. Actively participates in the daily management system. Computer Skills: Uses basic software (e.g., email, spreadsheets, data entry tools) to complete tasks. Attention to Detail: Ensures precision in tasks to maintain high quality standards. Follows instructions precisely and checks work for accuracy. Collaboration: Works cooperatively with team members to support overall team objectives and workflow. Works well with team members and accepts feedback. Additional Information: Moderate physical activity requiring agility and dexterity, including walking, standing, or bending; and lifting or moving objects. Work is performed in an area with moderate risk or discomfort that may require special safety precautions, such as wearing protective clothing or gear. May be required to pass Near Vision and/or Color Vision examinations. Successful candidates typically have: Previous assembly experience preferred Proven mechanical aptitude Experience in a manufacturing industry performing assembly and/or testing in on similar components Proficiency with and in using a variety of hand tools and inspection and measurement equipment Strong knowledge and/or capability to read and interpret mechanical blueprints, drawings and Geometric Dimensioning and Tolerancing This position requires use of information which is subject to the International Traffic in Arms Regulations (ITAR) and/or the Export Administration Regulations (EAR). All applicants must be U.S. Persons within the meaning of the ITAR and EAR, or eligible to obtain all required authorizations from the U.S. Department of State and/or the U.S. Department of Commerce. The ITAR defines a U.S. Person as a U.S. citizen or national, lawful permanent resident (i.e., 'Green Card holder'), or a protected person (e.g., asylee, or refugee). Woodward is an equal opportunity employer and does not discriminate in hiring or employment on the basis of race, color, religion, sex (including sexual orientation and gender identity), national origin, age, disability, protected veteran status, or any other category protected under federal, state, or local laws."
Woodward,SVT - Operations Technician (A&T 2nd shift),JR111638,Rockford - Loves Park Campus (LPC),United States of America,,onsite,Mid,us_person,unknown,unknown,workday,N/A,2026-06-13T02:52:07Z,https://woodward.wd5.myworkdayjobs.com/en-US/woodward/job/Rockford---Loves-Park-Campus-LPC/SVT---Operations-Technician--A-T-2nd-shift-_JR111638,"Woodward is committed to creating a great workplace for all team members. Our company and its members are committed to acting with integrity, being respectful and accountable to one another, and staying humble and driven, while maintaining the highest professional and ethical standards. We are steadfastly committed to attracting the best talent across our communities creating a rewarding workplace. Together we are fulfilling our purpose to design and deliver energy control solutions our partners count on to power a clean future. Woodward supports our members’ wellbeing and regularly benchmarks with other companies in our industry to offer an extensive Total Reward package for this position. Salary will be determined by the applicant's education, experience, knowledge, skills, and abilities, as well as internal equity and alignment with market data. Level 1: Estimated hourly base pay: $18.27(minimum) - $24.04 (midpoint) - $29.33 (maximum) Level 2: Estimated hourly base pay: $21.15 (minimum) - $27.40 (midpoint) - $33.65 (maximum) All Levels are eligible for the benefits below: All members included in annual cash bonus opportunity. 401(k) match (4.5%) Annual Woodward stock contribution (5%) Tuition reimbursement and Training/Professional Development opportunities for all members 12 paid holidays, including floating holidays. Industry leading medical, dental, and vision Insurance upon date of hire Vacation / Sick Time / Vacation Buy-up / Short Term Disability / Bereavement leave. Paid parental leave. Adoption Assistance Employee Assistance Program, including mental health benefits. Member Life & AD&D / Long Term Disability / Member Optional Life Member referral bonus Spouse / Child Optional Life / Optional AD&D / Healthcare and Dependent Care Flexible Spending Voluntary benefits, including: Home / Auto Insurance discounts Whole Life Insurance / Critical Illness Insurance / Legal Assistance / Military Leave Woodwards is looking to bring on skilled, motivated and driven Operations Technicians that are ready to showcase their talent. Join our amazing 2nd shift (Mon-Fri, 2:54pm to 11:24pm OR Mon-Thurs, 3pm to 1:30am) production teams at our Loves Park Campus, where innovation, precision, and quality are at the heart of everything we do. This role will provide support and operations in products such as servo valves, actuators, fuel metering units, specialty valves or pumps. If you’re ready to take your career to the next level with a company that values your skills and offers opportunities for growth, we want to hear from you! Training shift will be on 1st shift, Mon-Fri, 7am - 3:30pm, for the first 2 weeks Training starting week 3 will be on 1st shift, M-Th 4:30am-3pm Key Responsibilities: Operations: Follows documented procedures to accurately and efficiently produce products using specified tools and equipment. Flexes and supports the full product line in various processes/ capacities. Process: Observes and records key process variables to ensure consistency and quality in operations. Accurately logs daily operations and resolves or escalates concerns. Follows standard operating procedures. Quality: Conducts inspections and tests to verify the accuracy and functionality of products and records and maintains data per operating standards. Organization & Cleanliness: Adheres to 5S principles by keeping workstations clean, organized, and free of unnecessary items. Follows established guidelines to ensure tools, materials, and equipment are properly stored and maintained. Safety Mindset: Adheres to all established safety protocols, procedures, and regulatory requirements; maintains mindfulness of self and surrounding work area to promote a safe working environment. Key Skills: Technical Capability: Understands and follows basic technical instructions and standard operating procedures (SOPs). Critical Thinking: Identifies gap-to-standard and resolves or escalates them per standard processes/procedures. Mechanical Aptitude: Demonstrates basic understanding of mechanical systems and components. Uses hand tools and basic equipment safely and effectively. Can produce products and may perform basic setups of equipment. Team Communication: Communicates effectively with team members and supervisors to support workflow and escalate immediate issues. Adherence to Woodward's Core Values. Time Management: Effectively manages time to complete assigned tasks within established schedules. Adheres to individual schedule. Lean Mindset: Follows lean practices such as 5S and waste reduction. Participates in continuous improvement activities. Production Systems: Understands and adheres to standardized work and escalates when cannot be followed. Actively participates in the daily management system. Computer Skills: Uses basic software (e.g., email, spreadsheets, data entry tools) to complete tasks. Attention to Detail: Ensures precision in tasks to maintain high quality standards. Follows instructions precisely and checks work for accuracy. Collaboration: Works cooperatively with team members to support overall team objectives and workflow. Works well with team members and accepts feedback. Additional Requirements: Moderate physical activity requires agility and dexterity, including walking, standing, or bending; and lifting or moving objects. Work is performed in an area with moderate risk or discomfort that may require special safety precautions, such as wearing protective clothing or gear. May be required to pass Near Vision and/or Color Vision examinations. Successful candidates typically have: Previous assembly experience preferred Proven mechanical aptitude Experience in a manufacturing industry performing assembly and/or testing in on similar components Proficiency with and in using a variety of hand tools and inspection and measurement equipment Strong knowledge and/or capability to read and interpret mechanical blueprints, drawings and Geometric Dimensioning and Tolerancing This position requires use of information which is subject to the International Traffic in Arms Regulations (ITAR) and/or the Export Administration Regulations (EAR). All applicants must be U.S. Persons within the meaning of the ITAR and EAR, or eligible to obtain all required authorizations from the U.S. Department of State and/or the U.S. Department of Commerce. The ITAR defines a U.S. Person as a U.S. citizen or national, lawful permanent resident (i.e., 'Green Card holder'), or a protected person (e.g., asylee, or refugee). Woodward is an equal opportunity employer and does not discriminate in hiring or employment on the basis of race, color, religion, sex (including sexual orientation and gender identity), national origin, age, disability, protected veteran status, or any other category protected under federal, state, or local laws."
Woodward,HVAC Technician - 1st Shift,JR110298,Rockford - Rock Cut Campus (RCC),United States of America,,onsite,Mid,us_person,unknown,unknown,workday,N/A,2026-06-13T02:52:11Z,https://woodward.wd5.myworkdayjobs.com/en-US/woodward/job/Rockford---Rock-Cut-Campus-RCC/HVAC-Technician---1st-Shift_JR110298,"Woodward is committed to creating a great workplace for all team members. Our company and its members are committed to acting with integrity, being respectful and accountable to one another, and staying humble and driven, while maintaining the highest professional and ethical standards. We are steadfastly committed to attracting the best talent across our communities creating a rewarding workplace. Together we are fulfilling our purpose to design and deliver energy control solutions our partners count on to power a clean future. Woodward supports our members’ wellbeing and regularly benchmarks with other companies in our industry to offer an extensive Total Reward package for this position. Salary will be determined by the applicant's education, experience, knowledge, skills, and abilities, as well as internal equity and alignment with market data. Level II: Estimated hourly base pay: $24.52 (minimum) - $31.73 (midpoint) - $39.43 (maximum) Level III: Estimated hourly base pay: $28.85 (minimum) - $37.50 (midpoint) - $46.15 (maximum) All Levels are eligible for the benefits below: All members included in annual cash bonus opportunity. 401(k) match (4.5%) Annual Woodward stock contribution (5%) Tuition reimbursement and Training/Professional Development opportunities for all members 12 paid holidays, including floating holidays. Industry leading medical, dental, and vision Insurance upon date of hire Vacation / Sick Time / Vacation Buy-up / Short Term Disability / Bereavement leave. Paid parental leave. Adoption Assistance Employee Assistance Program, including mental health benefits. Member Life & AD&D / Long Term Disability / Member Optional Life Member referral bonus Spouse / Child Optional Life / Optional AD&D / Healthcare and Dependent Care Flexible Spending Voluntary benefits, including: Home / Auto Insurance discounts Whole Life Insurance / Critical Illness Insurance / Legal Assistance / Military Leave Are you ready to make your mark! Woodward is looking to bring on an experienced HVAC Technician to support our Rock Cut Campus in Loves Park, IL. This individual will be responsible for leading jobs, delivering high quality work and working hands on with our facilities members. If you are ready to join an amazing company, apply now! Key Responsibilities: Install HVAC Systems: Executes the installation of heating, ventilation, and air conditioning systems following established procedures and specifications. Perform Maintenance: Conducts regular maintenance tasks to ensure HVAC systems operate efficiently and reliably. Conduct Preventative Maintenance: Develops and carries out routine maintenance schedules for HVAC equipment to enhance system reliability and extend operational lifespan. Mentor Junior Technicians: Provides expert guidance and support to less experienced team members, fostering skill development and ensuring high quality workmanship within the team. Optimize Technical Processes: Evaluates and refines existing HVAC procedures and methodologies, contributing to improved efficiency and effectiveness in system operations Diagnose Issues: Identifies and resolves typical HVAC system problems using established analytical methods and standard operating procedures. Collaborate with Team: Works with team members to support project objectives and ensure high quality service delivery. Document Activities: Records maintenance activities and service reports to maintain accurate operational records. Key Skills: HVAC System Installation: Proficient in installing various HVAC systems, ensuring compliance with industry standards and manufacturer specifications. Advanced HVAC Systems Knowledge: Comprehensive understanding of installation, maintenance, and repair of complex HVAC systems. Technical Troubleshooting: Expertise in diagnosing and resolving intricate and atypical HVAC system issues. Leadership and Mentorship: Acts as an informal resource, providing guidance and support to less experienced team members. Project Management: Capable of managing and overseeing HVAC projects from initiation to completion with minimal supervision. Regulatory Compliance: In depth knowledge of HVAC related codes, standards, and regulations to ensure all work meets legal requirements. Preventive Maintenance Planning: Develops and implements effective preventive maintenance schedules to enhance system performance and longevity. Preventative Maintenance: Skilled in performing routine maintenance tasks to ensure optimal functioning and longevity of HVAC equipment. Technical Troubleshooting: Adept at diagnosing and resolving complex HVAC system issues using established diagnostic methods. Blueprint Interpretation: Capable of reading and interpreting technical drawings, schematics, and blueprints for accurate system installation and repair. Refrigeration Systems: In depth knowledge of refrigeration cycles and handling refrigerants in accordance with safety and environmental regulations. Electrical Wiring: Competent in installing and repairing electrical components related to HVAC systems, including wiring and control systems. Safety Compliance: Thorough understanding of safety protocols and regulations to maintain a safe working environment and prevent accidents. Customer Service: Effective in communicating with clients to understand their HVAC needs and provide appropriate solutions. Tool Proficiency: Experienced in using a variety of HVAC tools and equipment for installation, maintenance, and repair tasks. Documentation Skills: Ability to accurately document work performed, maintenance schedules, and system modifications for recordkeeping and compliance purposes. Technical Documentation: Proficient in creating detailed technical reports and maintaining accurate records of HVAC system Job Description 04:47 PM 03/26/2026 Page 2 of 3 operations and repairs. Communication Skills: Skilled in explaining complex technical information clearly to team members and clients. Resource Coordination: Effectively coordinates team efforts and resources to achieve project goals and objectives. Problem Solving Expertise: Provides innovative solutions to unique and complex HVAC challenges based on existing procedures and precedents. Other Qualifications: EPA Section 608 Certification or equivalent required Additional Requirements: Physical activity requires agility and dexterity, including walking, standing, or bending; and lifting or moving objects. Work is performed in an area with moderate risk or discomfort that may require special safety precautions, such as wearing protective clothing or gear. Work is performed in tight spaces, repeated kneeling is involved, frequently working in extreme temperatures. Successful Candidates Typically Have: Proficiency in diagnosing and repair of commercial HVAC units Knowledge and experience in preventative maintenance of 800-ton chiller units, boilers Experience using and working with Trane HVAC monitoring system Journeyman experience This position requires use of information which is subject to the International Traffic in Arms Regulations (ITAR) and/or the Export Administration Regulations (EAR). All applicants must be U.S. Persons within the meaning of the ITAR and EAR, or eligible to obtain all required authorizations from the U.S. Department of State and/or the U.S. Department of Commerce. The ITAR defines a U.S. Person as a U.S. citizen or national, lawful permanent resident (i.e., 'Green Card holder'), or a protected person (e.g., asylee, or refugee). Woodward is an equal opportunity employer and does not discriminate in hiring or employment on the basis of race, color, religion, sex (including sexual orientation and gender identity), national origin, age, disability, protected veteran status, or any other category protected under federal, state, or local laws."
Woodward,Mechanical Design Engineer II/Senior,JR111400,2 Locations,United States of America,,onsite,Senior,unknown,unknown,unknown,workday,N/A,2026-06-13T02:52:15Z,https://woodward.wd5.myworkdayjobs.com/en-US/woodward/job/Rockford---Rock-Cut-Campus-RCC/Mechanical-Design-Engineer-II-Senior_JR111400,
Woodward,Supplier Quality Engineer,JR111623,"Niles, IL, US",United States of America,,onsite,Mid,us_person,unknown,unknown,workday,N/A,2026-06-13T02:52:19Z,https://woodward.wd5.myworkdayjobs.com/en-US/woodward/job/Niles-IL-US/Supplier-Quality-Engineer_JR111623,"Woodward is committed to creating a great workplace for all team members. Our company and its members are committed to acting with integrity, being respectful and accountable to one another, and staying humble and driven, while maintaining the highest professional and ethical standards. We are steadfastly committed to attracting the best talent across our communities creating a rewarding workplace. Together we are fulfilling our purpose to design and deliver energy control solutions our partners count on to power a clean future. Woodward supports our members’ wellbeing and regularly benchmarks with other companies in our industry to offer an extensive Total Reward package for this position. Salary will be determined by the applicant's education, experience, knowledge, skills, and abilities, as well as internal equity and alignment with market data. Supplier Quality Engineer II Estimated annual base pay: $75,000.00 (minimum) - $97,000.00 (midpoint) - $120,000.00 (maximum)
All members included in annual cash bonus opportunity. 401(k) match (4.5%)
Annual Woodward stock contribution (5%)
Tuition reimbursement and Training/Professional Development opportunities for all members 12 paid holidays, including floating holidays. Industry leading medical, dental, and vision Insurance upon date of hire
Vacation / Sick Time / Vacation Buy-up / Short Term Disability / Bereavement leave. Paid parental leave.
Adoption Assistance Employee Assistance Program, including mental health benefits. Member Life & AD&D / Long Term Disability / Member Optional Life Member referral bonus Spouse / Child Optional Life / Optional AD&D / Healthcare and Dependent Care Flexible Spending Voluntary benefits, including: Home / Auto Insurance discounts Whole Life Insurance / Critical Illness Insurance / Legal Assistance / Military Leave Key Responsibilities: Supplier Performance Evaluation: Conduct regular assessments of supplier quality metrics to ensure adherence to established standards and contractual requirements.
Root Cause Analysis: Identify and analyze complex quality issues, determining root causes and developing effective corrective and preventive actions.
Continuous Improvement Leadership: Lead small scale improvement projects focused on enhancing supplier processes and product quality through the implementation of best practices.
Cross Functional Collaboration: Work closely with procurement, engineering, and production teams to align supplier quality objectives with overall business goals.
Quality Documentation and Reporting: Develop and maintain comprehensive quality reports and documentation to track supplier performance and support informed decision making. Key Skills: Quality Management: Proficient in implementing and maintaining quality management systems to ensure supplier compliance and product standards.
Root Cause Analysis: Skilled in identifying and analyzing root causes of quality issues to develop effective corrective actions.
Statistical Analysis: Expertise in utilizing statistical tools and methodologies for quality data analysis and process optimization.
Supplier Assessment: Experienced in evaluating and auditing suppliers to ensure adherence to quality and performance standards.
Project Management: Capable of managing quality improvement projects from initiation to completion, ensuring timely and successful outcomes.
Process Improvement: Adept at identifying and implementing process enhancements to increase efficiency and product quality.
Effective Communication: Excellent in conveying complex quality information clearly and building consensus among cross functional teams.
Problem Solving: Strong ability to develop innovative solutions to complex quality challenges based on comprehensive data analysis.
Regulatory Compliance: Knowledgeable in industry regulations and standards to ensure supplier and product compliance.
Leadership: Able to guide and mentor less experienced colleagues and lead small scale projects with minimal oversight. This position requires use of information which is subject to the International Traffic in Arms Regulations (ITAR) and/or the Export Administration Regulations (EAR). All applicants must be U.S. Persons within the meaning of the ITAR and EAR, or eligible to obtain all required authorizations from the U.S. Department of State and/or the U.S. Department of Commerce. The ITAR defines a U.S. Person as a U.S. citizen or national, lawful permanent resident (i.e., 'Green Card holder'), or a protected person (e.g., asylee, or refugee). Woodward is an equal opportunity employer and does not discriminate in hiring or employment on the basis of race, color, religion, sex (including sexual orientation and gender identity), national origin, age, disability, protected veteran status, or any other category protected under federal, state, or local laws."
Woodward,Shipping/Receiving Specialist,JR111609,"Niles, IL, US",United States of America,,onsite,Mid,us_person,unknown,unknown,workday,N/A,2026-06-13T02:52:23Z,https://woodward.wd5.myworkdayjobs.com/en-US/woodward/job/Niles-IL-US/Shipping-Receiving-Specialist_JR111609-1,"Woodward is committed to creating a great workplace for all team members. Our company and its members are committed to acting with integrity, being respectful and accountable to one another, and staying humble and driven, while maintaining the highest professional and ethical standards. We are steadfastly committed to attracting the best talent across our communities, creating a rewarding workplace. Together we are fulfilling our purpose to design and deliver energy control solutions our partners count on to power a clean future. Woodward supports our members’ wellbeing and regularly benchmarks with other companies in our industry to offer an extensive Total Reward package for this position. Salary will be determined by the applicant's education, experience, knowledge, skills, and abilities, as well as internal equity and alignment with market data. Estimated hourly base pay: $19.71 (minimum) - $25.48 (midpoint) - $31.73 (maximum) All members included in annual cash bonus opportunity 401(k) match (4.5%) Annual Woodward stock contribution (5%) Tuition reimbursement and Training/Professional Development opportunities for all members 12 paid holidays, including floating holidays. Industry leading medical, dental, and vision Insurance upon date of hire Vacation / Sick Time / Vacation Buy-up / Short Term Disability / Bereavement leave. Paid parental leave. Adoption Assistance Employee Assistance Program, including mental health benefits. Member Life & AD&D / Long Term Disability / Member Optional Life Member referral bonus Spouse / Child Optional Life / Optional AD&D / Healthcare and Dependent Care Flexible Spending Voluntary benefits, including: Home / Auto Insurance discounts Whole Life Insurance / Critical Illness Insurance / Legal Assistance / Military Leave We have an exciting opportunity for you. Woodward is hiring a Shipping and Receiving Specialist at our Niles Campus. This role will be on a split 1st shift (Mon-Fri 10:30am-7:00pm) and be responsible for ensuring the team operates in a safe and efficient manner, meets production goals while targeting quality expectations. If you are looking for the next step in your career, apply now! Key Responsibilities: Shipment Coordination: The Shipping/Receiving Specialist II coordinates and schedules inbound and outbound shipments to ensure timely and accurate delivery of goods. Documentation and Compliance: Prepare, verify, and maintain all necessary shipping, receiving, logistics documentation, ensuring compliance with company policies and relevant regulations. Issue Resolution and Communication: The specialist identifies and resolves any discrepancies or issues related to shipping, receiving, logistics and communicates effectively with internal teams and external partners to facilitate operational excellence. Cross Training Activities and Certifications: Ensure all training records are maintained. Cross train and certify in applicable logistics functions such as shipping, receiving, and stockroom departments. Process Improvements and Mentoring: Assist with training of uncertified Logistics members. Contribute to team and process improvements. Key Skills: Attention to Detail: Carefully inspects shipments and documentation to prevent errors and ensure accuracy in all processes. Shipping Software Proficiency: Utilizes shipping and inventory management software to track shipments, manage orders, and update records accurately. Time Management: Efficiently prioritizes tasks and manages time to meet logistics, shipping and receiving deadlines consistently. Communication Skills: Effectively communicates with stakeholders such as team members, suppliers, and customers to coordinate logistics, shipping and receiving activities. Problem Solving: Identifies and resolves issues related to shipment delays, inventory discrepancies, and logistical challenges promptly. Organizational Skills: Keeps the logistics, shipping and receiving areas organized and orderly to facilitate effective operations and safe work environment. Safety Compliance: Adheres to all safety regulations and company policies to ensure a safe working environment for themselves and their colleagues. Knowledge of Business Systems: Proficiently operates software applications specific to logistics, shipping, and receiving to streamline processes and improve accuracy. Members must be certified in multiple functions within the logistics department functional areas: These may vary by site. Most include shipping, receiving, order picking, material handling, stocking, final gate, and kitting. Standard Work Activities: Advanced understanding of business expectations and department standard work. This position requires use of information which is subject to the International Traffic in Arms Regulations (ITAR) and/or the Export Administration Regulations (EAR). All applicants must be U.S. Persons within the meaning of the ITAR and EAR, or eligible to obtain all required authorizations from the U.S. Department of State and/or the U.S. Department of Commerce. The ITAR defines a U.S. Person as a U.S. citizen or national, lawful permanent resident (i.e., 'Green Card holder'), or a protected person (e.g., asylee, or refugee). Woodward is an equal opportunity employer and does not discriminate in hiring or employment on the basis of race, color, religion, sex (including sexual orientation and gender identity), national origin, age, disability, protected veteran status, or any other category protected under federal, state, or local laws."
Woodward,Staff / Senior Staff Mechanical Engineer - Flight Control Actuation,JR110743,5 Locations,United States of America,,hybrid,Principal,us_person,unknown,unknown,workday,N/A,2026-06-13T02:52:27Z,https://woodward.wd5.myworkdayjobs.com/en-US/woodward/job/Fort-Collins---Drake-Campus/Staff---Senior-Staff-Mechanical-Engineer---Flight-Control-Actuation_JR110743,"Woodward is committed to creating a great workplace for all team members. Our company and its members are committed to acting with integrity, being respectful and accountable to one another, and staying humble and driven, while maintaining the highest professional and ethical standards. We are steadfastly committed to attracting the best talent across our communities creating a rewarding workplace. Together we are fulfilling our purpose to design and deliver energy control solutions our partners count on to power a clean future. Woodward supports our members’ wellbeing and regularly benchmarks with other companies in our industry to offer an extensive Total Reward package for this position. Salary will be determined by the applicant's education, experience, knowledge, skills, and abilities, as well as internal equity and alignment with market data. Staff: Estimated annual base pay: $113,000 (minimum) - $147,000 (midpoint) - $181,000 (maximum) Senior Staff: Estimated annual base pay: $145,000 (minimum) - $181, 500 (midpoint) - $218,000 (maximum) All members included in annual cash bonus opportunity 401(k) match (4.5%) Annual Woodward stock contribution (5%) Tuition reimbursement and Training/Professional Development opportunities for all members 12 paid holidays, including floating holidays Industry leading medical, dental, and vision Insurance upon date of hire Vacation / Sick Time / Vacation Buy-up / Short Term Disability / Bereavement leave Paid parental leave Adoption Assistance Employee Assistance Program, including mental health benefits Member Life & AD&D / Long Term Disability / Member Optional Life Member referral bonus Spouse / Child Optional Life / Optional AD&D / Healthcare and Dependent Care Flexible Spending Voluntary benefits, including: Home / Auto Insurance discounts Whole Life Insurance / Critical Illness Insurance / Legal Assistance / Military Leave **Preferred Candidate Identified** Summary: The Staff/Senior Staff Mechanical Engineer reports to the Engineering Leader and is responsible for advancing Woodward’s hydraulic valve and actuation product development for Aerospace applications. This includes a variety of valve functions and technologies, leading design trade-off studies, analysis and testing to establish guidance for current and future product designs. The Senior Staff Engineer provides leadership in the areas of mechanical elements and fluids design, analysis tools and methods, materials selection and test methods. This role involves high level industry/Customer contact and industry awareness. The Senior Staff Engineer is viewed as an internal design authority and may be asked to provide technical oversight across multiple projects. Staff: Key Responsibilities: Project Leadership: Leads and manages complex mechanical engineering projects from initiation to completion, ensuring alignment with strategic goals and technical standards. Technical Advisory: Provides expert guidance to management on advanced mechanical engineering solutions and best practices to enhance product development and process efficiency. Process Improvement: Develops and implements innovative mechanical systems and methodologies to optimize operational efficiency and product quality. Problem Solving: Analyzes and resolves intricate engineering challenges by applying sophisticated analytical techniques and innovative thinking. Cross-Functional Collaboration: Partners with cross-disciplinary teams to integrate mechanical engineering solutions into broader organizational initiatives and projects. Key Skills: Mechanical Design: Expertise in designing and developing complex mechanical systems and components. Project Leadership: Proficient in leading cross-functional projects from inception to successful completion. Analytical Problem Solving: Skilled in using sophisticated analytical methods to resolve complex technical challenges. Technical Advisory: Provides expert guidance to leadership on advanced mechanical engineering initiatives. Cross-Functional Collaboration: Effectively collaborates with multiple teams across different disciplines to achieve project goals. Innovative Solution Development: Identifies and implements innovative engineering solutions to address business challenges. Process Improvement: Recommends and applies best practices to enhance engineering processes and services. Complex Systems Analysis: Capable of performing in-depth evaluations of intricate mechanical systems and data. Strategic Communication: Communicates complex technical concepts clearly and persuasively to diverse stakeholders. Advanced Technical Acumen: Demonstrates extensive technical knowledge and expertise in mechanical engineering principles. Senior Staff: Key Responsibilities: Plans, schedules and coordinates detailed phases of a major project or in a total project system of moderate scope. Promotes and implements process improvements company-wide. May write product standard design guidelines. Performs work which involves conventional engineering practices, but includes a variety of complex features, such as conflicting design requirements, non-standard materials and difficult coordination requirements. Provides direct support of sales and development by sharing information in the form of major/complex proposals and design reviews. Independently troubleshoots/analyzes system problems. Key Skills: Effective written and verbal communication skills including presentations, (Customer, internal and management). Writes and communicates critical reports. Leads complex design reviews, internally and Customer. Expert technical writing skills (procedures, reports, etc.) Competent complex problem solving/troubleshooting skills for both components and subsystems. Promotes a cross-functional project team environment, communicates with Customers and leads small teams. May participate in setting technical direction/product strategies. Provides technical problems-solving guidance to others. Working knowledge of standards and the ability to apply complex groupings of standards into designs. Ability to quickly learn, interpret and apply new standards. Competent use and application of FEA tools; solid use of DFSS tools and methodologies; solid knowledge of Engineering quality systems (PLC, Engineering change, configuration management); solid ability to compute steady state results. Significant contributor to the design of complex products/systems Complete understanding of component functions and testing requirements. Understands manufacturing processes, drawings and geometric tolerances as well as shop standards. May direct or lead several Engineers Ability to strategically prioritize based on business needs May have company-recognized expertise. May represent Woodward at conferences and industrial events. Demonstrates leadership skills; ability to drive results across organizational boundaries Other Qualifications: Staff: Bachelor’s degree in sciences (BS) in relevant field AND 10+ years experience Working knowledge of Aviation Development guidelines, including: ARP4754, ARP4761, DO-178, DO-254, etc. Experience using formal Requirements Management Tools (IBM DOORS, PTC Codebeamer, etc.) Experience supporting the creation of Safety Hazard Assessment (SHA), Failure Mode and Effects Analysis (FMEA), and Fault Tree Analysis (FTA) Senior Staff: Bachelor’s degree in sciences (BS) in relevant field AND 12+ years experience Working knowledge of Aviation Development guidelines, including: ARP4754, ARP4761, DO-178, DO-254, etc. Experience using formal Requirements Management Tools (IBM DOORS, PTC Codebeamer, etc.) Experience supporting the creation of Safety Hazard Assessment (SHA), Failure Mode and Effects Analysis (FMEA), and Fault Tree Analysis (FTA) Application window is anticipated to close 30 days from original posting date. This information is provided in compliance with the Colorado Equal Pay for Equal Work Act and is the company’s good faith and reasonable estimate of the compensation range and benefits offered for this position. The compensation offered to the successful applicant may vary based on factors including experience, skills, education, location, and other job-related reasons. This position requires use of information which is subject to the International Traffic in Arms Regulations (ITAR) and/or the Export Administration Regulations (EAR). All applicants must be U.S. Persons within the meaning of the ITAR and EAR, or eligible to obtain all required authorizations from the U.S. Department of State and/or the U.S. Department of Commerce. The ITAR defines a U.S. Person as a U.S. citizen or national, lawful permanent resident (i.e., 'Green Card holder'), or a protected person (e.g., asylee, or refugee). Woodward is an equal opportunity employer and does not discriminate in hiring or employment on the basis of race, color, religion, sex (including sexual orientation and gender identity), national origin, age, disability, protected veteran status, or any other category protected under federal, state, or local laws. #LI-HYBRID
#LI-AT1"
Woodward,"Engineering Manager, Test & Integration Lab",JR111644,"Niles, IL, US",United States of America,,onsite,Manager,us_person,unknown,unknown,workday,N/A,2026-06-13T02:52:31Z,https://woodward.wd5.myworkdayjobs.com/en-US/woodward/job/Niles-IL-US/Engineering-Manager--Test---Integration-Lab_JR111644,"Woodward is committed to creating a great workplace for all team members. Our company and its members are committed to acting with integrity, being respectful and accountable to one another, and staying humble and driven, while maintaining the highest professional and ethical standards. We are steadfastly committed to attracting the best talent across our communities creating a rewarding workplace. Together we are fulfilling our purpose to design and deliver energy control solutions our partners count on to power a clean future. Woodward supports our members’ wellbeing and regularly benchmarks with other companies in our industry to offer an extensive Total Reward package for this position. Salary will be determined by the applicant's education, experience, knowledge, skills, and abilities, as well as internal equity and alignment with market data. Manager I: Estimated annual base pay: $113,000 (Minimum) - $147,000 (Midpoint) - $181,000 (Maximum) Senior Manager: Estimated annual base pay: $145,000 (Minimum) - $181,000 (Midpoint) - $218,000 (Maximum) All members included in annual cash bonus opportunity. 401(k) match (4.5%) Annual Woodward stock contribution (5%) Tuition reimbursement and Training/Professional Development opportunities for all members 12 paid holidays, including floating holidays. Industry leading medical, dental, and vision Insurance upon date of hire Vacation / Sick Time / Vacation Buy-up / Short Term Disability / Bereavement leave. Paid parental leave. Adoption Assistance Employee Assistance Program, including mental health benefits. Member Life & AD&D / Long Term Disability / Member Optional Life Member referral bonus Spouse / Child Optional Life / Optional AD&D / Healthcare and Dependent Care Flexible Spending Voluntary benefits, including: Home / Auto Insurance discounts Whole Life Insurance / Critical Illness Insurance / Legal Assistance / Military Leave Summary: We have an exciting opportunity as Engineering Manager, Integration & Test Lab in Niles, Il in the Electromagnetic Systems Business part of the Aerospace Group. This newly created role will help define new lab space, test equipment, process and policies for the Engineering Test & Integration Lab. The selected candidate will play a key role in determining how test & integration activities support both the Technology and Product Development team members executing critical component, sub-system and full system testing. Manager I: Key Responsibilities: Drive Continuous Improvement: Implement and support systemic and process improvements to enhance product development velocity, ensure robust design culture, and pursue better ways of working through learning, adapting, and driving measurable progress. Help define and implement a new Engineering Test and Integration Lab facility as well as hire team members who will partner with Systems and Product engineers Go and See Leadership: Actively engage with teams by showing up where the work happens, listening deeply, and understanding team needs to provide effective support. Coach and Mentor Staff: Build trust, empower team members, and provide feedback to grow individuals to their full potential while maintaining a highly skilled and adaptable team using talent management systems, training matrices, and performance reviews. Develop and Maintain Test and Integration Process: Create, maintain, and improve standards to ensure high-quality, compliant subsystem and systems tests while leveraging lessons learned to enhance future products and test procedures. Budget and Resource Management: Develop and manage budgets to align with profit planning activities, assign resources effectively to meet business needs, and achieve the company’s profitability objectives. Key Skills: Leadership and People Management: Strong leadership and motivational skills to coach, mentor, and empower individuals while fostering collaboration and teamwork. Adaptability and Learning Agility: Ability to adapt to changing environments, maintain a customer-focused mindset, and learn quickly to address emerging challenges. Technical Expertise: Proficiency in engineering test and integration system testing in aerospace or similarly complex products. Continuous Improvement Knowledge: Expertise in Design for Six Sigma, lean product development, waste elimination, and structured problem-solving methods. Communication and Presentation Skills: Excellent written and verbal communication skills, with the ability to present ideas clearly and effectively. Strategic Thinking: Ability to align technical direction with corporate strategic goals, execute effectively, and drive meaningful progress. Risk Management: Superb skills in identifying, analyzing, and mitigating risks to ensure robust product designs. Training and Development: Skilled in creating training programs and maintaining training matrices to upskill staff to meet organizational needs. Financial Analysis and Budgeting: Strong understanding of financial analysis tools and the ability to manage budgets effectively to meet objectives. Other Qualifications: Aken - Certified Technician/ Bachelor Senior Manager: Key Responsibilities: Drive Continuous Improvement: Work with leaders and senior engineers to implement and support systemic and process improvements to enhance development testing and integration velocity and pursue better ways of working through learning, adapting, and driving measurable progress. Go and See Leadership: Actively engage with teams by showing up where the work happens, listening deeply, and understanding team needs to provide effective support. Coach and Mentor Staff Leaders and Senior Engineers: Build trust, empower team members, and provide feedback to grow individuals to their full potential while maintaining a highly skilled and adaptable team using talent management systems, training matrices, and performance reviews. Develop and Maintain Test and Integration Process: Create, maintain, and improve standards to ensure high-quality, compliant subsystem and systems tests while leveraging lessons learned to enhance future products and test procedures. Develop and Maintain Test Standards: Create, maintain, and improve development testing & integration standards to ensure high-quality, compliant test methods while leveraging lessons learned to enhance future test methods. Budget and Resource Management: Develop and manage budgets to align with profit planning activities, assign resources effectively to meet business needs, and achieve the company’s profitability objectives. Key Skills: Leadership and People Management: Strong leadership and motivational skills to coach, mentor, and empower leaders and senior engineers while fostering collaboration and teamwork. Adaptability and Learning Agility: Ability to adapt to changing environments, maintain a customer-focused mindset, and learn quickly to address emerging challenges. Technical Expertise: Proficiency in engineering test and integration system testing in aerospace or similarly complex products. Technical Expertise: Significant experience formulating test plans for component level, subsystem level and system level testing, typically based on engineering ICDs, system requirement documentation and program requirements; and ensuring documentation meets various compliance, reporting, and safety standards. Continuous Improvement Knowledge: Expertise in Design for Six Sigma, lean product development, waste elimination, and structured problem-solving methods. Communication and Presentation Skills: Excellent written and verbal communication skills, with the ability to present ideas clearly and effectively. Strategic Thinking: Ability to align technical direction with corporate strategic goals, execute effectively, and drive meaningful progress. Training and Development: Skilled in creating training programs and maintaining training matrices to upskill staff to meet organizational needs. Financial Analysis and Budgeting: Strong understanding of financial analysis tools and the ability to manage budgets effectively to meet objectives. Other Qualifications: Aken - Certified Technician/ Bachelor This position requires use of information which is subject to the International Traffic in Arms Regulations (ITAR) and/or the Export Administration Regulations (EAR). All applicants must be U.S. Persons within the meaning of the ITAR and EAR, or eligible to obtain all required authorizations from the U.S. Department of State and/or the U.S. Department of Commerce. The ITAR defines a U.S. Person as a U.S. citizen or national, lawful permanent resident (i.e., 'Green Card holder'), or a protected person (e.g., asylee, or refugee). Woodward is an equal opportunity employer and does not discriminate in hiring or employment on the basis of race, color, religion, sex (including sexual orientation and gender identity), national origin, age, disability, protected veteran status, or any other category protected under federal, state, or local laws. #LI-AT1"
Woodward,"Assembly and Test Associate 1 (2nd Shift, M-F 2PM- 10PM)",JR111801,"Zeeland, MI, US",United States of America,,onsite,Junior,us_person,unknown,unknown,workday,N/A,2026-06-13T02:52:35Z,https://woodward.wd5.myworkdayjobs.com/en-US/woodward/job/Zeeland-MI-US/Assembly-and-Test-Associate-1--2nd-Shift--M-F-2PM--10PM-_JR111801,"Woodward is committed to creating a great workplace for all team members. Our company and its members are committed to acting with integrity, being respectful and accountable to one another, and staying humble and driven, while maintaining the highest professional and ethical standards. We are steadfastly committed to attracting the best talent across our communities creating a rewarding workplace. Together we are fulfilling our purpose to design and deliver energy control solutions our partners count on to power a clean future. Woodward supports our members’ wellbeing and regularly benchmarks with other companies in our industry to offer an extensive Total Reward package for this position. Salary will be determined by the applicant's education, experience, knowledge, skills, and abilities, as well as internal equity and alignment with market data. Estimated hourly base pay: $22.55 after a 10% shift premium Hours: 2nd Shift, Monday through Friday, 2:00 PM to 10:00 PM Training Hours: 7:30 AM- 3:30 PM (1st Week Only) All Levels are eligible for the benefits below: All members included in annual cash bonus opportunity. 401(k) match (4.5%) Annual Woodward stock contribution (5%) Tuition reimbursement and Training/Professional Development opportunities for all members 12 paid holidays, including floating holidays. Industry leading medical, dental, and vision Insurance upon date of hire Vacation / Sick Time / Vacation Buy-up / Short Term Disability / Bereavement leave. Paid parental leave. Adoption Assistance Employee Assistance Program, including mental health benefits. Member Life & AD&D / Long Term Disability / Member Optional Life Member referral bonus Spouse / Child Optional Life / Optional AD&D / Healthcare and Dependent Care Flexible Spending Voluntary benefits, including: Home / Auto Insurance discounts Whole Life Insurance / Critical Illness Insurance / Legal Assistance / Military Leave Are you ready to make your mark? If you’re an Assembly and Test Associate 1, we have an exciting opportunity for you. This role involves assembling and testing products according to documented procedures, ensuring quality through inspections, and maintaining a clean and organized workspace. Safety and adherence to protocols are prioritized. Key qualities sought include technical proficiency, critical thinking, mechanical aptitude, effective team communication, time management, lean practices, attention to detail, and collaboration. Candidates should follow standardized work, participate in continuous improvement, and use basic computer tools to support tasks efficiently. What You Will Be Doing: Assemble Product: Follows documented procedures to accurately and efficiently assemble product components using specified tools and equipment. Test Product: Follows documented procedures to accurately and efficiently test product using specified tools and equipment, Quality: Conducts inspections and tests to verify the accuracy and functionality of products and records and maintains data per operating standards. Organization & Cleanliness: Adheres to 5S principles by keeping workstations clean, organized, and free of unnecessary items. Follows established guidelines to ensure tools, materials, and equipment are properly stored and maintained. Safety Mindset: Adheres to all established safety protocols, procedures, and regulatory requirements; maintains mindfulness of self and surrounding work area to promote a safe working environment. What We Are Looking For: Technical Capability: Understands and follows basic technical instructions and standard operating procedures (SOPs). Critical Thinking: Identifies gap-to-standard and resolves or escalates them per standard processes/procedures. Mechanical Aptitude: Demonstrates basic understanding of mechanical systems and components. Uses hand tools and basic equipment safely and effectively. Can assemble and test products and may perform basic setups of equipment. Team Communication: Communicates effectively with team members and supervisors to support workflow and escalate immediate issues. Adherence to Woodward's Core Values. Time Management: Effectively manages time to complete assigned tasks within established schedules. Adheres to individual schedule. Lean Mindset: Follows lean practices such as 5S and waste reduction. Participates in continuous improvement activities. Production Systems: Understands and adheres to standardized work and escalates when cannot be followed. Actively participates in the daily management system. Computer Skills: Uses basic software (e.g., email, spreadsheets, data entry tools) to complete tasks. Attention to Detail: Ensures precision in tasks to maintain high quality standards. Follows instructions precisely and checks work for accuracy. Collaboration: Works cooperatively with team members to support overall team objectives and workflow. Works well with team members and accepts feedback. Successful candidates typically have: High School Diploma, or GED Equivalent 1+ years of Mechanical Aptitude This position requires use of information which is subject to the International Traffic in Arms Regulations (ITAR) and/or the Export Administration Regulations (EAR). All applicants must be U.S. Persons within the meaning of the ITAR and EAR, or eligible to obtain all required authorizations from the U.S. Department of State and/or the U.S. Department of Commerce. The ITAR defines a U.S. Person as a U.S. citizen or national, lawful permanent resident (i.e., 'Green Card holder'), or a protected person (e.g., asylee, or refugee). Woodward is an Equal Opportunity Employer and does not discriminate in hiring or employment on the basis of race, color, religion, sex (including sexual orientation and gender identity), national origin, age, disability, protected veteran status, or any other category protected under federal, state, or local laws."
Woodward,Operations Supervisor- 1st Shift,JR111098,"Niles, IL, US",United States of America,,onsite,Mid,us_person,unknown,unknown,workday,N/A,2026-06-13T02:52:39Z,https://woodward.wd5.myworkdayjobs.com/en-US/woodward/job/Niles-IL-US/Operations-Supervisor--1st-Shift_JR111098-1,"Woodward is committed to creating a great workplace for all team members. Our company and its members are committed to acting with integrity, being respectful and accountable to one another, and staying humble and driven, while maintaining the highest professional and ethical standards. We are steadfastly committed to attracting the best talent across our communities creating a rewarding workplace. Together we are fulfilling our purpose to design and deliver energy control solutions our partners count on to power a clean future. Woodward supports our members’ wellbeing and regularly benchmarks with other companies in our industry to offer an extensive Total Reward package for this position. Salary will be determined by the applicant's education, experience, knowledge, skills, and abilities, as well as internal equity and alignment with market data. Operations Supervisor – 1st Shift Estimated annual base pay: $85,000.00 (minimum) - $110,000.00 (midpoint) - $136,000.00 (maximum)
All members included in annual cash bonus opportunity. 401(k) match (4.5%)
Annual Woodward stock contribution (5%)
Tuition reimbursement and Training/Professional Development opportunities for all members 12 paid holidays, including floating holidays. Industry leading medical, dental, and vision Insurance upon date of hire
Vacation / Sick Time / Vacation Buy-up / Short Term Disability / Bereavement leave. Paid parental leave.
Adoption Assistance Employee Assistance Program, including mental health benefits. Member Life & AD&D / Long Term Disability / Member Optional Life Member referral bonus Spouse / Child Optional Life / Optional AD&D / Healthcare and Dependent Care Flexible Spending Voluntary benefits, including: Home / Auto Insurance discounts Whole Life Insurance / Critical Illness Insurance / Legal Assistance / Military Leave Key Responsibilities: Team Supervision: Provide direct support to front line team members in meeting their daily production targets to ensure customer expectations are met.
Resource Management: Allocates and coordinates resources effectively to meet operational objectives.
Performance Management: Conducts performance evaluations, provides feedback, manages member development, recognition and ensures accountability and policy adherence.
Problem Solving: Identifies and resolves day-to-day technical and operational issues and coaching and mentoring team's problem-solving capabilities.
Process Improvement: Collaborates with key stakeholders to enhance operational efficiency and effectiveness to improve the production system and meet customer demand. Key Skills: Leadership: The ability to guide, motivate, and inspire teams to achieve goals while fostering collaboration, accountability, and a positive work environment.
Critical Thinking, Problem Solving: The ability to analyze situations, evaluate options, and develop effective solutions using logic, creativity, and sound judgment.
Operational Management: The ability to oversee daily operations, optimize processes, allocate resources effectively, and ensure productivity while meeting organizational goals and maintaining quality standards. Adjusts resources and priorities based on capacity, material availability, and customer demand.
Team Communication: Sets example and models excellent communication skills with internal stakeholders, support teams, and with own team
Time Management: Ability to identify critical tasks and allocate time and resources accordingly. Balances urgent production needs with short-term improvement initiatives. Consistently meets production and delivery targets. Manages competing priorities without compromising quality or safety.
Lean Mindset: Follows lean practices such as 5S and waste reduction. Participates and support continuous improvement activities.
Ability to effectively leads the team through 5S, Visual Management, standardized work, and Daily Management System.
Computer Skills: Strong skills in Excel, Power BI, or Tableau for operational reporting. Ability to analyze production data to identify trends, bottlenecks, and improvement opportunities. Proficiency in Enterprise Resource Planning (ERP) systems like SAP. Basic understanding of Material Requirements Planning (MRP) for inventory and production scheduling
Emotional Intelligence: The ability to recognize, understand, and manage your own emotions while effectively perceiving and responding to the emotions of others. This includes skills such as empathy, self-awareness, emotional regulation, social awareness, and relationship management to foster positive interactions and resolve challenges constructively.
Emotional Intelligence: The ability to recognize, understand, and manage your own emotions while effectively perceiving and responding to the emotions of others. This includes skills such as empathy, self-awareness, emotional regulation, social awareness, and relationship management to foster positive interactions and resolve challenges constructively. This position requires use of information which is subject to the International Traffic in Arms Regulations (ITAR) and/or the Export Administration Regulations (EAR). All applicants must be U.S. Persons within the meaning of the ITAR and EAR, or eligible to obtain all required authorizations from the U.S. Department of State and/or the U.S. Department of Commerce. The ITAR defines a U.S. Person as a U.S. citizen or national, lawful permanent resident (i.e., 'Green Card holder'), or a protected person (e.g., asylee, or refugee). Woodward is an equal opportunity employer and does not discriminate in hiring or employment on the basis of race, color, religion, sex (including sexual orientation and gender identity), national origin, age, disability, protected veteran status, or any other category protected under federal, state, or local laws."
Woodward,Project Coordinator,JR111630,2 Locations,United States of America,,onsite,Mid,us_person,unknown,unknown,workday,N/A,2026-06-13T02:52:43Z,https://woodward.wd5.myworkdayjobs.com/en-US/woodward/job/Rockford---Rock-Cut-Campus-RCC/Project-Coordinator_JR111630-1,"Woodward is committed to creating a great workplace for all team members. Our company and its members are committed to acting with integrity, being respectful and accountable to one another, and staying humble and driven, while maintaining the highest professional and ethical standards. We are steadfastly committed to attracting the best talent across our communities creating a rewarding workplace. Together we are fulfilling our purpose to design and deliver energy control solutions our partners count on to power a clean future. Woodward supports our members’ wellbeing and regularly benchmarks with other companies in our industry to offer an extensive Total Reward package for this position. Salary will be determined by the applicant's education, experience, knowledge, skills, and abilities, as well as internal equity and alignment with market data. Project Coordinator II: Estimated annual base pay: $56,000(minimum) - $73,000(midpoint) - $90,000(maximum) Sr. Project Coordinator: Estimated annual base pay: $67,000(minimum) - $87,000(midpoint) - $107,000(maximum) All levels are eligible for the benefits below: All members included in annual cash bonus opportunity. 401(k) match (4.5%)
Annual Woodward stock contribution (5%)
Tuition reimbursement and Training/Professional Development opportunities for all members 12 paid holidays, including floating holidays. Industry leading medical, dental, and vision Insurance upon date of hire
Vacation / Sick Time / Vacation Buy-up / Short Term Disability / Bereavement leave. Paid parental leave.
Adoption Assistance Employee Assistance Program, including mental health benefits. Member Life & AD&D / Long Term Disability / Member Optional Life Member referral bonus Spouse / Child Optional Life / Optional AD&D / Healthcare and Dependent Care Flexible Spending Voluntary benefits, including: Home / Auto Insurance discounts Whole Life Insurance / Critical Illness Insurance / Legal Assistance / Military Leave Project Coordinator II: Key Responsibilities: Project Actions: Assist with projects. Facilitate project issues including with suppliers and customers.
Product Actions: Coordinate all product builds (i.e., Hardware, Software, etc.).
Project Artifacts: Manage and track project artifacts (schedule, budget, risks, etc.) at discretion of Project/Program Manager.
Project Governance: Participate in project meetings.
Project Life Cycle: Assist with gate and project deliverables. Key Skills: Organization: Demonstrated ability to effectively manage schedules, tasks, and documentation to ensure project operations run smoothly. Keeps track of deadlines, deliverables, and dependencies across the project lifecycle. Organizes meetings, resources, and workflows efficiently.
Time Management: Supports the project manager in developing and maintaining schedules. Prioritizes tasks based on urgency and importance. Ensures deadlines are met and dependencies are managed effectively.
Communication: Facilitates clear and effective communication between team members, stakeholders, and project/program managers. Provides regular updates on project progress, issues, and milestones. Drafts reports, meeting minutes, and project documentation.
Stakeholder Engagement: Communicates stakeholder feedback to the project manager and team. Addresses stakeholder inquiries and concerns promptly (reactive). Assists in aligning stakeholder priorities with project deliverables.
Risk Management: Supports risk identification and mitigation efforts.
Problem-Solving and Critical Thinking: Identifies and resolves issues that arise during project execution. Escalates problems to the project manager while offering potential solutions. Supports risk identification and mitigation efforts.
Documentation and Reporting: Prepares project status reports, dashboards, and summaries for stakeholders. Maintains up-to-date records of project activities, budgets, and progress. Documents lessons learned and project outcomes for future reference.
Collaboration and Teamwork: Works closely with project managers, team members, and stakeholders to facilitate project execution. Fosters a collaborative environment where team members can contribute effectively. Coordinates cross-functional teams and ensures alignment on tasks and objectives.
Adaptability and Flexibility: Demonstrated ability to adjust schedules or plans in response to changes based on direction from the Project/Program Manager. Supports the team in adapting to new processes or tools. Remains calm and resourceful during unexpected challenges.
Technical Proficiency: Demonstrated competency in using project management tools like Planisware or Jira. Tracks project metrics and reporting progress to the project manager. Strong competency in using ERP and planning tools to track and manage parts required for project execution. Sr. Project Coordinator: Key Responsibilities: Project Actions: Assist with projects. Facilitate project issues including with suppliers and customers.
Product Actions: Coordinate all product builds (i.e., Hardware, Software, etc.).
Project Artifacts: Manage and track project artifacts (schedule, budget, risks, etc.) at discretion of Project/Program Manager.
Project Governance: Participate in project meetings.
Project Life Cycle: Assist with gate and project deliverables. Key Skills: Organization: With minimal oversight, manages and potentially creates schedules, tasks, and documentation to ensure project operations run smoothly. Keeps track of deadlines, deliverables, and dependencies across the project lifecycle.
Organizes meetings, resources, and workflows efficiently.
Time Management: Supports the project manager in developing and maintaining schedules. Prioritize tasks based on urgency and importance. Ensuring deadlines are met and dependencies are managed effectively.
Communication: Facilitates clear and effective communication between team members, stakeholders, and project/program managers. Provides regular updates on project progress, issues, and milestones. Drafts reports, meeting minutes, and project documentation.
Stakeholder Engagement: Communicates stakeholder feedback to the project manager and team. Anticipates and addresses stakeholder inquiries and concerns promptly (proactive).
Assists in aligning stakeholder priorities with project deliverables.
Risk Management: Supports risk identification and mitigation efforts.
Problem-Solving and Critical Thinking: Identifies and resolves issues that arise during project execution. Escalates complex problems to the project manager while offering potential solutions. Supports and may facilitate risk identification and mitigation efforts.
Documentation and Reporting: Prepares project status reports, dashboards, and summaries for stakeholders. Maintains up-to-date records of project activities, budgets, and progress. Documents lessons learned and project outcomes for future reference.
Collaboration and Teamwork: Works closely with project managers, team members, and stakeholders to facilitate project execution. Fosters a collaborative environment where team members can contribute effectively. Coordinates cross-functional teams and ensures alignment on tasks and objectives.
Adaptability and Flexibility: Adjust schedules or plans in response to changes. Supports the team in adapting to new processes or tools. Remains calm and resourceful during unexpected challenges.
Technical Proficiency: Strong competency in using project management tools like Planisware or Jira. Tracks project metrics and reporting progress to the project manager. Strong competency in using ERP and planning tools to track and manage parts required for project execution This position requires use of information which is subject to the International Traffic in Arms Regulations (ITAR) and/or the Export Administration Regulations (EAR). All applicants must be U.S. Persons within the meaning of the ITAR and EAR, or eligible to obtain all required authorizations from the U.S. Department of State and/or the U.S. Department of Commerce. The ITAR defines a U.S. Person as a U.S. citizen or national, lawful permanent resident (i.e., 'Green Card holder'), or a protected person (e.g., asylee, or refugee). Woodward is an equal opportunity employer and does not discriminate in hiring or employment on the basis of race, color, religion, sex (including sexual orientation and gender identity), national origin, age, disability, protected veteran status, or any other category protected under federal, state, or local laws."
Woodward,Machinist (2nd shift),JR111791,Rockford - Loves Park Campus (LPC),United States of America,$21.15 - $27.40; $24.04 - $31.25,onsite,Mid,us_person,unknown,unknown,workday,N/A,2026-06-13T02:52:47Z,https://woodward.wd5.myworkdayjobs.com/en-US/woodward/job/Rockford---Loves-Park-Campus-LPC/Machinist--2nd-shift-_JR111791-1,"Woodward is committed to creating a great workplace for all team members. Our company and its members are committed to acting with integrity, being respectful and accountable to one another, and staying humble and driven, while maintaining the highest professional and ethical standards. We are steadfastly committed to attracting the best talent across our communities creating a rewarding workplace. Together we are fulfilling our purpose to design and deliver energy control solutions our partners count on to power a clean future. Woodward supports our members’ wellbeing and regularly benchmarks with other companies in our industry to offer an extensive Total Reward package for this position. Salary will be determined by the applicant's education, experience, knowledge, skills, and abilities, as well as internal equity and alignment with market data. Level 1: Estimated base pay $21.15 - $27.40 Plus shift differential and overtime Level 2: Estimated base pay $24.04 - $31.25 Plus shift differential and overtime All Levels are eligible for the benefits below: All members included in annual cash bonus opportunity. 401(k) match (4.5%) Annual Woodward stock contribution (5%) Tuition reimbursement and Training/Professional Development opportunities for all members 12 paid holidays, including floating holidays. Industry leading medical, dental, and vision Insurance upon date of hire Vacation / Sick Time / Vacation Buy-up / Short Term Disability / Bereavement leave. Paid parental leave. Adoption Assistance Employee Assistance Program, including mental health benefits. Member Life & AD&D / Long Term Disability / Member Optional Life Member referral bonus Spouse / Child Optional Life / Optional AD&D / Healthcare and Dependent Care Flexible Spending Voluntary benefits, including: Home / Auto Insurance discounts Whole Life Insurance / Critical Illness Insurance / Legal Assistance / Military Leave Are you ready to make your mark?! If you have experience in Machining and are looking to join a great organization, we have an exciting opportunity for you! Woodward in Loves Park, IL is hiring for a 2nd shift (M-Th 3:24pm-1:54am) Operations Technician to support our Machine Operations at our Loves Park Campus. Mandatory training for the first 2 weeks: Monday-Friday 7am-3:30pm Training starting week 3: May take place on 1st shift, M-F 7am-3:30pm or on normal 2nd shift schedule Key Responsibilities: Machine Operation:
-Performs basic Set up and operates multiple CNC or Manual (Lathes/Milling/Swiss/Grinding-OD/ID) machines, and other machinery to produce precision metal parts according to specifications.
-Performs supporting operations (ex. manual material removal, sub-assembly, etc.) while following established procedures.
-Performs 1st piece inspections and may be required to train in these processes. Process Adherence: Follows detailed work instructions to maintain production efficiency and accuracy. Ability to interpret engineering blueprints and basic GD&T knowledge. Quality Control: Uses various gages to inspect finished products to ensure compliance with quality standards. Records and maintains data per operating standards (SOP). Organization & Cleanliness: Proactively applies 5S principles, identifies opportunities to improve workstation organization and cleanliness, and ensures compliance with team standards. Assists in implementing new organizational practices as directed. Safety Mindset: Encourages adherence to safety protocols within the team Key Skills: Technical Operation: Skilled in operating multiple CNC or Manual machining equipment such as Lathes, Mills, Swiss, and OD/ID Grinders. Proficient in supporting operations. Critical Thinking: Identifies gap-to-standard and resolves or escalates them per standard processes/procedures. Analyzes problems, proposes solutions, and implements corrective actions with minimal supervision. Mechanical Aptitude: Solid understanding of mechanical systems and components. Ability to use inspection gaging and hand/power tools. Team Communication: Communicates effectively with team members and supervisors to support workflow and escalate immediate issues. Demonstrates Woodward's Core Values. Time Management: Proactively prioritizes time to complete assigned tasks within established schedules. Drives to maintain efficiency standards. Lean Mindset: Follows lean practices such as 5S and waste reduction. Participates in continuous improvement activities. Identifies inefficiencies and suggests improvements. Production Systems: Understands and adheres standardized work and escalates when it cannot be followed. Actively participates the daily management system. Computer Skills: Uses basic software (e.g., email, spreadsheets, data entry tools) to complete tasks. Attention to Detail: Ensures precision in tasks to maintain high quality standards. Follows instructions precisely and checks work for accuracy. Collaboration: Works cooperatively with team members to support overall team objectives and workflow. Works well with team members and accepts feedback. Collaborates across teams, shares knowledge, and supports team goals. Additional Information: Moderate physical activity requiring agility and dexterity, including walking, standing, or bending; and lifting or moving objects. Work is performed in an area with moderate risk or discomfort that may require special safety precautions, such as wearing protective clothing or gear. May be required to pass Near Vision and/or Color Vision examinations. Successful Candidates Typically Have: Level I: Basic Mechanical aptitude Basic computer skills (email, data entry, etc.) 2+ years of machining experience Knowledge and ability to read and interpret blueprints This position requires use of information which is subject to the International Traffic in Arms Regulations (ITAR) and/or the Export Administration Regulations (EAR). All applicants must be U.S. Persons within the meaning of the ITAR and EAR, or eligible to obtain all required authorizations from the U.S. Department of State and/or the U.S. Department of Commerce. The ITAR defines a U.S. Person as a U.S. citizen or national, lawful permanent resident (i.e., 'Green Card holder'), or a protected person (e.g., asylee, or refugee). Woodward is an equal opportunity employer and does not discriminate in hiring or employment on the basis of race, color, religion, sex (including sexual orientation and gender identity), national origin, age, disability, protected veteran status, or any other category protected under federal, state, or local laws."
Woodward,Supplier Relationship Manager II or III,JR111209,Fort Collins - Drake Campus,United States of America,,onsite,Manager,us_person,unknown,unknown,workday,N/A,2026-06-13T02:52:51Z,https://woodward.wd5.myworkdayjobs.com/en-US/woodward/job/Fort-Collins---Drake-Campus/Supplier-Relationship-Manager-II-or-III_JR111209,"Woodward is committed to creating a great workplace for all team members. Our company and its members are committed to acting with integrity, being respectful and accountable to one another, and staying humble and driven, while maintaining the highest professional and ethical standards. We are steadfastly committed to attracting the best talent across our communities creating a rewarding workplace. Together we are fulfilling our purpose to design and deliver energy control solutions our partners count on to power a clean future. Woodward supports our members’ wellbeing and regularly benchmarks with other companies in our industry to offer an extensive Total Reward package for this position. Salary will be determined by the applicant's education, experience, knowledge, skills, and abilities, as well as internal equity and alignment with market data. Supplier Relationship Manager II or III LEVEL II Estimated annual base pay: $85,000 (minimum) - $110,000 (midpoint) - $136,000 (maximum) LEVEL III Estimated annual base pay: $105,000 (minimum) - $136,000 (midpoint) - $168,000 (maximum) All Levels are eligible for the benefits below: All members included in annual cash bonus opportunity. 401(k) match (4.5%)
Annual Woodward stock contribution (5%)
Tuition reimbursement and Training/Professional Development opportunities for all members 12 paid holidays, including floating holidays. Industry leading medical, dental, and vision Insurance upon date of hire
Vacation / Sick Time / Vacation Buy-up / Short Term Disability / Bereavement leave. Paid parental leave.
Adoption Assistance Employee Assistance Program, including mental health benefits. Member Life & AD&D / Long Term Disability / Member Optional Life Member referral bonus Spouse / Child Optional Life / Optional AD&D / Healthcare and Dependent Care Flexible Spending Voluntary benefits, including: Home / Auto Insurance discounts Whole Life Insurance / Critical Illness Insurance / Legal Assistance / Military Leave LEVEL II Key Responsibilities: Supplier Performance Management: Monitor and evaluate supplier performance against agreed upon metrics to ensure quality and service standards are consistently met.
Relationship Development: Foster strong, collaborative relationships with key suppliers to enhance cooperation and drive mutual business growth.
Issue Resolution: Proactively address and resolve any conflicts or issues that arise with suppliers to maintain smooth operational workflows.
Strategic Sourcing Initiatives: Collaborate with cross functional teams to develop and implement strategic sourcing strategies that align with organizational goals.
Communication Skills: Internal communication and presentations up to and including executive level reviews pertaining to supplier relationship strategy, performance and issue resolution. Key Skills: Communication & Influence: Proactively synthesizes and shares information with stakeholders. Persuades others with logical, data-driven arguments.
Negotiation: Uses some negotiation tactics; able to assist in negotiations. Understands appropriate targets and outcomes for negotiation; uses information to tailor approach. Uses leverage besides cost savings in negotiations.
Analytical Thinking: Understands different sources of information and can distill information to share with stakeholders in a digestible way. Able to root cause information that is verifiable and correct.
Project Management: Leads a project from initiation to close. Manages team members and deadlines.
Performance Management: Monitors supplier performance and continues to build relationships with suppliers. Benchmarks suppliers.
Problem Solving: Finds appropriate solutions to problems or knows who to reach out to for help. Able to root cause for problem identification.
Executive Presence: Communicates and presents effectively; manages relevant stakeholders across levels of seniority. Data Analysis: Able to analyze relevant data and choose the appropriate visualization. Selects appropriate data to support business cases or insights.
Compliance & Risk Management: Monitors risk appropriately, shares some risk mitigation strategies with colleagues.
Value Orientation: Builds end-to-end value thinking. Manages projects and goals with little assistance. Establishes performance standards and measurements for work. Delivers on value proposition. Successful candidates typically have: Manages supplier performance and resolves routine issues with some support.
Communicates well with suppliers and internal teams, including basic presentations.
Uses data, negotiation, and project skills to complete assigned work. LEVEL III Key Responsibilities: Supplier Performance Management: Monitor and evaluate supplier performance against agreed upon metrics to ensure quality and service standards are consistently met.
Relationship Development: Foster strong, collaborative relationships with key suppliers to enhance cooperation and drive mutual business growth.
Issue Resolution: Proactively address and resolve any conflicts or issues that arise with suppliers to maintain smooth operational workflows.
Strategic Sourcing Initiatives: Collaborate with cross functional teams to develop and implement strategic sourcing strategies that align with organizational goals.
Communication Skills: Internal communication and presentations up to and including executive level reviews pertaining to supplier relationship strategy, performance and issue resolution. Key Skills: Communication & Influence: Proactively synthesizes and shares information with stakeholders. Persuades others with logical, data-driven arguments.
Negotiation: Uses some negotiation tactics; able to assist in negotiations. Understands appropriate targets and outcomes for negotiation; uses information to tailor approach. Uses leverage besides cost savings in negotiations.
Analytical Thinking: Understands different sources of information and can distill information to share with stakeholders in a digestible way. Able to root cause information that is verifiable and correct.
Project Management: Leads a project from initiation to close. Manages team members and deadlines.
Performance Management: Monitors supplier performance and continues to build relationships with suppliers. Benchmarks suppliers.
Problem Solving: Finds appropriate solutions to problems or knows who to reach out to for help. Able to root cause for problem identification.
Executive Presence: Communicates and presents effectively; manages relevant stakeholders across levels of seniority. Data Analysis: Able to analyze relevant data and choose the appropriate visualization. Selects appropriate data to support business cases or insights.
Compliance & Risk Management: Monitors risk appropriately, shares some risk mitigation strategies with colleagues.
Value Orientation: Builds end-to-end value thinking. Manages projects and goals with little assistance. Establishes performance standards and measurements for work. Delivers on value proposition. Successful candidates typically have: Owns supplier performance and issue resolution for more important or complex suppliers.
Leads cross-functional work and influences stakeholders, including executives.
Uses stronger judgment in negotiation, analysis, and risk management to drive better results. Application window is anticipated to close 7 days from original posting date. This information is provided in compliance with the Colorado Equal Pay for Equal Work Act and is the company’s good faith and reasonable estimate of the compensation range and benefits offered for this position. The compensation offered to the successful applicant may vary based on factors including experience, skills, education, location, and other job-related reasons. This position requires use of information which is subject to the International Traffic in Arms Regulations (ITAR) and/or the Export Administration Regulations (EAR). All applicants must be U.S. Persons within the meaning of the ITAR and EAR, or eligible to obtain all required authorizations from the U.S. Department of State and/or the U.S. Department of Commerce. The ITAR defines a U.S. Person as a U.S. citizen or national, lawful permanent resident (i.e., 'Green Card holder'), or a protected person (e.g., asylee, or refugee). Woodward is an equal opportunity employer and does not discriminate in hiring or employment on the basis of race, color, religion, sex (including sexual orientation and gender identity), national origin, age, disability, protected veteran status, or any other category protected under federal, state, or local laws."
Woodward,Engineer 2 or 3 Applications - Military Marine,JR111694,2 Locations,United States of America,,onsite,Mid,us_person,unknown,unknown,workday,N/A,2026-06-13T02:52:55Z,https://woodward.wd5.myworkdayjobs.com/en-US/woodward/job/Windsor-CO-US/Engineer-2-or-3-Applications---Military-Marine_JR111694,"Woodward is committed to creating a great workplace for all team members. Our company and its members are committed to acting with integrity, being respectful and accountable to one another, and staying humble and driven, while maintaining the highest professional and ethical standards. We are steadfastly committed to attracting the best talent across our communities, creating a rewarding workplace. Together we are fulfilling our purpose to design and deliver energy control solutions our partners count on to power a clean future. Woodward supports our members’ wellbeing and regularly benchmarks with other companies in our industry to offer an extensive Total Reward package for this position. Salary will be determined by the applicant's education, experience, knowledge, skills, and abilities, as well as internal equity and alignment with market data. Preferred Candidate Identified Application Engineer II Estimated annual base pay: $77,000 (min) - $100,000 (mid) - $123,000 (max) Application Engineer III (Senior) Estimated annual base pay: $93,000 (min) - $121,000 (mid) - $149,000 (max) All levels participate in the following: All members included in annual cash bonus opportunity. 401(k) match (4.5%)
Annual Woodward stock contribution (5%)
Tuition reimbursement and Training/Professional Development opportunities for all members 12 paid holidays, including floating holidays. Industry leading medical, dental, and vision Insurance upon date of hire
Vacation / Sick Time / Vacation Buy-up / Short Term Disability / Bereavement leave. Paid parental leave.
Adoption Assistance Employee Assistance Program, including mental health benefits. Member Life & AD&D / Long Term Disability / Member Optional Life Member referral bonus Spouse / Child Optional Life / Optional AD&D / Healthcare and Dependent Care Flexible Spending Voluntary benefits, including: Home / Auto Insurance discounts Whole Life Insurance / Critical Illness Insurance / Legal Assistance / Military Leave Application Engineer II Key Responsibilities: Execute Technical Assignments: Carries out a range of technical tasks, resolving moderately complex issues using current technologies and established procedures.
Analyze and Resolve Issues: Evaluates technical problems by examining various factors and data, developing and implementing effective solutions under guided direction.
Collaborate with Team Members: Works collaboratively with internal teams to maintain quality standards, providing informal guidance to new team members and supporting team objectives.
Apply Business Expertise: Utilizes knowledge of key business drivers and company processes to inform technical decisions and align projects with organizational goals.
Enhance Technical Proficiency: Continuously develops and expands technical skills by mastering current technologies, contributing to the team’s capabilities and performance. Key Skills: Technical Proficiency: Mastery of relevant engineering technologies and tools utilized in the role.
Analytical Problem Solving: Expertise in analyzing data and situations to resolve moderately complex technical issues.
Effective Communication: Ability to convey complex technical information clearly and concisely to various audiences.
Team Collaboration: Skilled in working collaboratively with internal and external teams to achieve common objectives.
Informal Mentorship: Provides guidance and support to new team members to facilitate their integration and development.
Business Acumen: Understanding of key business drivers and the ability to apply this knowledge to enhance work performance.
Quality Management: Ensures high standards in personal work output and contributes to maintaining team quality.
Technical Assignment Execution: Competent in handling a range of technical assignments with minimal supervision.
Adaptability to New Technologies: Demonstrates the ability to learn and apply new technologies as required by the role.
Documentation and Record Keeping: Skilled in creating and maintaining accurate technical documentation and records. Application Engineer (Snr) III Key Responsibilities: Technical Leadership: Guides the design and implementation of complex application systems, ensuring adherence to best practices and architectural standards.
Project Management: Leads small to medium sized engineering projects, coordinating resources and timelines to achieve project objectives.
Advanced Problem Solving: Identifies and resolves intricate technical challenges by analyzing multiple information sources and applying innovative solutions.
Mentorship and Support: Acts as a resource for junior engineers, providing guidance, training, and knowledge sharing to enhance team expertise.
Cross Team Collaboration: Partners with internal and external stakeholders to build consensus and drive successful outcomes across multiple projects. Key Skills: Technical Proficiency: Expertise in primary and related technical domains, adept with a range of technologies.
Complex Problem Solving: Ability to solve sophisticated technical issues through analytical judgment.
Project Management: Skilled in leading and managing small to medium sized projects from inception to completion.
Independent Work Ethic: Demonstrates the ability to work autonomously with minimal supervision.
Effective Communication: Proficient in conveying difficult or sensitive information and fostering consensus.
Best Practices Knowledge: In depth understanding of industry best practices and their application within the organization.
Cross functional Collaboration: Skilled in working with multiple teams and subject matter experts across various areas.
Strategic Thinking: Ability to analyze multiple sources of information to make informed strategic decisions.
Mentorship and Leadership: Acts as a mentor and resource for colleagues with less experience.
Market and Competitive Awareness: Knowledge of market differentiators and competitive landscape to drive strategic initiatives. Application window is anticipated to close 7 days from original posting date. This information is provided in compliance with the Colorado Equal Pay for Equal Work Act and is the company’s good faith and reasonable estimate of the compensation range and benefits offered for this position. The compensation offered to the successful applicant may vary based on factors including experience, skills, education, location, and other job-related reasons. This position requires use of information which is subject to the International Traffic in Arms Regulations (ITAR) and/or the Export Administration Regulations (EAR). All applicants must be U.S. Persons within the meaning of the ITAR and EAR, or eligible to obtain all required authorizations from the U.S. Department of State and/or the U.S. Department of Commerce. The ITAR defines a U.S. Person as a U.S. citizen or national, lawful permanent resident (i.e., 'Green Card holder'), or a protected person (e.g., asylee, or refugee). Woodward is an equal opportunity employer and does not discriminate in hiring or employment on the basis of race, color, religion, sex (including sexual orientation and gender identity), national origin, age, disability, protected veteran status, or any other category protected under federal, state, or local laws."
Woodward,PLC Buyer I or II,JR111650,Rockford - Rock Cut Campus (RCC),United States of America,,hybrid,Mid,us_person,unknown,unknown,workday,N/A,2026-06-13T02:52:59Z,https://woodward.wd5.myworkdayjobs.com/en-US/woodward/job/Rockford---Rock-Cut-Campus-RCC/PLC-Buyer-I-or-II_JR111650,"Woodward is committed to creating a great workplace for all team members. Our company and its members are committed to acting with integrity, being respectful and accountable to one another, and staying humble and driven, while maintaining the highest professional and ethical standards. We are steadfastly committed to attracting the best talent across our communities creating a rewarding workplace. Together we are fulfilling our purpose to design and deliver energy control solutions our partners count on to power a clean future. Woodward supports our members’ wellbeing and regularly benchmarks with other companies in our industry to offer an extensive Total Reward package for this position. Salary will be determined by the applicant's education, experience, knowledge, skills, and abilities, as well as internal equity and alignment with market data. PLC Buyer I or II LEVEL I Estimated annual base pay: $62,000.00 (minimum) - $80,000.00 (midpoint) - $99,000.00 (maximum) LEVEL II Estimated annual base pay: $72,000.00 (minimum) - $93,000.00 (midpoint) - $115,000.00 (maximum) All Levels are eligible for the benefits below: All members included in annual cash bonus opportunity. 401(k) match (4.5%)
Annual Woodward stock contribution (5%)
Tuition reimbursement and Training/Professional Development opportunities for all members 12 paid holidays, including floating holidays. Industry leading medical, dental, and vision Insurance upon date of hire
Vacation / Sick Time / Vacation Buy-up / Short Term Disability / Bereavement leave. Paid parental leave.
Adoption Assistance Employee Assistance Program, including mental health benefits. Member Life & AD&D / Long Term Disability / Member Optional Life Member referral bonus Spouse / Child Optional Life / Optional AD&D / Healthcare and Dependent Care Flexible Spending Voluntary benefits, including: Home / Auto Insurance discounts Whole Life Insurance / Critical Illness Insurance / Legal Assistance / Military Leave LEVEL I Key Responsibilities: Supplier Management: Develop and maintain relationships with suppliers to ensure the timely delivery and quality of goods.
Purchase Order Management: Creates and processes purchase orders accurately and in a timely manner, ensuring all necessary approvals are obtained.
Inventory Monitoring: Tracks inventory levels to determine purchasing needs and prevent stock shortages or excesses.
Cost Analysis: Assists in analyzing costs and negotiating prices with suppliers to achieve cost effective purchasing solutions.
Data Maintenance: Maintains accurate records of purchases, supplier information, and transactions within the company’s procurement system. Key Skills: Negotiation Skills: Ability to negotiate favorable terms and prices with suppliers to ensure the best value for the company.
Analytical Abilities: Proficient in analyzing market trends, pricing data, and supplier performance to make informed purchasing decisions.
Communication Skills: Effective in communicating with suppliers, internal teams, and stakeholders to ensure clear understanding of requirements and expectations.
Attention to Detail: Meticulous in managing purchase orders, contracts, and inventory levels to prevent errors and ensure accuracy.
Vendor Management: Skilled in building and maintaining strong relationships with vendors to secure reliable supply chains and favorable terms.
Time Management: Capable of prioritizing tasks and managing multiple projects simultaneously to meet deadlines and business objectives.
Problem Solving Skills: Ability to identify issues in the supply chain and implement effective solutions to maintain smooth operations.
Knowledge of Procurement Software: Proficient in using procurement and inventory management software to streamline purchasing processes.
Supply Chain Management: Ability to navigate ERP, Ops Management and Logistics where material can be manufactured into a finished product.
Inventory Management: Ability to develop and monitor controls for inventory limits. Successful candidate typically have: Associates degree or greater LEVEL II Key Responsibilities: Supplier Management and Communication: Develop and maintain relationships with existing and new suppliers to ensure the timely delivery and quality of goods. Foster clear communication and collaboration by effectively engaging with internal stakeholders and external suppliers, ensuring mutual understanding and alignment.
Quotation Process: Internal project Requirements collection and data preparation for the RFI (Request for Information) / RFP (request for Proposal) / RFQ (Request for Quote) processes to be followed with suppliers.
Cost Optimization: understanding the product cost drivers, negotiate prices and PO terms with suppliers to achieve project cost targets (CTC) while maintaining quality standards.
Purchase Order Management: Verify with the PLC PM new components needs, making sure that Project Team installed proper demand signals, based on the MRP creates and processes purchase orders accurately and in a timely manner, ensuring all necessary approvals are obtained (including RTS process) according to the company policies. This includes also regular adjustment of the PO according to the project needs shared by the PLC PM. Additionally, it involves inventory management aligned with project requirements and organizational standards, as well as conducting analysis, making predictions, and providing actionable recommendations to achieve defined goals.
Prepare and provide proper PLC Deliverables required for PTP and NPI process. Key Skills: Negotiation Skills & Cost Management: Ability to negotiate terms and prices with suppliers to ensure cost target achievement for the product / projects and evaluate potential design cost optimization proposals from suppliers.
Supplier Relationship Management: Develop and maintain strong relationships with existing and new suppliers to ensure the timely delivery and quality of goods.
Data Analysis: Analyzes the data and metrics to optimize supply chain processes and support strategic decision making.
Strong Communication Skills: Effectively communicates with internal stakeholders and external suppliers to ensure clear understanding of requirements and expectations and capable to build strong collaboration and relation with stakeholders.
Problem Solving: Identifies and resolves issues related to projects expectations and supplier capabilities.
Compliance and Risk Management: Ensures all supply chain activities adhere to organizational policies, industry regulations, and ethical standards to mitigate potential risks.
Time Management: Capable to build strong methodical approach for the prioritization, follow up, reporting, self-management.
Inventory Management: Understanding and using the business reports to identify the potential inventory issues and take proactive advanced actions actions.
Cost Management: Utilizes strategies to control and reduce costs while maintaining quality and meeting organizational needs.
Supplier Performance: Optimizing a suppliers performance by resolving complex problems through quality and delivery and driving systemic recovery. Successful candidate typically have: Bachelor’s degree in Supply Chain or related field
3+ years of experience in Supply Chain This position requires use of information which is subject to the International Traffic in Arms Regulations (ITAR) and/or the Export Administration Regulations (EAR). All applicants must be U.S. Persons within the meaning of the ITAR and EAR, or eligible to obtain all required authorizations from the U.S. Department of State and/or the U.S. Department of Commerce. The ITAR defines a U.S. Person as a U.S. citizen or national, lawful permanent resident (i.e., 'Green Card holder'), or a protected person (e.g., asylee, or refugee). Woodward is an equal opportunity employer and does not discriminate in hiring or employment on the basis of race, color, religion, sex (including sexual orientation and gender identity), national origin, age, disability, protected veteran status, or any other category protected under federal, state, or local laws. #LI-Hybrid Bachelor of Science Preferred"
Woodward,Supplier Quality Engineer,JR111661,"Pune, IN",United States of America,,onsite,Mid,unknown,unknown,unknown,workday,N/A,2026-06-13T02:53:03Z,https://woodward.wd5.myworkdayjobs.com/en-US/woodward/job/Pune-IN/Supplier-Quality-Engineer_JR111661,"Woodward is the global leader in the design, manufacturing, and service of energy conversion and control solutions for the aerospace and industrial equipment markets. Together with our customers, we are enabling the path to a cleaner, decarbonized world. Our innovative fluid, combustion, electrical, propulsion and motion control systems perform in some of the world’s harshest environments. At Woodward we have created a culture that appreciates and values the contributions of every member. We are a global team of curious, innovative problem-solvers who commit our knowledge, resources and technical expertise to the challenges associated with reducing emissions, enabling alternative energy sources and increasing efficiency, always innovating for a better future. We are committed to creating a great workplace for all team members. Our company and its members are committed to acting with integrity, being respectful and accountable to one another, and staying humble and driven, while maintaining the highest professional and ethical standards. We are steadfastly committed to attracting the best talent across our communities, creating a rewarding workplace. Together we are fulfilling our purpose to design and deliver energy control solutions our partners count on to power a clean future. Supplier Quality Engineer Technical Knowledge & Qualifications
Strong commodity knowledge in: PCBA, Wire Harnesses and Cable Assemblies, Solenoids, Transducers, Sensors, Electro-Mechanical Components and Assemblies(Motor, Transformers & coils) Hands-on experience with APQP, PPAP, FMEA, Control Plans, MSA, and SPC. Knowledge of manufacturing processes, ICT, FCT, conformal coating, inspection methods, and supplier quality systems. Experience interpreting engineering drawings, GD&T, specifications, and quality standards.
Familiarity with IPC standards for electronic assemblies and PCB manufacturing. IPC Certification (IPC-A-610, IPC/WHMA-A-620, IPC J-STD-001) & Gerber files will be an added advantage. Working knowledge of ISO 9001, AS9100, IATF 16949, or equivalent quality management systems. Experience & Education Bachelor’s Degree in Engineering (Electrical, Electronics). 7-8 years of experience in Supplier Quality Engineering, Supplier Development, or Quality Assurance within manufacturing industries. Proven experience managing suppliers and driving measurable quality improvements across global supply chains. Key Responsibilities: Monitor Supplier Performance: Evaluates supplier quality metrics and conducts regular assessments to ensure compliance with company standards. Resolve Quality Issues: Identifies root causes of supplier related quality problems and implements effective corrective actions. Enhance Quality Processes: Collaborates with suppliers to develop and improve quality control procedures that meet customer and company requirements. Maintain Quality Documentation: Prepares and manages detailed reports and records related to supplier quality performance and compliance. Facilitate Cross Functional Communication: Works with internal teams such as procurement and engineering to align on quality standards and address supplier concerns. Key Skills: Quality Assurance: Proficient in implementing and maintaining quality standards to ensure supplier compliance and product reliability. Supplier Management: Skilled in evaluating and managing supplier performance to maintain high quality materials and timely deliveries. Data Analysis: Experienced in analyzing quality data and metrics to identify trends, root causes, and opportunities for improvement. Problem Solving: Adept at identifying quality issues and developing effective solutions to enhance supplier performance. Technical Documentation: Proficient in creating and maintaining detailed quality documentation, including inspection reports and audit findings. Communication: Excellent ability to convey complex quality information clearly to suppliers and internal teams. Auditing: Skilled in conducting supplier quality audits to ensure adherence to company standards and regulatory requirements. Process Improvement: Experienced in identifying and implementing process improvements to enhance supplier quality and operational efficiency. Regulatory Compliance: Knowledgeable in relevant industry standards and regulations to ensure supplier adherence and compliance. Team Collaboration: Effective at collaborating with cross functional teams to address quality issues and drive continuous improvement initiatives."
Woodward,Mechanical Engineer II/Senior,JR111313,Rockford - Loves Park Campus (LPC),United States of America,,onsite,Senior,us_person,unknown,unknown,workday,N/A,2026-06-13T02:53:07Z,https://woodward.wd5.myworkdayjobs.com/en-US/woodward/job/Rockford---Loves-Park-Campus-LPC/Mechanical-Engineer-II-Senior_JR111313,"Woodward is committed to creating a great workplace for all team members. Our company and its members are committed to acting with integrity, being respectful and accountable to one another, and staying humble and driven, while maintaining the highest professional and ethical standards. We are steadfastly committed to attracting the best talent across our communities creating a rewarding workplace. Together we are fulfilling our purpose to design and deliver energy control solutions our partners count on to power a clean future. Woodward supports our members’ wellbeing and regularly benchmarks with other companies in our industry to offer an extensive Total Reward package for this position. Salary will be determined by the applicant's education, experience, knowledge, skills, and abilities, as well as internal equity and alignment with market data. Level II: Estimated annual base pay: $77,000 (Minimum) - $100,000 (Midpoint) - $123,000 (Maximum) Senior: Estimated annual base pay: $93,000 (Minimum) - $121,000 (Midpoint) - $149,000 (Maximum) All members included in annual cash bonus opportunity. 401(k) match (4.5%) Annual Woodward stock contribution (5%) Tuition reimbursement and Training/Professional Development opportunities for all members 12 paid holidays, including floating holidays. Industry leading medical, dental, and vision Insurance upon date of hire Vacation / Sick Time / Vacation Buy-up / Short Term Disability / Bereavement leave. Paid parental leave. Adoption Assistance Employee Assistance Program, including mental health benefits. Member Life & AD&D / Long Term Disability / Member Optional Life Member referral bonus Spouse / Child Optional Life / Optional AD&D / Healthcare and Dependent Care Flexible Spending Voluntary benefits, including: Home / Auto Insurance discounts Whole Life Insurance / Critical Illness Insurance / Legal Assistance / Military Leave Level II: Key Responsibilities: Works assigned tasks to meet schedule and may coordinate details with other departments. Recognizes problems which are beyond capabilities and is learning from the experts in the area. May implement process improvements on a project level. Performs work which involves the use of conventional engineering practices. Writes and performs component tests with some supervision. Key Skills: Effective written and verbal communication skills including presentations (internal only); Basic technical writing skills (procedures, reports, etc.). Competent skills in problem solving and trouble-shooting. Ability to effectively operate in the project team environment and communicate with customers. May direct or lead work of technicians, detailers and designers. Basic ability to understand and interpret industry and Woodward technical standards including quality system standards and PLC process Basic use and understanding of FEA tools, basic use of DFSS tools and methodologies; Basic knowledge of Engineering quality systems (PLC, engineering change, configuration management). Assists with the development of department and organization procedures. Basic understanding of component function and testing. Learning manufacturing processes, drawings and geometric dimensioning and tolerances as well as shop standards and procedures Effective time management skills. Other Qualifications: 4 Year Bachelors BS degree+ 1 Year of experience or MS International - Bachelors BS/University degree equivalent by Country AND 1 year of experience or Masters Senior:
Key Responsibilities: Plans, schedules and coordinates detailed phases of a project. Participates in and promotes process improvements within assigned areas. Performs work which involves conventional engineering practices, but includes a variety of complex features, such as conflicting design requirements, non-standard materials and difficult coordination requirements. Provides direct support of sales and development by sharing information in the form of proposals and design reviews Independently writes and performs component tests. Key Skills: Effective written and verbal communication skills including presentations (internal, customers and management); Writes and communicates technical reports. Solid technical writing skills(EARS, procedures, reports, etc.) Competent skills in complex problem solving and trouble-shooting. Ability to effectively operate in the project team environment and communicate with Customers. May direct or lead work of technicians, detailers and designers. Working knowledge of standards and the ability to apply complex groupings of standards into designs. Competent use and understanding of FEA tools, basic use of DFSS tools and methodologies; competent knowledge of Engineering quality systems (PLC, engineering change, configuration management). Solid ability to compute steady state results. Assists with development of department and organization procedures. Complete understanding of component function and testing requirements. Understands manufacturing processes, drawings and geometric dimensioning and tolerances as well as shop standards and procedures and how they impact designs May guide level 1 and 2 Engineers. Competent use and understanding of FEA tools, basic use of DFSS tools and methodologies; competent knowledge of Engineering quality systems (PLC, engineering change, confi+DI19guration management). Solid ability to compute steady state results. Assists with development of department and organization procedures. Other Qualifications: 4 Year Bachelors BS degree AND 4+ years equivalent experience International - Bachelors BS/University degree equivalent by Country AND 4+ years equivalent experience This position requires use of information which is subject to the International Traffic in Arms Regulations (ITAR) and/or the Export Administration Regulations (EAR). All applicants must be U.S. Persons within the meaning of the ITAR and EAR, or eligible to obtain all required authorizations from the U.S. Department of State and/or the U.S. Department of Commerce. The ITAR defines a U.S. Person as a U.S. citizen or national, lawful permanent resident (i.e., 'Green Card holder'), or a protected person (e.g., asylee, or refugee). Woodward is an equal opportunity employer and does not discriminate in hiring or employment on the basis of race, color, religion, sex (including sexual orientation and gender identity), national origin, age, disability, protected veteran status, or any other category protected under federal, state, or local laws. #LI-AT1"
Woodward,Aerospace Product Technology Manager II / III,JR111188,4 Locations,United States of America,,onsite,Manager,us_person,unknown,unknown,workday,N/A,2026-06-13T02:53:11Z,https://woodward.wd5.myworkdayjobs.com/en-US/woodward/job/Fort-Collins---Drake-Campus/Aerospace-Product-Technology-Manager-II---III_JR111188-1,"Woodward is committed to creating a great workplace for all team members. Our company and its members are committed to acting with integrity, being respectful and accountable to one another, and staying humble and driven, while maintaining the highest professional and ethical standards. We are steadfastly committed to attracting the best talent across our communities creating a rewarding workplace. Together we are fulfilling our purpose to design and deliver energy control solutions our partners count on to power a clean future. Woodward supports our members’ wellbeing and regularly benchmarks with other companies in our industry to offer an extensive Total Reward package for this position. Salary will be determined by the applicant's education, experience, knowledge, skills, and abilities, as well as internal equity and alignment with market data. LEVEL II Estimated annual base pay: $114,000 (minimum) - $148,000 (midpoint) - $182,000 (maximum) LEVEL III Estimated annual base pay: $132,000(minimum) - $171,000(midpoint) - $211,000(maximum) All levels are eligible for the following benefits: All members included in annual cash bonus opportunity. 401(k) match (4.5%)
Annual Woodward stock contribution (5%)
Tuition reimbursement and Training/Professional Development opportunities for all members 12 paid holidays, including floating holidays. Industry leading medical, dental, and vision Insurance upon date of hire
Vacation / Sick Time / Vacation Buy-up / Short Term Disability / Bereavement leave. Paid parental leave.
Adoption Assistance Employee Assistance Program, including mental health benefits. Member Life & AD&D / Long Term Disability / Member Optional Life Member referral bonus Spouse / Child Optional Life / Optional AD&D / Healthcare and Dependent Care Flexible Spending Voluntary benefits, including: Home / Auto Insurance discounts Whole Life Insurance / Critical Illness Insurance / Legal Assistance / Military Leave Are you ready to make your mark? We are seeking an experienced Aerospace Product Technology Manager with a strong background in flight control actuation systems and hydraulic power management. The ideal candidate will bring a deep understanding of aerospace systems and a proven ability to lead technology-driven product development efforts in this highly specialized field. A robust technical foundation and hands-on experience in aerospace applications are essential for success in this role. Strong leadership, collaboration, and problem-solving skills are key to driving innovation and ensuring the development of cutting-edge aerospace solutions. LEVEL II Key Responsibilities: Market Research Analysis: Conducts in-depth market research to identify customer product/technology needs, emerging trends, and competitive dynamics.
Product Positioning Development: Develops and refines product positioning and messaging to effectively differentiate offerings in the marketplace.
Campaign Strategy Implementation: Plans and executes integrated marketing campaigns to drive customer recognition of differentiated value propositions and enhance market presence.
Cross Functional Collaboration: Partners with product, sales, and other departments to ensure cohesive and aligned marketing strategies that win results.
Develop proposals for new program opportunities at the product level. Application of existing technology or new technology development. Key Skills: Strategic Planning: Ability to develop and execute comprehensive marketing strategies aligned with business goals.
Market Research: Expertise in conducting and analyzing market research to inform product positioning and strategy.
Competitive Analysis: Skilled in evaluating competitors and identifying differentiators to enhance market presence.
Project Management: Proficient in managing marketing projects from inception to completion with minimal supervision.
Data Analytics: Capability to analyze marketing data to drive decision-making and measure campaign effectiveness.
Cross Functional Collaboration: Adept at working with diverse teams to achieve marketing objectives.
Communication: Excellent skills in conveying complex and sensitive information clearly to various stakeholders.
Problem Solving: Strong ability to address and resolve complex marketing challenges using innovative approaches.
Leadership: Experience in leading small projects and mentoring less experienced colleagues.
Customer Insights: Ability to gather and utilize customer feedback to improve product offerings and marketing strategies. LEVEL III Key Responsibilities: Develop Marketing Strategies: Crafts and implement comprehensive marketing plans to drive new systems, product lines and offerings, product adoption and achieve market growth objectives.
Conduct Market Research: Performs in-depth analysis of market trends, customer needs, and competitive landscape to inform system-level product positioning and messaging.
Lead Product Launches: Coordinates cross functional teams to execute successful new product line introductions, ensuring alignment with business goals and timelines.
Manage Product Positioning: Defines and refines value propositions and system-level messaging to effectively communicate product benefits to target audiences.
Develop system level proposals for new program opportunities at the system level. Application of existing technology or new technology development. Key Skills: Strategic Planning: Develops and executes comprehensive marketing strategies for new product lines and systems aligned with business objectives and product goals.
Market Analysis: Conducts in-depth market research to identify trends, opportunities, and competitive landscapes for new product lines and offerings
Product Positioning: Crafts and communicates clear value propositions and positioning statements for target audiences.
Cross functional Leadership: Leads and collaborates with Cross-Departmental teams to ensure cohesive product marketing initiatives.
Data driven Decision Making: Utilizes advanced analytics to inform marketing strategies and optimize campaign performance.
Communication: Effectively conveys complex marketing concepts and strategies to stakeholders at all levels including Executives
Project Management: Manages multiple marketing projects simultaneously, ensuring timely and successful execution.
Competitive Intelligence: Monitors and analyzes competitor activities to inform strategic positioning and differentiation.
Customer Insights: Gathers and interprets customer feedback and behavior data to guide product marketing efforts.
Campaign Management: Designs, implements, and evaluates integrated marketing campaigns to drive product adoption and revenue growth. Successful candidates typically have: Engineering degree
Flight Control Actuation Background
Hydraulic power management background
Strong Aerospace Experience Application window is anticipated to close 30 days from original posting date. This information is provided in compliance with the Colorado Equal Pay for Equal Work Act and is the company’s good faith and reasonable estimate of the compensation range and benefits offered for this position. The compensation offered to the successful applicant may vary based on factors including experience, skills, education, location, and other job-related reasons. This position requires use of information which is subject to the International Traffic in Arms Regulations (ITAR) and/or the Export Administration Regulations (EAR). All applicants must be U.S. Persons within the meaning of the ITAR and EAR, or eligible to obtain all required authorizations from the U.S. Department of State and/or the U.S. Department of Commerce. The ITAR defines a U.S. Person as a U.S. citizen or national, lawful permanent resident (i.e., 'Green Card holder'), or a protected person (e.g., asylee, or refugee). Woodward is an equal opportunity employer and does not discriminate in hiring or employment on the basis of race, color, religion, sex (including sexual orientation and gender identity), national origin, age, disability, protected veteran status, or any other category protected under federal, state, or local laws."
Woodward,Advanced Sourcing Engineer I,JR110300,Fort Collins - Lincoln Campus,United States of America,,hybrid,Mid,us_person,unknown,unknown,workday,N/A,2026-06-13T02:53:15Z,https://woodward.wd5.myworkdayjobs.com/en-US/woodward/job/Fort-Collins---Lincoln-Campus/Advanced-Sourcing-Engineer-I_JR110300,"Woodward is committed to creating a great workplace for all team members. Our company and its members are committed to acting with integrity, being respectful and accountable to one another, and staying humble and driven, while maintaining the highest professional and ethical standards. We are steadfastly committed to attracting the best talent across our communities creating a rewarding workplace. Together we are fulfilling our purpose to design and deliver energy control solutions our partners count on to power a clean future. Woodward supports our members’ wellbeing and regularly benchmarks with other companies in our industry to offer an extensive Total Reward package for this position. Salary will be determined by the applicant's education, experience, knowledge, skills, and abilities, as well as internal equity and alignment with market data. Estimated annual base pay: $93,000(minimum) - $121,000(midpoint) - $149,000(maximum) All Levels are eligible for the benefits below: All members included in annual cash bonus opportunity. 401(k) match (4.5%)
Annual Woodward stock contribution (5%)
Tuition reimbursement and Training/Professional Development opportunities for all members 12 paid holidays, including floating holidays. Industry leading medical, dental, and vision Insurance upon date of hire
Vacation / Sick Time / Vacation Buy-up / Short Term Disability / Bereavement leave. Paid parental leave.
Adoption Assistance Employee Assistance Program, including mental health benefits. Member Life & AD&D / Long Term Disability / Member Optional Life Member referral bonus Spouse / Child Optional Life / Optional AD&D / Healthcare and Dependent Care Flexible Spending Voluntary benefits, including: Home / Auto Insurance discounts Whole Life Insurance / Critical Illness Insurance / Legal Assistance / Military Leave The Sourcing Engineer I supports the connection between Technology & Development Engineering, Category Management, PLC Project Management, and external suppliers. This role leverages their engineering background and technical experience in materials, design, and manufacturing methods to assists with early supplier involvement, supplier discovery, cost and technical studies, and proposal support aligned to technology roadmaps and category strategies. Responsibilities grow with proficiency and demonstrate results. Key Responsibilities: Technical Problem Solving: Analyzes and resolves complex material, design, and manufacturing sourcing engineering challenges by applying advanced technical knowledge and innovative solutions.
Should Cost: Technical analysis of materials, design, and manufacturing processes to develop estimated cost structures used by Sourcing Managers in negotiations, and NPI CTC development.
Project Leadership: Leads small-scale sourcing projects, coordinating resources and managing timelines to ensure successful execution and delivery.
Cross Team Collaboration: Partners with internal teams and external subject matter experts to integrate sourcing strategies and optimize engineering processes.
Knowledge Sharing: Acts as a resource for colleagues by providing guidance, training, and expertise in advanced sourcing engineering practices.
Market Analysis: Evaluates industry trends and competitor activities to identify opportunities and enhance the organization's sourcing strategies and market position. Key Skills: Technical Expertise: Possesses in depth knowledge of primary and related technical domains, enabling effective utilization of diverse technologies.
Complex Problem Solving: Demonstrates ability to analyze and resolve intricate technical issues using innovative approaches.
Project Leadership: Skilled in leading small-scale projects, managing risks, and ensuring timely completion with limited supervision.
Independent Work: Capable of operating autonomously, making informed decisions with minimal guidance.
Effective Communication: Excels in conveying difficult or sensitive information clearly and persuasively to diverse stakeholders.
Relationship Building: Establishes and maintains strong connections with internal and external subject matter experts for collaborative projects.
Analytical Thinking: Evaluates multiple data sources to inform strategic decisions and enhance project outcomes.
Consensus Building: Facilitates agreement among team members and stakeholders to achieve unified project goals.
Strategic Planning: Integrates best practices and market knowledge to develop and execute effective sourcing strategies.
Technical Documentation: Creates comprehensive and precise technical documents to support project implementation and knowledge sharing. Successful candidates typically have: Bachelor’s degree in Engineering or a related technical field preferred and 4+ years of relevant experience Est. Amount: 10–20% — travel to suppliers, trade shows, and other company sites as needed. Application window is anticipated to close 7 days from original posting date. This information is provided in compliance with the Colorado Equal Pay for Equal Work Act and is the company’s good faith and reasonable estimate of the compensation range and benefits offered for this position. The compensation offered to the successful applicant may vary based on factors including experience, skills, education, location, and other job-related reasons. This position requires use of information which is subject to the International Traffic in Arms Regulations (ITAR) and/or the Export Administration Regulations (EAR). All applicants must be U.S. Persons within the meaning of the ITAR and EAR, or eligible to obtain all required authorizations from the U.S. Department of State and/or the U.S. Department of Commerce. The ITAR defines a U.S. Person as a U.S. citizen or national, lawful permanent resident (i.e., 'Green Card holder'), or a protected person (e.g., asylee, or refugee). Woodward is an equal opportunity employer and does not discriminate in hiring or employment on the basis of race, color, religion, sex (including sexual orientation and gender identity), national origin, age, disability, protected veteran status, or any other category protected under federal, state, or local laws. #LI-Hybrid"
Woodward,WBS Coach (Continuous Improvement Department),JR111736,Rockford - Loves Park Campus (LPC),United States of America,,hybrid,Mid,us_person,unknown,unknown,workday,N/A,2026-06-13T02:53:19Z,https://woodward.wd5.myworkdayjobs.com/en-US/woodward/job/Rockford---Loves-Park-Campus-LPC/WBS-Coach--Continuous-Improvement-Department-_JR111736,"Woodward is committed to creating a great workplace for all team members. Our company and its members are committed to acting with integrity, being respectful and accountable to one another, and staying humble and driven, while maintaining the highest professional and ethical standards. We are steadfastly committed to attracting the best talent across our communities creating a rewarding workplace. Together we are fulfilling our purpose to design and deliver energy control solutions our partners count on to power a clean future. Woodward supports our members’ wellbeing and regularly benchmarks with other companies in our industry to offer an extensive Total Reward package for this position. Salary will be determined by the applicant's education, experience, knowledge, skills, and abilities, as well as internal equity and alignment with market data. WBS Coach LEVEL I Estimated annual base pay: $74,000.00 (minimum) - $96,000.00 (midpoint) - $118,000.00 (maximum) LEVEL II Estimated annual base pay: $85,000.00 (minimum) - $110,000.00 (midpoint) - $136,000.00 (maximum) LEVEL III Estimated annual base pay: $105,000.00 (minimum) - $136,000.00 (midpoint) - $168,000.00 (maximum) All Levels are eligible for the benefits below: All members included in annual cash bonus opportunity. 401(k) match (4.5%)
Annual Woodward stock contribution (5%)
Tuition reimbursement and Training/Professional Development opportunities for all members 12 paid holidays, including floating holidays. Industry leading medical, dental, and vision Insurance upon date of hire
Vacation / Sick Time / Vacation Buy-up / Short Term Disability / Bereavement leave. Paid parental leave.
Adoption Assistance Employee Assistance Program, including mental health benefits. Member Life & AD&D / Long Term Disability / Member Optional Life Member referral bonus Spouse / Child Optional Life / Optional AD&D / Healthcare and Dependent Care Flexible Spending Voluntary benefits, including: Home / Auto Insurance discounts Whole Life Insurance / Critical Illness Insurance / Legal Assistance / Military Leave LEVEL I Key Responsibilities: Assist in Lean Projects: Provide support for Lean initiatives, workshops, and process improvement activities under the guidance of coaches or leaders.
Facilitate Basic Lean Tools: Apply foundational Lean tools such as 5S, visual management, Standardized Work, and Daily Management Systems to improve processes and reduce waste.
Participate in Kaizen Events: Assist in planning and executing Kaizen events, contributing to activities such as data collection, process mapping, and action plan development.
Support Daily Management Systems: Help teams establish and maintain Daily Management practices, including huddle boards, visual metrics, and performance tracking.
Assist Leaders in Problem-Solving: Support managers and supervisors in applying structured problem-solving techniques, such as root cause analysis and PDCA cycles. Key Skills: Basic Knowledge of Lean Tools: Familiarity with foundational Lean methodologies such as 5S, Standardized Work, PDCA, visual management, and Kaizen.
Problem-Solving Foundations: Understanding of basic problem-solving techniques, including root cause analysis and PDCA cycles.
Process Mapping: Ability to support process mapping exercises and identify inefficiencies in workflows.
Data Collection and Analysis: Basic skills in collecting and analyzing data to measure performance and identify improvement opportunities.
Team Collaboration: Ability to work effectively with teams and build rapport with employees at all levels.
Communication Skills: Clear communication and active listening skills to explain Lean concepts and engage employees in improvement efforts.
Facilitation Skills: Capability to assist in facilitating small improvement discussions and workshops.
Attention to Detail: Careful attention to detail when documenting processes, tracking metrics, or supporting improvement activities.
Empathy and Approachability: Strong interpersonal skills to connect with employees and foster a supportive environment for improvement.
Eagerness to Learn: Desire to grow and develop knowledge of Lean principles, tools, and coaching skills. LEVEL II Key Responsibilities: Implement Standardized Work: Assist teams in developing and maintaining Standardized Work procedures to ensure consistency and sustainability of improvements.
Conduct Kaizen Events: Plan and lead Kaizen events or rapid improvement workshops to address specific operational challenges and achieve measurable results.
Support Lean Initiatives: Facilitate the implementation of Lean methodologies and tools across departments to improve processes, reduce waste, and enhance value delivery.
Support Daily Management Systems: Work with teams to implement Daily Management practices, including huddle boards, visual management, and performance tracking.
Facilitate Problem-Solving: Guide teams through structured problem-solving processes, such as A3 reports and root cause analysis, to resolve issues and improve processes. Key Skills: Working Knowledge of Lean Tools: Proficiency in Lean methodologies such as Standardized Work, Value Stream Mapping, PDCA, Kaizen, 5S, and visual management.
Problem-Solving Skills: Ability to facilitate structured problem-solving processes, including root cause analysis and A3 problem-solving.
Process Improvement Expertise: Strong understanding of process analysis and improvement techniques to identify waste and enhance efficiency.
Data Analysis: Capability to use data and metrics to identify trends, measure success, and prioritize improvement opportunities.
Coaching Ability: Coaching with guidance, support, and feedback to teams and leaders to help them adopt Lean practices.
Training Delivery: Experience in delivering Lean training sessions for employees at various levels.
Effective Facilitation: Strong ability to lead workshops, Kaizen events, and team discussions, ensuring engagement and actionable outcomes.
Clear Communication: Skill in articulating Lean concepts and engaging employees and leaders in improvement efforts.
Empathy and Emotional Intelligence: Strong interpersonal skills to connect with employees, build trust, and foster collaboration.
Continuous Learner: Commitment to improving personal Lean knowledge and staying current with best practices. LEVEL III Key Responsibilities: Implement Lean Tools: Lead initiatives that utilize Lean tools such as 5S, Value Stream Mapping, PDCA (Plan-Do-Check-Act), Standardized Work, Flow / Pull, and visual management systems.
Support Problem-Solving: Facilitate kaizen events and structured problem-solving sessions using methodologies such as root cause analysis, A3 reports, and countermeasure development.
Optimize Processes: Work with teams to identify and eliminate non-value-added activities and improve workflows, reducing lead times and increasing efficiency.
Sustain Lean Improvements: Ensure that improvements are standardized, documented, and sustained over time, fostering continuous improvement and refinement.
Deliver Lean Training: Design and deliver Lean training programs to employees at all levels of the organization, ensuring understanding and adoption of Lean principles. Key Skills: Lean Tools knowledge: Deep knowledge of Lean methodologies, including Standardized Work, Daily Management Systems, Value Stream Mapping, 5S, PDCA, Kaizen, Kanban, and visual management.
Problem-Solving Mastery: Proficiency in structured problem-solving approaches such as A3 thinking, root cause analysis, and countermeasure development.
Data Analysis: Ability to analyze data and metrics to identify trends, measure progress, and prioritize improvement opportunities.
Project Management: Strong skills in planning, organizing, and executing Lean initiatives and cross-functional teams.
Coaching Expertise: Proven ability to coach individuals and teams, developing leadership capabilities and fostering a culture of accountability and ownership.
Change Management: Experience in leading organizational change, overcoming resistance, and driving cultural transformation.
Communication Skills: Clear and effective communication skills to articulate Lean principles, engage stakeholders, and deliver training.
Influencing and Facilitation: Ability to inspire and influence leaders and teams to adopt Lean practices and facilitate productive discussions during Lean events.
Empathy and Emotional Intelligence: Strong interpersonal skills to build trust, foster collaboration, and connect with employees at all levels.
Continuous Learning: Commitment to staying current with Lean practices and methodologies and continuously improving coaching skills. This position requires use of information which is subject to the International Traffic in Arms Regulations (ITAR) and/or the Export Administration Regulations (EAR). All applicants must be U.S. Persons within the meaning of the ITAR and EAR, or eligible to obtain all required authorizations from the U.S. Department of State and/or the U.S. Department of Commerce. The ITAR defines a U.S. Person as a U.S. citizen or national, lawful permanent resident (i.e., 'Green Card holder'), or a protected person (e.g., asylee, or refugee). Woodward is an equal opportunity employer and does not discriminate in hiring or employment on the basis of race, color, religion, sex (including sexual orientation and gender identity), national origin, age, disability, protected veteran status, or any other category protected under federal, state, or local laws. #LI-Hybrid"
Woodward,Marketing Analysis Manager II,JR111206,5 Locations,United States of America,,hybrid,Manager,us_person,unknown,unknown,workday,N/A,2026-06-13T02:53:23Z,https://woodward.wd5.myworkdayjobs.com/en-US/woodward/job/Rockford---Rock-Cut-Campus-RCC/Marketing-Analysis-Manager-II_JR111206-1,"Woodward is committed to creating a great workplace for all team members. Our company and its members are committed to acting with integrity, being respectful and accountable to one another, and staying humble and driven, while maintaining the highest professional and ethical standards. We are steadfastly committed to attracting the best talent across our communities creating a rewarding workplace. Together we are fulfilling our purpose to design and deliver energy control solutions our partners count on to power a clean future. Woodward supports our members’ wellbeing and regularly benchmarks with other companies in our industry to offer an extensive Total Reward package for this position. Salary will be determined by the applicant's education, experience, knowledge, skills, and abilities, as well as internal equity and alignment with market data. Estimated annual base pay: $94,000(minimum) - $122,000(midpoint) $150,000(maximum) All members included in annual cash bonus opportunity. 401(k) match (4.5%)
Annual Woodward stock contribution (5%)
Tuition reimbursement and Training/Professional Development opportunities for all members 12 paid holidays, including floating holidays. Industry leading medical, dental, and vision Insurance upon date of hire
Vacation / Sick Time / Vacation Buy-up / Short Term Disability / Bereavement leave. Paid parental leave.
Adoption Assistance Employee Assistance Program, including mental health benefits. Member Life & AD&D / Long Term Disability / Member Optional Life Member referral bonus Spouse / Child Optional Life / Optional AD&D / Healthcare and Dependent Care Flexible Spending Voluntary benefits, including: Home / Auto Insurance discounts Whole Life Insurance / Critical Illness Insurance / Legal Assistance / Military Leave Summary of Role: Woodward’s Aerospace Marketing Analysis Manager II reports to and supports the Manager, Marketing Analysis to provide the Sales and Marketing Department with analysis of both OEM and Services sales and comparison to market and peers, market trends analysis and identification of growth opportunities, and assessment of market news and its impact on Woodward Aerospace. The individual will be expected to develop familiarity and expertise in all aerospace and defense markets, including commercial aircraft, business jets and turboprops, helicopters, fighter jets, bombers and specialty aircraft. Data is collected and analyzed to support monthly and long-term forecasts for OEM production and services demand. The group’s annual Market Demand and Assumptions document is presented to the segment president and C suite in support of the strategic plan. A major deliverable is a quarterly market analysis of aerospace segment sales versus the market, presented to Investor Relations and the CFO in preparation for the quarterly results call. The individual will develop a broad network of aerospace industry contacts in order to remain current with events and trends, and to develop their assessments of impacts on Woodward. Key Responsibilities: Develop Analytical Models: Creates and maintains statistical models to evaluate marketing/industry performance, forecast trends, and drive 10-year forecast.
Capture and curate relevant industry news to various stakeholders
Identify market opportunities through research focusing on Woodward’s distinctive competence, market problems, competitive analysis and win/loss analysis.
Provide input to Strategic Planning process related to new markets and products.
Mentor Junior Analysts: Provides guidance and support to less experienced team members in marketing analysis methodologies and best practices. Key Skills: Data Analytics: Expertise in interpreting complex marketing data to inform strategic decisions.
Market Research: Proficient in conducting comprehensive market analysis to identify trends and opportunities.
Statistical Modeling: Skilled in developing and applying statistical models to predict marketing outcomes.
Project Management: Experienced in overseeing marketing analysis projects from inception to completion.
Strategic Planning: Ability to develop and implement data driven marketing strategies aligned with business objectives.
Reporting and Visualization: Adept at creating clear and insightful reports and visualizations to communicate findings.
Cross functional Collaboration: Effective in working with diverse teams to integrate marketing insights across departments.
Problem Solving: Capable of addressing complex marketing challenges through innovative analytical approaches.
Leadership: Provides guidance and support to less experienced colleagues in marketing analysis tasks.
Communication: Skilled in presenting sensitive and complex information to stakeholders to build consensus. This position requires use of information which is subject to the International Traffic in Arms Regulations (ITAR) and/or the Export Administration Regulations (EAR). All applicants must be U.S. Persons within the meaning of the ITAR and EAR, or eligible to obtain all required authorizations from the U.S. Department of State and/or the U.S. Department of Commerce. The ITAR defines a U.S. Person as a U.S. citizen or national, lawful permanent resident (i.e., 'Green Card holder'), or a protected person (e.g., asylee, or refugee). Woodward is an equal opportunity employer and does not discriminate in hiring or employment on the basis of race, color, religion, sex (including sexual orientation and gender identity), national origin, age, disability, protected veteran status, or any other category protected under federal, state, or local laws. #LI-Hybrid"
Woodward,General Accounting Supervisor (f/m),JR111415,2 Locations,United States of America,,hybrid,Mid,unknown,unknown,yes,workday,N/A,2026-06-13T02:53:27Z,https://woodward.wd5.myworkdayjobs.com/en-US/woodward/job/Niepolomice-PL/General-Accounting-Supervisor--f-m-_JR111415,"About The Role: We are looking for a General Accounting Supervisor to lead and support accounting operations in an international environment. The role combines team leadership, financial reporting, compliance oversight, and business partnering responsibilities. The position requires occasional business travel (approximately 30%), primarily to Germany. What You Will Do: Managing the accounting team: An accounting supervisor is responsible for managing a team of accountants and ensuring that all accounting processes are completed accurately and in a timely manner. This includes hiring, training, and mentoring team members. Financial reporting: An accounting supervisor is responsible for preparing financial reports, including balance sheets, income statements, and cash flow statements. These reports are used to provide accurate financial information to stakeholders and help guide business decisions. Business Partnering: The ability to independently support and partner with other Finance and Non-Finance teams as needed to assist with the overall goals of the organization. Compliance: An accounting supervisor is responsible for ensuring that the organization complies with all financial regulations and laws and internal policies. This includes maintaining accurate records, filing tax returns, and adhering to accounting standards. Financial analysis: An accounting supervisor is responsible for analyzing financial data to identify areas for improvement and make recommendations for changes to improve the financial performance of the organization. This may involve identifying cost savings opportunities, improving revenue streams, or optimizing financial processes. What You Will Need: Financial Reporting: The ability to prepare and analyze financial reports, including financial statements, cash flow impacts, preparing budgets and measuring performance against budgets, and forecasting. Analytical thinking: The ability to collect, organize, analyze, interpret, and communicate financial data to make informed decisions in a clear and concise manner. Problem-solving: The ability to identify problems, develop solutions, and implement effective strategies in a timely manner to improve financial performance. Communication: The ability to communicate effectively with external and internal stakeholders at all levels of the organization, including auditors, vendors and other financial professionals and be able to present financial reports and data in a clear and concise manner. Leadership: The ability to lead and manage a team of finance professionals and developing team resources by providing guidance, direction and support, as well as, upskilling team members and holding underperforming members accountable to performance expectations. Organization: The ability to manage multiple tasks and projects simultaneously, prioritizing tasks for yourself and your team members and meeting deadlines. Technology proficiency: The ability to use financial software and tools to manage accounting data, generate reports, and analyze financial performance. Compliance: The ability to stay up-to-date on financial regulations and laws and ensure compliance with accounting standards. Collaboration: The ability to work effectively as part of a team, collaborating with colleagues across different departments and functions to achieve shared goals and objectives. Strategic partnerships: The ability to build and maintain strategic partnerships with external and internal stakeholders, including auditors, vendors, and other financial professionals. English & German language skills required. What You Will Gain Salary range from 12 500 to 19 500 PLN gross – depending on experience Advancement opportunities in international team A total rewards package, that includes: private health insurance, life & accidental insurance Multisport package Meal Vouchers Company performance bonus program Work-life balance, semi-flexible working time PPK: Woodward offers payment to your PPK account up to 4% of your compensation depending on seniority Hybrid work model Relocation & Educational support"
Woodward,"Quality Engineer, Aerospace OEM (f/m)",JR111755,"Niepolomice, PL",United States of America,,onsite,Mid,unknown,unknown,unknown,workday,N/A,2026-06-13T02:53:31Z,https://woodward.wd5.myworkdayjobs.com/en-US/woodward/job/Niepolomice-PL/Quality-Engineer--Aerospace-OEM--f-m-_JR111755-1,"About The Role: We are seeking a Quality Engineer with aerospace experience to support quality assurance activities across production and transition projects. This role will be responsible for ensuring product and process compliance, driving quality improvements, and leading quality-related tasks during project transitions. The ideal candidate will work closely with engineering, manufacturing, supply chain, and customers to support smooth launch and transfer activities. What You Will Do: Lead quality activities for aerospace transition projects from planning through implementation Support new product and process transfers, including readiness reviews and risk assessments Ensure compliance with customer, regulatory, and aerospace quality requirements Develop and maintain quality documentation, control plans, inspection plans, and related records Support root cause analysis, corrective actions, and preventive actions for internal and external issues Conduct product and process audits, inspections, and verification activities Work with cross-functional teams to resolve quality issues and support on-time project launch Review drawings, specifications, and customer requirements to confirm compliance Support supplier quality activities and follow up on nonconformances as needed Participate in continuous improvement efforts to reduce defects and improve process capability Support customer visits, audits, and quality reviews What You Will Need: Bachelor’s degree in engineering, quality, manufacturing, or related field preferred 3 to 5 years of quality engineering experience in aerospace or a highly regulated manufacturing environment Experience supporting transition projects, new product introduction, or product/process transfer Strong knowledge of APQP, PPAP, and FAI requirements Knowledge and experience with AS9100 quality management system requirements Knowledge and experience with Part 21 requirements in aerospace manufacturing or certification environment Familiarity with aerospace quality standards and customer requirements Experience with root cause analysis tools and corrective action methods Ability to read and interpret engineering drawings and specifications Strong communication and teamwork skills Proficiency in MS Office and quality-related documentation systems What You Will Gain: Salary range from 9500 to 14500 PLN gross, depending on experience Career development opportunities in an international aerospace environment Comprehensive benefits package including private medical care, life & accident insurance Multisport card Meal vouchers Company performance‑based bonus program Strong focus on work‑life balance PPK contribution – company contribution up to 4% of compensation, depending on seniority Educational and professional development support"
Woodward,"Quality Engineer, Airworthiness and Certification (f/m)",JR111508,"Niepolomice, PL",United States of America,,onsite,Mid,unknown,unknown,unknown,workday,N/A,2026-06-13T02:53:35Z,https://woodward.wd5.myworkdayjobs.com/en-US/woodward/job/Niepolomice-PL/Quality-Engineer--Airworthiness-and-Certification--f-m-_JR111508,"About The Role: We are seeking a Quality Engineer, Airworthiness and Certification to support and maintain compliance across our aviation quality and certification activities. This role is responsible for ensuring continued adherence to Part 145 and Part 21 requirements, supporting certification activities, and maintaining the quality systems that govern maintenance and airworthiness processes. The successful candidate will work closely with internal teams, regulatory authorities, and external stakeholders to support audits, certification programs, corrective actions, and ongoing compliance obligations. What You Will Do: Manage and support compliance with Part 145 and Part 21 regulatory requirements Lead and support certification and airworthiness activities across relevant programs Maintain and improve quality systems related to maintenance, repair, and certification Prepare for and support regulatory audits, inspections, and authority interactions Monitor compliance trends and identify risks, gaps, and opportunities for improvement Support root cause analysis, corrective and preventive actions, and issue resolution Review procedures, records, and documentation to ensure regulatory and internal compliance Provide guidance to cross-functional teams on quality and airworthiness requirements Support internal and external audits and follow up on audit findings to closure Contribute to continuous improvement of quality and compliance processes What You Will Need: Bachelor’s degree in engineering, aerospace, quality, or a related field Significant experience in aviation quality, airworthiness, certification, or compliance Strong working knowledge of Part 145 and Part 21 requirements Experience supporting audits, regulatory inspections, and certification activities Strong analytical, problem-solving, and documentation skills Ability to work effectively with cross-functional teams and regulatory bodies Experience in an aviation maintenance, MRO, or aerospace certification environment What You Will Gain: Salary range from 9500 to 14500 PLN gross, depending on experience Career development opportunities in an international aerospace environment Comprehensive benefits package including private medical care, life & accident insurance Multisport card Meal vouchers Company performance‑based bonus program Strong focus on work‑life balance PPK contribution – company contribution up to 4% of compensation, depending on seniority Educational and professional development support"
Woodward,Spezialist Elektrosicherheit und Betriebstechnik (m/w/d) als VEFK,JR111228,"Stuttgart, DE",United States of America,,onsite,Mid,us_person,unknown,unknown,workday,N/A,2026-06-13T02:53:39Z,https://woodward.wd5.myworkdayjobs.com/en-US/woodward/job/Stuttgart-DE/Spezialist-Elektrosicherheit-und-Betriebstechnik--m-w-d--als-VEFK_JR111228,"Woodward L'Orange ist als Pionier modernster Technologie auf dem Weg zu nachhaltigen Lösungen: Komponenten und Systeme für die Energiewandlungssysteme der Zukunft. Mit unseren rund 1.300 Mitarbeitern an den Standorten Stuttgart, Glatten, Wolfratshausen und Rellingen entwickeln und produzieren wir ein breites Produktportfolio an Komponenten für die Regelung, Dosierung und Aufbereitung von heutigen und künftigen Kraftstoffen (PTX). Dieses Portfolio umfasst u. A. die Einspritztechnik, einschließlich fortschrittlicher Common-Rail-Technologie. Ihren Einsatz finden unsere Produkte in den modernen Großmotoren und Brennstoffzellen von Schiffen, Kraftwerken, Eisenbahnen und weiteren Anwendungen. Am Standort Stuttgart suchen wir ab sofort einen Spezialist Elektrosicherheit und Betriebstechnik (m/w/d) als VEFK: Ihre Aufgaben: Übernahme der Rolle als verantwortliche Elektrofachkraft (VEFK) für die Betriebssicherheit Erstellung von Arbeitsanweisungen und Gefährdungsbeurteilungen Installation von elektrischen Komponenten und Inbetriebnahme von komplexen Anlagen sowie Steuerungssystemen Wartung und Inspektion der Betriebsmittel Systematische Fehlersuche und Behebung komplexer Störungen an Anlagen Planung, Durchführung und rechtssichere Dokumentation von DGUV V3 und VDE Prüfungen Ihr Profil: Ingenieur oder Industriemeister im Bereich Elektrotechnik oder staatlich geprüfter Techniker für Elektrotechnik Fundierte Kenntnisse der relevanten VDE Bestimmungen, DGUV-Vorschriften und Energiewirtschaftsgesetze (EnWG) Mehrjährige Praxiserfahrung in der industriellen Betriebstechnik und in der Instandhaltung elektrischer Anlagen Strukturierte, lösungsorientierte Denkweise bei unklaren oder verketteten Systemfehlern Verantwortungsbewusstsein, Präzision und ausgeprägtes Sicherheitsdenken Ihre Vorteile: Metalltarif Betriebsrestaurant Umfangreiches Weiterbildungsprogramm Modernes Gesundheits- & Sportangebot Mercedes-Benz-Leasing Rabatte Fahrrad-Leasing Bitte bewerben Sie sich mit einem aussagekräftigen Anschreiben, Lebenslauf und Zeugnissen. Alle Unterlagen können im Feld ""Lebenslauf"" hochgeladen werden. Kontakt: Dana Diebold Sr Talent Acquisition Partner Woodward L'Orange GmbH Porschestraße 8 D-70435 Stuttgart"
Woodward,"Quality Engineer, Aerospace MRO (f/m)",JR111507,"Niepolomice, PL",United States of America,,onsite,Mid,unknown,unknown,unknown,workday,N/A,2026-06-13T02:53:43Z,https://woodward.wd5.myworkdayjobs.com/en-US/woodward/job/Niepolomice-PL/Quality-Engineer--Aerospace-MRO--f-m-_JR111507,"About The Role: We are seeking a Quality Engineer to support MRO operations under Part 145 certification. This role will be responsible for quality assurance activities related to maintenance, repair, and overhaul work, with a focus on compliance, documentation, process control, and smooth transition projects. The ideal candidate will work closely with maintenance, engineering, operations, and customer teams to support efficient and compliant MRO execution. What You Will Do: Support quality activities within MRO operations under Part 145 requirements Ensure compliance with regulatory, customer, and internal quality requirements Lead or support transition projects, including process transfers, induction changes, and operational readiness activities Support audits, inspections, and surveillance activities related to Part 145 operations Investigate nonconformances, perform root cause analysis, and support corrective actions Work with cross-functional teams to resolve quality issues and improve process performance Support control of tools, equipment, calibration, and traceability requirements as applicable Review and verify maintenance documentation, inspection records, and release paperwork Support customer audits, regulatory audits, and internal quality reviews Participate in continuous improvement activities to improve quality, efficiency, and compliance What You Will Need: Bachelor’s degree in engineering, quality, aviation maintenance, or related field preferred 3 to 5 years of quality engineering experience in MRO, aerospace, or a regulated maintenance environment Experience working under Part 145 certification requirements Experience supporting transition projects in an MRO or aerospace environment Knowledge of maintenance quality processes, inspection records, and release documentation Experience with root cause analysis and corrective action methods Strong understanding of compliance, traceability, and document control requirements Ability to read and interpret technical documentation, work instructions, and maintenance records Strong communication, organization, and teamwork skills Proficiency in MS Office and quality management systems What You Will Gain: Salary range from 9500 to 14500 PLN gross, depending on experience Career development opportunities in an international aerospace environment Comprehensive benefits package including private medical care, life & accident insurance Multisport card Meal vouchers Company performance‑based bonus program Strong focus on work‑life balance PPK contribution – company contribution up to 4% of compensation, depending on seniority Educational and professional development support"
Woodward,Executive Admin,JR111452,"Sofia, BG",United States of America,,onsite,Mid,unknown,unknown,unknown,workday,N/A,2026-06-13T02:53:47Z,https://woodward.wd5.myworkdayjobs.com/en-US/woodward/job/Sofia-BG/Executive-Admin_JR111452,"Key Responsibilities: Calendar Management: Oversees and organizes the executive’s schedule, ensuring meetings, appointments, and events align with organizational priorities and business objectives. Travel Coordination: Arranges complex travel itineraries, including international travel, accommodations, and transportation, while ensuring seamless execution. Communication Facilitation: Manages incoming and outgoing communications, drafting correspondence and ensuring timely responses to stakeholders. Meeting Preparation: Creates agendas, organizes logistics, records meeting notes, and tracks action items to facilitate productive leadership meetings. Proactiveness: Identifies and addresses issues, sharing options and information in potentially challenging and unique situations. Key Skills: Time Management: Skilled in balancing competing demands and optimizing executive schedules. Communication Skills: Strong verbal and written communication abilities for executive-level correspondence. Travel Coordination: Proficient in managing complex travel arrangements for domestic and international trips. Judgment & Discretion: Experienced in handling confidential matters with professionalism and trust. Relationship Management: Adept at fostering relationships with internal and external stakeholders. Problem-Solving: Capable of anticipating challenges and implementing proactive solutions. Technical Proficiency: Expertise in using office software, communication tools, and systems relevant to executive support. Organizational Skills: Highly detail-oriented with the ability to manage multiple priorities in a fast-paced environment. Event Coordination: Skilled in planning and executing executive-level meetings and events. Adaptability: Adjusts and anticipates changing priorities and procedures within a dynamic, high visibility environment. Other Qualifications:"
Woodward,HRIS Analyst,JR111735,6 Locations,United States of America,,hybrid,Mid,us_person,unknown,unknown,workday,N/A,2026-06-13T02:53:51Z,https://woodward.wd5.myworkdayjobs.com/en-US/woodward/job/Fort-Collins---Lincoln-Campus-HQ/HRIS-Analyst_JR111735,"Woodward is committed to creating a great workplace for all team members. Our company and its members are committed to acting with integrity, being respectful and accountable to one another, and staying humble and driven, while maintaining the highest professional and ethical standards. We are steadfastly committed to attracting the best talent across our communities creating a rewarding workplace. Together we are fulfilling our purpose to design and deliver energy control solutions our partners count on to power a clean future. Woodward supports our members’ wellbeing and regularly benchmarks with other companies in our industry to offer an extensive Total Reward package for this position. Salary will be determined by the applicant's education, experience, knowledge, skills, and abilities, as well as internal equity and alignment with market data. LEVEL I Estimated annual base pay: $60,000.00 (minimum) - $78,000.00 (midpoint) - $96,000.00 (maximum) LEVEL II Estimated annual base pay: $72,000.00 (minimum) - $93,000.00 (midpoint) - $115,000.00 (maximum) All Levels are eligible for the benefits below: All members included in annual cash bonus opportunity. 401(k) match (4.5%)
Annual Woodward stock contribution (5%)
Tuition reimbursement and Training/Professional Development opportunities for all members 12 paid holidays, including floating holidays. Industry leading medical, dental, and vision Insurance upon date of hire
Vacation / Sick Time / Vacation Buy-up / Short Term Disability / Bereavement leave. Paid parental leave.
Adoption Assistance Employee Assistance Program, including mental health benefits. Member Life & AD&D / Long Term Disability / Member Optional Life Member referral bonus Spouse / Child Optional Life / Optional AD&D / Healthcare and Dependent Care Flexible Spending Voluntary benefits, including: Home / Auto Insurance discounts Whole Life Insurance / Critical Illness Insurance / Legal Assistance / Military Leave LEVEL I Key Responsibilities: Maintaining HRIS systems - The HRIS Analyst I assists in implementing, testing, upgrading, and maintaining the company's Human Resources Information Systems (HRIS).
Providing HRIS support - The HRIS Analyst I provides technical support to HR, leaders, and members on HRIS-related issues. Includes basic troubleshooting and root cause analysis of issues.
Maintaining HRIS reports and dashboards - The HRIS Analyst I is responsible for creating, updating, and distributing HRIS reports, such as headcount, turnover, and regulatory reports, while adhering to data privacy policies.
Ensuring data integrity - The HRIS Analyst I assists with data and process audits to maintain data integrity and ensure system controls and processes are working as designed.
Maintaining system and process documentation - The HRIS Analyst I creates and updates systems documentation, including job aids, flow charts, user guides, and knowledge articles. Key Skills: Technical Knowledge - A basic understanding of HRIS software and technology, including experience with testing business process configurations.
Reporting - The ability to generate, update, and distribute basic HRIS reports, such as headcount reports and turnover reports.
Attention to Detail - The ability to pay close attention to detail, such as HR data and system configurations, to ensure accuracy and compliance.
Technical Support - The ability to provide basic technical support to employees and managers on HRIS-related issues.
Systems Thinking: Basic understanding of process maps and data flows, including the ability to create and update these process maps and flow diagrams.
Communication Skills - The ability to communicate effectively, both verbally and in writing, with members, leaders, vendors, and other stakeholders, including presenting information in a clear and concise manner.
Analytical Skills - The ability to analyze basic data and identify organizational trends in HRIS effectiveness to make informed decisions about HRIS solutions.
Interpersonal Skills - The ability to build relationships and work effectively with employees, managers, vendors, and other stakeholders.
Data Security - A basic understanding of data security regulations and the ability to ensure that HRIS solutions protect the privacy of employee data.
Problem-Solving - The ability to identify and solve basic HRIS-related issues, such as data entry errors and system glitches. LEVEL II Key Responsibilities: Configuring and improving business processes in Workday's Talent & Performance Management space.
Configuring and improving business processes in Workday's Learning space.
Maintaining HRIS systems - The HRIS Analyst II is responsible for implementing, testing, upgrading, and maintaining the company's Human Resources Information Systems (HRIS).
Providing HRIS support - The HRIS Analyst II provides technical support to HR, leaders, and members on HRIS-related issues. Includes troubleshooting and root cause analysis of moderately complex issues.
Analyzing HR Data: The HRIS Analyst II is responsible for analyzing HR data, identifying trends, and providing insights to inform HR strategies and decisions.Includes creating and maintaining dashboards.
Evaluating HRIS Effectiveness - The HRIS Analyst II is responsible for evaluating the effectiveness of HRIS solutions and making improvements to ensure they meet the needs of employees and the organization.
Ensuring Data Security - The HRIS Analyst II must ensure that HRIS solutions comply with data security regulations and protect the privacy of employee data. Key Skills: Technical Knowledge - A comprehensive understanding of HRIS software and technology, including experience implementing and configuring systems and processes in Workday.
Data Management - The ability to manage and maintain HRIS data accurately and efficiently.
Attention to Detail - The ability to pay close attention to detail, such as HRIS data and system configurations, to ensure accuracy and compliance.
Technical Support - The ability to provide technical support to employees and managers on HRIS-related issues.
Project Management - The ability to manage HRIS projects from planning to execution.
Communication Skills - The ability to communicate effectively, both verbally and in writing, with members, leaders, vendors, and other stakeholders, including presenting information in a clear and concise manner.
Analytical Skills - The ability to analyze data and identify trends in HRIS effectiveness to make informed decisions about HRIS solutions.
Interpersonal Skills - The ability to build relationships and work effectively with employees, managers, vendors, and other stakeholders.
Data Security - A strong understanding of data security regulations and the ability to ensure that HRIS solutions protect the privacy of employee data.
Problem-Solving - The ability to identify and solve complex HRIS-related issues, such as system errors and data inconsistencies. Application window is anticipated to close 7 days from original posting date. This information is provided in compliance with the Colorado Equal Pay for Equal Work Act and is the company’s good faith and reasonable estimate of the compensation range and benefits offered for this position. The compensation offered to the successful applicant may vary based on factors including experience, skills, education, location, and other job-related reasons. This position requires use of information which is subject to the International Traffic in Arms Regulations (ITAR) and/or the Export Administration Regulations (EAR). All applicants must be U.S. Persons within the meaning of the ITAR and EAR, or eligible to obtain all required authorizations from the U.S. Department of State and/or the U.S. Department of Commerce. The ITAR defines a U.S. Person as a U.S. citizen or national, lawful permanent resident (i.e., 'Green Card holder'), or a protected person (e.g., asylee, or refugee). Woodward is an equal opportunity employer and does not discriminate in hiring or employment on the basis of race, color, religion, sex (including sexual orientation and gender identity), national origin, age, disability, protected veteran status, or any other category protected under federal, state, or local laws. #LI-Hybrid"
Woodward,"Manager, IT Security",JR110848,"Niles, IL, US",United States of America,,onsite,Manager,us_person,unknown,unknown,workday,N/A,2026-06-13T02:53:55Z,https://woodward.wd5.myworkdayjobs.com/en-US/woodward/job/Niles-IL-US/Manager--IT-Security_JR110848,"Woodward is committed to creating a great workplace for all team members. Our company and its members are committed to acting with integrity, being respectful and accountable to one another, and staying humble and driven, while maintaining the highest professional and ethical standards. We are steadfastly committed to attracting the best talent across our communities creating a rewarding workplace. Together we are fulfilling our purpose to design and deliver energy control solutions our partners count on to power a clean future. Woodward supports our members’ wellbeing and regularly benchmarks with other companies in our industry to offer an extensive Total Reward package for this position. Salary will be determined by the applicant's education, experience, knowledge, skills, and abilities, as well as internal equity and alignment with market data. Estimated annual base pay: $113,000(minimum) - $147,000(midpoint) - $181,000(maximum) All Levels are eligible for the benefits below: All members included in annual cash bonus opportunity. 401(k) match (4.5%)
Annual Woodward stock contribution (5%)
Tuition reimbursement and Training/Professional Development opportunities for all members 12 paid holidays, including floating holidays. Industry leading medical, dental, and vision Insurance upon date of hire
Vacation / Sick Time / Vacation Buy-up / Short Term Disability / Bereavement leave. Paid parental leave.
Adoption Assistance Employee Assistance Program, including mental health benefits. Member Life & AD&D / Long Term Disability / Member Optional Life Member referral bonus Spouse / Child Optional Life / Optional AD&D / Healthcare and Dependent Care Flexible Spending Voluntary benefits, including: Home / Auto Insurance discounts Whole Life Insurance / Critical Illness Insurance / Legal Assistance / Military Leave Key Responsibilities: Manage security program by partnering with IT and other departments to ensure the seamless adoption of security measures into organizational processes and workflows.
Design and implement a comprehensive IT security strategies to safeguard organizational data and systems.
Oversees and mentors the IT security team, managing hiring, performance evaluations, and professional development.
Manage all aspects of security tools and configuration. Ensure team is trained, and responsive to all security request and incidents.
Oversee the technical response to security incidents, focusing on threat identification, containment, eradication, and recovery to minimize impact. Key Skills: Network Security: Expertise in securing network infrastructures, including firewalls, VPNs, network segmentation and intrusion detection systems.
Endpoint Security: Skilled in deploying and managing endpoint protection solutions and hardening standards.
Identity & Cloud security: Proficiency with IAM solutions (RBAC, MFA, PAM) and securing cloud platforms using conditional access, encryption, and configuration best practices.
Data Security: Expertise in data protection controls like DLP, secure storage, retention policies, eDiscovery and access controls.
Project Management: Expertise in overseeing security projects from initiation to completion, ensuring timely delivery.
Strategic Planning: Skilled in developing and implementing security strategies aligned with organizational objectives.
Communication: Effective in communicating security efforts and issues to stakeholders at all levels.
Leadership: Proven ability to lead and manage security teams, fostering collaboration and high performance.
Problem Solving: Adept at resolving complex security challenges through analytical thinking.
Financial Acumen: Experienced in managing budgets and financial resources related to security operations. Successful Candidates Typically Have: 7 years of IT Security experience with 1-2 year of management experience
CISSP, CISM or similar certification preferred Application window is anticipated to close 7 days from original posting date. This information is provided in compliance with the Colorado Equal Pay for Equal Work Act and is the company’s good faith and reasonable estimate of the compensation range and benefits offered for this position. The compensation offered to the successful applicant may vary based on factors including experience, skills, education, location, and other job-related reasons. This position requires use of information which is subject to the International Traffic in Arms Regulations (ITAR) and/or the Export Administration Regulations (EAR). All applicants must be U.S. Persons within the meaning of the ITAR and EAR, or eligible to obtain all required authorizations from the U.S. Department of State and/or the U.S. Department of Commerce. The ITAR defines a U.S. Person as a U.S. citizen or national, lawful permanent resident (i.e., 'Green Card holder'), or a protected person (e.g., asylee, or refugee). Woodward is an equal opportunity employer and does not discriminate in hiring or employment on the basis of race, color, religion, sex (including sexual orientation and gender identity), national origin, age, disability, protected veteran status, or any other category protected under federal, state, or local laws."
Woodward,Facilities Admin,JR111645,"Niles, IL, US",United States of America,,onsite,Mid,us_person,unknown,unknown,workday,N/A,2026-06-13T02:53:59Z,https://woodward.wd5.myworkdayjobs.com/en-US/woodward/job/Niles-IL-US/Facilities-Admin_JR111645,"Woodward is committed to creating a great workplace for all team members. Our company and its members are committed to acting with integrity, being respectful and accountable to one another, and staying humble and driven, while maintaining the highest professional and ethical standards. We are steadfastly committed to attracting the best talent across our communities creating a rewarding workplace. Together we are fulfilling our purpose to design and deliver energy control solutions our partners count on to power a clean future. Woodward supports our members’ wellbeing and regularly benchmarks with other companies in our industry to offer an extensive Total Reward package for this position. Salary will be determined by the applicant's education, experience, knowledge, skills, and abilities, as well as internal equity and alignment with market data. Estimated annual base pay: $18.27(minimum) - $24.04(midpoint) - $29.33(maximum) All Levels are eligible for the benefits below: All members included in annual cash bonus opportunity. 401(k) match (4.5%)
Annual Woodward stock contribution (5%)
Tuition reimbursement and Training/Professional Development opportunities for all members 12 paid holidays, including floating holidays. Industry leading medical, dental, and vision Insurance upon date of hire
Vacation / Sick Time / Vacation Buy-up / Short Term Disability / Bereavement leave. Paid parental leave.
Adoption Assistance Employee Assistance Program, including mental health benefits. Member Life & AD&D / Long Term Disability / Member Optional Life Member referral bonus Spouse / Child Optional Life / Optional AD&D / Healthcare and Dependent Care Flexible Spending Voluntary benefits, including: Home / Auto Insurance discounts Whole Life Insurance / Critical Illness Insurance / Legal Assistance / Military Leave Key Responsibilities: Maintenance Coordination: Schedules and tracks routine maintenance activities for office facilities to ensure optimal functionality.
Supply Management: Orders and manages inventory of office supplies, ensuring availability and timely restocking.
Facility Inspections: Conducts regular inspections of facilities to identify and report any maintenance or safety issues.
Vendor Support: Assists in coordinating with vendors and service providers for facility related services and repairs.
Record Keeping: Maintains accurate records of facility operations, including maintenance logs and inventory records. Key Skills: Communication: Clearly and effectively transmits information verbally and in writing to colleagues and stakeholders.
Organizational Skills: Maintains orderly files and records to support facility operations.
Data Entry: Accurately inputs and manages facility related data using standard software applications.
Time Management: Prioritizes and completes tasks within designated timeframes to ensure smooth facility operations.
Attention to Detail: Ensures precision in maintaining facility records and following established procedures.
Basic Computer Proficiency: Utilizes standard office software and facility management systems to perform daily tasks.
Customer Service: Provides courteous and efficient support to internal or external facility users.
Team Collaboration: Works effectively with team members to support overall facility management objectives.
Procedural Compliance: Adheres to established protocols and guidelines in performing facility support tasks.
Problem Identification: Recognizes and reports routine issues following predefined procedures to maintain facility functionality. This position is on-site Monday through Friday, 7:30 a.m. to 3:30 p.m. CT. Application window is anticipated to close 7 days from original posting date. This information is provided in compliance with the Colorado Equal Pay for Equal Work Act and is the company’s good faith and reasonable estimate of the compensation range and benefits offered for this position. The compensation offered to the successful applicant may vary based on factors including experience, skills, education, location, and other job-related reasons. This position requires use of information which is subject to the International Traffic in Arms Regulations (ITAR) and/or the Export Administration Regulations (EAR). All applicants must be U.S. Persons within the meaning of the ITAR and EAR, or eligible to obtain all required authorizations from the U.S. Department of State and/or the U.S. Department of Commerce. The ITAR defines a U.S. Person as a U.S. citizen or national, lawful permanent resident (i.e., 'Green Card holder'), or a protected person (e.g., asylee, or refugee). Woodward is an equal opportunity employer and does not discriminate in hiring or employment on the basis of race, color, religion, sex (including sexual orientation and gender identity), national origin, age, disability, protected veteran status, or any other category protected under federal, state, or local laws. Coordinate office seating arrangements while maintaining accuracy using AutoCAD (preferred)."
Woodward,QA Technician II - 2nd shift,JR111231,2 Locations,United States of America,,onsite,Mid,us_person,unknown,unknown,workday,N/A,2026-06-13T02:54:03Z,https://woodward.wd5.myworkdayjobs.com/en-US/woodward/job/Rockford---Loves-Park-Campus-LPC/QA-Technician-II---2nd-shift_JR111231,"Woodward is committed to creating a great workplace for all team members. Our company and its members are committed to acting with integrity, being respectful and accountable to one another, and staying humble and driven, while maintaining the highest professional and ethical standards. We are steadfastly committed to attracting the best talent across our communities creating a rewarding workplace. Together we are fulfilling our purpose to design and deliver energy control solutions our partners count on to power a clean future. Woodward supports our members’ wellbeing and regularly benchmarks with other companies in our industry to offer an extensive Total Reward package for this position. Salary will be determined by the applicant's education, experience, knowledge, skills, and abilities, as well as internal equity and alignment with market data. QA Technician II – 2nd Shift Estimated annual base pay: $25.00(minimum) - $32.21(midpoint) - $39.90(maximum) PLUS shift differential and overtime All Levels are eligible for the benefits below: All members included in annual cash bonus opportunity. 401(k) match (4.5%)
Annual Woodward stock contribution (5%)
Tuition reimbursement and Training/Professional Development opportunities for all members 12 paid holidays, including floating holidays. Industry leading medical, dental, and vision Insurance upon date of hire
Vacation / Sick Time / Vacation Buy-up / Short Term Disability / Bereavement leave. Paid parental leave.
Adoption Assistance Employee Assistance Program, including mental health benefits. Member Life & AD&D / Long Term Disability / Member Optional Life Member referral bonus Spouse / Child Optional Life / Optional AD&D / Healthcare and Dependent Care Flexible Spending Voluntary benefits, including: Home / Auto Insurance discounts Whole Life Insurance / Critical Illness Insurance / Legal Assistance / Military Leave Key Responsibilities: Conduct Quality Inspections: Performs detailed inspections of products and materials to ensure compliance with quality standards and specifications.
Analyze Data: Utilizes analytical scientific methods to collect, interpret, and report data related to product quality and process performance.
Maintain Documentation: Accurately documents inspection results, test procedures, and quality reports following standard operating procedures.
Troubleshoot Issues: Identifies and resolves quality related issues by applying established analytical methods and selecting appropriate solutions.
Collaborate with Team Members: Communicates technical information effectively within the team to support quality objectives and continuous improvement initiatives. Key Skills: Analytical Skills: Proficient in conducting detailed analytical evaluations using scientific methods.
Technical Proficiency: Skilled in utilizing and maintaining analytical instrumentation and equipment.
Quality Assurance: Ensures compliance with quality standards and procedures within team operations.
Problem Solving: Identifies and resolves typical operational issues using established methods.
Data Analysis: Capable of interpreting and analyzing data to support quality assessments.
Effective Communication: Communicates moderately complex technical information clearly within the team.
Attention to Detail: Maintains high accuracy and precision in performing technical tasks.
SOP Adherence: Strictly follows established standard operating procedures and scientific methodologies.
Time Management: Efficiently manages own workload to meet deadlines and team objectives.
Documentation Skills: Accurately records and maintains documentation of analytical processes and results. Successful candidates typically have: Experience in reading blueprint drawings
Experience reading and understanding specifications This position requires use of information which is subject to the International Traffic in Arms Regulations (ITAR) and/or the Export Administration Regulations (EAR). All applicants must be U.S. Persons within the meaning of the ITAR and EAR, or eligible to obtain all required authorizations from the U.S. Department of State and/or the U.S. Department of Commerce. The ITAR defines a U.S. Person as a U.S. citizen or national, lawful permanent resident (i.e., 'Green Card holder'), or a protected person (e.g., asylee, or refugee). Woodward is an equal opportunity employer and does not discriminate in hiring or employment on the basis of race, color, religion, sex (including sexual orientation and gender identity), national origin, age, disability, protected veteran status, or any other category protected under federal, state, or local laws."
Woodward,Quality Engineer II - 1st Shift,JR111317,Rockford - Rock Cut Campus (RCC),United States of America,,onsite,Mid,us_person,unknown,unknown,workday,N/A,2026-06-13T02:54:07Z,https://woodward.wd5.myworkdayjobs.com/en-US/woodward/job/Rockford---Rock-Cut-Campus-RCC/Quality-Engineer-II---1st-Shift_JR111317,"Woodward is committed to creating a great workplace for all team members. Our company and its members are committed to acting with integrity, being respectful and accountable to one another, and staying humble and driven, while maintaining the highest professional and ethical standards. We are steadfastly committed to attracting the best talent across our communities creating a rewarding workplace. Together we are fulfilling our purpose to design and deliver energy control solutions our partners count on to power a clean future. Woodward supports our members’ wellbeing and regularly benchmarks with other companies in our industry to offer an extensive Total Reward package for this position. Salary will be determined by the applicant's education, experience, knowledge, skills, and abilities, as well as internal equity and alignment with market data. Quality Engineer II – 1st Shift Estimated annual base pay: $75,000(minimum) - $97,000(midpoint) - $120,000(maximum)
All members included in annual cash bonus opportunity. 401(k) match (4.5%)
Annual Woodward stock contribution (5%)
Tuition reimbursement and Training/Professional Development opportunities for all members 12 paid holidays, including floating holidays. Industry leading medical, dental, and vision Insurance upon date of hire
Vacation / Sick Time / Vacation Buy-up / Short Term Disability / Bereavement leave. Paid parental leave.
Adoption Assistance Employee Assistance Program, including mental health benefits. Member Life & AD&D / Long Term Disability / Member Optional Life Member referral bonus Spouse / Child Optional Life / Optional AD&D / Healthcare and Dependent Care Flexible Spending Voluntary benefits, including: Home / Auto Insurance discounts Whole Life Insurance / Critical Illness Insurance / Legal Assistance / Military Leave Key Responsibilities: Quality Assurance Execution: Implements and monitors quality assurance processes and procedures to ensure product standards are consistently met.
Problem Analysis: Identifies and resolves quality related issues by analyzing data and applying technical expertise and judgment.
Team Mentorship: Provides informal guidance and support to new team members to enhance their understanding of quality protocols and practices.
Cross Functional Collaboration: Collaborates with engineering, production, and other departments to improve product quality and process efficiency.
Quality Reporting: Documents and communicates quality metrics, findings, and improvement recommendations to relevant stakeholders. Key Skills: Quality Assurance: Expertise in implementing and maintaining quality assurance processes and standards to ensure product excellence.
Root Cause Analysis: Proficient in identifying and analyzing the underlying causes of quality issues using industry standard methodologies.
Process Improvement: Skilled in evaluating and enhancing manufacturing or business processes to optimize quality outcomes and efficiency.
Technical Documentation: Ability to create, manage, and maintain accurate technical documentation and quality reports.
Data Analysis: Experienced in analyzing quality data and metrics to inform decision making and drive continuous improvement.
Regulatory Compliance: Knowledgeable in relevant industry regulations and standards, ensuring all processes meet compliance requirements.
Communication: Capable of clearly explaining complex quality related information to team members and stakeholders in straightforward situations.
Problem Solving: Adept at resolving quality related problems using technical judgment, experience, and established precedents.
Team Collaboration: Effective in working within team guidelines and policies, positively impacting both personal and team quality outputs.
Mentoring: Provides informal guidance and support to new team members, fostering a collaborative and knowledgeable work environment. This position requires use of information which is subject to the International Traffic in Arms Regulations (ITAR) and/or the Export Administration Regulations (EAR). All applicants must be U.S. Persons within the meaning of the ITAR and EAR, or eligible to obtain all required authorizations from the U.S. Department of State and/or the U.S. Department of Commerce. The ITAR defines a U.S. Person as a U.S. citizen or national, lawful permanent resident (i.e., 'Green Card holder'), or a protected person (e.g., asylee, or refugee). Woodward is an equal opportunity employer and does not discriminate in hiring or employment on the basis of race, color, religion, sex (including sexual orientation and gender identity), national origin, age, disability, protected veteran status, or any other category protected under federal, state, or local laws."
Woodward,Facilities Technician/Maintenance Technician I,JR111282,"Niles, IL, US",United States of America,,onsite,Mid,us_person,unknown,unknown,workday,N/A,2026-06-13T02:54:11Z,https://woodward.wd5.myworkdayjobs.com/en-US/woodward/job/Niles-IL-US/Facilities-Technician-Maintenance-Technician-I_JR111282-1,"Woodward is committed to creating a great workplace for all team members. Our company and its members are committed to acting with integrity, being respectful and accountable to one another, and staying humble and driven, while maintaining the highest professional and ethical standards. We are steadfastly committed to attracting the best talent across our communities creating a rewarding workplace. Together we are fulfilling our purpose to design and deliver energy control solutions our partners count on to power a clean future. Woodward supports our members’ wellbeing and regularly benchmarks with other companies in our industry to offer an extensive Total Reward package for this position. Salary will be determined by the applicant's education, experience, knowledge, skills, and abilities, as well as internal equity and alignment with market data. Estimated hourly base pay: $20.67 (minimum) - $26.92 (midpoint) - $33.17 (maximum) Plus overtime Woodward offers an extensive Total Reward package for this position, including: Annual cash bonus opportunity Up to 4.5% 401(k) match PLUS another 5% in Woodward stock options contributed to members’ 401(k) accounts annually, bringing the retirement benefit opportunity to an amazing 9.5% Up to $5250 in Tuition Reimbursement annually for all members 11 paid holidays, including a floating holiday High quality, low cost medical, dental, and vision Insurance Vacation / Sick Time / Vacation Buy-up / Short Term Disability / Bereavement leave Adoption Assistance Employee Assistance Program Member Life & AD&D / Long Term Disability / Member Optional Life Spouse / Child Optional Life / Optional AD&D / Healthcare and Dependent Care Flexible Spending Voluntary benefits, including: Home / Auto Insurance discounts Whole Life Insurance / Critical Illness Insurance / Legal Assistance / Military Leave Key Responsibilities: Conduct Routine Maintenance: Performs basic maintenance tasks on equipment and machinery following standard operating procedures. Troubleshoot Equipment Issues: Identifies and resolves straightforward mechanical problems using established methods and tools. Maintain Maintenance Records: Documents maintenance activities and updates logs to ensure accurate tracking of work performed. Assist Senior Technicians: Supports experienced mechanics by providing assistance during complex maintenance and repair projects. Ensure Safety Compliance: Follows safety guidelines and procedures to maintain a safe working environment during all maintenance activities. Prioritize and respond promptly to urgent maintenance and safety issues. General building maintenance tasks, examples including patching and painting walls, building and repairing furniture and cabinetry, repairing door hardware and flooring, moving equipment, setting up meetings, etc. Light plumbing tasks, examples including faucet/fixture repair/replacement (sinks, toilets, showers, drains, valves), air hose fabrication, piping system replacement, repair, and installation. Grounds tasks to maintain and beautify the exterior building and landscaping. Light HVAC tasks, examples including replacing belts and filters, adjusting thermostats, and cleaning coils. Light electrical tasks such as replacing bulbs, ballasts, and electrical switches and outlets. Inspect, maintain and test life safety systems such as emergency lights, fire extinguishers, exit signs. Conduct routing inspections of property and report deficiencies Key Skills: Mechanical Aptitude: Proficient in operating and maintaining machinery and equipment according to standard procedures. Preventive Maintenance: Skilled in performing routine maintenance tasks to ensure optimal equipment functionality. Troubleshooting: Capable of identifying and resolving straightforward mechanical issues using established guidelines. Technical Documentation: Ability to read and interpret technical manuals, blueprints, and schematics effectively. Safety Compliance: Knowledgeable in adhering to safety protocols and regulations to maintain a safe work environment. Team Collaboration: Effectively communicates and collaborates with team members to achieve maintenance objectives. Operational Procedures: Familiarity with standard operating procedures for maintenance tasks and equipment handling. Tool Handling: Proficient in using hand and power tools required for maintenance activities. Time Management: Efficiently manages time to complete maintenance tasks within designated schedules. Quality Assurance: Ensures all maintenance work meets quality standards and contributes to overall work excellence. This position requires use of information which is subject to the International Traffic in Arms Regulations (ITAR) and/or the Export Administration Regulations (EAR). All applicants must be U.S. Persons within the meaning of the ITAR and EAR, or eligible to obtain all required authorizations from the U.S. Department of State and/or the U.S. Department of Commerce. The ITAR defines a U.S. Person as a U.S. citizen or national, lawful permanent resident (i.e., 'Green Card holder'), or a protected person (e.g., asylee, or refugee). Woodward is an equal opportunity employer and does not discriminate in hiring or employment on the basis of race, color, religion, sex (including sexual orientation and gender identity), national origin, age, disability, protected veteran status, or any other category protected under federal, state, or local laws."
Woodward,Operations Manager (f/m),JR111719,"Niepolomice, PL",United States of America,,onsite,Manager,unknown,unknown,unknown,workday,N/A,2026-06-13T02:54:15Z,https://woodward.wd5.myworkdayjobs.com/en-US/woodward/job/Niepolomice-PL/Operations-Manager--f-m-_JR111719-1,"About the role: We are seeking a dynamic Operations Manager to lead the end-to-end management of our OEM production. You will be responsible for the Material Requirements Planning (MRP) processes, production flow, team leadership, and continuous improvement initiatives, ensuring products and services are delivered on time, within budget, and at the highest quality standards. This is a key leadership role driving operational excellence, customer satisfaction, and lean transformation in an aerospace-regulated environment (FAA/EASA Part 145/21G standards). What you will do: Lead, manage, and continuously improve the entire Aero production Oversee MRP planning and ensure material availability, capacity planning, and production scheduling meet customer and operational requirements. Drive production execution, including daily operations, safety, quality, delivery, cost (SQDC) performance, and escalation management. Implement and sustain Lean Manufacturing practices and continuous improvement programs (Kaizen, 5S, Standard Work, Value Stream Mapping). Collaborate closely with Quality, Supply Chain, Engineering, and Program Management teams. Develop team capabilities through leadership, coaching, training, and performance management. Ensure strict adherence to aerospace regulatory standards (EASA, FAA, AS9100) and company policies. Report on KPIs, provide operational visibility to leadership, and recommend strategic improvements. Ability to travel (2-6 months) for training in the first 2 years of employment What you will need Bachelor’s degree in Engineering, Industrial Management, Operations Management, or related field 5+ years of experience in operations leadership role Deep understanding of MRP/ERP systems (e.g., SAP, Oracle, Infor). Strong experience in Lean Manufacturing, Six Sigma, or similar continuous improvement methodologies. Demonstrated leadership experience managing cross-functional teams in a high-regulation environment. Working knowledge of aerospace standards (e.g. Part 145, Part 21G, EASA, FAA, AS9100, etc.) is a nice to have Excellent communication, organizational, and problem-solving skills. Ability to work effectively in a fast-paced, customer-focused, and safety-critical environment. What you will gain: Advancement opportunities in international team A total rewards package, that includes: private health insurance, life & accidental insurance Multisport package Meal Vouchers Company performance bonus program Work-life balance PPK: Woodward offers payment to your PPK account up to 4% of your compensation depending on seniority Educational support"
Woodward,Quality Engineer,JR111014,"Sofia, BG",United States of America,,onsite,Mid,unknown,unknown,unknown,workday,N/A,2026-06-13T02:54:19Z,https://woodward.wd5.myworkdayjobs.com/en-US/woodward/job/Sofia-BG/Quality-Engineer_JR111014,"Key Responsibilities: Quality Assurance Execution: Implements and monitors quality assurance processes and procedures to ensure product standards are consistently met. Problem Analysis: Identifies and resolves qualityrelated issues by analyzing data and applying technical expertise and judgment. Team Mentorship: Provides informal guidance and support to new team members to enhance their understanding of quality protocols and practices. CrossFunctional Collaboration: Collaborates with engineering, production, and other departments to improve product quality and process efficiency. Quality Reporting: Documents and communicates quality metrics, findings, and improvement recommendations to relevant stakeholders. Key Skills: Quality Assurance: Expertise in implementing and maintaining quality assurance processes and standards to ensure product excellence. Root Cause Analysis: Proficient in identifying and analyzing the underlying causes of quality issues using industrystandard methodologies. Process Improvement: Skilled in evaluating and enhancing manufacturing or business processes to optimize quality outcomes and efficiency. Technical Documentation: Ability to create, manage, and maintain accurate technical documentation and quality reports. Data Analysis: Experienced in analyzing quality data and metrics to inform decisionmaking and drive continuous improvement. Regulatory Compliance: Knowledgeable in relevant industry regulations and standards, ensuring all processes meet compliance requirements. Communication: Capable of clearly explaining complex qualityrelated information to team members and stakeholders in straightforward situations. Problem Solving: Adept at resolving qualityrelated problems using technical judgment, experience, and established precedents. Team Collaboration: Effective in working within team guidelines and policies, positively impacting both personal and team quality outputs. Mentoring: Provides informal guidance and support to new team members, fostering a collaborative and knowledgeable work environment. Other Qualifications:"
Woodward,"Assembly and Test Associate 1 (3rd Shift, M-F 10PM-6AM)",JR111707,"Zeeland, MI, US",United States of America,,onsite,Junior,us_person,unknown,unknown,workday,N/A,2026-06-13T02:54:23Z,https://woodward.wd5.myworkdayjobs.com/en-US/woodward/job/Zeeland-MI-US/Assembly-and-Test-Associate-1--3rd-Shift--M-F-10PM-6AM-_JR111707,"Woodward is committed to creating a great workplace for all team members. Our company and its members are committed to acting with integrity, being respectful and accountable to one another, and staying humble and driven, while maintaining the highest professional and ethical standards. We are steadfastly committed to attracting the best talent across our communities creating a rewarding workplace. Together we are fulfilling our purpose to design and deliver energy control solutions our partners count on to power a clean future. Woodward supports our members’ wellbeing and regularly benchmarks with other companies in our industry to offer an extensive Total Reward package for this position. Salary will be determined by the applicant's education, experience, knowledge, skills, and abilities, as well as internal equity and alignment with market data. Estimated hourly base pay: $22.55 and hour after a 10% shift premium Hours: Monday through Friday, 10:00 AM to 6:00AM Training Hours: 7:30 AM- 3:30 PM (1st Week Only) All Levels are eligible for the benefits below: All members included in annual cash bonus opportunity. 401(k) match (4.5%) Annual Woodward stock contribution (5%) Tuition reimbursement and Training/Professional Development opportunities for all members 12 paid holidays, including floating holidays. Industry leading medical, dental, and vision Insurance upon date of hire Vacation / Sick Time / Vacation Buy-up / Short Term Disability / Bereavement leave. Paid parental leave. Adoption Assistance Employee Assistance Program, including mental health benefits. Member Life & AD&D / Long Term Disability / Member Optional Life Member referral bonus Spouse / Child Optional Life / Optional AD&D / Healthcare and Dependent Care Flexible Spending Voluntary benefits, including: Home / Auto Insurance discounts Whole Life Insurance / Critical Illness Insurance / Legal Assistance / Military Leave Are you ready to make your mark? If you’re an Assembly and Test Associate 1, we have an exciting opportunity for you. This role involves assembling and testing products according to documented procedures, ensuring quality through inspections, and maintaining a clean and organized workspace. Safety and adherence to protocols are prioritized. Key qualities sought include technical proficiency, critical thinking, mechanical aptitude, effective team communication, time management, lean practices, attention to detail, and collaboration. Candidates should follow standardized work, participate in continuous improvement, and use basic computer tools to support tasks efficiently. What You Will Be Doing: Assemble Product: Follows documented procedures to accurately and efficiently assemble product components using specified tools and equipment. Test Product: Follows documented procedures to accurately and efficiently test product using specified tools and equipment, Quality: Conducts inspections and tests to verify the accuracy and functionality of products and records and maintains data per operating standards. Organization & Cleanliness: Adheres to 5S principles by keeping workstations clean, organized, and free of unnecessary items. Follows established guidelines to ensure tools, materials, and equipment are properly stored and maintained. Safety Mindset: Adheres to all established safety protocols, procedures, and regulatory requirements; maintains mindfulness of self and surrounding work area to promote a safe working environment. What We Are Looking For: Technical Capability: Understands and follows basic technical instructions and standard operating procedures (SOPs). Critical Thinking: Identifies gap-to-standard and resolves or escalates them per standard processes/procedures. Mechanical Aptitude: Demonstrates basic understanding of mechanical systems and components. Use hand tools and basic equipment safely and effectively. Can assemble and test products and may perform basic setups of equipment. Team Communication: Communicates effectively with team members and supervisors to support workflow and escalate immediate issues. Adherence to Woodward's Core Values. Time Management: Effectively manages time to complete assigned tasks within established schedules. Adheres to individual schedule. Lean Mindset: Follows lean practices such as 5S and waste reduction. Participates in continuous improvement activities. Production Systems: Understands and adheres to standardized work and escalates when cannot be followed. Actively participates in the daily management system. Computer Skills: Uses basic software (e.g., email, spreadsheets, data entry tools) to complete tasks. Attention to Detail: Ensures precision in tasks to maintain high quality standards. Follows instructions precisely and checks work for accuracy. Collaboration: Works cooperatively with team members to support overall team objectives and workflow. Works well with team members and accepts feedback. Successful candidates typically have: High School Diploma, or GED Equivalent 1+ years of Mechanical Aptitude This position requires use of information which is subject to the International Traffic in Arms Regulations (ITAR) and/or the Export Administration Regulations (EAR). All applicants must be U.S. Persons within the meaning of the ITAR and EAR, or eligible to obtain all required authorizations from the U.S. Department of State and/or the U.S. Department of Commerce. The ITAR defines a U.S. Person as a U.S. citizen or national, lawful permanent resident (i.e., 'Green Card holder'), or a protected person (e.g., asylee, or refugee). Woodward is an Equal Opportunity Employer and does not discriminate in hiring or employment on the basis of race, color, religion, sex (including sexual orientation and gender identity), national origin, age, disability, protected veteran status, or any other category protected under federal, state, or local laws."
Woodward,Sr. Project Coordinator,JR108992,"Gurgaon, IN",United States of America,,onsite,Senior,unknown,unknown,unknown,workday,N/A,2026-06-13T02:54:27Z,https://woodward.wd5.myworkdayjobs.com/en-US/woodward/job/Gurgaon-IN/Sr-Project-Coordinator_JR108992,"Woodward is the global leader in the design, manufacturing, and service of energy conversion and control solutions for the aerospace and industrial equipment markets. Together with our customers, we are enabling the path to a cleaner, decarbonized world. Our innovative fluid, combustion, electrical, propulsion and motion control systems perform in some of the world’s harshest environments. At Woodward we have created a culture that appreciates and values the contributions of every member. We are a global team of curious, innovative problem-solvers who commit our knowledge, resources and technical expertise to the challenges associated with reducing emissions, enabling alternative energy sources and increasing efficiency, always innovating for a better future. We are committed to creating a great workplace for all team members. Our company and its members are committed to acting with integrity, being respectful and accountable to one another, and staying humble and driven, while maintaining the highest professional and ethical standards. We are steadfastly committed to attracting the best talent across our communities, creating a rewarding workplace. Together we are fulfilling our purpose to design and deliver energy control solutions our partners count on to power a clean future. Position : Senior Project Coordinator Location : Gurgaon Key Responsibilities: Project Actions: Assist with projects. Facilitate project issues including with suppliers and customers. Product Actions: Coordinate all product builds (i.e., Hardware, Software, etc.). Project Artifacts: Manage and track project artifacts (schedule, budget, risks, etc.) at discretion of Project/Program Manager. Project Governance: Participate in project meetings. Project Life Cycle: Assist with gate and project deliverables. Key Skills: Organization: With minimal oversight, manages and potentially creates schedules, tasks, and documentation to ensure project operations run smoothly. Keeps track of deadlines, deliverables, and dependencies across the project lifecycle.
Organizes meetings, resources, and workflows efficiently. Time Management: Supports the project manager in developing and maintaining schedules. Prioritizes tasks based on urgency and importance. Ensures deadlines are met and dependencies are managed effectively. Communication: Facilitates clear and effective communication between team members, stakeholders, and project/program managers. Provides regular updates on project progress, issues, and milestones. Drafts reports, meeting minutes, and project documentation. Stakeholder Engagement: Communicates stakeholder feedback to the project manager and team. Anticipates and addresses stakeholder inquiries and concerns promptly (proactive).
Assists in aligning stakeholder priorities with project deliverables. Risk Management: Supports risk identification and mitigation efforts. Problem-Solving and Critical Thinking: Identifies and resolves issues that arise during project execution. Escalates complex problems to the project manager while offering potential solutions. Supports and may facilitate risk identification and mitigation efforts. Documentation and Reporting: Prepares project status reports, dashboards, and summaries for stakeholders. Maintains up-to-date records of project activities, budgets, and progress. Documents lessons learned and project outcomes for future reference. Collaboration and Teamwork: Works closely with project managers, team members, and stakeholders to facilitate project execution. Fosters a collaborative environment where team members can contribute effectively. Coordinates cross-functional teams and ensures alignment on tasks and objectives. Adaptability and Flexibility: Adjust schedules or plans in response to changes. Supports the team in adapting to new processes or tools. Remains calm and resourceful during unexpected challenges. Technical Proficiency: Strong competency in using project management tools like Planisware or Jira or Microsoft Projects. Tracks project metrics and reporting progress to the project manager. Strong competency in using ERP and planning tools to track and manage parts required for project execution. Other Qualifications: Electronics/ electrical/ Instrumentation Engineering graduate with 5-6 years of experience in project coordination. Experience in projects from control system background will be an added advantage. PMP certification will be an added advantage."
Woodward,CNC Programmer,JR110440,Rockford - Loves Park Campus (LPC),United States of America,,onsite,Mid,us_person,unknown,unknown,workday,N/A,2026-06-13T02:54:31Z,https://woodward.wd5.myworkdayjobs.com/en-US/woodward/job/Rockford---Loves-Park-Campus-LPC/CNC-Programmer_JR110440,"Woodward is committed to creating a great workplace for all team members. Our company and its members are committed to acting with integrity, being respectful and accountable to one another, and staying humble and driven, while maintaining the highest professional and ethical standards. We are steadfastly committed to attracting the best talent across our communities, creating a rewarding workplace. Together we are fulfilling our purpose to design and deliver energy control solutions our partners count on to power a clean future. Woodward supports our members’ wellbeing and regularly benchmarks with other companies in our industry to offer an extensive Total Reward package for this position. Salary will be determined by the applicant's education, experience, knowledge, skills, and abilities, as well as internal equity and alignment with market data. Estimated hourly base pay: Level I: $26.44 (minimum) - $34.62 (midpoint) - $42.31 (maximum) Level II: $31.25 (minimum) - $40.38 (midpoint) - $50.00 (maximum) All members included in annual cash bonus opportunity 401(k) match (4.5%) Annual Woodward stock contribution (5%) Tuition reimbursement and Training/Professional Development opportunities for all members 12 paid holidays, including floating holidays. Industry leading medical, dental, and vision Insurance upon date of hire Vacation / Sick Time / Vacation Buy-up / Short Term Disability / Bereavement leave. Paid parental leave. Adoption Assistance Employee Assistance Program, including mental health benefits. Member Life & AD&D / Long Term Disability / Member Optional Life Member referral bonus Spouse / Child Optional Life / Optional AD&D / Healthcare and Dependent Care Flexible Spending Voluntary benefits, including: Home / Auto Insurance discounts Whole Life Insurance / Critical Illness Insurance / Legal Assistance / Military Leave Are you ready to make your mark? If you’re a leader and a skilled repair technician, we have an exciting opportunity for you. Woodward is hiring a CNC Programmer at our Loves Park Campus. This role will be on 1st shift (Mon-Fri 7:00am-3:30am) and be responsible for ensuring the team operates in a safe and efficient manner, meets production goals while targeting quality expectations. If you are looking for the next step in your career, apply now! Level 1: Key Responsibilities: Develop CNC Programs: Develops CNC programs for multiaxis machining of precision metal and plastic components using CAD/CAM software based on engineering drawings and material specifications. Perform Machine Setups: Performs machine setups by installing job specific tooling, fixtures, and workholding devices, and verifies alignment and calibration against setup instructions. Execute Test Runs: Executes test runs for newly programmed parts, monitors machine operations, and adjusts tool offsets and feed rates to achieve tolerance compliant dimensions. Troubleshoot Programming Issues: Troubleshoots programming errors and mechanical inconsistencies by analyzing Gcode, reviewing toolpath strategies, and applying corrective modifications. Maintain Documentation: Maintains detailed records of program revisions, setup parameters, and inspection results in the CNC program library to support process consistency. Key Skills: Gcode Programming: Proficient in writing, editing, and optimizing Gcode for 3and 5axis CNC milling and turning operations. CAD/CAM Software: Skilled in creating and modifying toolpaths using industry standard CAD/CAM platforms such as Mastercam or Fusion 360. CNC Machine Setup: Experienced in selecting and installing fixtures, workholding, and tooling to prepare CNC machines for production. Blueprint Interpretation: Able to accurately read and interpret engineering drawings, tolerances, and geometricdimensioning and tolerancing (GD&T) symbols. Toolpath Simulation: Competent in running and analyzing CNC simulations to validate toolpaths and detect potential collisions. Cutting Parameter Selection: Knowledgeable about choosing optimal spindle speeds, feed rates, and depth of cut for various materials. Precision Measurement: Proficient in using micrometers, calipers, dial indicators, and coordinatemeasuring machines (CMM) to verify dimensional accuracy. Material Properties Knowledge: Understands machining characteristics and tooling requirements for metals, plastics, and composites. Troubleshooting: Capable of identifying and resolving common programming and operational issues through established procedures. Cross Functional Communication: Communicates technical instructions and setup adjustments clearly with machinists, engineers, and quality inspectors. Level II: Key Responsibilities: Develop CNC Programs: Creates and refines CNC code for milling and turning operations based on engineering drawings and CAD data. Support Machine Setup: Collaborates with operators to configure tooling, fixtures and workholding devices for efficient production runs. Optimize Machining Processes: Analyzes cycletime and toollife metrics to recommend program adjustments and process improvements. Troubleshoot Programming Issues: Diagnoses code errors and machining disruptions, applying corrective edits to programs and machine parameters. Maintain Documentation: Updates CNC program libraries and process records, ensuring compliance with versioncontrol standards. Key Skills: Gcode Programming: Expertlevel creation and refinement of CNC programs for milling and turning operations. CAM Software Proficiency: Skilled in generating and editing toolpaths using Mastercam, Siemens NX, or equivalent. CNC Machine Setup: Proficient in selecting tooling, calibrating offsets, and establishing workholding for precision runs. GD&T Interpretation: Accurate reading and application of geometric dimensioning and tolerancing from technical drawings. Toolpath Optimization: Designing efficient, collisionfree toolpaths to reduce cycle times and enhance surface finishes. Machining Troubleshooting: Diagnosing programming errors, tool wear, and machine faults to restore optimal performance. Process Documentation: Developing detailed setup sheets, operation protocols, and parameter logs for consistent production. CAD Model Analysis: Examining 3D designs for manufacturability issues, clearances, and necessary modifications. Material Property Knowledge: Applying material specific cutting parameters based on machinability and thermal properties. Cross Functional Communication: Explaining complex technical dependencies and coordinating with engineering and operations teams. This position requires use of information which is subject to the International Traffic in Arms Regulations (ITAR) and/or the Export Administration Regulations (EAR). All applicants must be U.S. Persons within the meaning of the ITAR and EAR, or eligible to obtain all required authorizations from the U.S. Department of State and/or the U.S. Department of Commerce. The ITAR defines a U.S. Person as a U.S. citizen or national, lawful permanent resident (i.e., 'Green Card holder'), or a protected person (e.g., asylee, or refugee). Woodward is an equal opportunity employer and does not discriminate in hiring or employment on the basis of race, color, religion, sex (including sexual orientation and gender identity), national origin, age, disability, protected veteran status, or any other category protected under federal, state, or local laws."
Woodward,Sr. Buyer,JR110257,Fort Collins - Drake Campus,United States of America,,hybrid,Senior,us_person,unknown,unknown,workday,N/A,2026-06-13T02:54:35Z,https://woodward.wd5.myworkdayjobs.com/en-US/woodward/job/Fort-Collins---Drake-Campus/Sr-Buyer_JR110257,"Woodward is committed to creating a great workplace for all team members. Our company and its members are committed to acting with integrity, being respectful and accountable to one another, and staying humble and driven, while maintaining the highest professional and ethical standards. We are steadfastly committed to attracting the best talent across our communities creating a rewarding workplace. Together we are fulfilling our purpose to design and deliver energy control solutions our partners count on to power a clean future. Woodward supports our members’ wellbeing and regularly benchmarks with other companies in our industry to offer an extensive Total Reward package for this position. Salary will be determined by the applicant's education, experience, knowledge, skills, and abilities, as well as internal equity and alignment with market data. Sr Buyer Estimated annual base pay: $72,000.00(minimum) - $93,000.00(midpoint) - $115,000.00(maximum)
All members included in annual cash bonus opportunity. 401(k) match (4.5%)
Annual Woodward stock contribution (5%)
Tuition reimbursement and Training/Professional Development opportunities for all members 12 paid holidays, including floating holidays. Industry leading medical, dental, and vision Insurance upon date of hire
Vacation / Sick Time / Vacation Buy-up / Short Term Disability / Bereavement leave. Paid parental leave.
Adoption Assistance Employee Assistance Program, including mental health benefits. Member Life & AD&D / Long Term Disability / Member Optional Life Member referral bonus Spouse / Child Optional Life / Optional AD&D / Healthcare and Dependent Care Flexible Spending Voluntary benefits, including: Home / Auto Insurance discounts Whole Life Insurance / Critical Illness Insurance / Legal Assistance / Military Leave Key Responsibilities: Supplier Management: Develop and maintain relationships with suppliers to ensure the timely delivery and quality of goods.
Purchase Order Processing and maintenance: Create and manage purchase orders, ensuring accuracy and compliance with company policies.
Inventory Management: Monitor inventory levels to anticipate needs and prevent stockouts or overstock situations.
Cost Optimization: Negotiate prices and PO terms with suppliers to achieve cost savings while maintaining quality standards.
Communication: Effectively communicates with internal stakeholders and external suppliers to ensure clear understanding and collaboration. Key Skills: Negotiation Skills: Demonstrates the ability to effectively negotiate terms and prices with suppliers to achieve favorable results for the organization.
Supplier Relationship Management: Maintains and fosters strong relationships with suppliers to ensure reliable supply chains and collaborative partnerships.
Cost Management: Utilizes strategies to control and reduce costs while maintaining quality and meeting organizational needs.
Contract Management: Develops, reviews, and manages contracts with suppliers to ensure compliance and mitigate risks.
Inventory Management: Oversees inventory levels to balance supply and demand, minimizing excess stock and avoiding stockouts.
Data Analysis: Analyzes purchasing data and metrics to optimize procurement processes and support strategic decision making.
Communication Skills: Effectively communicates with internal stakeholders and external suppliers to ensure clear understanding and collaboration.
Problem Solving: Identifies and resolves issues related to procurement processes, supplier performance, and supply chain disruptions.
Compliance and Risk Management: Ensures all purchasing activities adhere to organizational policies, industry regulations, and ethical standards to mitigate potential risks.
Supplier Performance: Optimizing a suppliers performance by resolving complex problems through quality and delivery and driving systemic recovery. Other Qualifications: 5+ plus years in relevant industry OR 10+ years in procurement
Prior experience with SAP preferred
APICS CPIM certifications Application window is anticipated to close 7 days from original posting date. This information is provided in compliance with the Colorado Equal Pay for Equal Work Act and is the company’s good faith and reasonable estimate of the compensation range and benefits offered for this position. The compensation offered to the successful applicant may vary based on factors including experience, skills, education, location, and other job-related reasons. This position requires use of information which is subject to the International Traffic in Arms Regulations (ITAR) and/or the Export Administration Regulations (EAR). All applicants must be U.S. Persons within the meaning of the ITAR and EAR, or eligible to obtain all required authorizations from the U.S. Department of State and/or the U.S. Department of Commerce. The ITAR defines a U.S. Person as a U.S. citizen or national, lawful permanent resident (i.e., 'Green Card holder'), or a protected person (e.g., asylee, or refugee). Woodward is an equal opportunity employer and does not discriminate in hiring or employment on the basis of race, color, religion, sex (including sexual orientation and gender identity), national origin, age, disability, protected veteran status, or any other category protected under federal, state, or local laws. #LI-Hybrid"
Woodward,Sr. Payroll Analyst,JR111253,Fort Collins - Lincoln Campus HQ,United States of America,,hybrid,Senior,us_person,unknown,unknown,workday,N/A,2026-06-13T02:54:39Z,https://woodward.wd5.myworkdayjobs.com/en-US/woodward/job/Fort-Collins---Lincoln-Campus-HQ/Sr-Payroll-Analyst_JR111253,"Woodward is committed to creating a great workplace for all team members. Our company and its members are committed to acting with integrity, being respectful and accountable to one another, and staying humble and driven, while maintaining the highest professional and ethical standards. We are steadfastly committed to attracting the best talent across our communities creating a rewarding workplace. Together we are fulfilling our purpose to design and deliver energy control solutions our partners count on to power a clean future. Woodward supports our members’ wellbeing and regularly benchmarks with other companies in our industry to offer an extensive Total Reward package for this position. Salary will be determined by the applicant's education, experience, knowledge, skills, and abilities, as well as internal equity and alignment with market data. Estimated annual base pay: $85,000(minimum) - $110,000(midpoint) - $136,000(maximum) All Levels are eligible for the benefits below: All members included in annual cash bonus opportunity. 401(k) match (4.5%)
Annual Woodward stock contribution (5%)
Tuition reimbursement and Training/Professional Development opportunities for all members 12 paid holidays, including floating holidays. Industry leading medical, dental, and vision Insurance upon date of hire
Vacation / Sick Time / Vacation Buy-up / Short Term Disability / Bereavement leave. Paid parental leave.
Adoption Assistance Employee Assistance Program, including mental health benefits. Member Life & AD&D / Long Term Disability / Member Optional Life Member referral bonus Spouse / Child Optional Life / Optional AD&D / Healthcare and Dependent Care Flexible Spending Voluntary benefits, including: Home / Auto Insurance discounts Whole Life Insurance / Critical Illness Insurance / Legal Assistance / Military Leave Key Responsibilities: Payroll Processing and Administration: Oversee and process accurate and timely payroll for employees, ensuring compliance with company policies, federal/state/provincial regulations, and tax laws. Utilize Workday, OSV, and ADP Workforce Now to manage payroll workflows, data input, and reporting. Handle payroll across multiple countries, including the United States and Canada, ensuring compliance with international payroll regulations.
System Expertise and Maintenance: Serve as the subject matter expert for payroll systems like Workday, OSV, and ADP Workforce Now, ensuring system optimization and troubleshooting issues. Collaborate with HRIS and IT teams to configure and maintain payroll system integrations and upgrades. Leverage system tools to automate payroll processes, improve reporting, and enhance data accuracy.
Process Improvement and Documentation: Identify opportunities to improve payroll processes, workflows, and system functionality for greater efficiency and accuracy. Create and maintain detailed payroll process documentation, ensuring clear guidelines for compliance and continuity. Lead or participate in payroll-related projects, including system implementations, migrations, or new country expansions.
Audit and Reconciliation: Conduct regular audits of payroll data to verify the accuracy of timekeeping, tax deductions, and benefit contributions. Reconcile payroll accounts and resolve discrepancies in collaboration with the Finance team.
Training and Mentorship: Train and mentor junior payroll staff on systems, processes, and compliance requirements. Share expertise in payroll systems like Workday, OSV, and ADP Workforce Now to enhance team capabilities Key Skills: Extensive System Experience: Advanced knowledge of Workday, OSV, and ADP Workforce Now for payroll management and reporting.
Global Payroll Administration: Experience managing payroll operations across multiple countries, including knowledge of international tax treaties, expatriate payroll, and local labor laws.
Analytical and Detail-Oriented: Strong ability to analyze payroll data, identify trends, and resolve discrepancies.
Compliance Knowledge: Deep understanding of labor laws, tax regulations, and payroll compliance standards in the U.S. and Canada.
Audit and Reconciliation: Experience conducting payroll audits, reconciliations, and variance analyses to ensure data accuracy and resolve discrepancies.
Multi-tasking and Prioritization: Ability to manage multiple payroll cycles and deadlines across various regions.
Data Analytics and Reporting: Strong ability to analyze payroll data, identify trends, and generate actionable insights.
Process Automation and Optimization: Proven ability to identify inefficiencies in payroll processes and implement solutions, including automation tools or streamlined workflows.
Change and Project Management: Experience leading payroll system implementations, migrations, or upgrades, including coordinating cross-functional teams and ensuring project success.
Employee Relations and Communication: Strong interpersonal skills to effectively communicate complex payroll policies and procedures to employees at all levels, including conducting training sessions or workshops to ensure understanding and compliance. Application window is anticipated to close 30 days from original posting date. This information is provided in compliance with the Colorado Equal Pay for Equal Work Act and is the company’s good faith and reasonable estimate of the compensation range and benefits offered for this position. The compensation offered to the successful applicant may vary based on factors including experience, skills, education, location, and other job-related reasons. This position requires use of information which is subject to the International Traffic in Arms Regulations (ITAR) and/or the Export Administration Regulations (EAR). All applicants must be U.S. Persons within the meaning of the ITAR and EAR, or eligible to obtain all required authorizations from the U.S. Department of State and/or the U.S. Department of Commerce. The ITAR defines a U.S. Person as a U.S. citizen or national, lawful permanent resident (i.e., 'Green Card holder'), or a protected person (e.g., asylee, or refugee). Woodward is an equal opportunity employer and does not discriminate in hiring or employment on the basis of race, color, religion, sex (including sexual orientation and gender identity), national origin, age, disability, protected veteran status, or any other category protected under federal, state, or local laws. #LI-Hybrid"
Woodward,WBS Manager,JR108881,Rockford - Rock Cut Campus (RCC),United States of America,,onsite,Manager,us_person,unknown,unknown,workday,N/A,2026-06-13T02:54:43Z,https://woodward.wd5.myworkdayjobs.com/en-US/woodward/job/Rockford---Rock-Cut-Campus-RCC/WBS-Manager_JR108881-1,"Woodward is committed to creating a great workplace for all team members. Our company and its members are committed to acting with integrity, being respectful and accountable to one another, and staying humble and driven, while maintaining the highest professional and ethical standards. We are steadfastly committed to attracting the best talent across our communities creating a rewarding workplace. Together we are fulfilling our purpose to design and deliver energy control solutions our partners count on to power a clean future. Woodward supports our members’ wellbeing and regularly benchmarks with other companies in our industry to offer an extensive Total Reward package for this position. Salary will be determined by the applicant's education, experience, knowledge, skills, and abilities, as well as internal equity and alignment with market data. Estimated annual base pay: $105,000(minimum) - $136,000(midpoint) - $168,000(maximum)
All members included in annual cash bonus opportunity. 401(k) match (4.5%)
Annual Woodward stock contribution (5%)
Tuition reimbursement and Training/Professional Development opportunities for all members 12 paid holidays, including floating holidays. Industry leading medical, dental, and vision Insurance upon date of hire
Vacation / Sick Time / Vacation Buy-up / Short Term Disability / Bereavement leave. Paid parental leave.
Adoption Assistance Employee Assistance Program, including mental health benefits. Member Life & AD&D / Long Term Disability / Member Optional Life Member referral bonus Spouse / Child Optional Life / Optional AD&D / Healthcare and Dependent Care Flexible Spending Voluntary benefits, including: Home / Auto Insurance discounts Whole Life Insurance / Critical Illness Insurance / Legal Assistance / Military Leave Key Responsibilities: Business System Coach: Coach the deployment and maturity of the Woodward Production System for the Value Stream
Develop a Problem-Solving Culture: Serve as a role model and advocate for a culture where employees at all levels embrace problem-solving as a daily practice.
Develop Leaders as Coaches: Provide training, tools, and guidance to help leaders, within the Value Stream, become effective coaches who empower their teams while supporting their personal growth and development in efforts of building a pipeline of future leaders.
Strategic Partnership: Share ownership of overall performance with Value Stream leader to ensure alignment, accountability, and shared ownership in the execution of operational goals and objectives.
Align Goals Across the Value Stream: Ensure that site-level objectives are cascaded clearly and effectively through all value stream departments, teams, and individuals, aligning efforts with strategic priorities. Key Skills: Technical Expertise: Demonstrates proficiency with the Woodward Production System (WPS)
Coaching Expertise: Strong understanding of coaching principles and the ability to mentor leaders at all levels within the value stream.
Problem-Solving: Strong knowledge of the structured problem-solving methodologies (e.g., A3, PDCA, root cause analysis).
Facilitation Skills: Ability to facilitate training, improvement workshops and Kaizen activities with a diverse group of participants.
Collaborative Relationship Building: Ability to work effectively with leaders across functions, fostering trust and alignment.
Strategic Alignment: Ability to take the site objectives and flow them down to the value stream level deliverables (SQDC)
Continuous Improvement Tools & Processes: Strong knowledge of 5S, Visual Management, Standardized Work, Daily Management Systems, Flow / Pull, Value Stream Mapping and Improvement through Kaizen.
Empathy and Emotional Intelligence: Strong interpersonal skills to build trust and rapport with employees at all levels.
Create a Safe Environment for Experimentation: Foster an atmosphere where employees feel safe to surface problems, test ideas, and learn from failures.
Standardize and Sustain Improvements: Ability to work with teams to implement and standardize improved processes, ensuring sustainability and continuous improvement. Successful Candidates Typically Have: Bachelor’s degree preferred
Engineering background preferred
5 years of related experience preferred This position requires use of information which is subject to the International Traffic in Arms Regulations (ITAR) and/or the Export Administration Regulations (EAR). All applicants must be U.S. Persons within the meaning of the ITAR and EAR, or eligible to obtain all required authorizations from the U.S. Department of State and/or the U.S. Department of Commerce. The ITAR defines a U.S. Person as a U.S. citizen or national, lawful permanent resident (i.e., 'Green Card holder'), or a protected person (e.g., asylee, or refugee). Woodward is an equal opportunity employer and does not discriminate in hiring or employment on the basis of race, color, religion, sex (including sexual orientation and gender identity), national origin, age, disability, protected veteran status, or any other category protected under federal, state, or local laws."
Woodward,Strategic Account Senior Sales manager,JR111178,UK,United Kingdom,,onsite,Manager,unknown,unknown,unknown,workday,N/A,2026-06-13T02:54:47Z,https://woodward.wd5.myworkdayjobs.com/en-US/woodward/job/UK/Strategic-Account-Senior-Sales-manager_JR111178,"Woodward integrates leading-edge technologies into fuel, combustion, fluid, actuation, and electronic control systems for the aerospace and industrial markets. Woodward is committed to creating a great workplace for all team members. Our company and its members are committed to acting with integrity, being respectful and accountable to one another, and staying humble and driven, while maintaining the highest professional and ethical standards. We are steadfastly committed to attracting the best talent across our communities creating a rewarding workplace. Together we are fulfilling our purpose to design and deliver energy control solutions our partners count on to power a clean future. Woodward supports our members’ wellbeing and regularly benchmarks with other companies in our industry to offer an extensive Total Reward package for this position. Salary will be determined by the applicant's education, experience, knowledge, skills, and abilities, as well as internal equity and alignment with market data. Are you ready to make your mark? If you are interested in joining our growing sales team here at Woodward as a Strategic Sales Manager, then we have an exciting new opportunity for you! Our Strategic Sales Manager will be responsible for developing, leading and managing key client relationships with our customers based in Derby/Birmingham. This role will work to cultivate and maintain strong partnerships with our strategic clients to drive long term business success. To apply, please submit an up-to-date CV and supporting cover letter for your application, and ensure the CV includes a complete employment history. What You Will Be Doing Develop Strategic Sales Plans: Formulates and implements comprehensive sales strategies to achieve growth objectives within key accounts. Manage Key Client Relationships: Cultivates and maintains strong partnerships with strategic client to drive long term business success. Analyse Market Trends: Evaluates industry developments and competitive landscape to inform strategic decision making and identify opportunities. Lead Complex Sales Initiatives: Directs high-impact sales projects involving multiple stakeholders and significant resources to meet organisational goals. Optimise Resource Allocation: Advises on the strategic distribution of resources to maximise sales performance and project outcomes within key accounts. What We Are Looking For We are looking for a proactive, detail-oriented individual ready to contribute to our dynamic team. Ideal candidates should have the following key skills; Strategic Planning: Ability to develop and implement strategies that align with organisational goals and drive account growth. Client Relationship Management: Expertise in building and maintaining strong, long-term relationships with key clients to enhance customer loyalty and retention. Business Acumen: Deep understanding of business operations and market dynamics to anticipate and respond to industry trends and regulatory changes. Project Leadership: Skilled in leading complex, high-risk projects from conception through execution, ensuring successful outcomes. Problem Solving: Proficient in identifying and resolving unique, high-impact business challenges using conceptual and analytical approaches. Resource Allocation: Expertise in directing and optimising resource distribution to maximise efficiency and support strategic initiatives. Communication: Exceptional ability to articulate complex ideas clearly and persuasively to senior stakeholders and diverse audiences. Strategic Negotiation: Skilled in negotiating high-stakes deals and agreements that align with company objectives and client needs. Data Driven Decision Making: Proficient in analysing sales data and metrics to inform strategic decisions and drive business performance. Cross-Functional Collaboration: Ability to work effectively across various departments and disciplines to achieve strategic account goals. Experience: Previous experience at a large Engine commercial OEM customer, ideally with knowledge of engineering, product development, strategy and procurement functions Deep understanding of large Engine commercial OEM processes and decision influencers. The successful candidate will need to travel regularly to customer locations in Derby and Birmingham; therefore, they will need to be based within this area."
Woodward,Associate Machinist,JR111652,"Niles, IL, US",United States of America,$15.83 - $24.65,onsite,Junior,us_person,unknown,unknown,workday,N/A,2026-06-13T02:54:51Z,https://woodward.wd5.myworkdayjobs.com/en-US/woodward/job/Niles-IL-US/Associate-Machinist_JR111652-1,"Woodward is committed to creating a great workplace for all team members. Our company and its members are committed to acting with integrity, being respectful and accountable to one another, and staying humble and driven, while maintaining the highest professional and ethical standards. We are steadfastly committed to attracting the best talent across our communities creating a rewarding workplace. Together we are fulfilling our purpose to design and deliver energy control solutions our partners count on to power a clean future. Woodward supports our members’ wellbeing and regularly benchmarks with other companies in our industry to offer an extensive Total Reward package for this position. Salary will be determined by the applicant's education, experience, knowledge, skills, and abilities, as well as internal equity and alignment with market data. Estimated annual base pay: Associate Machinist - $15.83 - $24.65 All members included in cash bonus opportunity 401(k) match (4.5%) Annual Woodward stock contribution (5%) Tuition reimbursement and Training/Professional Development opportunities for all members 12 paid holidays, including floating holidays Industry leading medical, dental, and vision Insurance upon date of hire Vacation / Sick Time / Vacation Buy-up / Short Term Disability / Bereavement leave Paid parental leave Adoption Assistance Employee Assistance Program, including mental health benefits Member Life & AD&D / Long Term Disability / Member Optional Life Member referral bonus Spouse / Child Optional Life / Optional AD&D / Healthcare and Dependent Care Flexible Spending Voluntary benefits, including: Home / Auto Insurance discounts Whole Life Insurance / Critical Illness Insurance / Legal Assistance / Military Leave Are you ready to make your mark? If you’re a Machinist, we have an exciting opportunity for you. What you will be doing Physical Activity: Moderate physical activity requiring agility and dexterity, including walking, standing, or bending; and lifting or moving objects. Work is performed in an area with moderate risk or discomfort that may require special safety precautions, such as wearing protective clothing or gear. May be required to pass Near Vision and/or Color Vision examinations. Assist in the set up, and operate one or more of the following machines: CNC Lathe Machines CNC Mill/Turn Machines CNC OD/ID Grinders Complete paperwork while adhering to record retention requirements. Document nonconforming material according to procedures, participate in activities to implement root cause and corrective actions identified. Utilize work instructions, set-up sheets and method documents to correctly operate machines and inspect machined parts. Utilize various gauging equipment to ensure conformance to the engineering specifications and standards through the production run. Obtain certifications as necessary for required processes. What We Are Looking For High school diploma or equivalent required No related work experience required General knowledge of machines and equipment functionality, and how tools could be used on such equipment/machines. This includes the ability to learn new systems quickly, understanding how parts relate, and how they impact system functionality This position requires use of information which is subject to the International Traffic in Arms Regulations (ITAR) and/or the Export Administration Regulations (EAR). All applicants must be U.S. Persons within the meaning of the ITAR and EAR, or eligible to obtain all required authorizations from the U.S. Department of State and/or the U.S. Department of Commerce. The ITAR defines a U.S. Person as a U.S. citizen or national, lawful permanent resident (i.e., 'Green Card holder'), or a protected person (e.g., asylee, or refugee). Woodward is an equal opportunity employer and does not discriminate in hiring or employment on the basis of race, color, religion, sex (including sexual orientation and gender identity), national origin, age, disability, protected veteran status, or any other category protected under federal, state, or local laws."
Woodward,Senior Engineer Application,JR110648,"Pune, IN",United States of America,,onsite,Senior,unknown,unknown,unknown,workday,N/A,2026-06-13T02:54:55Z,https://woodward.wd5.myworkdayjobs.com/en-US/woodward/job/Pune-IN/Senior-Engineer-Application_JR110648,"Woodward is the global leader in the design, manufacturing, and service of energy conversion and control solutions for the aerospace and industrial equipment markets. Together with our customers, we are enabling the path to a cleaner, decarbonized world. Our innovative fluid, combustion, electrical, propulsion and motion control systems perform in some of the world’s harshest environments. At Woodward we have created a culture that appreciates and values the contributions of every member. We are a global team of curious, innovative problem-solvers who commit our knowledge, resources and technical expertise to the challenges associated with reducing emissions, enabling alternative energy sources and increasing efficiency, always innovating for a better future. We are committed to creating a great workplace for all team members. Our company and its members are committed to acting with integrity, being respectful and accountable to one another, and staying humble and driven, while maintaining the highest professional and ethical standards. We are steadfastly committed to attracting the best talent across our communities, creating a rewarding workplace. Together we are fulfilling our purpose to design and deliver energy control solutions our partners count on to power a clean future. We are looking for Senior Engineer Application for our team at Pune or Gurgaon location Key Responsibilities: Application Development: Fully proficient with application / calibration software (INCA / Toolkit) and associated operator interface/HMI software to support test setups, debug recommendations, and software changes. The candidate will be responsible for engine control system development and will be working with engine OEMs or aftermarket customers for development of engines or upgradation of existing solutions. The candidate will be involved right form working on technical solutions including system architecture, component sizing, harness design, supporting customer during engine / Genset calibration and testing using calibration tools. The candidate will be responsible for reviewing customers’ validation data as per Woodward’s application management process, conducting design review and application sign off with customer. Advanced Problem Solving: Identifies and resolves intricate technical challenges by analyzing multiple information sources and applying innovative solutions. Application Processes: Supports the commercial group in proposal creation, technical support of commercial offers, and customer presentations. Creates product specifications, software and application literature for Minor Scope Projects/Systems. Project Management: Leads small to medium sized engineering projects, coordinating resources and timelines to achieve project objectives. Technical Leadership: Guides the design and implementation of complex application systems, ensuring adherence to best practices and architectural standards. Key Skills: Technical Proficiency: Expertise in engine development cycle (large or small engines) with experience in either combustion development or engine control system, should be expert in using calibration tools like INCA or Toolkit. The candidate can possess experience in engine development either with Diesel or Gas as a fuel. Effective Communication: Proficient in conveying difficult or sensitive information and fostering consensus. Cross functional Collaboration: Skilled in working with multiple global teams and subject matter experts, internal and external, to build consensus and drive successful outcomes across multiple projects. Complex Problem Solving: Ability to solve sophisticated technical issues through analytical judgment. Demonstrates the ability to work autonomously with minimal supervision. Mentorship and Support: Acts as a resource for junior engineers, providing guidance, training, and knowledge sharing to enhance team expertise. Market and Competitive Awareness: Knowledge of market differentiators and competitive landscape to drive strategic initiatives. Analytical Skills: Ability to analyze multiple sources of information to make informed strategic decisions. Best Practices Knowledge: In depth understanding of industry best practices and their application within the organization. Promotes and implements process improvements Documentation and Record Keeping: Skilled in creating, maintaining and adhering to accurate technical requirements, documentation and records. Applying Standards: Working knowledge of standards and the ability to apply complex groupings of standards into projects. Candidate should be ready for travel 25% of time. Other Qualifications: 4 Year Bachelors degree AND 8+ years equivalent experience"
Woodward,Machinist II 1st Shift (M-F 6AM- 2:30PM),JR109465,"Niles, IL, US",United States of America,$16.49 - $28.60; $17.15 - $33.28,onsite,Mid,us_person,unknown,unknown,workday,N/A,2026-06-13T02:54:59Z,https://woodward.wd5.myworkdayjobs.com/en-US/woodward/job/Niles-IL-US/Machinist-II-1st-Shift--M-F-6AM--2-30PM-_JR109465-1,"Woodward’s Diversity, Inclusion and Belonging Commitment At Woodward, no matter where you are from, your physical appearance, or how you identify, you deserve the opportunity to reach your greatest potential. We are on a journey to achieve this as an organization and want to work closely with our members to set the right path. We humbly acknowledge this will be an imperfect journey. Yet, we are steadfastly committed to embracing the power of diverse people, perspectives and experiences for our current members, attracting the best talent across our communities, and creating an inclusive and rewarding workplaces for all. Woodward supports our members’ wellbeing and regularly benchmarks with other companies in our industry to offer an extensive Total Reward package for this position. Salary will be determined by the applicant's education, experience, knowledge, skills, and abilities, as well as internal equity and alignment with market data. Estimated annual base pay:
Machinist I - $16.49 - $28.60
Machinist II - $17.15 - $33.28
1st Shift Hours: 6:00am-2:30pm
All members included in cash bonus opportunity
401(k) match (4.5%)
Annual Woodward stock contribution (5%)
Tuition reimbursement and Training/Professional Development opportunities for all members 12 paid holidays, including floating holidays Industry leading medical, dental, and vision Insurance upon date of hire
Vacation / Sick Time / Vacation Buy-up / Short Term Disability / Bereavement leave Paid parental leave
Adoption Assistance Employee Assistance Program, including mental health benefits Member Life & AD&D / Long Term Disability / Member Optional Life Member referral bonus Spouse / Child Optional Life / Optional AD&D / Healthcare and Dependent Care Flexible Spending Voluntary benefits, including: Home / Auto Insurance discounts Whole Life Insurance / Critical Illness Insurance / Legal Assistance / Military Leave Are you ready to make your mark? If you’re a Machinist, we have an exciting opportunity for you. What you will be doing Set up and operate one or more of the following machines:
CNC Lathe Machines
CNC Mill/Turn Machines
CNC OD/ID Grinders
Complete paperwork while adhering to record retention requirements.
Document nonconforming material according to procedures, participate in activities to implement root cause and corrective actions identified.
Utilize work instructions, set-up sheets and method documents to correctly operate machines and inspect machined parts.
Utilize various gauging equipment to ensure conformance to the engineering specifications and standards through the production run.
Obtain certifications as necessary for required processes. What We Are Looking For Machinist I:
High School Diploma- Required
0-2 years’ experience in related work or applicable degree
General knowledge of machines and equipment functionality, and how tools could be used on such equipment/machines. This includes the ability to learn new systems quickly, understanding how parts relate, and how they impact system functionality.
Knowledge of CNC (Computer Numerically Controlled) programming/machining including the ability to read, understand, edit basic programs and/or basic knowledge of one or more of the following skills - grinding, turning, milling, drilling. Machinist II:
High school diploma or equivalent required
2-5 years' experience in related work
Knowledge of and ability to apply inspection techniques (e.g., formalized inspection standards, inspection instructions, best practices) and use inspection tools efficiently. The ability to read and use micrometers, functional and cylindrical gauges, comparators, indicator setups, calibration stickers and scales.
Intermediate ability to read, interpret and use the information presented in drawings, diagrams and blueprints to determine appropriate activities, tools, and next steps in the production process.
Intermediate knowledge of Geometric Dimensioning and Tolerancing such as perpendicularity, parallelism, flatness. This includes the ability to interpret tolerances on prints and perform inspection techniques. This includes the ability to interpret datum structures, material condition tolerances, orientation tolerances.
Knowledge of CNC (Computer Numerically Controlled) programming/machining including the ability to read, understand, edit basic programs and/or basic knowledge of one or more of the following skills - grinding, turning, milling, drilling.
General knowledge of machines and equipment functionality, and how tools could be used on such equipment/machines. This includes the ability to learn new systems quickly, understanding how parts relate, and how they impact system functionality. This also includes process optimization or the ability to identify opportunities to improve current production processes and to implement the necessary steps for the improvements.
The ability to define, diagnose, and resolve problems. This includes the ability to acquire and apply new knowledge and skills and the ability to integrate knowledge of current resources and constraints, priorities and manufacturing processes. This position requires use of information which is subject to the International Traffic in Arms Regulations (ITAR) and/or the Export Administration Regulations (EAR). All applicants must be U.S. Persons within the meaning of the ITAR and EAR, or eligible to obtain all required authorizations from the U.S. Department of State and/or the U.S. Department of Commerce. The ITAR defines a U.S. Person as a U.S. citizen or national, lawful permanent resident (i.e., 'Green Card holder'), or a protected person (e.g., asylee, or refugee). Woodward is an equal opportunity employer and does not discriminate in hiring or employment on the basis of race, color, religion, sex (including sexual orientation and gender identity), national origin, age, disability, protected veteran status, or any other category protected under federal, state, or local laws."
Woodward,2nd Shift Machinist I (M-F 2:40pm-11:10pm),JR109594,"Niles, IL, US",United States of America,,onsite,Mid,us_person,unknown,unknown,workday,N/A,2026-06-13T02:55:07Z,https://woodward.wd5.myworkdayjobs.com/en-US/woodward/job/Niles-IL-US/XMLNAME-2nd-Shift-Machinist-I--M-F-2-40pm-11-10pm-_JR109594,"Job Description Woodward is committed to creating a great workplace for all team members. Our company and its members are committed to acting with integrity, being respectful and accountable to one another, and staying humble and driven, while maintaining the highest professional and ethical standards. We are steadfastly committed to attracting the best talent across our communities creating a rewarding workplace. Together we are fulfilling our purpose to design and deliver energy control solutions our partners count on to power a clean future. Woodward supports our members’ wellbeing and regularly benchmarks with other companies in our industry to offer an extensive Total Reward package for this position. Salary will be determined by the Collective Bargaining Agreement and applicant's education, experience, knowledge, skills, and abilities, as well as internal equity and alignment with market data. Estimated hourly pay: $16.49(minimum) - $28.60 (maximum). Plus shift differential and overtime, if applicable Hours: M-F 2:40pm-11:10pm All members included in annual cash bonus opportunity 401(k) match (4.5%) Annual Woodward stock contribution (5%) Tuition reimbursement and Training/Professional Development opportunities for all members 12 paid holidays, including floating holidays Industry leading medical, dental, and vision Insurance upon date of hire Vacation / Sick Time / Vacation Buy-up / Short Term Disability / Bereavement leave Adoption Assistance Employee Assistance Program, including mental health benefits Member Life & AD&D / Long Term Disability / Member Optional Life Member referral bonus Spouse / Child Optional Life / Optional AD&D / Healthcare and Dependent Care Flexible Spending Voluntary benefits, including: Home / Auto Insurance discounts Whole Life Insurance / Critical Illness Insurance / Legal Assistance / Military Leave Are you ready to make your mark? If you are interested in becoming a Machinist at Woodward, we have an exciting opportunity for you! Machinist reports to the manufacturing supervisor and is responsible for setting up, operating and maintaining a limited number of machine types in an industrial setting. The position works under a high level of supervision, limited troubleshooting, decision-making and problem solving. There is limited contact with external suppliers or customers. What you will be doing... Assist in the set up, and operate machines with little or no supervision and perform required process checks or inspections per the process documentation Document nonconforming material according to procedures, participate in activities to implement root cause and corrective actions identified. Adhere to all safety standards, regulations and operating procedures. Utilize computer programs to enter part data (e.g., serial number), log time, look up instructions and blueprints and download programs. Utilize work instructions, set-up sheets and method documents to correctly operate machines and inspect machined parts. Utilize various gauging equipment to ensure conformance to the engineering specifications and standards through the production run. Clean and maintain measuring instruments and test equipment and inspect parts for cleanliness (e.g., routed and deburring operations). Operate precision inspection equipment and perform first piece check out when applicable to the job. (In Duarte, inspection completed by inspection department.) Interpret and follow blueprints for proper production task completion. Perform routed operations of precision close tolerance parts. Complete paperwork while adhering to record retention requirements. Utilize basic Six Sigma tools and methodology. What we are looking for... High school diploma or equivalent required At least 1 year of related work experience or applicable degree from a trade school. Knowledge of and ability to apply inspection techniques (e.g., formalized inspection standards, inspection instructions, best practices) and use inspection tools efficiently. The ability to read and use micrometers, functional and cylindrical gauges, comparators, indicator setups, calibration stickers and scales. The ability to read, interpret and use the information presented in drawings, diagrams and blueprints to determine appropriate activities, tools, and next steps in the production process. Ability to learn nonconformance procedures and processes when parts fail inspection. This includes knowledge of systems required to log and track failed inspections and associated documentation as needed within area of responsibility. Knowledge of Geometric Dimensioning and Tolerancing such as perpendicularity, perpendicularity under load, parallelism, flatness. This includes the ability to interpret tolerances on prints and perform inspection techniques. This includes the ability to interpret datum structures, material condition tolerances, orientation tolerances. Knowledge of CNC (Computer Numerically Controlled) programming/machining including the ability to read, understand, edit basic programs and/or basic knowledge of one or more of the following skills - grinding, turning, milling, drilling. Knowledge of how quality impacts the success of the organization including costs to customers, costs of recalls and potential costs due to negative impacts on a company's reputation. This includes taking the necessary steps to ensure quality on a consistent basis and striving for improvement. Basic written/verbal communication skills Basic computer skills Willingness to demonstrate eagerness, enthusiasm, and optimism for work activities Detail orientation and ability to follow work instructions This position requires use of information which is subject to the International Traffic in Arms Regulations (ITAR) and the Export Administration Regulations (EAR). All applicants must be U.S. persons within the meaning of ITAR and EAR, or possess all required authorizations from the U.S. Department of State Department and the U.S. Department of Commerce. ITAR defines a U.S. person as a U.S. Citizen, U.S. Permanent Resident (i.e. 'Green Card Holder'), Political Asylee, or Refugee. Woodward is an Equal Opportunity Employer EO/AA/M/F/Disabled/Protected Veterans"
Woodward,Machinist II 1st Shift (M-F 6AM- 2:30PM),JR109617,"Niles, IL, US",United States of America,$16.49 - $28.60; $17.15 - $33.28,onsite,Mid,us_person,unknown,unknown,workday,N/A,2026-06-13T02:55:09Z,https://woodward.wd5.myworkdayjobs.com/en-US/woodward/job/Niles-IL-US/Machinist-II-1st-Shift--M-F-6AM--2-30PM-_JR109617,"Woodward’s Diversity, Inclusion and Belonging Commitment At Woodward, no matter where you are from, your physical appearance, or how you identify, you deserve the opportunity to reach your greatest potential. We are on a journey to achieve this as an organization and want to work closely with our members to set the right path. We humbly acknowledge this will be an imperfect journey. Yet, we are steadfastly committed to embracing the power of diverse people, perspectives and experiences for our current members, attracting the best talent across our communities, and creating an inclusive and rewarding workplaces for all. Woodward supports our members’ wellbeing and regularly benchmarks with other companies in our industry to offer an extensive Total Reward package for this position. Salary will be determined by the applicant's education, experience, knowledge, skills, and abilities, as well as internal equity and alignment with market data. Estimated annual base pay: Machinist I - $16.49 - $28.60 Machinist II - $17.15 - $33.28 1st Shift Hours: 6:00am-2:30pm All members included in cash bonus opportunity 401(k) match (4.5%) Annual Woodward stock contribution (5%) Tuition reimbursement and Training/Professional Development opportunities for all members 12 paid holidays, including floating holidays Industry leading medical, dental, and vision Insurance upon date of hire Vacation / Sick Time / Vacation Buy-up / Short Term Disability / Bereavement leave Paid parental leave Adoption Assistance Employee Assistance Program, including mental health benefits Member Life & AD&D / Long Term Disability / Member Optional Life Member referral bonus Spouse / Child Optional Life / Optional AD&D / Healthcare and Dependent Care Flexible Spending Voluntary benefits, including: Home / Auto Insurance discounts Whole Life Insurance / Critical Illness Insurance / Legal Assistance / Military Leave Are you ready to make your mark? If you’re a Machinist, we have an exciting opportunity for you. What you will be doing Set up and operate one or more of the following machines: CNC Lathe Machines CNC Mill/Turn Machines CNC OD/ID Grinders Complete paperwork while adhering to record retention requirements. Document nonconforming material according to procedures, participate in activities to implement root cause and corrective actions identified. Utilize work instructions, set-up sheets and method documents to correctly operate machines and inspect machined parts. Utilize various gauging equipment to ensure conformance to the engineering specifications and standards through the production run. Obtain certifications as necessary for required processes. What We Are Looking For Machinist I: High School Diploma- Required 0-2 years’ experience in related work or applicable degree General knowledge of machines and equipment functionality, and how tools could be used on such equipment/machines. This includes the ability to learn new systems quickly, understanding how parts relate, and how they impact system functionality. Knowledge of CNC (Computer Numerically Controlled) programming/machining including the ability to read, understand, edit basic programs and/or basic knowledge of one or more of the following skills - grinding, turning, milling, drilling. Machinist II: High school diploma or equivalent required 2-5 years' experience in related work Knowledge of and ability to apply inspection techniques (e.g., formalized inspection standards, inspection instructions, best practices) and use inspection tools efficiently. The ability to read and use micrometers, functional and cylindrical gauges, comparators, indicator setups, calibration stickers and scales. Intermediate ability to read, interpret and use the information presented in drawings, diagrams and blueprints to determine appropriate activities, tools, and next steps in the production process. Intermediate knowledge of Geometric Dimensioning and Tolerancing such as perpendicularity, parallelism, flatness. This includes the ability to interpret tolerances on prints and perform inspection techniques. This includes the ability to interpret datum structures, material condition tolerances, orientation tolerances. Knowledge of CNC (Computer Numerically Controlled) programming/machining including the ability to read, understand, edit basic programs and/or basic knowledge of one or more of the following skills - grinding, turning, milling, drilling. General knowledge of machines and equipment functionality, and how tools could be used on such equipment/machines. This includes the ability to learn new systems quickly, understanding how parts relate, and how they impact system functionality. This also includes process optimization or the ability to identify opportunities to improve current production processes and to implement the necessary steps for the improvements. The ability to define, diagnose, and resolve problems. This includes the ability to acquire and apply new knowledge and skills and the ability to integrate knowledge of current resources and constraints, priorities and manufacturing processes. This position requires use of information which is subject to the International Traffic in Arms Regulations (ITAR) and/or the Export Administration Regulations (EAR). All applicants must be U.S. Persons within the meaning of the ITAR and EAR, or eligible to obtain all required authorizations from the U.S. Department of State and/or the U.S. Department of Commerce. The ITAR defines a U.S. Person as a U.S. citizen or national, lawful permanent resident (i.e., 'Green Card holder'), or a protected person (e.g., asylee, or refugee). Woodward is an equal opportunity employer and does not discriminate in hiring or employment on the basis of race, color, religion, sex (including sexual orientation and gender identity), national origin, age, disability, protected veteran status, or any other category protected under federal, state, or local laws."
Woodward,Machinist II (1st Shift 6AM- 2:30PM),JR109643,"Niles, IL, US",United States of America,$17.15 - $33.28,onsite,Mid,us_person,unknown,unknown,workday,N/A,2026-06-13T02:55:13Z,https://woodward.wd5.myworkdayjobs.com/en-US/woodward/job/Niles-IL-US/Machinist-II--1st-Shift-6AM--2-30PM-_JR109643-1,"At Woodward, no matter where you are from, your physical appearance, or how you identify, you deserve the opportunity to reach your greatest potential. We are on a journey to achieve this as an organization and want to work closely with our members to set the right path. We humbly acknowledge this will be an imperfect journey. Yet, we are steadfastly committed to embracing the power of diverse people, perspectives and experiences for our current members, attracting the best talent across our communities, and creating an inclusive and rewarding workplaces for all. Woodward supports our members’ wellbeing and regularly benchmarks with other companies in our industry to offer an extensive Total Reward package for this position. Salary will be determined by the applicant's education, experience, knowledge, skills, and abilities, as well as internal equity and alignment with market data. Estimated annual base pay: Machinist II - $17.15 - $33.28 1st Shift Hours: 6:00am-2:30pm All members included in cash bonus opportunity 401(k) match (4.5%) Annual Woodward stock contribution (5%) Tuition reimbursement and Training/Professional Development opportunities for all members 12 paid holidays, including floating holidays Industry leading medical, dental, and vision Insurance upon date of hire Vacation / Sick Time / Vacation Buy-up / Short Term Disability / Bereavement leave Paid parental leave Adoption Assistance Employee Assistance Program, including mental health benefits Member Life & AD&D / Long Term Disability / Member Optional Life Member referral bonus Spouse / Child Optional Life / Optional AD&D / Healthcare and Dependent Care Flexible Spending Voluntary benefits, including: Home / Auto Insurance discounts Whole Life Insurance / Critical Illness Insurance / Legal Assistance / Military Leave Are you ready to make your mark? If you’re a Machinist, we have an exciting opportunity for you. What you will be doing Set up and operate one or more of the following machines: CNC Lathe Machines CNC Mill/Turn Machines CNC OD/ID Grinders Complete paperwork while adhering to record retention requirements. Document nonconforming material according to procedures, participate in activities to implement root cause and corrective actions identified. Utilize work instructions, set-up sheets and method documents to correctly operate machines and inspect machined parts. Utilize various gauging equipment to ensure conformance to the engineering specifications and standards through the production run. Obtain certifications as necessary for required processes. What We Are Looking For Machinist II: High school diploma or equivalent required 2-5 years' experience in related work Knowledge of and ability to apply inspection techniques (e.g., formalized inspection standards, inspection instructions, best practices) and use inspection tools efficiently. The ability to read and use micrometers, functional and cylindrical gauges, comparators, indicator setups, calibration stickers and scales. Intermediate ability to read, interpret and use the information presented in drawings, diagrams and blueprints to determine appropriate activities, tools, and next steps in the production process. Intermediate knowledge of Geometric Dimensioning and Tolerancing such as perpendicularity, parallelism, flatness. This includes the ability to interpret tolerances on prints and perform inspection techniques. This includes the ability to interpret datum structures, material condition tolerances, orientation tolerances. Knowledge of CNC (Computer Numerically Controlled) programming/machining including the ability to read, understand, edit basic programs and/or basic knowledge of one or more of the following skills - grinding, turning, milling, drilling. General knowledge of machines and equipment functionality, and how tools could be used on such equipment/machines. This includes the ability to learn new systems quickly, understanding how parts relate, and how they impact system functionality. This also includes process optimization or the ability to identify opportunities to improve current production processes and to implement the necessary steps for the improvements. The ability to define, diagnose, and resolve problems. This includes the ability to acquire and apply new knowledge and skills and the ability to integrate knowledge of current resources and constraints, priorities and manufacturing processes. This position requires use of information which is subject to the International Traffic in Arms Regulations (ITAR) and/or the Export Administration Regulations (EAR). All applicants must be U.S. Persons within the meaning of the ITAR and EAR, or eligible to obtain all required authorizations from the U.S. Department of State and/or the U.S. Department of Commerce. The ITAR defines a U.S. Person as a U.S. citizen or national, lawful permanent resident (i.e., 'Green Card holder'), or a protected person (e.g., asylee, or refugee). Woodward is an equal opportunity employer and does not discriminate in hiring or employment on the basis of race, color, religion, sex (including sexual orientation and gender identity), national origin, age, disability, protected veteran status, or any other category protected under federal, state, or local laws"
Woodward,"Machinist II (CNC Milling) 3rd Shift, M-F 10PM- 6:30AM)",JR110581,"Niles, IL, US",United States of America,$17.15 - $33.28,onsite,Mid,us_person,unknown,unknown,workday,N/A,2026-06-13T02:55:17Z,https://woodward.wd5.myworkdayjobs.com/en-US/woodward/job/Niles-IL-US/Machinist-II--CNC-Milling--3rd-Shift--M-F-10PM--6-30AM-_JR110581-2,"Woodward is committed to creating a great workplace for all team members. Our company and its members are committed to acting with integrity, being respectful and accountable to one another, and staying humble and driven, while maintaining the highest professional and ethical standards. We are steadfastly committed to attracting the best talent across our communities creating a rewarding workplace. Together we are fulfilling our purpose to design and deliver energy control solutions our partners count on to power a clean future. Woodward supports our members’ wellbeing and regularly benchmarks with other companies in our industry to offer an extensive Total Reward package for this position. Salary will be determined by the applicant's education, experience, knowledge, skills, and abilities, as well as internal equity and alignment with market data. Estimated annual base pay: Machinist II - $17.15 - $33.28 3rd Shift Hours: 10:00 pm - 6:30 am All members included in cash bonus opportunity 15% shift differential plus overtime All members included in cash bonus opportunity 401(k) match (4.5%) Annual Woodward stock contribution (5%) Tuition reimbursement and Training/Professional Development opportunities for all members 12 paid holidays, including floating holidays Industry leading medical, dental, and vision Insurance upon date of hire Vacation / Sick Time / Vacation Buy-up / Short Term Disability / Bereavement leave Paid parental leave Adoption Assistance Employee Assistance Program, including mental health benefits Member Life & AD&D / Long Term Disability / Member Optional Life Member referral bonus Spouse / Child Optional Life / Optional AD&D / Healthcare and Dependent Care Flexible Spending Voluntary benefits, including: Home / Auto Insurance discounts Whole Life Insurance / Critical Illness Insurance / Legal Assistance / Military Leave Are you ready to make your mark? If you’re a Machinist II, we have an exciting opportunity for you. What you will be doing Physical Activity: Moderate physical activity requiring agility and dexterity, including walking, standing, or bending; and lifting or moving objects. Work is performed in an area with moderate risk or discomfort that may require special safety precautions, such as wearing protective clothing or gear. May be required to pass Near Vision and/or Color Vision examinations. Set up and operate one or more of the following machines: CNC Swiss CNC Mill/Turn Machines, Gear Hobbing Complete paperwork while adhering to record retention requirements. Document nonconforming material according to procedures, participate in activities to implement root cause and corrective actions identified. Utilize work instructions, set-up sheets and method documents to correctly operate machines and inspect machined parts. Utilize various gauging equipment to ensure conformance to the engineering specifications and standards through the production run. Obtain certifications as necessary for required processes. What We Are Looking For Machinist II: High school diploma or equivalent required 2-5 years' experience in related work Knowledge of and ability to apply inspection techniques (e.g., formalized inspection standards, inspection instructions, best practices) and use inspection tools efficiently. The ability to read and use micrometers, functional and cylindrical gauges, comparators, indicator setups, calibration stickers and scales. Intermediate ability to read, interpret and use the information presented in drawings, diagrams and blueprints to determine appropriate activities, tools, and next steps in the production process. Intermediate knowledge of Geometric Dimensioning and Tolerancing such as perpendicularity, parallelism, flatness. This includes the ability to interpret tolerances on prints and perform inspection techniques. This includes the ability to interpret datum structures, material condition tolerances, orientation tolerances. Knowledge of CNC (Computer Numerically Controlled) programming/machining including the ability to read, understand, edit basic programs and/or basic knowledge of one or more of the following skills - grinding, turning, milling, drilling. General knowledge of machines and equipment functionality, and how tools could be used on such equipment/machines. This includes the ability to learn new systems quickly, understanding how parts relate, and how they impact system functionality. This also includes process optimization or the ability to identify opportunities to improve current production processes and to implement the necessary steps for the improvements. The ability to define, diagnose, and resolve problems. This includes the ability to acquire and apply new knowledge and skills and the ability to integrate knowledge of current resources and constraints, priorities and manufacturing processes. This position requires use of information which is subject to the International Traffic in Arms Regulations (ITAR) and/or the Export Administration Regulations (EAR). All applicants must be U.S. Persons within the meaning of the ITAR and EAR, or eligible to obtain all required authorizations from the U.S. Department of State and/or the U.S. Department of Commerce. The ITAR defines a U.S. Person as a U.S. citizen or national, lawful permanent resident (i.e., 'Green Card holder'), or a protected person (e.g., asylee, or refugee). Woodward is an equal opportunity employer and does not discriminate in hiring or employment on the basis of race, color, religion, sex (including sexual orientation and gender identity), national origin, age, disability, protected veteran status, or any other category protected under federal, state, or local laws."
Woodward,"Machinist 1 (Gear Cutting) -3rd Shift, M-F 10PM- 6:30PM",JR110579,"Niles, IL, US",United States of America,,onsite,Mid,us_person,unknown,unknown,workday,N/A,2026-06-13T02:55:21Z,https://woodward.wd5.myworkdayjobs.com/en-US/woodward/job/Niles-IL-US/Machinist-1--Gear-Cutting---3rd-Shift--M-F-10PM--6-30PM_JR110579-2,"Woodward is committed to creating a great workplace for all team members. Our company and its members are committed to acting with integrity, being respectful and accountable to one another, and staying humble and driven, while maintaining the highest professional and ethical standards. We are steadfastly committed to attracting the best talent across our communities creating a rewarding workplace. Together we are fulfilling our purpose to design and deliver energy control solutions our partners count on to power a clean future. Woodward supports our members’ wellbeing and regularly benchmarks with other companies in our industry to offer an extensive Total Reward package for this position. Salary will be determined by the Collective Bargaining Agreement and applicant's education, experience, knowledge, skills, and abilities, as well as internal equity and alignment with market data. Estimated hourly pay: $16.49(minimum) - $28.60 (maximum). 3rd Shift Hours: 10:00 pm-6:30 am All members included in annual cash bonus opportunity 401(k) match (4.5%) Annual Woodward stock contribution (5%) Tuition reimbursement and Training/Professional Development opportunities for all members 12 paid holidays, including floating holidays Industry leading medical, dental, and vision Insurance upon date of hire Vacation / Sick Time / Vacation Buy-up / Short Term Disability / Bereavement leave Adoption Assistance Employee Assistance Program, including mental health benefits Member Life & AD&D / Long Term Disability / Member Optional Life Member referral bonus Spouse / Child Optional Life / Optional AD&D / Healthcare and Dependent Care Flexible Spending Voluntary benefits, including: Home / Auto Insurance discounts Whole Life Insurance / Critical Illness Insurance / Legal Assistance / Military Leave Are you ready to make your mark? If you are interested in becoming a Machinist 1 at Woodward, we have an exciting opportunity for you! Machinist reports to the manufacturing supervisor and is responsible for setting up, operating and maintaining a limited number of machine types in an industrial setting. The position works under a high level of supervision, limited troubleshooting, decision-making and problem solving. There is limited contact with external suppliers or customers. What you will be doing... Assist in the set up, and operate machines with little or no supervision and perform required process checks or inspections per the process documentation Document nonconforming material according to procedures, participate in activities to implement root cause and corrective actions identified. Adhere to all safety standards, regulations and operating procedures. Utilize computer programs to enter part data (e.g., serial number), log time, look up instructions and blueprints and download programs. Utilize work instructions, set-up sheets and method documents to correctly operate machines and inspect machined parts. Utilize various gauging equipment to ensure conformance to the engineering specifications and standards through the production run. Clean and maintain measuring instruments and test equipment and inspect parts for cleanliness (e.g., routed and deburring operations). Operate precision inspection equipment and perform first piece check out when applicable to the job. (In Duarte, inspection completed by inspection department.) Interpret and follow blueprints for proper production task completion. Perform routed operations of precision close tolerance parts. Complete paperwork while adhering to record retention requirements. Utilize basic Six Sigma tools and methodology. What we are looking for... High school diploma or equivalent required At least 1 year of related work experience or applicable degree from a trade school. Knowledge of and ability to apply inspection techniques (e.g., formalized inspection standards, inspection instructions, best practices) and use inspection tools efficiently. The ability to read and use micrometers, functional and cylindrical gauges, comparators, indicator setups, calibration stickers and scales. The ability to read, interpret and use the information presented in drawings, diagrams and blueprints to determine appropriate activities, tools, and next steps in the production process. Ability to learn nonconformance procedures and processes when parts fail inspection. This includes knowledge of systems required to log and track failed inspections and associated documentation as needed within area of responsibility. Knowledge of Geometric Dimensioning and Tolerancing such as perpendicularity, perpendicularity under load, parallelism, flatness. This includes the ability to interpret tolerances on prints and perform inspection techniques. This includes the ability to interpret datum structures, material condition tolerances, orientation tolerances. Knowledge of CNC (Computer Numerically Controlled) programming/machining including the ability to read, understand, edit basic programs and/or basic knowledge of one or more of the following skills - grinding, turning, milling, drilling. Knowledge of how quality impacts the success of the organization including costs to customers, costs of recalls and potential costs due to negative impacts on a company's reputation. This includes taking the necessary steps to ensure quality on a consistent basis and striving for improvement. Basic written/verbal communication skills Basic computer skills Willingness to demonstrate eagerness, enthusiasm, and optimism for work activities Detail orientation and ability to follow work instructions This position requires use of information which is subject to the International Traffic in Arms Regulations (ITAR) and the Export Administration Regulations (EAR). All applicants must be U.S. persons within the meaning of ITAR and EAR, or possess all required authorizations from the U.S. Department of State Department and the U.S. Department of Commerce. ITAR defines a U.S. person as a U.S. Citizen, U.S. Permanent Resident (i.e. 'Green Card Holder'), Political Asylee, or Refugee. Woodward is an Equal Opportunity Employer EO/AA/M/F/Disabled/Protected Veterans"
Woodward,"Machinist 1 (Gear Cutting) -3rd Shift, M-F 10PM- 6:30AM",JR110577,"Niles, IL, US",United States of America,,onsite,Mid,us_person,unknown,unknown,workday,N/A,2026-06-13T02:55:25Z,https://woodward.wd5.myworkdayjobs.com/en-US/woodward/job/Niles-IL-US/Machinist-1--Gear-Cutting---3rd-Shift--M-F-10PM--6-30PM_JR110577-2,"Woodward is committed to creating a great workplace for all team members. Our company and its members are committed to acting with integrity, being respectful and accountable to one another, and staying humble and driven, while maintaining the highest professional and ethical standards. We are steadfastly committed to attracting the best talent across our communities creating a rewarding workplace. Together we are fulfilling our purpose to design and deliver energy control solutions our partners count on to power a clean future. Woodward supports our members’ wellbeing and regularly benchmarks with other companies in our industry to offer an extensive Total Reward package for this position. Salary will be determined by the Collective Bargaining Agreement and applicant's education, experience, knowledge, skills, and abilities, as well as internal equity and alignment with market data. Estimated hourly pay: $16.49(minimum) - $28.60 (maximum). 3rd Shift Hours: 10:00 pm- 6:30 am All members included in annual cash bonus opportunity 401(k) match (4.5%) Annual Woodward stock contribution (5%) Tuition reimbursement and Training/Professional Development opportunities for all members 12 paid holidays, including floating holidays Industry leading medical, dental, and vision Insurance upon date of hire Vacation / Sick Time / Vacation Buy-up / Short Term Disability / Bereavement leave Adoption Assistance Employee Assistance Program, including mental health benefits Member Life & AD&D / Long Term Disability / Member Optional Life Member referral bonus Spouse / Child Optional Life / Optional AD&D / Healthcare and Dependent Care Flexible Spending Voluntary benefits, including: o Home / Auto Insurance discounts o Whole Life Insurance / Critical Illness Insurance / Legal Assistance / Military Leave Are you ready to make your mark? If you are interested in becoming a Machinist 1 at Woodward, we have an exciting opportunity for you! Machinist reports to the manufacturing supervisor and is responsible for setting up, operating and maintaining a limited number of machine types in an industrial setting. The position works under a high level of supervision, limited troubleshooting, decision-making and problem solving. There is limited contact with external suppliers or customers. What you will be doing... Assist in the set up, and operate machines with little or no supervision and perform required process checks or inspections per the process documentation Document nonconforming material according to procedures, participate in activities to implement root cause and corrective actions identified. Adhere to all safety standards, regulations and operating procedures. Utilize computer programs to enter part data (e.g., serial number), log time, look up instructions and blueprints and download programs. Utilize work instructions, set-up sheets and method documents to correctly operate machines and inspect machined parts. Utilize various gauging equipment to ensure conformance to the engineering specifications and standards through the production run. Clean and maintain measuring instruments and test equipment and inspect parts for cleanliness (e.g., routed and deburring operations). Operate precision inspection equipment and perform first piece check out when applicable to the job. (In Duarte, inspection completed by inspection department.) Interpret and follow blueprints for proper production task completion. Perform routed operations of precision close tolerance parts. Complete paperwork while adhering to record retention requirements. Utilize basic Six Sigma tools and methodology. What we are looking for... High school diploma or equivalent required At least 1 year of related work experience or applicable degree from a trade school. Knowledge of and ability to apply inspection techniques (e.g., formalized inspection standards, inspection instructions, best practices) and use inspection tools efficiently. The ability to read and use micrometers, functional and cylindrical gauges, comparators, indicator setups, calibration stickers and scales. The ability to read, interpret and use the information presented in drawings, diagrams and blueprints to determine appropriate activities, tools, and next steps in the production process. Ability to learn nonconformance procedures and processes when parts fail inspection. This includes knowledge of systems required to log and track failed inspections and associated documentation as needed within area of responsibility. Knowledge of Geometric Dimensioning and Tolerancing such as perpendicularity, perpendicularity under load, parallelism, flatness. This includes the ability to interpret tolerances on prints and perform inspection techniques. This includes the ability to interpret datum structures, material condition tolerances, orientation tolerances. Knowledge of CNC (Computer Numerically Controlled) programming/machining including the ability to read, understand, edit basic programs and/or basic knowledge of one or more of the following skills - grinding, turning, milling, drilling. Knowledge of how quality impacts the success of the organization including costs to customers, costs of recalls and potential costs due to negative impacts on a company's reputation. This includes taking the necessary steps to ensure quality on a consistent basis and striving for improvement. Basic written/verbal communication skills Basic computer skills Willingness to demonstrate eagerness, enthusiasm, and optimism for work activities Detail orientation and ability to follow work instructions This position requires use of information which is subject to the International Traffic in Arms Regulations (ITAR) and the Export Administration Regulations (EAR). All applicants must be U.S. persons within the meaning of ITAR and EAR, or possess all required authorizations from the U.S. Department of State Department and the U.S. Department of Commerce. ITAR defines a U.S. person as a U.S. Citizen, U.S. Permanent Resident (i.e. 'Green Card Holder'), Political Asylee, or Refugee. Woodward is an Equal Opportunity Employer EO/AA/M/F/Disabled/Protected Veterans"
Woodward,Machinist II/III (CNC Lathe Twin Spindle) 3rd Shift M-F 10PM- 6:30AM,JR110575,"Niles, IL, US",United States of America,$17.15 - $33.28; $17.81 - $38.72,onsite,Mid,us_person,unknown,unknown,workday,N/A,2026-06-13T02:55:29Z,https://woodward.wd5.myworkdayjobs.com/en-US/woodward/job/Niles-IL-US/Machinist-II-III--CNC-Lathe-Twin-Spindle--3rd-Shift-M-F-10PM--6-30AM_JR110575-2,"Woodward is committed to creating a great workplace for all team members. Our company and its members are committed to acting with integrity, being respectful and accountable to one another, and staying humble and driven, while maintaining the highest professional and ethical standards. We are steadfastly committed to attracting the best talent across our communities creating a rewarding workplace. Together we are fulfilling our purpose to design and deliver energy control solutions our partners count on to power a clean future. Woodward supports our members’ wellbeing and regularly benchmarks with other companies in our industry to offer an extensive Total Reward package for this position. Salary will be determined by the applicant's education, experience, knowledge, skills, and abilities, as well as internal equity and alignment with market data. Estimated annual base pay: Machinist II - $17.15 - $33.28 Machinist III - $17.81 - $38.72 3rd Shift Hours: 10:00 pm - 6:30 am All members included in annual cash bonus opportunity 15% shift differential plus overtime All members included in cash bonus opportunity 401(k) match (4.5%) Annual Woodward stock contribution (5%) Tuition reimbursement and Training/Professional Development opportunities for all members 12 paid holidays, including floating holidays Industry leading medical, dental, and vision Insurance upon date of hire Vacation / Sick Time / Vacation Buy-up / Short Term Disability / Bereavement leave Paid parental leave Adoption Assistance Employee Assistance Program, including mental health benefits Member Life & AD&D / Long Term Disability / Member Optional Life Member referral bonus Spouse / Child Optional Life / Optional AD&D / Healthcare and Dependent Care Flexible Spending Voluntary benefits, including: Home / Auto Insurance discounts Whole Life Insurance / Critical Illness Insurance / Legal Assistance / Military Leave Are you ready to make your mark? If you’re a Machinist, we have an exciting opportunity for you. What you will be doing Physical Activity: Moderate physical activity requiring agility and dexterity, including walking, standing, or bending; and lifting or moving objects. Work is performed in an area with moderate risk or discomfort that may require special safety precautions, such as wearing protective clothing or gear. May be required to pass Near Vision and/or Color Vision examinations. Set up and operate one or more of the following machines: CNC Swiss CNC Mill/Turn Machines, Gear Hobbing Complete paperwork while adhering to record retention requirements. Document nonconforming material according to procedures, participate in activities to implement root cause and corrective actions identified. Utilize work instructions, set-up sheets and method documents to correctly operate machines and inspect machined parts. Utilize various gauging equipment to ensure conformance to the engineering specifications and standards through the production run. Obtain certifications as necessary for required processes. What We Are Looking For Machinist II: High school diploma or equivalent required 2-5 years' experience in related work Knowledge of and ability to apply inspection techniques (e.g., formalized inspection standards, inspection instructions, best practices) and use inspection tools efficiently. The ability to read and use micrometers, functional and cylindrical gauges, comparators, indicator setups, calibration stickers and scales. Intermediate ability to read, interpret and use the information presented in drawings, diagrams and blueprints to determine appropriate activities, tools, and next steps in the production process. Intermediate knowledge of Geometric Dimensioning and Tolerancing such as perpendicularity, parallelism, flatness. This includes the ability to interpret tolerances on prints and perform inspection techniques. This includes the ability to interpret datum structures, material condition tolerances, orientation tolerances. Knowledge of CNC (Computer Numerically Controlled) programming/machining including the ability to read, understand, edit basic programs and/or basic knowledge of one or more of the following skills - grinding, turning, milling, drilling. General knowledge of machines and equipment functionality, and how tools could be used on such equipment/machines. This includes the ability to learn new systems quickly, understanding how parts relate, and how they impact system functionality. This also includes process optimization or the ability to identify opportunities to improve current production processes and to implement the necessary steps for the improvements. The ability to define, diagnose, and resolve problems. This includes the ability to acquire and apply new knowledge and skills and the ability to integrate knowledge of current resources and constraints, priorities and manufacturing processes. Machinist III: High school diploma or equivalent required 5+ years' experience in related work Advanced ability to read, interpret and use the information presented in drawings, diagrams and blueprints to determine appropriate activities, tools, and next steps in the production process. Advanced knowledge of Geometric Dimensioning and Tolerancing such as perpendicularity, parallelism, flatness. This includes the ability to interpret tolerances on prints and perform inspection techniques. This includes the ability to interpret and apply datum structures, material condition tolerances, orientation tolerances to solve complex manufacturing issues. This position requires use of information which is subject to the International Traffic in Arms Regulations (ITAR) and/or the Export Administration Regulations (EAR). All applicants must be U.S. Persons within the meaning of the ITAR and EAR, or eligible to obtain all required authorizations from the U.S. Department of State and/or the U.S. Department of Commerce. The ITAR defines a U.S. Person as a U.S. citizen or national, lawful permanent resident (i.e., 'Green Card holder'), or a protected person (e.g., asylee, or refugee). Woodward is an equal opportunity employer and does not discriminate in hiring or employment on the basis of race, color, religion, sex (including sexual orientation and gender identity), national origin, age, disability, protected veteran status, or any other category protected under federal, state, or local laws."
Woodward,Machinist II (CNC EDM) 3rd Shift M-F 10PM- 6:30AM,JR110582,"Niles, IL, US",United States of America,$17.15 - $33.28,onsite,Mid,us_person,unknown,unknown,workday,N/A,2026-06-13T02:55:34Z,https://woodward.wd5.myworkdayjobs.com/en-US/woodward/job/Niles-IL-US/Machinist-II--CNC-EDM--3rd-Shift-M-F-10PM--6-30AM_JR110582-2,"Woodward is committed to creating a great workplace for all team members. Our company and its members are committed to acting with integrity, being respectful and accountable to one another, and staying humble and driven, while maintaining the highest professional and ethical standards. We are steadfastly committed to attracting the best talent across our communities creating a rewarding workplace. Together we are fulfilling our purpose to design and deliver energy control solutions our partners count on to power a clean future. Woodward supports our members’ wellbeing and regularly benchmarks with other companies in our industry to offer an extensive Total Reward package for this position. Salary will be determined by the applicant's education, experience, knowledge, skills, and abilities, as well as internal equity and alignment with market data. Estimated annual base pay: Machinist II - $17.15 - $33.28 3rd Shift Hours: 10:00 pm - 6:30 am All members included in cash bonus opportunity 15% shift differential plus overtime All members included in cash bonus opportunity 401(k) match (4.5%) Annual Woodward stock contribution (5%) Tuition reimbursement and Training/Professional Development opportunities for all members 12 paid holidays, including floating holidays Industry leading medical, dental, and vision Insurance upon date of hire Vacation / Sick Time / Vacation Buy-up / Short Term Disability / Bereavement leave Paid parental leave Adoption Assistance Employee Assistance Program, including mental health benefits Member Life & AD&D / Long Term Disability / Member Optional Life Member referral bonus Spouse / Child Optional Life / Optional AD&D / Healthcare and Dependent Care Flexible Spending Voluntary benefits, including: Home / Auto Insurance discounts Whole Life Insurance / Critical Illness Insurance / Legal Assistance / Military Leave Are you ready to make your mark? If you’re a Machinist II, we have an exciting opportunity for you. What you will be doing Physical Activity: Moderate physical activity requiring agility and dexterity, including walking, standing, or bending; and lifting or moving objects. Work is performed in an area with moderate risk or discomfort that may require special safety precautions, such as wearing protective clothing or gear. May be required to pass Near Vision and/or Color Vision examinations. Set up and operate one or more of the following machines: CNC Swiss CNC Mill/Turn Machines, Gear Hobbing Complete paperwork while adhering to record retention requirements. Document nonconforming material according to procedures, participate in activities to implement root cause and corrective actions identified. Utilize work instructions, set-up sheets and method documents to correctly operate machines and inspect machined parts. Utilize various gauging equipment to ensure conformance to the engineering specifications and standards through the production run. Obtain certifications as necessary for required processes. What We Are Looking For Machinist II: High school diploma or equivalent required 2-5 years' experience in related work Knowledge of and ability to apply inspection techniques (e.g., formalized inspection standards, inspection instructions, best practices) and use inspection tools efficiently. The ability to read and use micrometers, functional and cylindrical gauges, comparators, indicator setups, calibration stickers and scales. Intermediate ability to read, interpret and use the information presented in drawings, diagrams and blueprints to determine appropriate activities, tools, and next steps in the production process. Intermediate knowledge of Geometric Dimensioning and Tolerancing such as perpendicularity, parallelism, flatness. This includes the ability to interpret tolerances on prints and perform inspection techniques. This includes the ability to interpret datum structures, material condition tolerances, orientation tolerances. Knowledge of CNC (Computer Numerically Controlled) programming/machining including the ability to read, understand, edit basic programs and/or basic knowledge of one or more of the following skills - grinding, turning, milling, drilling. General knowledge of machines and equipment functionality, and how tools could be used on such equipment/machines. This includes the ability to learn new systems quickly, understanding how parts relate, and how they impact system functionality. This also includes process optimization or the ability to identify opportunities to improve current production processes and to implement the necessary steps for the improvements. The ability to define, diagnose, and resolve problems. This includes the ability to acquire and apply new knowledge and skills and the ability to integrate knowledge of current resources and constraints, priorities and manufacturing processes. This position requires use of information which is subject to the International Traffic in Arms Regulations (ITAR) and/or the Export Administration Regulations (EAR). All applicants must be U.S. Persons within the meaning of the ITAR and EAR, or eligible to obtain all required authorizations from the U.S. Department of State and/or the U.S. Department of Commerce. The ITAR defines a U.S. Person as a U.S. citizen or national, lawful permanent resident (i.e., 'Green Card holder'), or a protected person (e.g., asylee, or refugee). Woodward is an equal opportunity employer and does not discriminate in hiring or employment on the basis of race, color, religion, sex (including sexual orientation and gender identity), national origin, age, disability, protected veteran status, or any other category protected under federal, state, or local laws."
Woodward,Machinist II/III (CNC Lathe Twin Spindle) 3rd Shift M-F 10PM- 6:30AM,JR110576,"Niles, IL, US",United States of America,$17.15 - $33.28; $17.81 - $38.72,onsite,Mid,us_person,unknown,unknown,workday,N/A,2026-06-13T02:55:37Z,https://woodward.wd5.myworkdayjobs.com/en-US/woodward/job/Niles-IL-US/Machinist-II-III--CNC-Lathe-Twin-Spindle--3rd-Shift-M-F-10PM--6-30AM_JR110576-2,"Woodward is committed to creating a great workplace for all team members. Our company and its members are committed to acting with integrity, being respectful and accountable to one another, and staying humble and driven, while maintaining the highest professional and ethical standards. We are steadfastly committed to attracting the best talent across our communities creating a rewarding workplace. Together we are fulfilling our purpose to design and deliver energy control solutions our partners count on to power a clean future. Woodward supports our members’ wellbeing and regularly benchmarks with other companies in our industry to offer an extensive Total Reward package for this position. Salary will be determined by the applicant's education, experience, knowledge, skills, and abilities, as well as internal equity and alignment with market data. Estimated annual base pay: Machinist II - $17.15 - $33.28 Machinist III - $17.81 - $38.72 3rd Shift Hours: 10:00 pm - 6:30 am All members included in annual cash bonus opportunity 15% shift differential plus overtime All members included in cash bonus opportunity 401(k) match (4.5%) Annual Woodward stock contribution (5%) Tuition reimbursement and Training/Professional Development opportunities for all members 12 paid holidays, including floating holidays Industry leading medical, dental, and vision Insurance upon date of hire Vacation / Sick Time / Vacation Buy-up / Short Term Disability / Bereavement leave Paid parental leave Adoption Assistance Employee Assistance Program, including mental health benefits Member Life & AD&D / Long Term Disability / Member Optional Life Member referral bonus Spouse / Child Optional Life / Optional AD&D / Healthcare and Dependent Care Flexible Spending Voluntary benefits, including: Home / Auto Insurance discounts Whole Life Insurance / Critical Illness Insurance / Legal Assistance / Military Leave Are you ready to make your mark? If you’re a Machinist II, or a III, we have an exciting opportunity for you. What you will be doing Physical Activity: Moderate physical activity requiring agility and dexterity, including walking, standing, or bending; and lifting or moving objects. Work is performed in an area with moderate risk or discomfort that may require special safety precautions, such as wearing protective clothing or gear. May be required to pass Near Vision and/or Color Vision examinations. Set up and operate one or more of the following machines: CNC Swiss CNC Mill/Turn Machines, Gear Hobbing Complete paperwork while adhering to record retention requirements. Document nonconforming material according to procedures, participate in activities to implement root cause and corrective actions identified. Utilize work instructions, set-up sheets and method documents to correctly operate machines and inspect machined parts. Utilize various gauging equipment to ensure conformance to the engineering specifications and standards through the production run. Obtain certifications as necessary for required processes. What We Are Looking For Machinist II: High school diploma or equivalent required 2-5 years' experience in related work Knowledge of and ability to apply inspection techniques (e.g., formalized inspection standards, inspection instructions, best practices) and use inspection tools efficiently. The ability to read and use micrometers, functional and cylindrical gauges, comparators, indicator setups, calibration stickers and scales. Intermediate ability to read, interpret and use the information presented in drawings, diagrams and blueprints to determine appropriate activities, tools, and next steps in the production process. Intermediate knowledge of Geometric Dimensioning and Tolerancing such as perpendicularity, parallelism, flatness. This includes the ability to interpret tolerances on prints and perform inspection techniques. This includes the ability to interpret datum structures, material condition tolerances, orientation tolerances. Knowledge of CNC (Computer Numerically Controlled) programming/machining including the ability to read, understand, edit basic programs and/or basic knowledge of one or more of the following skills - grinding, turning, milling, drilling. General knowledge of machines and equipment functionality, and how tools could be used on such equipment/machines. This includes the ability to learn new systems quickly, understanding how parts relate, and how they impact system functionality. This also includes process optimization or the ability to identify opportunities to improve current production processes and to implement the necessary steps for the improvements. The ability to define, diagnose, and resolve problems. This includes the ability to acquire and apply new knowledge and skills and the ability to integrate knowledge of current resources and constraints, priorities and manufacturing processes. Machinist III: High school diploma or equivalent required 5+ years' experience in related work Advanced ability to read, interpret and use the information presented in drawings, diagrams and blueprints to determine appropriate activities, tools, and next steps in the production process. Advanced knowledge of Geometric Dimensioning and Tolerancing such as perpendicularity, parallelism, flatness. This includes the ability to interpret tolerances on prints and perform inspection techniques. This includes the ability to interpret and apply datum structures, material condition tolerances, orientation tolerances to solve complex manufacturing issues. This position requires use of information which is subject to the International Traffic in Arms Regulations (ITAR) and/or the Export Administration Regulations (EAR). All applicants must be U.S. Persons within the meaning of the ITAR and EAR, or eligible to obtain all required authorizations from the U.S. Department of State and/or the U.S. Department of Commerce. The ITAR defines a U.S. Person as a U.S. citizen or national, lawful permanent resident (i.e., 'Green Card holder'), or a protected person (e.g., asylee, or refugee). Woodward is an equal opportunity employer and does not discriminate in hiring or employment on the basis of race, color, religion, sex (including sexual orientation and gender identity), national origin, age, disability, protected veteran status, or any other category protected under federal, state, or local laws."
Woodward,"CMM Programmer/Metrology Technician 1 (1st Shift, M-F 6AM- 2:30PM)",JR111653,"Zeeland, MI, US",United States of America,$25.00- $39.90,onsite,Mid,us_person,unknown,unknown,workday,N/A,2026-06-13T02:55:41Z,https://woodward.wd5.myworkdayjobs.com/en-US/woodward/job/Zeeland-MI-US/CMM-Programmer-Metrology-Technician-1--1st-Shift--M-F-6AM--2-30PM-_JR111653,"Woodward is committed to creating a great workplace for all team members. Our company and its members are committed to acting with integrity, being respectful and accountable to one another, and staying humble and driven, while maintaining the highest professional and ethical standards. We are steadfastly committed to attracting the best talent across our communities, creating a rewarding workplace. Together we are fulfilling our purpose to design and deliver energy control solutions our partners count on to power a clean future. Woodward supports our members’ wellbeing and regularly benchmarks with other companies in our industry to offer an extensive Total Reward package for this position. Salary will be determined by the applicant's education, experience, knowledge, skills, and abilities, as well as internal equity and alignment with market data. Estimated annual base pay: $25.00- $39.90+ (DOE) Hours: 1st Shift, Monday through Friday, 6:00 AM to 2:30 PM All Levels are eligible for the benefits below: All members included in annual cash bonus opportunity. 401(k) match (4.5%) Annual Woodward stock contribution (5%) Tuition reimbursement and Training/Professional Development opportunities for all members 12 paid holidays, including floating holidays. Industry leading medical, dental, and vision Insurance upon date of hire Vacation / Sick Time / Vacation Buy-up / Short Term Disability / Bereavement leave. Paid parental leave. Adoption Assistance Employee Assistance Program, including mental health benefits. Member Life & AD&D / Long Term Disability / Member Optional Life Member referral bonus Spouse / Child Optional Life / Optional AD&D / Healthcare and Dependent Care Flexible Spending Voluntary benefits, including: Home / Auto Insurance discounts Whole Life Insurance / Critical Illness Insurance / Legal Assistance / Military Leave Are you ready to make your mark? If you’re CMM Programmer/Metrology Technician 1 (PC-DMIS), we have an exciting opportunity for you. This role is primarily responsible for applying knowledge of PC-DMIS in support of precision measurement, quality control, and metrology activities. The employee will use calibrated instruments to take accurate measurements, maintain and calibrate metrology equipment, record results, and follow quality standards and standard operating procedures. The role also supports CMM operations by programming, troubleshooting, operating, inspecting, and analyzing CMM results using PC-DMIS. In addition, responsibilities include interpreting blueprints, manuals, and technical documents to determine specifications and inspection requirements, communicating technical information to others, and supporting supplier, technology, and early PLC-related activities. The position works with limited supervision and may provide guidance to other team members. What You Will Be Doing: Conduct Measurements: Utilizes calibrated instruments to perform precise measurements following standard operating procedures. Maintain Equipment: Cleans, calibrates, and performs routine maintenance on metrology tools to ensure optimal functionality. Record Data: Accurately documents measurement results and maintains detailed logs in compliance with quality guidelines. Ensure Quality Compliance: Adheres to established quality standards and procedures to maintain measurement integrity and reliability. Collaborate with Team Members: Communicates technical information and measurement findings effectively to support team objectives. Operate and program CMM and other specialized inspection equipment, maintain work instructions, and recommend corrective actions based on inspection results. Analyze blueprints, routings, manuals, and other technical documents to determine inspection requirements, procedures, and measuring instruments. Collect and analyze inspection data, perform first article inspections, and support engineers and suppliers in developing and implementing inspection methods for new products. What We Are Looking For: Measurement Techniques: Proficient in using precision measurement instruments for dimensional analysis. Standard Operating Procedures: Ability to follow established protocols and guidelines accurately. Quality Control: Ensures adherence to quality standards in all measurements and processes. Data Recording: Accurately documents measurement data and test results. Analytical Skills: Capable of performing routine data analysis to support quality assessments. Equipment Calibration: Skilled in calibrating measurement tools and equipment to maintain accuracy. Technical Communication: Effectively communicates measurement findings and technical information to team members. Team Collaboration: Works collaboratively within the team to achieve common objectives. Problem Identification: Identifies and reports issues using predefined procedures and methods. Attention to Detail: Maintains high accuracy and precision in all tasks to ensure data integrity. Advanced knowledge of GD&T and CMM operations, including setup, programming, and controls, with the ability to apply this knowledge to inspection and communication between Design, Production, and Metrology. Ability to analyze technical documents and handle inspection processes, including part handling, non-conformance procedures, inspection data, first article work, and CMM capability studies or Gage R&R. Strong communication, problem-solving, and mentoring skills, including the ability to train others, support suppliers and internal customers, and communicate technical information clearly across different audiences. Successful Candidates Typically Have: 2+ years of Metrology Technician work experience 2+ years of CMM Programming 3+ years of experience working with PC-DMIS software, or equivalent CMM software This position requires use of information which is subject to the International Traffic in Arms Regulations (ITAR) and/or the Export Administration Regulations (EAR). All applicants must be U.S. Persons within the meaning of the ITAR and EAR, or eligible to obtain all required authorizations from the U.S. Department of State and/or the U.S. Department of Commerce. The ITAR defines a U.S. Person as a U.S. citizen or national, lawful permanent resident (i.e., 'Green Card holder'), or a protected person (e.g., asylee, or refugee). Woodward is an equal opportunity employer and does not discriminate in hiring or employment on the basis of race, color, religion, sex (including sexual orientation and gender identity), national origin, age, disability, protected veteran status, or any other category protected under federal, state, or local laws."
Woodward,Assembly & Test Associate (2nd Shift),JR111635,Fort Collins - Lincoln Campus,United States of America,,onsite,Junior,us_person,unknown,unknown,workday,N/A,2026-06-13T02:55:45Z,https://woodward.wd5.myworkdayjobs.com/en-US/woodward/job/Fort-Collins---Lincoln-Campus/Assembly---Test-Associate--2nd-Shift-_JR111635,"Woodward is committed to creating a great workplace for all team members. Our company and its members are committed to acting with integrity, being respectful and accountable to one another, and staying humble and driven, while maintaining the highest professional and ethical standards. We are steadfastly committed to attracting the best talent across our communities creating a rewarding workplace. Together we are fulfilling our purpose to design and deliver energy control solutions our partners count on to power a clean future. Woodward supports our members’ wellbeing and regularly benchmarks with other companies in our industry to offer an extensive Total Reward package for this position. Salary will be determined by the applicant's education, experience, knowledge, skills, and abilities, as well as internal equity and alignment with market data. Estimated annual base pay: Level 1: $18.27(minimum) - $24.04(midpoint) - $29.33(maximum) Plus overtime Level 2: $21.15(minimum) -$27.40(midpoint) - $33.65(maximum) All members included in annual cash bonus opportunity. 401(k) match (4.5%) Annual Woodward stock contribution (5%) Tuition reimbursement and Training/Professional Development opportunities for all members 12 paid holidays, including floating holidays. Industry leading medical, dental, and vision Insurance upon date of hire Vacation / Sick Time / Vacation Buy-up / Short Term Disability / Bereavement leave. Paid parental leave. Adoption Assistance Employee Assistance Program, including mental health benefits. Member Life & AD&D / Long Term Disability / Member Optional Life Member referral bonus Spouse / Child Optional Life / Optional AD&D / Healthcare and Dependent Care Flexible Spending Voluntary benefits, including: Home / Auto Insurance discounts Whole Life Insurance / Critical Illness Insurance / Legal Assistance / Military Leave **This is a second shift role M-TH 3:20pm - 1:50am** Level 1: Key Responsibilities: Assemble Product: Follows documented procedures to accurately and efficiently assemble product components using specified tools and equipment. Test Product: Follows documented procedures to accurately and efficiently test product using specified tools and equipment, Quality: Conducts inspections and tests to verify the accuracy and functionality of products and records and maintains data per operating standards. Organization & Cleanliness: Adheres to 5S principles by keeping workstations clean, organized, and free of unnecessary items. Follows established guidelines to ensure tools, materials, and equipment are properly stored and maintained. Safety Mindset: Adheres to all established safety protocols, procedures, and regulatory requirements; maintains mindfulness of self and surrounding work area to promote a safe working environment. Key Skills: Technical Capability: Understands and follows basic technical instructions and standard operating procedures (SOPs). Critical Thinking: Identifies gap-to-standard and resolves or escalates them per standard processes/procedures. Mechanical Aptitude: Demonstrates basic understanding of mechanical systems and components. Uses hand tools and basic equipment safely and effectively. Can assemble and test products and may perform basic setups of equipment. Team Communication: Communicates effectively with team members and supervisors to support workflow and escalate immediate issues. Adherence to Woodward's Core Values. Time Management: Effectively manages time to complete assigned tasks within established schedules. Adheres to individual schedule. Lean Mindset: Follows lean practices such as 5S and waste reduction. Participates in continuous improvement activities. Production Systems: Understands and adheres to standardized work and escalates when cannot be followed. Actively participates in the daily management system. Computer Skills: Uses basic software (e.g., email, spreadsheets, data entry tools) to complete tasks. Attention to Detail: Ensures precision in tasks to maintain high quality standards. Follows instructions precisely and checks work for accuracy. Collaboration: Works cooperatively with team members to support overall team objectives and workflow. Works well with team members and accepts feedback. Level 2: Key Responsibilities: Assemble Product: Follows documented procedures, solves problems with known outcomes to meet standards, supports training of other members, and provides improvement opportunities to standard work. Test Product: Follows procedures, troubleshoots common testing issues, provides feedback to assembly teams or supervisors to address recurring problems, conducts test setup changeovers, and supports training of less experienced members. Quality Control: Participates to improve clarity and accuracy in documented processes and procedures. Organization & Cleanliness: Proactively applies 5S principles, identifies opportunities to improve workstation organization and cleanliness, and ensures compliance with team standards. Assists in implementing new organizational practices as directed. Safety Mindset: Encourages adherence to safety protocols within the team. Key Skills: Technical Capability: Understands and follows technical instructions and standard operating procedures (SOPs). Troubleshoots routine technical product issues. Problem Resolution: Identifies gap-to-standard and resolves or escalates them per standard processes/procedures. Analyzes problems, proposes solutions, and implements corrective actions with minimal supervision. Mechanical Aptitude: Demonstrates understanding of mechanical systems and components. Uses hand tools and equipment safely and effectively. Can assemble/ test products and setup equipment to support varying processes. Team Communication: Communicates effectively with team members and supervisors to support workflow and escalate immediate issues. Demonstrates Woodward's Core Values. Time Management: Proactively prioritizes time to complete assigned tasks within established schedules. Drives to maintain efficiency standards. Lean Mindset: Follows lean practices such as 5S and waste reduction. Participates in continuous improvement activities. Identifies inefficiencies and suggests improvements. Production Systems: Understands and adheres to standardized work and escalates when cannot be followed. Actively participates in the daily management system. Computer Skills: Uses basic software (e.g., email, spreadsheets, data entry tools) to complete tasks. Attention to Detail: Ensures precision in tasks to maintain high quality standards. Follows instructions precisely and checks work for accuracy. Collaboration: Works cooperatively with team members to support overall team objectives and workflow. Works well with team members and accepts feedback. Collaborates across teams, shares knowledge, and supports team goals. Application window is anticipated to close 30 days from original posting date. This information is provided in compliance with the Colorado Equal Pay for Equal Work Act and is the company’s good faith and reasonable estimate of the compensation range and benefits offered for this position. The compensation offered to the successful applicant may vary based on factors including experience, skills, education, location, and other job-related reasons. This position requires use of information which is subject to the International Traffic in Arms Regulations (ITAR) and/or the Export Administration Regulations (EAR). All applicants must be U.S. Persons within the meaning of the ITAR and EAR, or eligible to obtain all required authorizations from the U.S. Department of State and/or the U.S. Department of Commerce. The ITAR defines a U.S. Person as a U.S. citizen or national, lawful permanent resident (i.e., 'Green Card holder'), or a protected person (e.g., asylee, or refugee). Woodward is an equal opportunity employer and does not discriminate in hiring or employment on the basis of race, color, religion, sex (including sexual orientation and gender identity), national origin, age, disability, protected veteran status, or any other category protected under federal, state, or local laws."
Woodward,Quality Technician,JR109720,"Niles, IL, US",United States of America,,onsite,Mid,us_person,unknown,unknown,workday,N/A,2026-06-13T02:55:49Z,https://woodward.wd5.myworkdayjobs.com/en-US/woodward/job/Niles-IL-US/Quality-Technician_JR109720,"Woodward is committed to creating a great workplace for all team members. Our company and its members are committed to acting with integrity, being respectful and accountable to one another, and staying humble and driven, while maintaining the highest professional and ethical standards. We are steadfastly committed to attracting the best talent across our communities creating a rewarding workplace. Together we are fulfilling our purpose to design and deliver energy control solutions our partners count on to power a clean future. Woodward supports our members’ wellbeing and regularly benchmarks with other companies in our industry to offer an extensive Total Reward package for this position. Salary will be determined by the applicant's education, experience, knowledge, skills, and abilities, as well as internal equity and alignment with market data. Estimated hourly base pay: $25.00(minimum) - $32.21(midpoint) - $39.90(maximum) All Levels are eligible for the benefits below: All members included in annual cash bonus opportunity. 401(k) match (4.5%)
Annual Woodward stock contribution (5%)
Tuition reimbursement and Training/Professional Development opportunities for all members 12 paid holidays, including floating holidays. Industry leading medical, dental, and vision Insurance upon date of hire
Vacation / Sick Time / Vacation Buy-up / Short Term Disability / Bereavement leave. Paid parental leave.
Adoption Assistance Employee Assistance Program, including mental health benefits. Member Life & AD&D / Long Term Disability / Member Optional Life Member referral bonus Spouse / Child Optional Life / Optional AD&D / Healthcare and Dependent Care Flexible Spending Voluntary benefits, including: Home / Auto Insurance discounts Whole Life Insurance / Critical Illness Insurance / Legal Assistance / Military Leave Key Responsibilities: Conduct Quality Inspections: Performs detailed inspections of products and materials to ensure compliance with quality standards and specifications. Analyze Data: Utilizes analytical scientific methods to collect, interpret, and report data related to product quality and process performance. Maintain Documentation: Accurately documents inspection results, test procedures, and quality reports following standard operating procedures. Troubleshoot Issues: Identifies and resolves qualityrelated issues by applying established analytical methods and selecting appropriate solutions. Collaborate with Team Members: Communicates technical information effectively within the team to support quality objectives and continuous improvement initiatives. Key Skills: Analytical Skills: Proficient in conducting detailed analytical evaluations using scientific methods. Technical Proficiency: Skilled in utilizing and maintaining analytical instrumentation and equipment. Quality Assurance: Ensures compliance with quality standards and procedures within team operations. ProblemSolving: Identifies and resolves typical operational issues using established methods. Data Analysis: Capable of interpreting and analyzing data to support quality assessments. Effective Communication: Communicates moderately complex technical information clearly within the team. AttentiontoDetail: Maintains high accuracy and precision in performing technical tasks. SOP Adherence: Strictly follows established standard operating procedures and scientific methodologies. Time Management: Efficiently manages own workload to meet deadlines and team objectives. Documentation Skills: Accurately records and maintains documentation of analytical processes and results. Application window is anticipated to close 7 days from original posting date. This position requires use of information which is subject to the International Traffic in Arms Regulations (ITAR) and/or the Export Administration Regulations (EAR). All applicants must be U.S. Persons within the meaning of the ITAR and EAR, or eligible to obtain all required authorizations from the U.S. Department of State and/or the U.S. Department of Commerce. The ITAR defines a U.S. Person as a U.S. citizen or national, lawful permanent resident (i.e., 'Green Card holder'), or a protected person (e.g., asylee, or refugee)."
Woodward,Operations Technician - 2nd Shift (4x10),JR111018,Rockford - Rock Cut Campus (RCC),United States of America,,onsite,Mid,us_person,unknown,unknown,workday,N/A,2026-06-13T02:55:53Z,https://woodward.wd5.myworkdayjobs.com/en-US/woodward/job/Rockford---Rock-Cut-Campus-RCC/Operations-Technician---2nd-Shift--4x10-_JR111018,"Woodward is committed to creating a great workplace for all team members. Our company and its members are committed to acting with integrity, being respectful and accountable to one another, and staying humble and driven, while maintaining the highest professional and ethical standards. We are steadfastly committed to attracting the best talent across our communities, creating a rewarding workplace. Together we are fulfilling our purpose to design and deliver energy control solutions our partners count on to power a clean future. Woodward supports our members’ wellbeing and regularly benchmarks with other companies in our industry to offer an extensive Total Reward package for this position. Salary will be determined by the applicant's education, experience, knowledge, skills, and abilities, as well as internal equity and alignment with market data. Level 1: Estimated hourly base pay: $18.27(minimum) - $24.04 (midpoint) - $29.33 (maximum) Plus shift differential and overtime Level 2: Estimated hourly base pay: $22.12 (minimum) - $28.85 (midpoint) - $35.58 (maximum) Plus shift differential and overtime Benefits below pertain to all levels listed All members included in annual cash bonus opportunity 401(k) match (4.5%) Annual Woodward stock contribution (5%) Tuition reimbursement and Training/Professional Development opportunities for all members 12 paid holidays, including floating holidays Industry leading medical, dental, and vision Insurance upon date of hire Vacation / Sick Time / Vacation Buy-up / Short Term Disability / Bereavement leave Paid parental leave Adoption Assistance Employee Assistance Program, including mental health benefits Member Life & AD&D / Long Term Disability / Member Optional Life Member referral bonus Spouse / Child Optional Life / Optional AD&D / Healthcare and Dependent Care Flexible Spending Voluntary benefits, including: Home / Auto Insurance discounts Whole Life Insurance / Critical Illness Insurance / Legal Assistance / Military Leave Are you ready to take the next step in your career and make a lasting impact? Woodward, a global leader in aerospace innovation, is offering exciting opportunities at our Rock Cut Campus on 2nd shift in Loves Park, IL. Whether you’re an experienced professional or just starting your career journey, we invite you to join a dynamic team that thrives in a challenging and rewarding environment. Explore your potential and contribute to cutting-edge advancements with one of the world’s foremost aerospace companies. This is a second shift Monday-Thursday. Training could be on a different shift. Level 1 Key Responsibilities: Operations: Follows documented procedures to accurately and efficiently produce products using specified tools and equipment. Flexes and supports the full product line in various processes/ capacities. Process: Observes and records key process variables to ensure consistency and quality in operations. Accurately logs daily operations and resolves or escalates concerns. Follows standard operating procedures. Quality: Conducts inspections and tests to verify the accuracy and functionality of products and records and maintains data per operating standards. Organization & Cleanliness: Adheres to 5S principles by keeping workstations clean, organized, and free of unnecessary items. Follows established guidelines to ensure tools, materials, and equipment are properly stored and maintained. Safety Mindset: Adheres to all established safety protocols, procedures, and regulatory requirements; maintains mindfulness of self and surrounding work area to promote a safe working environment. Key Skills: Technical Capability: Understands and follows basic technical instructions and standard operating procedures (SOPs). Critical Thinking: Identifies gap-to-standard and resolves or escalates them per standard processes/procedures. Mechanical Aptitude: Demonstrates basic understanding of mechanical systems and components. Uses hand tools and basic equipment safely and effectively. Can produce products and may perform basic setups of equipment. Team Communication: Communicates effectively with team members and supervisors to support workflow and escalate immediate issues. Adherence to Woodward's Core Values. Time Management: Effectively manages time to complete assigned tasks within established schedules. Adheres to individual schedule. Lean Mindset: Follows lean practices such as 5S and waste reduction. Participates in continuous improvement activities. Production Systems: Understands and adheres to standardized work and escalates when cannot be followed. Actively participates in the daily management system. Computer Skills: Uses basic software (e.g., email, spreadsheets, data entry tools) to complete tasks. Attention to Detail: Ensures precision in tasks to maintain high quality standards. Follows instructions precisely and checks work for accuracy. Collaboration: Works cooperatively with team members to support overall team objectives and workflow. Works well with team members and accepts feedback. Level 2 Key Responsibilities: Operations: Follows documented procedures, solves problems with known outcomes to meet standards, supports training of other members, and provides improvement opportunities to standard work. Flexes and supports the full product line in various processes/ capacities. Process: Maintains key process variables to ensure consistency and quality in operations. Accurately logs daily operations and resolves or escalates concerns. Follows standard operating procedures. Supports training of other members. Provides improvement opportunities to standard work. Quality Control: Participates to improve clarity and accuracy in documented processes and procedures. Organization & Cleanliness: Proactively applies 5S principles, identifies opportunities to improve workstation organization and cleanliness, and ensures compliance with team standards. Assists in implementing new organizational practices as directed. Safety Mindset: Encourages adherence to safety protocols within the team. Key Skills: Technical Capability: Understands and follows technical instructions and standard operating procedures (SOPs). Troubleshoots routine technical product issues. Problem Resolution: Identifies gap-to-standard and resolves or escalates them per standard processes/procedures. Analyzes problems, proposes solutions, and implements corrective actions with minimal supervision. Mechanical Aptitude: Demonstrates understanding of mechanical systems and components. Uses hand tools and equipment safely and effectively. Can produce products and setup equipment to support varying processes. Team Communication: Communicates effectively with team members and supervisors to support workflow and escalate immediate issues. Demonstrates Woodward's Core Values. Time Management: Proactively prioritizes time to complete assigned tasks within established schedules. Drives to maintain efficiency standards. Lean Mindset: Follows lean practices such as 5S and waste reduction. Participates in continuous improvement activities. Identifies inefficiencies and suggests improvements. Production Systems: Understands and adheres to standardized work and escalates when cannot be followed. Actively participates in the daily management system. Computer Skills: Uses basic software (e.g., email, spreadsheets, data entry tools) to complete tasks. Attention to Detail: Ensures precision in tasks to maintain high quality standards. Follows instructions precisely and checks work for accuracy. Collaboration: Works cooperatively with team members to support overall team objectives and workflow. Works well with team members and accepts feedback. Collaborates across teams, shares knowledge, and supports team goals. Additional Information: Moderate physical activity requiring agility and dexterity, including walking, standing, or bending; and lifting or moving objects. Work is performed in an area with moderate risk or discomfort that may require special safety precautions, such as wearing protective clothing or gear. May be required to pass Near Vision and/or Color Vision examinations. This position requires use of information which is subject to the International Traffic in Arms Regulations (ITAR) and/or the Export Administration Regulations (EAR). All applicants must be U.S. Persons within the meaning of the ITAR and EAR, or eligible to obtain all required authorizations from the U.S. Department of State and/or the U.S. Department of Commerce. The ITAR defines a U.S. Person as a U.S. citizen or national, lawful permanent resident (i.e., 'Green Card holder'), or a protected person (e.g., asylee, or refugee). Woodward is an equal opportunity employer and does not discriminate in hiring or employment on the basis of race, color, religion, sex (including sexual orientation and gender identity), national origin, age, disability, protected veteran status, or any other category protected under federal, state, or local laws."
Woodward,Technician (Repair and Overhaul)  - 2nd shift,JR111035,Rockford - Loves Park Campus (LPC),United States of America,,onsite,Mid,us_person,unknown,unknown,workday,N/A,2026-06-13T02:55:58Z,https://woodward.wd5.myworkdayjobs.com/en-US/woodward/job/Rockford---Loves-Park-Campus-LPC/Technician--Repair-and-Overhaul-----2nd-shift_JR111035,"Woodward is committed to creating a great workplace for all team members. Our company and its members are committed to acting with integrity, being respectful and accountable to one another, and staying humble and driven, while maintaining the highest professional and ethical standards. We are steadfastly committed to attracting the best talent across our communities creating a rewarding workplace. Together we are fulfilling our purpose to design and deliver energy control solutions our partners count on to power a clean future. Woodward supports our members’ wellbeing and regularly benchmarks with other companies in our industry to offer an extensive Total Reward package for this position. Salary will be determined by the applicant's education, experience, knowledge, skills, and abilities, as well as internal equity and alignment with market data. Level 1: Estimated hourly base pay: $22.12 (minimum) - $28.85 (midpoint) - $35.58 (maximum). Plus, shift differential and overtime Level 2: Estimated hourly base pay: $25.00 (minimum) - $32.69 (midpoint) - $39.90 (maximum) Plus shift differential and overtime All Levels are eligible for the benefits below: All members included in annual cash bonus opportunity. 401(k) match (4.5%) Annual Woodward stock contribution (5%) Tuition reimbursement and Training/Professional Development opportunities for all members 12 paid holidays, including floating holidays. Industry leading medical, dental, and vision Insurance upon date of hire Vacation / Sick Time / Vacation Buy-up / Short Term Disability / Bereavement leave. Paid parental leave. Adoption Assistance Employee Assistance Program, including mental health benefits. Member Life & AD&D / Long Term Disability / Member Optional Life Member referral bonus Spouse / Child Optional Life / Optional AD&D / Healthcare and Dependent Care Flexible Spending Voluntary benefits, including: Home / Auto Insurance discounts Whole Life Insurance / Critical Illness Insurance / Legal Assistance / Military Leave Join our amazing 2nd shift (Mon-Fri, 2:54pm to 11:24pm OR Mon-Thurs, 3pm to 1:30am) production teams at our Loves Park Campus, where innovation, precision, and quality are at the heart of everything we do. This role will provide support and operations in products such as servo valves, actuators, fuel metering units, specialty valves or pumps. If you’re ready to take your career to the next level with a company that values your skills and offers opportunities for growth, we want to hear from you! Training shift will be on 1st shift, Mon-Fri, 7am - 3:30pm, for the first 2 weeks. Key Responsibilities: Teardown, Assembly and Test Product: Follows documented procedures to accurately and efficiently teardown, assemble and test product using specified tools and equipment. Process: Coordinates with appropriate members and cross-functional teams to perform analysis, investigation, work scope of product. Quality: Conducts inspections and tests to verify the accuracy and functionality of products and records and maintains data per operating standards. Organization & Cleanliness: Adheres to 5S principles by keeping workstations clean, organized, and free of unnecessary items. Follows established guidelines to ensure tools, materials, and equipment are properly stored and maintained. Safety Mindset: Adheres to all established safety protocols, procedures, and regulatory requirements; maintains mindfulness of self and surrounding work area to promote a safe working environment. Key Skills: Technical Capability: Understands and follows basic technical instructions and standard operating procedures (SOPs). Evaluates product and determines component replacement needs for low-complexity product. Critical Thinking: Identifies gap-to-standard and resolves or escalates them per standard processes/procedures. Problem Resolution: Identifies gap-to-standard and resolves or escalates them per standard processes/procedures. Analyzes problems, proposes solutions, and implements corrective actions with minimal supervision. Mechanical Aptitude: Demonstrates understanding of mechanical systems and components. Can tear down, assemble and test products and setup equipment to support varying processes. Uses hand tools and basic equipment safely and effectively. Completes routine changeovers and setups Team Communication: Communicates effectively with team members and supervisors to support workflow and escalate immediate issues. Adherence to Woodward's Core Values. Time Management: Effectively manages time to complete assigned tasks within established schedules. Adheres to individual schedule. Lean Mindset: Follows lean practices such as 5S and waste reduction. Participates in continuous improvement activities. Production Systems: Understands and adheres to standardized work and escalates when cannot be followed. Actively participates in the daily management system. Computer Skills: Uses basic software (e.g., email, spreadsheets, data entry tools) to complete tasks. Attention to Detail: Ensures precision in tasks to maintain high quality standards. Follows instructions precisely and checks work for accuracy. Collaboration: Works cooperatively with team members to support overall team objectives and workflow and accepts feedback. Additional Requirements: Moderate physical activity requires agility and dexterity, including walking, standing, or bending; and lifting or moving objects. Work is performed in an area with moderate risk or discomfort that may require special safety precautions, such as wearing protective clothing or gear. May be required to pass Near Vision and/or Color Vision examinations. Successful candidates typically have: Effective time management and organizational abilities Problem-solving mindset with critical thinking skills Willingness to embrace change and adapt to new environments Keen attention to detail Excellent written and verbal communication skills This position requires use of information which is subject to the International Traffic in Arms Regulations (ITAR) and/or the Export Administration Regulations (EAR). All applicants must be U.S. Persons within the meaning of the ITAR and EAR, or eligible to obtain all required authorizations from the U.S. Department of State and/or the U.S. Department of Commerce. The ITAR defines a U.S. Person as a U.S. citizen or national, lawful permanent resident (i.e., 'Green Card holder'), or a protected person (e.g., asylee, or refugee). Woodward is an equal opportunity employer and does not discriminate in hiring or employment on the basis of race, color, religion, sex (including sexual orientation and gender identity), national origin, age, disability, protected veteran status, or any other category protected under federal, state, or local laws."
Woodward,WBS Director of Continuous Improvement,JR111338,Rockford - Rock Cut Campus (RCC),United States of America,,onsite,Director,us_person,unknown,unknown,workday,N/A,2026-06-13T02:56:01Z,https://woodward.wd5.myworkdayjobs.com/en-US/woodward/job/Rockford---Rock-Cut-Campus-RCC/WBS-Director-of-Continuous-Improvement_JR111338,"Woodward is committed to creating a great workplace for all team members. Our company and its members are committed to acting with integrity, being respectful and accountable to one another, and staying humble and driven, while maintaining the highest professional and ethical standards. We are steadfastly committed to attracting the best talent across our communities, creating a rewarding workplace. Together we are fulfilling our purpose to design and deliver energy control solutions our partners count on to power a clean future. Woodward supports our members’ wellbeing and regularly benchmarks with other companies in our industry to offer an extensive Total Reward package for this position. Salary will be determined by the applicant's education, experience, knowledge, skills, and abilities, as well as internal equity and alignment with market data. Estimated annual base pay: $173,000 (minimum) - $207,000 (midpoint) - $242,000 (maximum)
All members included in annual cash bonus opportunity
401(k) match (4.5%)
Annual Woodward stock contribution (5%)
Tuition reimbursement and Training/Professional Development opportunities for all members 12 paid holidays, including floating holidays. Industry leading medical, dental, and vision Insurance upon date of hire
Vacation / Sick Time / Vacation Buy-up / Short Term Disability / Bereavement leave. Paid parental leave.
Adoption Assistance Employee Assistance Program, including mental health benefits. Member Life & AD&D / Long Term Disability / Member Optional Life Member referral bonus Spouse / Child Optional Life / Optional AD&D / Healthcare and Dependent Care Flexible Spending Voluntary benefits, including: Home / Auto Insurance discounts Whole Life Insurance / Critical Illness Insurance / Legal Assistance / Military Leave Are you ready to make your mark? If you’re a Continuous Improvement Professional, we have an exciting opportunity for you. The Continuous Improvement Director is a key leadership role responsible for developing, managing, and executing the organization's continuous improvement strategy. This individual will drive operational excellence initiatives across the organization, fostering a culture of innovation, efficiency, and excellence. Utilizing their strong background in engineering, continuous improvement methodologies, and people leadership, the Continuous Improvement Director will identify opportunities for process optimization, lead cross-functional teams, and deliver measurable improvements in quality, productivity, and cost-effectiveness. What You Will Be Doing Production System Owner: Lead the deployment and maturity of the Woodward Production System for the site Develop a Problem-Solving Culture: Serve as a role model and advocate for a culture where employees at all levels embrace problem-solving as a daily practice. Develop Leaders as Coaches: Provide training, tools, and guidance to help leaders, within the site, become effective coaches who empower their teams while supporting their personal growth and development in efforts of building a pipeline of future leaders. Strategic Partnership: Share ownership of overall performance with site leader to ensure alignment, accountability, and shared ownership in the execution of operational goals and objectives. Align Goals Across the Organization: Ensure that business-level objectives are cascaded clearly and effectively through all departments, teams, and individuals, aligning efforts with strategic priorities. What We Are Looking For Education:
Bachelor’s degree (required)
Experience:
Minimum of 7+ years of experience in continuous improvement, operational excellence, manufacturing leadership or process improvement roles.
Proven track record of successfully leading large-scale Lean/Six Sigma improvement initiatives in a manufacturing, engineering, or operations environment.
Demonstrated experience in people leadership and team development within a LEAN manufacturing environment. This position requires use of information which is subject to the International Traffic in Arms Regulations (ITAR) and/or the Export Administration Regulations (EAR). All applicants must be U.S. Persons within the meaning of the ITAR and EAR, or eligible to obtain all required authorizations from the U.S. Department of State and/or the U.S. Department of Commerce. The ITAR defines a U.S. Person as a U.S. citizen or national, lawful permanent resident (i.e., 'Green Card holder'), or a protected person (e.g., asylee, or refugee). Woodward is an equal opportunity employer and does not discriminate in hiring or employment on the basis of race, color, religion, sex (including sexual orientation and gender identity), national origin, age, disability, protected veteran status, or any other category protected under federal, state, or local laws."
Woodward,Quality Inspector - Aircraft Products (f/m),JR111506,"Niepolomice, PL",United States of America,,onsite,Mid,unknown,unknown,unknown,workday,N/A,2026-06-13T02:56:05Z,https://woodward.wd5.myworkdayjobs.com/en-US/woodward/job/Niepolomice-PL/Quality-Inspector---Aircraft-Products--f-m-_JR111506,"ABOUT US: Woodward is the global leader in the design, manufacturing, and service of energy conversion and control solutions for the aerospace and industrial equipment markets. Together with our customers, we are enabling the path to a cleaner, decarbonized world. We prioritize the growth of our employees, providing comprehensive support for personal and professional development. Trust is at the core of our relationships. WHAT YOU WILL DO: Analyze drawings, routings, and manuals to determine specifications and testing procedures Collect, record, and analyze inspection data to assess results Collaborate with relevant departments to address and resolve inspection issues Verify and complete product paperwork accurately Inspect product dimensions using precision tools (e.g., calipers, gauges, micrometers) and maintain quality records Identify and document non-conforming materials per procedures. Issue certification labels following established guidelines WHAT YOU WILL NEED: High School Diploma or equivalent Experience in Aerospace industry (preferably in MRO organization) Strong ability to read and interpret drawings, diagrams, blueprints, aircraft manuals and GD&T (ASME Y14.5) Thorough knowledge and ability to apply knowledge of quality systems such as, Aerospace Standard (AS9100/AS9110), FAA regulations (145) Additional experience in component overhaul and previous training and experience performing detailed inspection functions preferred Skilled in using precision measurement tools (e.g., calipers, micrometers, dial indicators CMM) for quality control Strong written and verbal communication skills in English and Polish, with the ability to train others and collaborate effectively in teams Ability to handle multiple tasks simultaneously in a fast-paced environment Competent in using computer systems for data input and completing forms, reports, and logs accurately Problem-solving skills to define, diagnose, and resolve issues efficiently Ability to write clearly, understand work documents, and communicate effectively with coworkers and supervisors Mobility and willingness to temporarily relocate Readiness to work on 2 shifts (6-14 & 14-22) WHAT YOU WILL GAIN: Advancement opportunities in international team A total rewards package, that includes: private health insurance, life & accidental insurance Multisport package Meal Vouchers Company performance bonus program Work-life balance, semi-flexible working time PPK: Woodward offers payment to your PPK account up to 4% of your compensation depending on seniority Educational support"
Woodward,Fachkraft Qualitätssicherung (m/w/d),JR111295,"Glatten, DE",United States of America,,onsite,Mid,us_person,unknown,unknown,workday,N/A,2026-06-13T02:56:09Z,https://woodward.wd5.myworkdayjobs.com/en-US/woodward/job/Glatten-DE/Fachkraft-Qualittssicherung---Wareneingangsprfung--m-w-d-_JR111295,"Woodward L'Orange ist als Pionier modernster Technologie auf dem Weg zu nachhaltigen Lösungen: Komponenten und Systeme für die Energiewandlungssysteme der Zukunft. Mit unseren rund 1.300 Mitarbeitern an den Standorten Stuttgart, Glatten, Wolfratshausen und Rellingen entwickeln und produzieren wir ein breites Produktportfolio an Komponenten für die Regelung, Dosierung und Aufbereitung von heutigen und künftigen Kraftstoffen (PTX). Dieses Portfolio umfasst u. A. die Einspritztechnik, einschließlich fortschrittlicher Common-Rail-Technologie. Ihren Einsatz finden unsere Produkte in den modernen Großmotoren und Brennstoffzellen von Schiffen, Kraftwerken, Eisenbahnen und weiteren Anwendungen. Am Standort GLATTEN suchen wir eine Fachkraft Qualitätssicherung (m/w/d) in der Wareneingangsprüfung. Ihre Aufgaben: Durchführung anfallender Messaufträge Vorbereiten und Rüsten von Messmaschinen (z.B. Zeiss Contura, Jenoptik Konturmessgerät C314, Mahr Konturmessgerät) Abfassen von Qualitätsabweichungs- und Erstmusterprüfberichten Anlage von Erstbemusterungen sowie Abwicklung von Serienlieferungen im CAQ-System Durchführung von Buchungen und Rückmeldungen im SAP Erstellen und Bearbeiten von Prüfplänen Ihr Profil: Abgeschlossene Ausbildung in einem Metallfachberuf (z.B. als Industriemechaniker/-in) Weiterbildung im Qualitätsbereich wünschenswert (Q-Prüfer, Q-Assistent) Erste Erfahrungen im Messen dimensionaler Größen (z.B. an Zeiss Contura, Jenoptik Konturmessgerät C314, Mahr Konturmessgerät) SAP-/Babtec-Kenntnisse von Vorteil Bereitschaft zu Schichtarbeit (2-Schicht, ggfs. 3-Schicht) Ihre Vorteile: Metalltarif Betriebsrestaurant Umfangreiches Weiterbildungsprogramm Modernes Gesundheits- & Sportangebot Mitarbeiterrabatte Mercedes-Benz-Leasing Rabatte Fahrrad-Leasing Bitte bewerben Sie sich gern mit einem aussagekräftigen Anschreiben, Lebenslauf und Zeugnissen. Alle Unterlagen können im Feld ""Lebenslauf"" hochgeladen werden. Woodward L'Orange GmbH Rudolf-L'Orange-Straße 1 D - 72293 Glatten"
Woodward,Spezialist Logistik- und Prozessoptimierung (m/w/d),JR109926,"Wolfratshausen, DE",United States of America,,onsite,Mid,us_person,unknown,unknown,workday,N/A,2026-06-13T02:56:13Z,https://woodward.wd5.myworkdayjobs.com/en-US/woodward/job/Wolfratshausen-DE/Logistikplaner_JR109926,"Woodward L'Orange ist als Pionier modernster Technologie auf dem Weg zu nachhaltigen Lösungen: Komponenten und Systeme für die Energiewandlungssysteme der Zukunft. Mit unseren rund 1.300 Mitarbeitern an den Standorten Stuttgart, Glatten, Wolfratshausen und Rellingen entwickeln und produzieren wir ein breites Produktportfolio an Komponenten für die Regelung, Dosierung und Aufbereitung von heutigen und künftigen Kraftstoffen (PTX). Dieses Portfolio umfasst u. A. die Einspritztechnik, einschließlich fortschrittlicher Common-Rail-Technologie. Ihren Einsatz finden unsere Produkte in den modernen Großmotoren und Brennstoffzellen von Schiffen, Kraftwerken, Eisenbahnen und weiteren Anwendungen. Am Standort WOLFRATSHAUSEN suchen wir einen Spezialist Logistik- und Prozessoptimierung (m/w/d). Ihre Aufgaben: Analyse und Weiterentwicklung logistischer Prozesse in Abstimmung mit relevanten Steakholdern, z.B. dem Lean-Agent Unterstützung bei der SAP-Umstellung auf S4/HANA sowie Durchführung und Dokumentation von Testfällen Abwicklung von Reklamationen, Reparaturen und Organisation von Behälter- und Abfallmanagement unter Berücksichtigung gesetzlicher Vorgaben Planung und Optimierung von Layouts, Materialflüssen und Lagereinheiten Koordination von Maschinenwartungen und Unterstützung bei Inventuren innerhalb der Abteilung Ihr Profil: Abgeschlossene 3- bis 3,5-jährige Berufsausbildung im Bereich Logistik (z.B. als Fachkraft für Lagerlogistik) Erste Berufserfahrungen im Bereich Lagerwirtschaft Idealerweise erste Erfahrungen mit S4/HANA, SAP WM sowie Kenntnisse von Verladevorschriften Teamfähigkeit, Zuverlässigkeit und eigenverantwortliches Arbeiten Sehr gute Deutschkenntnisse in Wort und Schrift, Englischkenntnisse von Vorteil Bereitschaft zur Arbeit in Normalschicht, ggfs. in Zwei-/Drei-Schicht Ihre Vorteile: Metalltarif Betriebsrestaurant Umfangreiches Weiterbildungsprogramm Modernes Gesundheits- & Sportangebot Mitarbeiterrabatte Mercedes-Benz-Leasing Rabatte Fahrrad-Leasing Bitte bewerben Sie sich mit einem aussagekräftigen Anschreiben, Lebenslauf und Zeugnissen. Alle Unterlagen können im Feld ""Lebenslauf"" hochgeladen werden. Woodward L'Orange GmbH Hans-Urmiller-Ring 19A 82515 Wolfratshausen"
Woodward,Coil Winders – Termination,JR111470,"Sofia, BG",United States of America,,onsite,Mid,unknown,unknown,unknown,workday,N/A,2026-06-13T02:56:17Z,https://woodward.wd5.myworkdayjobs.com/en-US/woodward/job/Sofia-BG/Coil-Winders---Termination_JR111470,"Key Responsibilities: Assemble Product: Follows documented procedures to accurately and efficiently assemble product components using specified tools and equipment. Test Product: Follows documented procedures to accurately and efficiently test product using specified tools and equipment, Quality: Conducts inspections and tests to verify the accuracy and functionality of products and records and maintains data per operating standards. Organization & Cleanliness: Adheres to 5S principles by keeping workstations clean, organized, and free of unnecessary items. Follows established guidelines to ensure tools, materials, and equipment are properly stored and maintained. Safety Mindset: Adheres to all established safety protocols, procedures, and regulatory requirements; maintains mindfulness of self and surrounding work area to promote a safe working environment. Key Skills: Technical Capability: Understands and follows basic technical instructions and standard operating procedures (SOPs). Critical Thinking: Identifies gap-to-standard and resolves or escalates them per standard processes/procedures. Mechanical Aptitude: Demonstrates basic understanding of mechanical systems and components. Uses hand tools and basic equipment safely and effectively. Can assemble and test products and may perform basic setups of equipment. Team Communication: Communicates effectively with team members and supervisors to support workflow and escalate immediate issues. Adherence to Woodward's Core Values. Time Management: Effectively manages time to complete assigned tasks within established schedules. Adheres to individual schedule. Lean Mindset: Follows lean practices such as 5S and waste reduction. Participates in continuous improvement activities. Production Systems: Understands and adheres to standardized work and escalates when cannot be followed. Actively participates in the daily management system. Computer Skills: Uses basic software (e.g., email, spreadsheets, data entry tools) to complete tasks. Attention to Detail: Ensures precision in tasks to maintain high quality standards. Follows instructions precisely and checks work for accuracy. Collaboration: Works cooperatively with team members to support overall team objectives and workflow. Works well with team members and accepts feedback. Other Qualifications:"
Woodward,Winder – Termination,JR111485,"Sofia, BG",United States of America,,onsite,Mid,unknown,unknown,unknown,workday,N/A,2026-06-13T02:56:21Z,https://woodward.wd5.myworkdayjobs.com/en-US/woodward/job/Sofia-BG/Winder---Termination_JR111485,"Key Responsibilities: Assemble Product: Follows documented procedures to accurately and efficiently assemble product components using specified tools and equipment. Test Product: Follows documented procedures to accurately and efficiently test product using specified tools and equipment, Quality: Conducts inspections and tests to verify the accuracy and functionality of products and records and maintains data per operating standards. Organization & Cleanliness: Adheres to 5S principles by keeping workstations clean, organized, and free of unnecessary items. Follows established guidelines to ensure tools, materials, and equipment are properly stored and maintained. Safety Mindset: Adheres to all established safety protocols, procedures, and regulatory requirements; maintains mindfulness of self and surrounding work area to promote a safe working environment. Key Skills: Technical Capability: Understands and follows basic technical instructions and standard operating procedures (SOPs). Critical Thinking: Identifies gap-to-standard and resolves or escalates them per standard processes/procedures. Mechanical Aptitude: Demonstrates basic understanding of mechanical systems and components. Uses hand tools and basic equipment safely and effectively. Can assemble and test products and may perform basic setups of equipment. Team Communication: Communicates effectively with team members and supervisors to support workflow and escalate immediate issues. Adherence to Woodward's Core Values. Time Management: Effectively manages time to complete assigned tasks within established schedules. Adheres to individual schedule. Lean Mindset: Follows lean practices such as 5S and waste reduction. Participates in continuous improvement activities. Production Systems: Understands and adheres to standardized work and escalates when cannot be followed. Actively participates in the daily management system. Computer Skills: Uses basic software (e.g., email, spreadsheets, data entry tools) to complete tasks. Attention to Detail: Ensures precision in tasks to maintain high quality standards. Follows instructions precisely and checks work for accuracy. Collaboration: Works cooperatively with team members to support overall team objectives and workflow. Works well with team members and accepts feedback. Other Qualifications:"
Woodward,Coil Winder- Insertion,JR111521,"Sofia, BG",United States of America,,onsite,Mid,unknown,unknown,unknown,workday,N/A,2026-06-13T02:56:25Z,https://woodward.wd5.myworkdayjobs.com/en-US/woodward/job/Sofia-BG/Coil-Winder--Insertion_JR111521,"Key Responsibilities: Assemble Product: Follows documented procedures to accurately and efficiently assemble product components using specified tools and equipment. Test Product: Follows documented procedures to accurately and efficiently test product using specified tools and equipment, Quality: Conducts inspections and tests to verify the accuracy and functionality of products and records and maintains data per operating standards. Organization & Cleanliness: Adheres to 5S principles by keeping workstations clean, organized, and free of unnecessary items. Follows established guidelines to ensure tools, materials, and equipment are properly stored and maintained. Safety Mindset: Adheres to all established safety protocols, procedures, and regulatory requirements; maintains mindfulness of self and surrounding work area to promote a safe working environment. Key Skills: Technical Capability: Understands and follows basic technical instructions and standard operating procedures (SOPs). Critical Thinking: Identifies gap-to-standard and resolves or escalates them per standard processes/procedures. Mechanical Aptitude: Demonstrates basic understanding of mechanical systems and components. Uses hand tools and basic equipment safely and effectively. Can assemble and test products and may perform basic setups of equipment. Team Communication: Communicates effectively with team members and supervisors to support workflow and escalate immediate issues. Adherence to Woodward's Core Values. Time Management: Effectively manages time to complete assigned tasks within established schedules. Adheres to individual schedule. Lean Mindset: Follows lean practices such as 5S and waste reduction. Participates in continuous improvement activities. Production Systems: Understands and adheres to standardized work and escalates when cannot be followed. Actively participates in the daily management system. Computer Skills: Uses basic software (e.g., email, spreadsheets, data entry tools) to complete tasks. Attention to Detail: Ensures precision in tasks to maintain high quality standards. Follows instructions precisely and checks work for accuracy. Collaboration: Works cooperatively with team members to support overall team objectives and workflow. Works well with team members and accepts feedback. Other Qualifications:"
Woodward,Coil Winder- Insertion,JR111510,"Sofia, BG",United States of America,,onsite,Mid,unknown,unknown,unknown,workday,N/A,2026-06-13T02:56:29Z,https://woodward.wd5.myworkdayjobs.com/en-US/woodward/job/Sofia-BG/Coil-Winder--Insertion_JR111510,"Key Responsibilities: Assemble Product: Follows documented procedures to accurately and efficiently assemble product components using specified tools and equipment. Test Product: Follows documented procedures to accurately and efficiently test product using specified tools and equipment, Quality: Conducts inspections and tests to verify the accuracy and functionality of products and records and maintains data per operating standards. Organization & Cleanliness: Adheres to 5S principles by keeping workstations clean, organized, and free of unnecessary items. Follows established guidelines to ensure tools, materials, and equipment are properly stored and maintained. Safety Mindset: Adheres to all established safety protocols, procedures, and regulatory requirements; maintains mindfulness of self and surrounding work area to promote a safe working environment. Key Skills: Technical Capability: Understands and follows basic technical instructions and standard operating procedures (SOPs). Critical Thinking: Identifies gap-to-standard and resolves or escalates them per standard processes/procedures. Mechanical Aptitude: Demonstrates basic understanding of mechanical systems and components. Uses hand tools and basic equipment safely and effectively. Can assemble and test products and may perform basic setups of equipment. Team Communication: Communicates effectively with team members and supervisors to support workflow and escalate immediate issues. Adherence to Woodward's Core Values. Time Management: Effectively manages time to complete assigned tasks within established schedules. Adheres to individual schedule. Lean Mindset: Follows lean practices such as 5S and waste reduction. Participates in continuous improvement activities. Production Systems: Understands and adheres to standardized work and escalates when cannot be followed. Actively participates in the daily management system. Computer Skills: Uses basic software (e.g., email, spreadsheets, data entry tools) to complete tasks. Attention to Detail: Ensures precision in tasks to maintain high quality standards. Follows instructions precisely and checks work for accuracy. Collaboration: Works cooperatively with team members to support overall team objectives and workflow. Works well with team members and accepts feedback. Other Qualifications:"
Woodward,Coil Winder- Termination,JR111520,"Sofia, BG",United States of America,,onsite,Mid,unknown,unknown,unknown,workday,N/A,2026-06-13T02:56:33Z,https://woodward.wd5.myworkdayjobs.com/en-US/woodward/job/Sofia-BG/Coil-Winder--Termination_JR111520,"Key Responsibilities: Assemble Product: Follows documented procedures to accurately and efficiently assemble product components using specified tools and equipment. Test Product: Follows documented procedures to accurately and efficiently test product using specified tools and equipment, Quality: Conducts inspections and tests to verify the accuracy and functionality of products and records and maintains data per operating standards. Organization & Cleanliness: Adheres to 5S principles by keeping workstations clean, organized, and free of unnecessary items. Follows established guidelines to ensure tools, materials, and equipment are properly stored and maintained. Safety Mindset: Adheres to all established safety protocols, procedures, and regulatory requirements; maintains mindfulness of self and surrounding work area to promote a safe working environment. Key Skills: Technical Capability: Understands and follows basic technical instructions and standard operating procedures (SOPs). Critical Thinking: Identifies gap-to-standard and resolves or escalates them per standard processes/procedures. Mechanical Aptitude: Demonstrates basic understanding of mechanical systems and components. Uses hand tools and basic equipment safely and effectively. Can assemble and test products and may perform basic setups of equipment. Team Communication: Communicates effectively with team members and supervisors to support workflow and escalate immediate issues. Adherence to Woodward's Core Values. Time Management: Effectively manages time to complete assigned tasks within established schedules. Adheres to individual schedule. Lean Mindset: Follows lean practices such as 5S and waste reduction. Participates in continuous improvement activities. Production Systems: Understands and adheres to standardized work and escalates when cannot be followed. Actively participates in the daily management system. Computer Skills: Uses basic software (e.g., email, spreadsheets, data entry tools) to complete tasks. Attention to Detail: Ensures precision in tasks to maintain high quality standards. Follows instructions precisely and checks work for accuracy. Collaboration: Works cooperatively with team members to support overall team objectives and workflow. Works well with team members and accepts feedback. Other Qualifications:"
Woodward,Coil Winder- Insertion,JR111511,"Sofia, BG",United States of America,,onsite,Mid,unknown,unknown,unknown,workday,N/A,2026-06-13T02:56:37Z,https://woodward.wd5.myworkdayjobs.com/en-US/woodward/job/Sofia-BG/Coil-Winder--Insertion_JR111511,"Key Responsibilities: Assemble Product: Follows documented procedures to accurately and efficiently assemble product components using specified tools and equipment. Test Product: Follows documented procedures to accurately and efficiently test product using specified tools and equipment, Quality: Conducts inspections and tests to verify the accuracy and functionality of products and records and maintains data per operating standards. Organization & Cleanliness: Adheres to 5S principles by keeping workstations clean, organized, and free of unnecessary items. Follows established guidelines to ensure tools, materials, and equipment are properly stored and maintained. Safety Mindset: Adheres to all established safety protocols, procedures, and regulatory requirements; maintains mindfulness of self and surrounding work area to promote a safe working environment. Key Skills: Technical Capability: Understands and follows basic technical instructions and standard operating procedures (SOPs). Critical Thinking: Identifies gap-to-standard and resolves or escalates them per standard processes/procedures. Mechanical Aptitude: Demonstrates basic understanding of mechanical systems and components. Uses hand tools and basic equipment safely and effectively. Can assemble and test products and may perform basic setups of equipment. Team Communication: Communicates effectively with team members and supervisors to support workflow and escalate immediate issues. Adherence to Woodward's Core Values. Time Management: Effectively manages time to complete assigned tasks within established schedules. Adheres to individual schedule. Lean Mindset: Follows lean practices such as 5S and waste reduction. Participates in continuous improvement activities. Production Systems: Understands and adheres to standardized work and escalates when cannot be followed. Actively participates in the daily management system. Computer Skills: Uses basic software (e.g., email, spreadsheets, data entry tools) to complete tasks. Attention to Detail: Ensures precision in tasks to maintain high quality standards. Follows instructions precisely and checks work for accuracy. Collaboration: Works cooperatively with team members to support overall team objectives and workflow. Works well with team members and accepts feedback. Other Qualifications:"
Woodward,Coil Winder- Termination,JR111519,"Sofia, BG",United States of America,,onsite,Mid,unknown,unknown,unknown,workday,N/A,2026-06-13T02:56:41Z,https://woodward.wd5.myworkdayjobs.com/en-US/woodward/job/Sofia-BG/Coil-Winder--Termination_JR111519,"Key Responsibilities: Assemble Product: Follows documented procedures to accurately and efficiently assemble product components using specified tools and equipment. Test Product: Follows documented procedures to accurately and efficiently test product using specified tools and equipment, Quality: Conducts inspections and tests to verify the accuracy and functionality of products and records and maintains data per operating standards. Organization & Cleanliness: Adheres to 5S principles by keeping workstations clean, organized, and free of unnecessary items. Follows established guidelines to ensure tools, materials, and equipment are properly stored and maintained. Safety Mindset: Adheres to all established safety protocols, procedures, and regulatory requirements; maintains mindfulness of self and surrounding work area to promote a safe working environment. Key Skills: Technical Capability: Understands and follows basic technical instructions and standard operating procedures (SOPs). Critical Thinking: Identifies gap-to-standard and resolves or escalates them per standard processes/procedures. Mechanical Aptitude: Demonstrates basic understanding of mechanical systems and components. Uses hand tools and basic equipment safely and effectively. Can assemble and test products and may perform basic setups of equipment. Team Communication: Communicates effectively with team members and supervisors to support workflow and escalate immediate issues. Adherence to Woodward's Core Values. Time Management: Effectively manages time to complete assigned tasks within established schedules. Adheres to individual schedule. Lean Mindset: Follows lean practices such as 5S and waste reduction. Participates in continuous improvement activities. Production Systems: Understands and adheres to standardized work and escalates when cannot be followed. Actively participates in the daily management system. Computer Skills: Uses basic software (e.g., email, spreadsheets, data entry tools) to complete tasks. Attention to Detail: Ensures precision in tasks to maintain high quality standards. Follows instructions precisely and checks work for accuracy. Collaboration: Works cooperatively with team members to support overall team objectives and workflow. Works well with team members and accepts feedback. Other Qualifications:"
Woodward,Coil Winder- Insertion,JR111512,"Sofia, BG",United States of America,,onsite,Mid,unknown,unknown,unknown,workday,N/A,2026-06-13T02:56:45Z,https://woodward.wd5.myworkdayjobs.com/en-US/woodward/job/Sofia-BG/Coil-Winder--Insertion_JR111512,"Key Responsibilities: Assemble Product: Follows documented procedures to accurately and efficiently assemble product components using specified tools and equipment. Test Product: Follows documented procedures to accurately and efficiently test product using specified tools and equipment, Quality: Conducts inspections and tests to verify the accuracy and functionality of products and records and maintains data per operating standards. Organization & Cleanliness: Adheres to 5S principles by keeping workstations clean, organized, and free of unnecessary items. Follows established guidelines to ensure tools, materials, and equipment are properly stored and maintained. Safety Mindset: Adheres to all established safety protocols, procedures, and regulatory requirements; maintains mindfulness of self and surrounding work area to promote a safe working environment. Key Skills: Technical Capability: Understands and follows basic technical instructions and standard operating procedures (SOPs). Critical Thinking: Identifies gap-to-standard and resolves or escalates them per standard processes/procedures. Mechanical Aptitude: Demonstrates basic understanding of mechanical systems and components. Uses hand tools and basic equipment safely and effectively. Can assemble and test products and may perform basic setups of equipment. Team Communication: Communicates effectively with team members and supervisors to support workflow and escalate immediate issues. Adherence to Woodward's Core Values. Time Management: Effectively manages time to complete assigned tasks within established schedules. Adheres to individual schedule. Lean Mindset: Follows lean practices such as 5S and waste reduction. Participates in continuous improvement activities. Production Systems: Understands and adheres to standardized work and escalates when cannot be followed. Actively participates in the daily management system. Computer Skills: Uses basic software (e.g., email, spreadsheets, data entry tools) to complete tasks. Attention to Detail: Ensures precision in tasks to maintain high quality standards. Follows instructions precisely and checks work for accuracy. Collaboration: Works cooperatively with team members to support overall team objectives and workflow. Works well with team members and accepts feedback. Other Qualifications:"
Woodward,Coil Winder- Insertion,JR111513,"Sofia, BG",United States of America,,onsite,Mid,unknown,unknown,unknown,workday,N/A,2026-06-13T02:56:49Z,https://woodward.wd5.myworkdayjobs.com/en-US/woodward/job/Sofia-BG/Coil-Winder--Insertion_JR111513,"Key Responsibilities: Assemble Product: Follows documented procedures to accurately and efficiently assemble product components using specified tools and equipment. Test Product: Follows documented procedures to accurately and efficiently test product using specified tools and equipment, Quality: Conducts inspections and tests to verify the accuracy and functionality of products and records and maintains data per operating standards. Organization & Cleanliness: Adheres to 5S principles by keeping workstations clean, organized, and free of unnecessary items. Follows established guidelines to ensure tools, materials, and equipment are properly stored and maintained. Safety Mindset: Adheres to all established safety protocols, procedures, and regulatory requirements; maintains mindfulness of self and surrounding work area to promote a safe working environment. Key Skills: Technical Capability: Understands and follows basic technical instructions and standard operating procedures (SOPs). Critical Thinking: Identifies gap-to-standard and resolves or escalates them per standard processes/procedures. Mechanical Aptitude: Demonstrates basic understanding of mechanical systems and components. Uses hand tools and basic equipment safely and effectively. Can assemble and test products and may perform basic setups of equipment. Team Communication: Communicates effectively with team members and supervisors to support workflow and escalate immediate issues. Adherence to Woodward's Core Values. Time Management: Effectively manages time to complete assigned tasks within established schedules. Adheres to individual schedule. Lean Mindset: Follows lean practices such as 5S and waste reduction. Participates in continuous improvement activities. Production Systems: Understands and adheres to standardized work and escalates when cannot be followed. Actively participates in the daily management system. Computer Skills: Uses basic software (e.g., email, spreadsheets, data entry tools) to complete tasks. Attention to Detail: Ensures precision in tasks to maintain high quality standards. Follows instructions precisely and checks work for accuracy. Collaboration: Works cooperatively with team members to support overall team objectives and workflow. Works well with team members and accepts feedback. Other Qualifications:"
Woodward,Coil Winder- Termination,JR111514,"Sofia, BG",United States of America,,onsite,Mid,unknown,unknown,unknown,workday,N/A,2026-06-13T02:56:53Z,https://woodward.wd5.myworkdayjobs.com/en-US/woodward/job/Sofia-BG/Coil-Winder--Termination_JR111514,"Key Responsibilities: Assemble Product: Follows documented procedures to accurately and efficiently assemble product components using specified tools and equipment. Test Product: Follows documented procedures to accurately and efficiently test product using specified tools and equipment, Quality: Conducts inspections and tests to verify the accuracy and functionality of products and records and maintains data per operating standards. Organization & Cleanliness: Adheres to 5S principles by keeping workstations clean, organized, and free of unnecessary items. Follows established guidelines to ensure tools, materials, and equipment are properly stored and maintained. Safety Mindset: Adheres to all established safety protocols, procedures, and regulatory requirements; maintains mindfulness of self and surrounding work area to promote a safe working environment. Key Skills: Technical Capability: Understands and follows basic technical instructions and standard operating procedures (SOPs). Critical Thinking: Identifies gap-to-standard and resolves or escalates them per standard processes/procedures. Mechanical Aptitude: Demonstrates basic understanding of mechanical systems and components. Uses hand tools and basic equipment safely and effectively. Can assemble and test products and may perform basic setups of equipment. Team Communication: Communicates effectively with team members and supervisors to support workflow and escalate immediate issues. Adherence to Woodward's Core Values. Time Management: Effectively manages time to complete assigned tasks within established schedules. Adheres to individual schedule. Lean Mindset: Follows lean practices such as 5S and waste reduction. Participates in continuous improvement activities. Production Systems: Understands and adheres to standardized work and escalates when cannot be followed. Actively participates in the daily management system. Computer Skills: Uses basic software (e.g., email, spreadsheets, data entry tools) to complete tasks. Attention to Detail: Ensures precision in tasks to maintain high quality standards. Follows instructions precisely and checks work for accuracy. Collaboration: Works cooperatively with team members to support overall team objectives and workflow. Works well with team members and accepts feedback. Other Qualifications:"
Woodward,Coil Winder- Termination,JR111515,"Sofia, BG",United States of America,,onsite,Mid,unknown,unknown,unknown,workday,N/A,2026-06-13T02:56:57Z,https://woodward.wd5.myworkdayjobs.com/en-US/woodward/job/Sofia-BG/Coil-Winder--Termination_JR111515,"Key Responsibilities: Assemble Product: Follows documented procedures to accurately and efficiently assemble product components using specified tools and equipment. Test Product: Follows documented procedures to accurately and efficiently test product using specified tools and equipment, Quality: Conducts inspections and tests to verify the accuracy and functionality of products and records and maintains data per operating standards. Organization & Cleanliness: Adheres to 5S principles by keeping workstations clean, organized, and free of unnecessary items. Follows established guidelines to ensure tools, materials, and equipment are properly stored and maintained. Safety Mindset: Adheres to all established safety protocols, procedures, and regulatory requirements; maintains mindfulness of self and surrounding work area to promote a safe working environment. Key Skills: Technical Capability: Understands and follows basic technical instructions and standard operating procedures (SOPs). Critical Thinking: Identifies gap-to-standard and resolves or escalates them per standard processes/procedures. Mechanical Aptitude: Demonstrates basic understanding of mechanical systems and components. Uses hand tools and basic equipment safely and effectively. Can assemble and test products and may perform basic setups of equipment. Team Communication: Communicates effectively with team members and supervisors to support workflow and escalate immediate issues. Adherence to Woodward's Core Values. Time Management: Effectively manages time to complete assigned tasks within established schedules. Adheres to individual schedule. Lean Mindset: Follows lean practices such as 5S and waste reduction. Participates in continuous improvement activities. Production Systems: Understands and adheres to standardized work and escalates when cannot be followed. Actively participates in the daily management system. Computer Skills: Uses basic software (e.g., email, spreadsheets, data entry tools) to complete tasks. Attention to Detail: Ensures precision in tasks to maintain high quality standards. Follows instructions precisely and checks work for accuracy. Collaboration: Works cooperatively with team members to support overall team objectives and workflow. Works well with team members and accepts feedback. Other Qualifications:"
Woodward,Coil Winder- Termination,JR111516,"Sofia, BG",United States of America,,onsite,Mid,unknown,unknown,unknown,workday,N/A,2026-06-13T02:57:01Z,https://woodward.wd5.myworkdayjobs.com/en-US/woodward/job/Sofia-BG/Coil-Winder--Termination_JR111516,"Key Responsibilities: Assemble Product: Follows documented procedures to accurately and efficiently assemble product components using specified tools and equipment. Test Product: Follows documented procedures to accurately and efficiently test product using specified tools and equipment, Quality: Conducts inspections and tests to verify the accuracy and functionality of products and records and maintains data per operating standards. Organization & Cleanliness: Adheres to 5S principles by keeping workstations clean, organized, and free of unnecessary items. Follows established guidelines to ensure tools, materials, and equipment are properly stored and maintained. Safety Mindset: Adheres to all established safety protocols, procedures, and regulatory requirements; maintains mindfulness of self and surrounding work area to promote a safe working environment. Key Skills: Technical Capability: Understands and follows basic technical instructions and standard operating procedures (SOPs). Critical Thinking: Identifies gap-to-standard and resolves or escalates them per standard processes/procedures. Mechanical Aptitude: Demonstrates basic understanding of mechanical systems and components. Uses hand tools and basic equipment safely and effectively. Can assemble and test products and may perform basic setups of equipment. Team Communication: Communicates effectively with team members and supervisors to support workflow and escalate immediate issues. Adherence to Woodward's Core Values. Time Management: Effectively manages time to complete assigned tasks within established schedules. Adheres to individual schedule. Lean Mindset: Follows lean practices such as 5S and waste reduction. Participates in continuous improvement activities. Production Systems: Understands and adheres to standardized work and escalates when cannot be followed. Actively participates in the daily management system. Computer Skills: Uses basic software (e.g., email, spreadsheets, data entry tools) to complete tasks. Attention to Detail: Ensures precision in tasks to maintain high quality standards. Follows instructions precisely and checks work for accuracy. Collaboration: Works cooperatively with team members to support overall team objectives and workflow. Works well with team members and accepts feedback. Other Qualifications:"
Woodward,Coil Winder- Termination,JR111517,"Sofia, BG",United States of America,,onsite,Mid,unknown,unknown,unknown,workday,N/A,2026-06-13T02:57:05Z,https://woodward.wd5.myworkdayjobs.com/en-US/woodward/job/Sofia-BG/Coil-Winder--Termination_JR111517,"Key Responsibilities: Assemble Product: Follows documented procedures to accurately and efficiently assemble product components using specified tools and equipment. Test Product: Follows documented procedures to accurately and efficiently test product using specified tools and equipment, Quality: Conducts inspections and tests to verify the accuracy and functionality of products and records and maintains data per operating standards. Organization & Cleanliness: Adheres to 5S principles by keeping workstations clean, organized, and free of unnecessary items. Follows established guidelines to ensure tools, materials, and equipment are properly stored and maintained. Safety Mindset: Adheres to all established safety protocols, procedures, and regulatory requirements; maintains mindfulness of self and surrounding work area to promote a safe working environment. Key Skills: Technical Capability: Understands and follows basic technical instructions and standard operating procedures (SOPs). Critical Thinking: Identifies gap-to-standard and resolves or escalates them per standard processes/procedures. Mechanical Aptitude: Demonstrates basic understanding of mechanical systems and components. Uses hand tools and basic equipment safely and effectively. Can assemble and test products and may perform basic setups of equipment. Team Communication: Communicates effectively with team members and supervisors to support workflow and escalate immediate issues. Adherence to Woodward's Core Values. Time Management: Effectively manages time to complete assigned tasks within established schedules. Adheres to individual schedule. Lean Mindset: Follows lean practices such as 5S and waste reduction. Participates in continuous improvement activities. Production Systems: Understands and adheres to standardized work and escalates when cannot be followed. Actively participates in the daily management system. Computer Skills: Uses basic software (e.g., email, spreadsheets, data entry tools) to complete tasks. Attention to Detail: Ensures precision in tasks to maintain high quality standards. Follows instructions precisely and checks work for accuracy. Collaboration: Works cooperatively with team members to support overall team objectives and workflow. Works well with team members and accepts feedback. Other Qualifications:"
Woodward,Coil Winder- Termination,JR111518,"Sofia, BG",United States of America,,onsite,Mid,unknown,unknown,unknown,workday,N/A,2026-06-13T02:57:09Z,https://woodward.wd5.myworkdayjobs.com/en-US/woodward/job/Sofia-BG/Coil-Winder--Termination_JR111518,
Woodward,Coil Winder - Impregnation,JR111432,"Sofia, BG",United States of America,,onsite,Mid,unknown,unknown,unknown,workday,N/A,2026-06-13T02:57:13Z,https://woodward.wd5.myworkdayjobs.com/en-US/woodward/job/Sofia-BG/Coil-Winder---Impregnation_JR111432,"Key Responsibilities: Assemble Product: Follows documented procedures to accurately and efficiently assemble product components using specified tools and equipment. Test Product: Follows documented procedures to accurately and efficiently test product using specified tools and equipment, Quality: Conducts inspections and tests to verify the accuracy and functionality of products and records and maintains data per operating standards. Organization & Cleanliness: Adheres to 5S principles by keeping workstations clean, organized, and free of unnecessary items. Follows established guidelines to ensure tools, materials, and equipment are properly stored and maintained. Safety Mindset: Adheres to all established safety protocols, procedures, and regulatory requirements; maintains mindfulness of self and surrounding work area to promote a safe working environment. Key Skills: Technical Capability: Understands and follows basic technical instructions and standard operating procedures (SOPs). Critical Thinking: Identifies gap-to-standard and resolves or escalates them per standard processes/procedures. Mechanical Aptitude: Demonstrates basic understanding of mechanical systems and components. Uses hand tools and basic equipment safely and effectively. Can assemble and test products and may perform basic setups of equipment. Team Communication: Communicates effectively with team members and supervisors to support workflow and escalate immediate issues. Adherence to Woodward's Core Values. Time Management: Effectively manages time to complete assigned tasks within established schedules. Adheres to individual schedule. Lean Mindset: Follows lean practices such as 5S and waste reduction. Participates in continuous improvement activities. Production Systems: Understands and adheres to standardized work and escalates when cannot be followed. Actively participates in the daily management system. Computer Skills: Uses basic software (e.g., email, spreadsheets, data entry tools) to complete tasks. Attention to Detail: Ensures precision in tasks to maintain high quality standards. Follows instructions precisely and checks work for accuracy. Collaboration: Works cooperatively with team members to support overall team objectives and workflow. Works well with team members and accepts feedback. Other Qualifications:"
Woodward,Coil Winder – Final assembly,JR111422,"Sofia, BG",United States of America,,onsite,Mid,unknown,unknown,unknown,workday,N/A,2026-06-13T02:57:17Z,https://woodward.wd5.myworkdayjobs.com/en-US/woodward/job/Sofia-BG/Coil-Winder---Final-assembly_JR111422,"Key Responsibilities: Assemble Product: Follows documented procedures to accurately and efficiently assemble product components using specified tools and equipment. Test Product: Follows documented procedures to accurately and efficiently test product using specified tools and equipment, Quality: Conducts inspections and tests to verify the accuracy and functionality of products and records and maintains data per operating standards. Organization & Cleanliness: Adheres to 5S principles by keeping workstations clean, organized, and free of unnecessary items. Follows established guidelines to ensure tools, materials, and equipment are properly stored and maintained. Safety Mindset: Adheres to all established safety protocols, procedures, and regulatory requirements; maintains mindfulness of self and surrounding work area to promote a safe working environment. Key Skills: Technical Capability: Understands and follows basic technical instructions and standard operating procedures (SOPs). Critical Thinking: Identifies gap-to-standard and resolves or escalates them per standard processes/procedures. Mechanical Aptitude: Demonstrates basic understanding of mechanical systems and components. Uses hand tools and basic equipment safely and effectively. Can assemble and test products and may perform basic setups of equipment. Team Communication: Communicates effectively with team members and supervisors to support workflow and escalate immediate issues. Adherence to Woodward's Core Values. Time Management: Effectively manages time to complete assigned tasks within established schedules. Adheres to individual schedule. Lean Mindset: Follows lean practices such as 5S and waste reduction. Participates in continuous improvement activities. Production Systems: Understands and adheres to standardized work and escalates when cannot be followed. Actively participates in the daily management system. Computer Skills: Uses basic software (e.g., email, spreadsheets, data entry tools) to complete tasks. Attention to Detail: Ensures precision in tasks to maintain high quality standards. Follows instructions precisely and checks work for accuracy. Collaboration: Works cooperatively with team members to support overall team objectives and workflow. Works well with team members and accepts feedback. Other Qualifications:"
Woodward,MACHINIST,JR111423,"Sofia, BG",United States of America,,onsite,Mid,unknown,unknown,unknown,workday,N/A,2026-06-13T02:57:21Z,https://woodward.wd5.myworkdayjobs.com/en-US/woodward/job/Sofia-BG/MACHINIST_JR111423,"Position Purpose: Machinist reports to the manufacturing supervisor and is responsible for setting up, operating and maintaining several machine types in an industrial setting. The position involves troubleshooting, moderate decision-making and problem solving. The role works under limited supervision and provides some guidance to other members. There is limited contact with external suppliers or customers. Essential Functions: Sets up and operates machines with little or no supervision and performs required process checks or inspections per the process documentation. In Duarte, the following functions are performed by the Lead only. For all other locations, they are essential for all members. Provide training to others in the department when necessary, double checks the work of others. Complete paperwork while adhering to record retention requirements. Utilize basic Six Sigma tools and methodology. Identify, document and control nonconforming material according to procedures, identify and implement corrective actions to address nonconformance and implement root cause corrective actions. Adhere to all safety standards, regulations and operating procedures. Utilize computer programs to enter part data (e.g., serial number), log time, look up instructions and blueprints and download programs. Utilize work instructions, set-up sheets and method documents to correctly set up machines and inspect machined parts. Utilize various gauging equipment to ensure conformance to the engineering specifications and standards through the production run. Collaborate with appropriate organizations to develop and assist in the implementation of process plans and improvements. Clean and maintain measuring instruments and test equipment and inspect parts for cleanliness (e.g., routed and deburring operations). Operate precision inspection equipment and perform first piece check out when applicable to the job. (In Duarte, inspection completed by inspection department). Interpret and follow blueprints for proper production task completion. Perform routed operations of precision close tolerance parts. Other Essential Functions: Communicate information to others about project status, updates, specific instructions, etc. and review item status in MRP to ensure item is logged/closed out appropriately. Clean and organize the immediate work area. May perform secondary work functions, such as deburring and sub-assembly with certifications, as required. (Does not apply in Duarte.) Provide training to others in the department when necessary. May set up Computer Numerical Controlled (CNC) machinery and make adjustments when necessary. Monitor and maintain the condition of cutting tools. Notify supervisors and other personnel of production or machine problems. Promote teamwork within the organization. Verify the calibration of equipment and expiration dates. Obtain certifications as necessary for required processes. Complete and review product paperwork, verifying all paperwork is present and filled out appropriately. Follow all departmental safety rules and regulations. Knowledge Skills & Abilities: Knowledge of and ability to apply inspection techniques (e.g., formalized inspection standards, inspection instructions, best practices) and use inspection tools efficiently. The ability to read and use micrometers, functional and cylindrical gauges, comparators, indicator setups, calibration stickers and scales. Intermediate ability to read, interpret and use the information presented in drawings, diagrams and blueprints to determine appropriate activities, tools, and next steps in the production process. Ability to learn and use available business software as necessary. Knowledge of part special handling guidelines and specifications. This includes researching part handling instructions using facility databases or work orders and following the handling procedures required. Knowledge of nonconformance procedures and processes when parts fail inspection. This includes knowledge of systems required to log and track failed inspections and associated documentation as needed within area of responsibility. Intermediate knowledge of Geometric Dimensioning and Tolerancing such as perpendicularity, parallelism, flatness. This includes the ability to interpret tolerances on prints and perform inspection techniques. This includes the ability to interpret datum structures, material condition tolerances, orientation tolerances. Knowledge of CNC (Computer Numerically Controlled) programming/machining including the ability to read, understand, edit basic programs and/or basic knowledge of one or more of the following skills - grinding, turning, milling, drilling. Knowledge of continuous improvement process to improve operational effectiveness. Knowledge of how quality impacts the success of the organization including costs to customers, costs of recalls and potential costs due to negative impacts on a company's reputation. This includes taking the necessary steps to ensure quality on a consistent basis and striving for improvement. The ability to use computer and web-based systems to input, access, modify, or output information or to execute programs. The ability to write effectively, to read and understand work documents and to communicate information clearly to coworkers and supervisors. The position also involves the ability to provide guidance to members through instruction and personal example. General knowledge of machines and equipment functionality, and how tools could be used on such equipment/machines. This includes the ability to learn new systems quickly, understanding how parts relate, and how they impact system functionality. This also includes process optimization or the ability to identify opportunities to improve current production processes and to implement the necessary steps for the improvements. The ability to provide excellent service to internal customers. The ability and willingness to demonstrate eagerness, enthusiasm, and optimism for work activities. This includes the ability and willingness to take ownership of work activities, to learn and understand company policies and procedures, to take independent action and complete job tasks without being instructed to complete them. The ability to accurately provide the information requested on specific forms, reports, and logs. The ability to define, diagnose, and resolve problems. This includes the ability to acquire and apply new knowledge and skills and the ability to integrate knowledge of current resources and constraints, priorities and manufacturing processes. The ability to interact cooperatively and collaboratively with others as a team. The ability to perform simple arithmetic computations including addition, subtraction, multiplication, and division correctly using whole numbers, fractions, decimals, and percentages. The ability to process multiple types of information and/or perform multiple tasks simultaneously and the ability to follow work orders efficiently. The ability to see details (e.g., letters, numbers, codes, color, symbols, marks, labels, signs) clearly to accomplish work tasks in a safe and efficient manner and possessing strong hand-eye coordination. Education: UNITED STATES\US – High School Diploma"
Woodward,Coil Winder Fia,JR111386,"Sofia, BG",United States of America,,onsite,Mid,unknown,unknown,unknown,workday,N/A,2026-06-13T02:57:25Z,https://woodward.wd5.myworkdayjobs.com/en-US/woodward/job/Sofia-BG/Coil-Winder-Fia_JR111386,"Key Responsibilities: Assemble Product: Follows documented procedures to accurately and efficiently assemble product components using specified tools and equipment. Test Product: Follows documented procedures to accurately and efficiently test product using specified tools and equipment, Quality: Conducts inspections and tests to verify the accuracy and functionality of products and records and maintains data per operating standards. Organization & Cleanliness: Adheres to 5S principles by keeping workstations clean, organized, and free of unnecessary items. Follows established guidelines to ensure tools, materials, and equipment are properly stored and maintained. Safety Mindset: Adheres to all established safety protocols, procedures, and regulatory requirements; maintains mindfulness of self and surrounding work area to promote a safe working environment. Key Skills: Technical Capability: Understands and follows basic technical instructions and standard operating procedures (SOPs). Critical Thinking: Identifies gap-to-standard and resolves or escalates them per standard processes/procedures. Mechanical Aptitude: Demonstrates basic understanding of mechanical systems and components. Uses hand tools and basic equipment safely and effectively. Can assemble and test products and may perform basic setups of equipment. Team Communication: Communicates effectively with team members and supervisors to support workflow and escalate immediate issues. Adherence to Woodward's Core Values. Time Management: Effectively manages time to complete assigned tasks within established schedules. Adheres to individual schedule. Lean Mindset: Follows lean practices such as 5S and waste reduction. Participates in continuous improvement activities. Production Systems: Understands and adheres to standardized work and escalates when cannot be followed. Actively participates in the daily management system. Computer Skills: Uses basic software (e.g., email, spreadsheets, data entry tools) to complete tasks. Attention to Detail: Ensures precision in tasks to maintain high quality standards. Follows instructions precisely and checks work for accuracy. Collaboration: Works cooperatively with team members to support overall team objectives and workflow. Works well with team members and accepts feedback. Other Qualifications:"
Woodward,Coil Winder - Winding,JR111385,"Sofia, BG",United States of America,,onsite,Mid,unknown,unknown,unknown,workday,N/A,2026-06-13T02:57:29Z,https://woodward.wd5.myworkdayjobs.com/en-US/woodward/job/Sofia-BG/Coil-Winder---Winding_JR111385,"Key Responsibilities: Assemble Product: Follows documented procedures to accurately and efficiently assemble product components using specified tools and equipment. Test Product: Follows documented procedures to accurately and efficiently test product using specified tools and equipment, Quality: Conducts inspections and tests to verify the accuracy and functionality of products and records and maintains data per operating standards. Organization & Cleanliness: Adheres to 5S principles by keeping workstations clean, organized, and free of unnecessary items. Follows established guidelines to ensure tools, materials, and equipment are properly stored and maintained. Safety Mindset: Adheres to all established safety protocols, procedures, and regulatory requirements; maintains mindfulness of self and surrounding work area to promote a safe working environment. Key Skills: Technical Capability: Understands and follows basic technical instructions and standard operating procedures (SOPs). Critical Thinking: Identifies gap-to-standard and resolves or escalates them per standard processes/procedures. Mechanical Aptitude: Demonstrates basic understanding of mechanical systems and components. Uses hand tools and basic equipment safely and effectively. Can assemble and test products and may perform basic setups of equipment. Team Communication: Communicates effectively with team members and supervisors to support workflow and escalate immediate issues. Adherence to Woodward's Core Values. Time Management: Effectively manages time to complete assigned tasks within established schedules. Adheres to individual schedule. Lean Mindset: Follows lean practices such as 5S and waste reduction. Participates in continuous improvement activities. Production Systems: Understands and adheres to standardized work and escalates when cannot be followed. Actively participates in the daily management system. Computer Skills: Uses basic software (e.g., email, spreadsheets, data entry tools) to complete tasks. Attention to Detail: Ensures precision in tasks to maintain high quality standards. Follows instructions precisely and checks work for accuracy. Collaboration: Works cooperatively with team members to support overall team objectives and workflow. Works well with team members and accepts feedback. Other Qualifications:"
Woodward,Coil Winder- Final assembly,JR111525,"Sofia, BG",United States of America,,onsite,Mid,unknown,unknown,unknown,workday,N/A,2026-06-13T02:57:33Z,https://woodward.wd5.myworkdayjobs.com/en-US/woodward/job/Sofia-BG/Coil-Winder--Final-assembly_JR111525,"Key Responsibilities: Assemble Product: Follows documented procedures to accurately and efficiently assemble product components using specified tools and equipment. Test Product: Follows documented procedures to accurately and efficiently test product using specified tools and equipment, Quality: Conducts inspections and tests to verify the accuracy and functionality of products and records and maintains data per operating standards. Organization & Cleanliness: Adheres to 5S principles by keeping workstations clean, organized, and free of unnecessary items. Follows established guidelines to ensure tools, materials, and equipment are properly stored and maintained. Safety Mindset: Adheres to all established safety protocols, procedures, and regulatory requirements; maintains mindfulness of self and surrounding work area to promote a safe working environment. Key Skills: Technical Capability: Understands and follows basic technical instructions and standard operating procedures (SOPs). Critical Thinking: Identifies gap-to-standard and resolves or escalates them per standard processes/procedures. Mechanical Aptitude: Demonstrates basic understanding of mechanical systems and components. Uses hand tools and basic equipment safely and effectively. Can assemble and test products and may perform basic setups of equipment. Team Communication: Communicates effectively with team members and supervisors to support workflow and escalate immediate issues. Adherence to Woodward's Core Values. Time Management: Effectively manages time to complete assigned tasks within established schedules. Adheres to individual schedule. Lean Mindset: Follows lean practices such as 5S and waste reduction. Participates in continuous improvement activities. Production Systems: Understands and adheres to standardized work and escalates when cannot be followed. Actively participates in the daily management system. Computer Skills: Uses basic software (e.g., email, spreadsheets, data entry tools) to complete tasks. Attention to Detail: Ensures precision in tasks to maintain high quality standards. Follows instructions precisely and checks work for accuracy. Collaboration: Works cooperatively with team members to support overall team objectives and workflow. Works well with team members and accepts feedback. Other Qualifications:"
Woodward,Coil Winder- Final assembly,JR111526,"Sofia, BG",United States of America,,onsite,Mid,unknown,unknown,unknown,workday,N/A,2026-06-13T02:57:37Z,https://woodward.wd5.myworkdayjobs.com/en-US/woodward/job/Sofia-BG/Coil-Winder--Final-assembly_JR111526,"Key Responsibilities: Assemble Product: Follows documented procedures to accurately and efficiently assemble product components using specified tools and equipment. Test Product: Follows documented procedures to accurately and efficiently test product using specified tools and equipment, Quality: Conducts inspections and tests to verify the accuracy and functionality of products and records and maintains data per operating standards. Organization & Cleanliness: Adheres to 5S principles by keeping workstations clean, organized, and free of unnecessary items. Follows established guidelines to ensure tools, materials, and equipment are properly stored and maintained. Safety Mindset: Adheres to all established safety protocols, procedures, and regulatory requirements; maintains mindfulness of self and surrounding work area to promote a safe working environment. Key Skills: Technical Capability: Understands and follows basic technical instructions and standard operating procedures (SOPs). Critical Thinking: Identifies gap-to-standard and resolves or escalates them per standard processes/procedures. Mechanical Aptitude: Demonstrates basic understanding of mechanical systems and components. Uses hand tools and basic equipment safely and effectively. Can assemble and test products and may perform basic setups of equipment. Team Communication: Communicates effectively with team members and supervisors to support workflow and escalate immediate issues. Adherence to Woodward's Core Values. Time Management: Effectively manages time to complete assigned tasks within established schedules. Adheres to individual schedule. Lean Mindset: Follows lean practices such as 5S and waste reduction. Participates in continuous improvement activities. Production Systems: Understands and adheres to standardized work and escalates when cannot be followed. Actively participates in the daily management system. Computer Skills: Uses basic software (e.g., email, spreadsheets, data entry tools) to complete tasks. Attention to Detail: Ensures precision in tasks to maintain high quality standards. Follows instructions precisely and checks work for accuracy. Collaboration: Works cooperatively with team members to support overall team objectives and workflow. Works well with team members and accepts feedback. Other Qualifications:"
Woodward,Coil Winder- Final assembly,JR111527,"Sofia, BG",United States of America,,onsite,Mid,unknown,unknown,unknown,workday,N/A,2026-06-13T02:57:41Z,https://woodward.wd5.myworkdayjobs.com/en-US/woodward/job/Sofia-BG/Coil-Winder--Final-assembly_JR111527,"Key Responsibilities: Assemble Product: Follows documented procedures to accurately and efficiently assemble product components using specified tools and equipment. Test Product: Follows documented procedures to accurately and efficiently test product using specified tools and equipment, Quality: Conducts inspections and tests to verify the accuracy and functionality of products and records and maintains data per operating standards. Organization & Cleanliness: Adheres to 5S principles by keeping workstations clean, organized, and free of unnecessary items. Follows established guidelines to ensure tools, materials, and equipment are properly stored and maintained. Safety Mindset: Adheres to all established safety protocols, procedures, and regulatory requirements; maintains mindfulness of self and surrounding work area to promote a safe working environment. Key Skills: Technical Capability: Understands and follows basic technical instructions and standard operating procedures (SOPs). Critical Thinking: Identifies gap-to-standard and resolves or escalates them per standard processes/procedures. Mechanical Aptitude: Demonstrates basic understanding of mechanical systems and components. Uses hand tools and basic equipment safely and effectively. Can assemble and test products and may perform basic setups of equipment. Team Communication: Communicates effectively with team members and supervisors to support workflow and escalate immediate issues. Adherence to Woodward's Core Values. Time Management: Effectively manages time to complete assigned tasks within established schedules. Adheres to individual schedule. Lean Mindset: Follows lean practices such as 5S and waste reduction. Participates in continuous improvement activities. Production Systems: Understands and adheres to standardized work and escalates when cannot be followed. Actively participates in the daily management system. Computer Skills: Uses basic software (e.g., email, spreadsheets, data entry tools) to complete tasks. Attention to Detail: Ensures precision in tasks to maintain high quality standards. Follows instructions precisely and checks work for accuracy. Collaboration: Works cooperatively with team members to support overall team objectives and workflow. Works well with team members and accepts feedback. Other Qualifications:"
Woodward,Coil Winder- Final assembly,JR111528,"Sofia, BG",United States of America,,onsite,Mid,unknown,unknown,unknown,workday,N/A,2026-06-13T02:57:45Z,https://woodward.wd5.myworkdayjobs.com/en-US/woodward/job/Sofia-BG/Coil-Winder--Final-assembly_JR111528,"Key Responsibilities: Assemble Product: Follows documented procedures to accurately and efficiently assemble product components using specified tools and equipment. Test Product: Follows documented procedures to accurately and efficiently test product using specified tools and equipment, Quality: Conducts inspections and tests to verify the accuracy and functionality of products and records and maintains data per operating standards. Organization & Cleanliness: Adheres to 5S principles by keeping workstations clean, organized, and free of unnecessary items. Follows established guidelines to ensure tools, materials, and equipment are properly stored and maintained. Safety Mindset: Adheres to all established safety protocols, procedures, and regulatory requirements; maintains mindfulness of self and surrounding work area to promote a safe working environment. Key Skills: Technical Capability: Understands and follows basic technical instructions and standard operating procedures (SOPs). Critical Thinking: Identifies gap-to-standard and resolves or escalates them per standard processes/procedures. Mechanical Aptitude: Demonstrates basic understanding of mechanical systems and components. Uses hand tools and basic equipment safely and effectively. Can assemble and test products and may perform basic setups of equipment. Team Communication: Communicates effectively with team members and supervisors to support workflow and escalate immediate issues. Adherence to Woodward's Core Values. Time Management: Effectively manages time to complete assigned tasks within established schedules. Adheres to individual schedule. Lean Mindset: Follows lean practices such as 5S and waste reduction. Participates in continuous improvement activities. Production Systems: Understands and adheres to standardized work and escalates when cannot be followed. Actively participates in the daily management system. Computer Skills: Uses basic software (e.g., email, spreadsheets, data entry tools) to complete tasks. Attention to Detail: Ensures precision in tasks to maintain high quality standards. Follows instructions precisely and checks work for accuracy. Collaboration: Works cooperatively with team members to support overall team objectives and workflow. Works well with team members and accepts feedback. Other Qualifications:"
Woodward,Coil Winder- Final assembly,JR111524,"Sofia, BG",United States of America,,onsite,Mid,unknown,unknown,unknown,workday,N/A,2026-06-13T02:57:49Z,https://woodward.wd5.myworkdayjobs.com/en-US/woodward/job/Sofia-BG/Coil-Winder--Final-assembly_JR111524,"Key Responsibilities: Assemble Product: Follows documented procedures to accurately and efficiently assemble product components using specified tools and equipment. Test Product: Follows documented procedures to accurately and efficiently test product using specified tools and equipment, Quality: Conducts inspections and tests to verify the accuracy and functionality of products and records and maintains data per operating standards. Organization & Cleanliness: Adheres to 5S principles by keeping workstations clean, organized, and free of unnecessary items. Follows established guidelines to ensure tools, materials, and equipment are properly stored and maintained. Safety Mindset: Adheres to all established safety protocols, procedures, and regulatory requirements; maintains mindfulness of self and surrounding work area to promote a safe working environment. Key Skills: Technical Capability: Understands and follows basic technical instructions and standard operating procedures (SOPs). Critical Thinking: Identifies gap-to-standard and resolves or escalates them per standard processes/procedures. Mechanical Aptitude: Demonstrates basic understanding of mechanical systems and components. Uses hand tools and basic equipment safely and effectively. Can assemble and test products and may perform basic setups of equipment. Team Communication: Communicates effectively with team members and supervisors to support workflow and escalate immediate issues. Adherence to Woodward's Core Values. Time Management: Effectively manages time to complete assigned tasks within established schedules. Adheres to individual schedule. Lean Mindset: Follows lean practices such as 5S and waste reduction. Participates in continuous improvement activities. Production Systems: Understands and adheres to standardized work and escalates when cannot be followed. Actively participates in the daily management system. Computer Skills: Uses basic software (e.g., email, spreadsheets, data entry tools) to complete tasks. Attention to Detail: Ensures precision in tasks to maintain high quality standards. Follows instructions precisely and checks work for accuracy. Collaboration: Works cooperatively with team members to support overall team objectives and workflow. Works well with team members and accepts feedback. Other Qualifications:"
Woodward,"Sr Specialist, Trade Compliance",JR111181,7 Locations,United States of America,,onsite,Senior,us_person,unknown,unknown,workday,N/A,2026-06-13T02:57:53Z,https://woodward.wd5.myworkdayjobs.com/en-US/woodward/job/Fort-Collins---Drake-Campus/Sr-Specialist--Trade-Compliance_JR111181,"Woodward is committed to creating a great workplace for all team members. Our company and its members are committed to acting with integrity, being respectful and accountable to one another, and staying humble and driven, while maintaining the highest professional and ethical standards. We are steadfastly committed to attracting the best talent across our communities creating a rewarding workplace. Together we are fulfilling our purpose to design and deliver energy control solutions our partners count on to power a clean future. Woodward supports our members’ wellbeing and regularly benchmarks with other companies in our industry to offer an extensive Total Reward package for this position. Salary will be determined by the applicant's education, experience, knowledge, skills, and abilities, as well as internal equity and alignment with market data. Estimated annual base pay: $89,000(minimum) - $116,000(midpoint) - $142,000(maximum) All members included in annual cash bonus opportunity. 401(k) match (4.5%) Annual Woodward stock contribution (5%) Tuition reimbursement and Training/Professional Development opportunities for all members 12 paid holidays, including floating holidays. Industry leading medical, dental, and vision Insurance upon date of hire Vacation / Sick Time / Vacation Buy-up / Short Term Disability / Bereavement leave. Paid parental leave. Adoption Assistance Employee Assistance Program, including mental health benefits. Member Life & AD&D / Long Term Disability / Member Optional Life Member referral bonus Spouse / Child Optional Life / Optional AD&D / Healthcare and Dependent Care Flexible Spending Voluntary benefits, including: Home / Auto Insurance discounts Whole Life Insurance / Critical Illness Insurance / Legal Assistance / Military Leave Key Responsibilities: Serves as a primary point of contact within multiple facilities for export/import transactions. Lead for promoting compliance with U.S. government and Export Administration Regulations (EAR), U.S. Treasury - Office of Foreign Asset Controls (OFAC) and the International Traffic in Arms Regulations (ITAR) relating to the export of Company products, services, transfers of technical data, employment of foreign nationals and all other import/export licensing and compliance matters. Supports review of customer/supplier contracts and recommends changes or alternate language to Trade Compliance provisions to ensure Woodward’s compliance Leads structuring export licensing strategy through the use of licenses and agreements for complex business models. Supports internal Trade Compliance audits and reviews within the Business Group. Delivers and supports development of materials for the sites training on Trade Compliance topics. Performs jurisdiction and classification of products and technologies. Drives the processing and approval of applications for export/import licenses, commodity jurisdictions, advisory opinions, agreements (e.g., Technical Assistance Agreement, Manufacturing License Agreement, Distribution Agreement) for U.S. and international operations. Monitors license and agreement submissions throughout the review and approval process and resolve issues as needed. Policy Development and Implementation: Support to develop, update, and implement compliance policies and procedures to address regulatory requirements and mitigate risks. Risk Assessment and Mitigation: Identify potential compliance risks through thorough assessments and develop strategies to effectively mitigate those risks. Key Skills: Regulatory Expertise: Demonstrates comprehensive knowledge of ITAR, EAR, and industry standards to ensure organizational compliance. Analytical Skills: Effectively analyzes complex regulatory information and identifies potential compliance risks and solutions. Attention to Detail: Maintains meticulous attention to detail when reviewing policies, procedures, and documentation to ensure accuracy and adherence to regulations. Communication Skills: Communicates clearly and effectively with stakeholders at all levels, conveying regulatory requirements and compliance strategies. Risk Assessment: Conducts thorough risk assessments to identify, evaluate, and mitigate compliance-related risks within the organization. Training and Education: Designs and delivers training programs to educate employees on compliance standards and best practices, fostering a culture of compliance. Problem Solving: Identifies compliance issues and employs strategic problem-solving techniques to address and resolve them efficiently. Project Management: Manages compliance projects from inception to completion, ensuring timely delivery and alignment with regulatory timelines. Ethical Judgement: Exercises sound ethical judgment and integrity in all compliance-related decisions and actions, promoting an ethical organizational culture. Successful Candidates Will Typically Have: Bachelor’s degree or 8+ years equivalent trade compliance experience can be considered in lieu of the degree. A combination of defense industry experience with trade compliance is ideal. 5+ years of equivalent experience with administering the Trade Compliance program of a multinational company required. Demonstrated ability to independently exercise judgement for trade matters. Familiarity with international export regulations is helpful. Technical expertise regarding U.S. export laws and regulations (EAR, ITAR, OFAC, and Customs). Experience implementing Trade Compliance Programs. Working knowledge of the Commodity Control List and the U.S. Munitions List Application window is anticipated to close 14 days from original posting date. This information is provided in compliance with the Colorado Equal Pay for Equal Work Act and is the company’s good faith and reasonable estimate of the compensation range and benefits offered for this position. The compensation offered to the successful applicant may vary based on factors including experience, skills, education, location, and other job-related reasons. This position requires use of information which is subject to the International Traffic in Arms Regulations (ITAR) and/or the Export Administration Regulations (EAR). All applicants must be U.S. Persons within the meaning of the ITAR and EAR, or eligible to obtain all required authorizations from the U.S. Department of State and/or the U.S. Department of Commerce. The ITAR defines a U.S. Person as a U.S. citizen or national, lawful permanent resident (i.e., 'Green Card holder'), or a protected person (e.g., asylee, or refugee). Woodward is an equal opportunity employer and does not discriminate in hiring or employment on the basis of race, color, religion, sex (including sexual orientation and gender identity), national origin, age, disability, protected veteran status, or any other category protected under federal, state, or local laws."
Woodward,Sr. Internal Control and Process Improvement Analyst,JR110070,Fort Collins - Lincoln Campus HQ,United States of America,,hybrid,Senior,us_person,unknown,unknown,workday,N/A,2026-06-13T02:57:57Z,https://woodward.wd5.myworkdayjobs.com/en-US/woodward/job/Fort-Collins---Lincoln-Campus-HQ/Sr-Internal-Control-and-Process-Improvement-Analyst_JR110070,"Woodward is committed to creating a great workplace for all team members. Our company and its members are committed to acting with integrity, being respectful and accountable to one another, and staying humble and driven, while maintaining the highest professional and ethical standards. We are steadfastly committed to attracting the best talent across our communities creating a rewarding workplace. Together we are fulfilling our purpose to design and deliver energy control solutions our partners count on to power a clean future. Woodward supports our members’ wellbeing and regularly benchmarks with other companies in our industry to offer an extensive Total Reward package for this position. Salary will be determined by the applicant's education, experience, knowledge, skills, and abilities, as well as internal equity and alignment with market data. Estimated annual base pay: $85,000(minimum) - $110,000(midpoint) - $136,000(maximum) All members included in annual cash bonus opportunity 401(k) match (4.5%) Annual Woodward stock contribution (5%) Tuition reimbursement and Training/Professional Development opportunities for all members 12 paid holidays, including floating holidays Industry leading medical, dental, and vision Insurance upon date of hire Vacation / Sick Time / Vacation Buy-up / Short Term Disability / Bereavement leave Paid parental leave Adoption Assistance Employee Assistance Program, including mental health benefits Member Life & AD&D / Long Term Disability / Member Optional Life Member referral bonus Spouse / Child Optional Life / Optional AD&D / Healthcare and Dependent Care Flexible Spending Voluntary benefits, including: Home / Auto Insurance discounts Whole Life Insurance / Critical Illness Insurance / Legal Assistance / Military Leave The Sr. Analyst – Internal Controls and Process Improvement support the global internal controls program and enables continuous improvement across Woodward’s accounting processes. This role is a key contributor responsible for documenting processes, evaluating control design and effectiveness, identifying improvement opportunities, and supporting enterprise initiatives. The Sr. Analyst partners closely with process owners, accounting teams, and cross‑functional stakeholders to strengthen controls, enhance efficiency, and drive standardization across the organization. Key Responsibilities: Global Process & Control Documentation: Own and maintain end-to-end global control process documentation, ensuring changes are timely reflected and aligned with the internal controls framework. Internal Control Risk Management & Compliance: Lead control risk assessments by identifying risks, mapping key controls, monitoring testing results, and coordinating remediation of control deficiencies. Controls Rollout, Training & Stakeholder Enablement: Coordinate global rollout of standardized controls, track adoption and compliance, and develop training materials to educate stakeholders on control ownership and compliance expectations. Process Improvement & Automation Support: Maintain the continuous improvement funnel to support process and system enhancements through analysis, requirements gathering, testing, and benefit tracking to reduce manual effort. Continuous Improvement & Performance Measurement: Contribute to continuous improvement initiatives by defining KPIs, analyzing performance data, summarizing outcomes, and institutionalizing successful changes through updated documentation and guidance. Key Skills: Controls: In-depth knowledge of internal control frameworks (e.g., SOX, COSO). ERP: Experience with ERP systems (SAP preferred) and strong aptitude for systems and process flow. Financial Reporting: In-depth knowledge of financial reporting requirements, including GAAP and SEC regulations Analytics: Demonstrated analytical skills with ability to evaluate processes, identify gaps, and propose solutions. Business Acumen: In-depth knowledge of the company's business, industry, and market trends, including a deep understanding of financial performance drivers. Technical Skills: Proficiency in financial software, Excel, and other analytical tools. Communication: Excellent communication skills, including the ability to communicate complex financial information to non-financial stakeholders. Leadership: Ability to lead and manage cross-functional teams, including working with stakeholders across the organization. Problem Solving: Strong problem-solving skills, including the ability to identify financial issues and recommend solutions. Attention to Detail: Strong attention to detail and accuracy, including the ability to identify errors and discrepancies in financial data. Time Management: Ability to manage multiple tasks and priorities, meet deadlines, and work independently. Successful Candidates Will Typically Have: Bachelor’s Degree in Accounting, Finance, Business, or related field. 5-10 years of experience in accounting, audit, internal controls, and process improvement. Professional certification: CPA, CIA, etc. Application window is anticipated to close 14 days from original posting date. This information is provided in compliance with the Colorado Equal Pay for Equal Work Act and is the company’s good faith and reasonable estimate of the compensation range and benefits offered for this position. The compensation offered to the successful applicant may vary based on factors including experience, skills, education, location, and other job-related reasons. This position requires use of information which is subject to the International Traffic in Arms Regulations (ITAR) and/or the Export Administration Regulations (EAR). All applicants must be U.S. Persons within the meaning of the ITAR and EAR, or eligible to obtain all required authorizations from the U.S. Department of State and/or the U.S. Department of Commerce. The ITAR defines a U.S. Person as a U.S. citizen or national, lawful permanent resident (i.e., 'Green Card holder'), or a protected person (e.g., asylee, or refugee). Woodward is an equal opportunity employer and does not discriminate in hiring or employment on the basis of race, color, religion, sex (including sexual orientation and gender identity), national origin, age, disability, protected veteran status, or any other category protected under federal, state, or local laws. #LI-Hybrid"
Woodward,Meisterstellvertreter (m/w/d),JR110418,"Glatten, DE",United States of America,,onsite,Mid,us_person,unknown,unknown,workday,N/A,2026-06-13T02:58:01Z,https://woodward.wd5.myworkdayjobs.com/en-US/woodward/job/Glatten-DE/Meisterstellvertreter--m-w-d-_JR110418,"Woodward L'Orange ist als Pionier modernster Technologie auf dem Weg zu nachhaltigen Lösungen: Komponenten und Systeme für die Energiewandlungssysteme der Zukunft. Mit unseren rund 1.300 Mitarbeitern an den Standorten Stuttgart, Glatten, Wolfratshausen und Rellingen entwickeln und produzieren wir ein breites Produktportfolio an Komponenten für die Regelung, Dosierung und Aufbereitung von heutigen und künftigen Kraftstoffen (PTX). Dieses Portfolio umfasst u. A. die Einspritztechnik, einschließlich fortschrittlicher Common-Rail-Technologie. Ihren Einsatz finden unsere Produkte in den modernen Großmotoren und Brennstoffzellen von Schiffen, Kraftwerken, Eisenbahnen und weiteren Anwendungen. Am Standort GLATTEN suchen wir einen Meisterstellvertreter (m/w/d) Ihre Aufgaben: Stellvertretende Leitung der Kostenstelle Fachliche Führung der Mitarbeitenden der Kostenstelle sowie aktive Mitarbeit bei der disziplinarischen Führung Sicherstellung der geforderten Bauteile nach Qualität, Menge und Termin Organisation und Verbesserung des Einsatzes von Personal, Maschinen, Anlagen, Betriebsmitteln und Werkzeugen Mitwirkung bei der Planung der erforderlichen Investitionen (Maschinen, Anlagen), Betriebsmittel und Werkzeuge Sicherstellung des effizienten Ressourceneinsatzes durch Anwendung von LEAN-Methoden und der Grundlagen des Woodward Produktionssystems (WPS 2.0) inkl. Leader Standard Work Ihr Profil: Abgeschlossene Meister- oder Technikerausbildung Mehrjährige Erfahrung in der Produktion der metallverarbeitenden Industrie Erste Erfahrungen in der Mitarbeiterführung Bereitschaft zur Wechselschicht (2-Schicht) Organisationsgeschick, Durchsetzungsvermögen, Verantwortungsbewusstsein und Flexibilität Kommunikations- und Teamfähigkeit Ihre Vorteile: Metalltarif Betriebsrestaurant Umfangreiches Weiterbildungsprogramm Modernes Gesundheits- & Sportangebot Mitarbeiterrabatte Mercedes-Benz-Leasing Rabatte Fahrrad-Leasing Bitte bewerben Sie sich mit einem aussagekräftigen Anschreiben, Lebenslauf und Zeugnissen. Alle Unterlagen können im Feld ""Lebenslauf"" hochgeladen werden. Kontakt:
Dana Diebold
07443/249-392 Woodward L'Orange GmbH Rudolf-L'Orange-Straße 1 D-72293 Glatten"
Woodward,Pracownik/ca działu montażu i testów,JR111453,"Niepolomice, PL",United States of America,,onsite,Mid,unknown,unknown,unknown,workday,N/A,2026-06-13T02:58:05Z,https://woodward.wd5.myworkdayjobs.com/en-US/woodward/job/Niepolomice-PL/Pracownik-dziau-montau-i-testw_JR111453,"Monter/ka urządzeń elektronicznych odpowiedzialny/a jest za montaż, testowanie i weryfikację modułów elektronicznych zgodnie z instrukcjami pracy oraz wewnętrznymi procedurami. Rola wymaga zarówno precyzji technicznej, jak i umiejętności pracy zespołowej w dynamicznym środowisku produkcyjnym. Zadania: Montaż kontrolerów elektronicznych od poziomu PCBA wg instrukcji pracy Przeprowadzanie automatycznych oraz pół-automatycznych testów funkcjonalnych Uczestniczenie w inicjatywach w zakresie ciągłego doskonalenia i zarządzania ""lean"" Wypełnianie dokumentacji zgodnie z procedurami. Prowadzenie szkoleń stanowiskowych dla innych pracowników. Dbałość o wyposażenie i narzędzia pracy Wymagania: Wykształcenie kierunkowe (technik elektronik/ elektryk/ mechatronik) Doświadczenie na podobnym stanowisku Umiejętność posługiwania się rysunkami technicznymi, schematami i instrukcjami inżynieryjnymi Znajomość obsługi komputera, w tym systemów ERP Umiejętność współpracy w zespole oraz mentorowania innych pracowników Umiejętność identyfikowania problemów i uczestniczenie w ich rozwiązywaniu Dbałość o szczegóły i precyzję – zdolność postrzegania drobnych niespójności lub wad w częściach, sprzęcie czy procesach produkcyjnych. Gotowość do pracy w trybie zmianowym (3 zmiany) Oferujemy: Wynagrodzenie od 5000 PLN do 6850 PLN (w zależności od doświadczenia) Prywatne ubezpieczenie zdrowotne, ubezpieczenie na życie, platformę MyBenefit Program premii za wyniki firmy Wpłaty na konto PPK w wysokoście do 4% wynagrodzenia w zależności od stażu pracy Zakładowy Fundusz Świadczeń Socjalnych Kartę Lunchową Doświadczony zespół i możliwości rozwoju"
Woodward,Pracownik/ca działu montażu i testów,JR111454,"Niepolomice, PL",United States of America,,onsite,Mid,unknown,unknown,unknown,workday,N/A,2026-06-13T02:58:09Z,https://woodward.wd5.myworkdayjobs.com/en-US/woodward/job/Niepolomice-PL/Pracownik-ca-dziau-montau-i-testw_JR111454-1,"Monter/ka urządzeń elektronicznych odpowiedzialny/a jest za montaż, testowanie i weryfikację modułów elektronicznych zgodnie z instrukcjami pracy oraz wewnętrznymi procedurami. Rola wymaga zarówno precyzji technicznej, jak i umiejętności pracy zespołowej w dynamicznym środowisku produkcyjnym. Zadania: Montaż kontrolerów elektronicznych od poziomu PCBA wg instrukcji pracy Przeprowadzanie automatycznych oraz pół-automatycznych testów funkcjonalnych Uczestniczenie w inicjatywach w zakresie ciągłego doskonalenia i zarządzania ""lean"" Wypełnianie dokumentacji zgodnie z procedurami. Prowadzenie szkoleń stanowiskowych dla innych pracowników. Dbałość o wyposażenie i narzędzia pracy Wymagania: Wykształcenie kierunkowe (technik elektronik/ elektryk/ mechatronik) Doświadczenie na podobnym stanowisku Umiejętność posługiwania się rysunkami technicznymi, schematami i instrukcjami inżynieryjnymi Znajomość obsługi komputera, w tym systemów ERP Umiejętność współpracy w zespole oraz mentorowania innych pracowników Umiejętność identyfikowania problemów i uczestniczenie w ich rozwiązywaniu Dbałość o szczegóły i precyzję – zdolność postrzegania drobnych niespójności lub wad w częściach, sprzęcie czy procesach produkcyjnych. Gotowość do pracy w trybie zmianowym (3 zmiany) Oferujemy: Wynagrodzenie od 5000 PLN do 6850 PLN (w zależności od doświadczenia) Prywatne ubezpieczenie zdrowotne, ubezpieczenie na życie, platformę MyBenefit Program premii za wyniki firmy Wpłaty na konto PPK w wysokoście do 4% wynagrodzenia w zależności od stażu pracy Zakładowy Fundusz Świadczeń Socjalnych Kartę Lunchową Doświadczony zespół i możliwości rozwoju"
Woodward,Supplier Development Engineer (f/m),JR111147,"Niepolomice, PL",United States of America,,hybrid,Mid,unknown,unknown,unknown,workday,N/A,2026-06-13T02:58:13Z,https://woodward.wd5.myworkdayjobs.com/en-US/woodward/job/Niepolomice-PL/Supplier-Development-Engineer--f-m-_JR111147-1,"About The Role In this role you will identify and assess new suppliers to support Woodward commodity strategy for Industrial business. This might include training and developing suppliers to meets Woodward technical requirements, providing technical and quality direction to the supply base in direct support of the production and contractual requirements of the organization, managing supplier APQP activities for new Product Launch or Part Transition Projects in compliance with internal procedures. What You Will Do Lead Global Sourcing supplier assessment process activities to evaluate whether a potential new supplier meets Woodward and our customers requirements; Interacts with cross functional teams (Sourcing/ Quality/ Engineering/ New Product group) to identify and mitigate supplier capability / capacity / system gaps determined through supplier assessment activities; Ensures that potential suppliers understand quality and product requirements. Reviews drawings, specifications, and other product specific requirements to ensure that supplier understands and complies with all requirements through onboarding activities; Leads multiple projects while implementing development plans with key suppliers to support global commodity strategies; Leads SPIP (Supplier Performance Improvement Program) activities to drive QDRC (quality, delivery, responsiveness, and cost) improvements for the mutual benefit of Woodward and the supplier; Serves as quality systems and supplier development escalation point of contact within commodity teams; VAVE : supports site and commodity teams with cost reductions activity; What You Will Need Expert in building and maintaining strong partnerships with suppliers to enhance collaboration and performance. Skilled in analyzing and optimizing manufacturing and supply chain processes to increase efficiency and reduce costs. Proficient in interpreting complex data sets to inform decisionmaking and drive strategic supplier development initiatives. Technical Problem Solving: Adept at identifying root causes of technical issues and implementing effective solutions using engineering principles. Knowledgeable in quality control standards and methodologies to ensure supplier products meet company and industry specifications Skilled in creating and maintaining detailed technical documents, reports, and specifications to support supplier development efforts. Ability to lead audits Excellent communication and presentation skills both oral and written in a global environment Understanding of applicable quality and manufacturing processes across Industrial Businesses Strong understanding of Root Cause Analysis and Lean Manufacturing Concepts Other Qualifications: Root Cause Analysis, Lean Manufacturing, APQP and PPAP elements (i.e. PRR, MSA, FMEA, Capability Studies, etc.), AS9100, ISO-9000:2000 Polish and English language skills What You Will Gain Salary range from 12 000 to 18 500 PLN gross – depending on experience Advancement opportunities in international team A total rewards package, that includes: private health insurance, life & accidental insurance Multisport package Meal Vouchers Company performance bonus program Work-life balance, semi-flexible working time PPK: Woodward offers payment to your PPK account up to 4% of your compensation depending on seniority Hybrid work model Educational support"
Woodward,Sr Tax Specialist,JR111107,Fort Collins - Lincoln Campus HQ,United States of America,,onsite,Senior,us_person,unknown,unknown,workday,N/A,2026-06-13T02:58:17Z,https://woodward.wd5.myworkdayjobs.com/en-US/woodward/job/Fort-Collins---Lincoln-Campus-HQ/Sr-Tax-Specialist_JR111107-1,"Woodward is committed to creating a great workplace for all team members. Our company and its members are committed to acting with integrity, being respectful and accountable to one another, and staying humble and driven, while maintaining the highest professional and ethical standards. We are steadfastly committed to attracting the best talent across our communities creating a rewarding workplace. Together we are fulfilling our purpose to design and deliver energy control solutions our partners count on to power a clean future. Woodward supports our members’ wellbeing and regularly benchmarks with other companies in our industry to offer an extensive Total Reward package for this position. Salary will be determined by the applicant's education, experience, knowledge, skills, and abilities, as well as internal equity and alignment with market data. Estimated annual base pay: $85,000(minimum) - $110,000(midpoint) - $136,000(maximum) The following benefits are available to all members: All members included in annual cash bonus opportunity. 401(k) match (4.5%) Annual Woodward stock contribution (5%) Tuition reimbursement and Training/Professional Development opportunities for all members 12 paid holidays, including floating holidays. Industry leading medical, dental, and vision Insurance upon date of hire Vacation / Sick Time / Vacation Buy-up / Short Term Disability / Bereavement leave. Paid parental leave. Adoption Assistance Employee Assistance Program, including mental health benefits. Member Life & AD&D / Long Term Disability / Member Optional Life Member referral bonus Spouse / Child Optional Life / Optional AD&D / Healthcare and Dependent Care Flexible Spending Voluntary benefits, including: Home / Auto Insurance discounts Whole Life Insurance / Critical Illness Insurance / Legal Assistance / Military Leave Are you ready to make your mark? If you’re a Sr Tax Specialist, we have an exciting opportunity for you. This role reports into a leader on Woodward’s global tax team and focuses on tax compliance, provision, and planning. This includes supporting the Company's global transfer pricing strategy and operational compliance. Key Responsibilities: Supervising tax compliance: A Senior Tax Specialist in Finance is responsible for preparing and reviewing complex tax workpapers and filings, including improving and optimizing tax compliance and provision processes. Assist in establishing and monitoring global transfer pricing governance including controls and process documentation. Support Pillar Two compliance through data gathering and documentation. Supporting compliance with tax laws and regulations: A Senior Tax Specialist in Finance has an intermediate understanding of tax laws and regulations and prepares and reviews workpapers to document and support tax compliance and tax provision reporting obligations. Engaging in tax research, analysis, and training: A Senior Tax Specialist in Finance is responsible for conducting and reviewing basic tax research and analysis to identify tax planning opportunities and ensure compliance with tax laws and regulations, including staying current with changes in tax laws and regulations through purposeful continuing education. Assisting with Tax audits: A Senior Tax Specialist in Finance is responsible for supporting tax audit responses through detailed analysis and recommendations. Providing tax advice and guidance: A Senior Tax Specialist in Finance is responsible for supporting, conducting, and effectively communicating tax advice and guidance to other functional areas of the organization. Key Skills: Intermediate knowledge of tax laws, regulations, and procedures, including an understanding of tax research tools, techniques, and principles. Attention to detail and accuracy, including the ability to analyze prior workpapers to accurately produce workpapers for review. Solid analytical, problem-solving, and continuous improvement skills. Intermediate understanding of financial accounting and reporting, including financial reporting requirements. Effective written and verbal communication and interpersonal skills, including documentation and communication of review notes and analysis. Strong proficiency in relevant tax software and tools with a continuous improvement mindset and ability to teach tax technology skillsets to other team members. Requires heavy data analysis and interpretation skills. Ability to work independently and as part of a team prioritizing work for self and others. Developed self-check and other controls into new and existing tax workpapers to ensure accuracy of workpapers and calculations. Strong knowledge of and ability to implement continuous process improvement and automation tools and techniques. Solid business knowledge to apply tax laws to our business facts. Ability to learn and apply tax laws accurately to estimate the impact of changing tax laws and regulations to our facts. Successful Candidates Will Typically Have: Bachelor’s degree in Accounting or related field; CPA or JD preferred. 2–5 years of corporate tax or public accounting experience. Application window is anticipated to close 14 days from original posting date. This information is provided in compliance with the Colorado Equal Pay for Equal Work Act and is the company’s good faith and reasonable estimate of the compensation range and benefits offered for this position. The compensation offered to the successful applicant may vary based on factors including experience, skills, education, location, and other job-related reasons. Woodward is an equal opportunity employer and does not discriminate in hiring or employment on the basis of race, color, religion, sex (including sexual orientation and gender identity), national origin, age, disability, protected veteran status, or any other category protected under federal, state, or local laws."
Woodward,"Operations Specialist - Prototype Machining (1st shift, 5x8)",JR111353,Fort Collins - Drake Campus,United States of America,,onsite,Mid,us_person,unknown,unknown,workday,N/A,2026-06-13T02:58:21Z,https://woodward.wd5.myworkdayjobs.com/en-US/woodward/job/Fort-Collins---Drake-Campus/Operations-Specialist---Prototype-Machining--1st-shift--5x8-_JR111353-1,"Woodward is committed to creating a great workplace for all team members. Our company and its members are committed to acting with integrity, being respectful and accountable to one another, and staying humble and driven, while maintaining the highest professional and ethical standards. We are steadfastly committed to attracting the best talent across our communities, creating a rewarding workplace. Together we are fulfilling our purpose to design and deliver energy control solutions our partners count on to power a clean future. Woodward supports our members’ wellbeing and regularly benchmarks with other companies in our industry to offer an extensive Total Reward package for this position. Salary will be determined by the applicant's education, experience, knowledge, skills, and abilities, as well as internal equity and alignment with market data. Estimated annual base pay: Level 2: $31.25(minimum) - $40.38(midpoint) - $50.00(maximum)/ Level 3: $35.58(minimum) - $46.15(midpoint) - $56.73(maximum). Plus, overtime. All Levels are eligible for the benefits below: All members included in annual cash bonus opportunity. 401(k) match (4.5%)
Annual Woodward stock contribution (5%)
Tuition reimbursement and Training/Professional Development opportunities for all members 12 paid holidays, including floating holidays. Industry leading medical, dental, and vision Insurance upon date of hire
Vacation / Sick Time / Vacation Buy-up / Short Term Disability / Bereavement leave. Paid parental leave.
Adoption Assistance Employee Assistance Program, including mental health benefits. Member Life & AD&D / Long Term Disability / Member Optional Life Member referral bonus Spouse / Child Optional Life / Optional AD&D / Healthcare and Dependent Care Flexible Spending Voluntary benefits, including: Home / Auto Insurance discounts Whole Life Insurance / Critical Illness Insurance / Legal Assistance / Military Leave Are you ready to make your mark? If you’re an Operations Specialist, we have an exciting opportunity for you. This position is on 1st shift – Monday to Friday, 5X8 schedule. What You Will Be Doing Execute Technical Processes: Implements and maintains technical procedures to ensure efficient daily operations in multiple areas/processes.
Continuous Improvement: Determines and applies appropriate approaches for new assignments and enhances existing methodologies to improve effectiveness.
Quality: Timely disposition and complex root cause analysis for production problems. Implements corrective actions across similar processes to prevent recurrence.
Resolve Complex Issues: Utilizes a common systematic approach in problem solving to provide solutions for atypical or infrequent operational problems based on established guidelines.
Safety Mindset: Adheres to, actively supports, and implements improvements to established safety protocols, procedures, and regulatory requirements; maintains mindfulness of self and surrounding work area to promote a safe working environment. What We Are Looking For Level 2: Technical Knowledge: Advanced understanding of complex manufacturing processes (e.g., CNC machining, precision assembly, or test equipment). Knowledge of AS9100 or ISO 9001 quality standards. Utilizes advanced blueprint and GD&T understanding to suggest improvements to engineering drawings, BOMs, and specifications.
Analytical Skills: Expertise in applying analytical methodologies to operational processes. Experience with process mapping, value stream analysis, and root cause tools (5 Whys, Fishbone diagrams). Supports continuous improvement initiatives.
Mechanical Aptitude: Utilize advanced understanding of manufacturing processes (mechanical disassembly/reassembly, CNC machine operations, testing) to support and mentor operations members. Advanced skill with mechanical tools and measurement instruments and mechanical components. Understanding how tooling impacts repeatability, precision, and cycle time. Advanced knowledge of mechanical techniques and processes.
Communication: Communicates actively with all key stakeholders to support workflow and drive resolution to immediate issues. Clearly conveys (verbal and written) advanced technical information and ideas effectively across teams and departments throughout the organization. Demonstrates Woodward's Core Values
Time Management: Prioritizes tasks effectively to meet deadlines and manage workload efficiently. Manages multiple projects simultaneously, ensuring timely completion and alignment with objectives.
Lean Mindset: Identifies opportunities to enhance operational workflows and implements effective solutions. Participation in improvement projects to solve complex manufacturing issues. Ability to quantify impact (e.g., cost savings, productivity gains, quality improvements).
Production Systems: Champions standardized work and provides timely support to production escalations. Actively participates in the daily management system. Advanced knowledge in Enterprise Resource Planning (ERP) systems and production software and tools to aid in analysis of problems.
Computer Skills: Advanced ability to use basic software (e.g., email, spreadsheets, data entry tools) to complete tasks. Proficiency in Enterprise Resource Planning (ERP) systems.
Detail-Oriented: Ability to review and maintain BOMs. Improve work instructions and process documentation with a high level of accuracy.
Skilled in interpreting engineering drawings and ensuring alignment with production specs. Proactively Identifies and corrects minor deviations before they escalate into major issues.
Collaboration: Works cooperatively with team members to support overall team objectives and workflow. Works well with others and accepts feedback. Collaborates across teams, shares knowledge, and supports team goals. Facilitates team discussions. Level 3: Technical Knowledge: Expert level understanding of complex manufacturing processes (e.g., CNC machining, precision assembly, or test equipment). Knowledge of AS9100 or ISO 9001 quality standards. Utilizes expert level blueprint and GD&T understanding to aid in design of engineering drawings, new development, BOMs, and specifications.
Analytical Skills: Expertise in applying analytical methodologies to operational processes. Experience with process mapping, value stream analysis, and root cause tools (5 Whys, Fishbone diagrams). Capability to identify opportunities and drive continuous improvement initiatives to completion.
Mechanical Aptitude: Utilize expert understanding of manufacturing processes (mechanical disassembly/reassembly, CNC machine operations, testing) to support and mentor operations members. Advanced skill with mechanical tools and measurement instruments and mechanical components. Understanding how tooling impacts repeatability, precision, and cycle time. Designs improvements to mechanical techniques and processes.
Communication: Leads effective communication with all levels to support workflow and influences decision making. Clearly conveys (verbal and written) advanced technical information and ideas effectively across teams and departments throughout the organization. Champions Woodward's Core Values
Time Management: Prioritizes tasks effectively to meet deadlines and manage workload efficiently. Manages multiple projects simultaneously, ensuring timely completion and alignment with objectives.
Lean Mindset: Identifies opportunities to enhance operational workflows and implements effective solutions. Participates and may lead improvement projects to solve complex manufacturing issues. Strategic deployment of Lean methodologies to align with organizational goals. Ability to quantify impact (e.g., cost savings, productivity gains, quality improvements) and drive project execution.
Production Systems: Champions standardized work and provides timely support to production escalations. Actively participates in the daily management system. Expert level in Enterprise Resource Planning (ERP) systems and production software and tools to aid in analysis of complex problems.
Computer Skills: Advanced ability to use basic software (e.g., email, spreadsheets, data entry tools) to complete tasks. Advanced proficiency in Enterprise Resource Planning (ERP) systems.
Detail-Oriented: Ability to review and maintain BOMs. Design and create complex work instructions and process documentation with a high level of accuracy.
Advanced knowledge of engineering drawings and creating alignment with production specs. Design and eliminates potential deviations using industry standard tools ie. DFMEA before they escalate into major issues.
Collaboration: Works cooperatively with team members to support overall team objectives and workflow. Works well with others and accepts feedback. Collaborates across teams, shares knowledge, and supports team goals. Builds strong cross-functional relationships and fosters a collaborative culture. Leads cross-departmental initiatives and problem-solving events. Other Preferred Qualifications Experience in prototype machining, low-volume production, or development manufacturing environments strongly preferred.
CNC programming experience, preferably with ESPRIT, MasterCAM, or similar programming software strongly preferred.
Working knowledge of fixturing, tooling, work holding, raw materials, and inspection equipment.
Experience making production parts and supporting machining process improvements.
Ability to interpret complex engineering drawings, GD&T, and machining specifications.
Experience supporting root cause analysis and corrective actions in a machining environment.
Experience using ERP systems such as WISE, SAP, or similar production systems. Application window is anticipated to close 30 days from original posting date. This information is provided in compliance with the Colorado Equal Pay for Equal Work Act and is the company’s good faith and reasonable estimate of the compensation range and benefits offered for this position. The compensation offered to the successful applicant may vary based on factors including experience, skills, education, location, and other job-related reasons. This position requires use of information which is subject to the International Traffic in Arms Regulations (ITAR) and/or the Export Administration Regulations (EAR). All applicants must be U.S. Persons within the meaning of the ITAR and EAR, or eligible to obtain all required authorizations from the U.S. Department of State and/or the U.S. Department of Commerce. The ITAR defines a U.S. Person as a U.S. citizen or national, lawful permanent resident (i.e., 'Green Card holder'), or a protected person (e.g., asylee, or refugee). Woodward is an equal opportunity employer and does not discriminate in hiring or employment on the basis of race, color, religion, sex (including sexual orientation and gender identity), national origin, age, disability, protected veteran status, or any other category protected under federal, state, or local laws."
Woodward,Program Manager,JR108282,"Makuhari, JP",United States of America,,onsite,Manager,unknown,unknown,unknown,workday,N/A,2026-06-13T02:58:25Z,https://woodward.wd5.myworkdayjobs.com/en-US/woodward/job/Makuhari-JP/Program-Manager_JR108282,"ウッドワード・ジャパン合同会社ではプログラムマネージャーを募集しています。
日本語が必須のポジションになります/Japanese proficiency with native level is a must.
・勤務場所/Working Place
千葉県千葉市美浜区中瀬2-6-1 WBGﾏﾘﾌﾞｳｴｽﾄ19Fです。
WBG Marive West 19F, 2-6-1 Nakase, Mihama-ku, Chiba-shi, Chiba
・求人内容についてのご質問は下記までお問い合わせください。/If any questions, please contact:
email: Chiba.HR@woodward.com
尚、ご応募の際は日・英両方のレジュメをご提出くださいます様お願いします。
Please submit your resume both in Japanese and English. Key Responsibilities: Project Actions: Lead programs. Mentors Project Managers and Project Coordinators. Product Actions: Accountable for program results. Project Artifacts: Accountable for program artifacts (strategy, benefits, scope, schedule, budget, risk, quality, project integration, ROI, etc.). Project Governance: Lead program Governance. Project Life Cycle: Accountable for program gates and deliverables. Key Skills: Leadership (indirect): Leads cross-functional teams with vision, motivation, and emotional intelligence. Builds trust, inspiring collaboration, and fostering team performance. Takes personal ownership of the program and drives commitment from team members. Strategic Thinking and Alignment: Ability to align programs with organizational strategies and goals to deliver business value. Understands the broader vision and ensures projects contribute to achieving it. Communication: Communicates effectively to all audiences, including executives, team members, and stakeholders. Tailors messages to different stakeholders and facilitates open, clear communication. Stakeholder Management: Engages, influences, and manages stakeholders at all levels.
Identifies and addresses stakeholder needs, expectations, and concerns. Risk Management: Identifies, assesses, and mitigates risks across the program and its projects. Develops contingency plans to manage uncertainties effectively. Analytical Thinking and Problem-Solving: Applies critical thinking to analyze complex problems, evaluate data, and make informed decisions.
Uses metrics, KPIs, and other tools to track program progress and address issues proactively. Financial and Resource Management: Manages budgets, forecasts costs, and tracks financial performance across the program. Allocates and manages resources (time, budget, personnel, and materials) efficiently across multiple projects. Program Governance: Establishes frameworks for decision-making, accountability, and oversight. Ensures the program complies with organizational policies and standards. Change Management: Manages organizational change and ensures successful adoption of program outcomes. Addresses resistance to change and fosters stakeholder buy-in for program initiatives. Technical Program Management Skills: Coordinates multiple interrelated projects using advanced methodologies (e.g., Agile at Scale, Lean Portfolio Management) and tools (Planisware, Jira, etc.) to align with organizational goals and deliver measurable outcomes. Manages dependencies, mitigates risks, and ensures synergy across projects within a program to maximize value and achieve program-wide objectives. Establishes clear governance structures, defines success metrics, and communicates progress effectively with executives and cross-functional teams to maintain alignment and transparency Other Qualifications:"
Woodward,Staff/Senior Staff Embedded Software Engineer,JR110859,"Niles, IL, US",United States of America,,onsite,Principal,us_person,unknown,unknown,workday,N/A,2026-06-13T02:58:29Z,https://woodward.wd5.myworkdayjobs.com/en-US/woodward/job/Niles-IL-US/Staff-Senior-Staff-Embedded-Software-Engineer_JR110859,"Woodward is committed to creating a great workplace for all team members. Our company and its members are committed to acting with integrity, being respectful and accountable to one another, and staying humble and driven, while maintaining the highest professional and ethical standards. We are steadfastly committed to attracting the best talent across our communities creating a rewarding workplace. Together we are fulfilling our purpose to design and deliver energy control solutions our partners count on to power a clean future. Woodward supports our members’ wellbeing and regularly benchmarks with other companies in our industry to offer an extensive Total Reward package for this position. Salary will be determined by the applicant's education, experience, knowledge, skills, and abilities, as well as internal equity and alignment with market data. Staff: Estimated annual base pay: $113,000 (minimum) - $147,000 (midpoint) - $181,000 (maximum) Senior Staff: Estimated annual base pay: $145,000 (minimum) - $181,000 (midpoint) - $218,000 (maximum) All members included in annual cash bonus opportunity. 401(k) match (4.5%) Annual Woodward stock contribution (5%) Tuition reimbursement and Training/Professional Development opportunities for all members 12 paid holidays, including floating holidays. Industry leading medical, dental, and vision Insurance upon date of hire Vacation / Sick Time / Vacation Buy-up / Short Term Disability / Bereavement leave. Paid parental leave. Adoption Assistance Employee Assistance Program, including mental health benefits. Member Life & AD&D / Long Term Disability / Member Optional Life Member referral bonus Spouse / Child Optional Life / Optional AD&D / Healthcare and Dependent Care Flexible Spending Voluntary benefits, including: Home / Auto Insurance discounts Whole Life Insurance / Critical Illness Insurance / Legal Assistance / Military Leave Summary: The Embedded Software Engineer position focuses on the design, development, testing, and support of sophisticated embedded software systems for aerospace products. This role demands deep expertise in software development tools, safety-critical systems, and adherence to compliance standards such as DO-178. By leading technical projects, mentoring junior and mid-level engineers, and driving innovation in product and process improvements, this position plays a key role in advancing the organization's technical excellence and competitive edge in the aerospace industry. Staff: Key Responsibilities: Technical Leadership: Guides cross functional teams in developing and implementing scalable software solutions to address complex business challenges. Solution Architecture: Designs and oversees the architecture of software systems, ensuring alignment with best practices and industry standards. Problem Solving: Leads the analysis and resolution of intricate technical issues, utilizing advanced analytical skills to identify innovative solutions. Strategic Advising: Partners with management to interpret business needs and recommend technology-driven improvements to enhance products and processes. Mentorship and Collaboration: Mentors junior engineers and collaborates with internal and external subject matter experts to foster a culture of continuous improvement and technical excellence. Key Skills: Advanced Software Architecture: Expertise in designing and implementing scalable, robust software architectures that address complex business requirements. Cross Functional Leadership: Proven ability to lead and collaborate with diverse teams across multiple disciplines to achieve project objectives. Complex Problem Solving: Skilled in analyzing intricate technical challenges and developing innovative, effective solutions. Technical Advisory: Acts as a trusted advisor to leadership on advanced technical projects, providing strategic guidance and best practices. Project Management: Proficient in managing medium-to-large-scale projects, ensuring timely delivery and adherence to quality standards. Effective Communication: Capable of conveying complex technical concepts clearly to both technical and nontechnical stakeholders. Analytical Thinking: Utilizes sophisticated analytical methods to evaluate data and inform decision making processes. Process Improvement: Identifies and implements technology driven enhancements to optimize products, processes, and services. Strategic Networking: Builds and maintains relationships with senior experts and stakeholders to support project and organizational goals. Innovative Solution Development: Demonstrates creativity in developing and applying new technologies to address business challenges. Senior Staff: Key Responsibilities: Technical Leadership: Serves as the primary technical expert, providing strategic guidance and direction to engineering teams and senior leadership. Strategic Planning: Anticipates industry trends and business challenges, recommending and implementing technology solutions that enhance products, processes, and services. Complex Problem Solving: Identifies and resolves unique, high impact technical issues, leveraging innovative and conceptual thinking to develop effective solutions. Project Management: Leads and oversees complex, high risk engineering projects, ensuring successful execution and alignment with organizational strategy. Stakeholder Communication: Communicates complex technical concepts to senior executives and cross functional teams, persuading stakeholders to adopt strategic initiatives. Key Skills: Technical Leadership: Provides expert guidance and mentorship in software engineering practices and technologies. Strategic Planning: Develops and contributes to the long term technical strategy aligned with business objectives. Complex Problem Solving: Analyzes and resolves unique and intricate technical challenges with broad business impact. Project Management: Manages high risk, high complexity projects from initiation through successful completion. Advanced Communication: Articulates complex technical concepts clearly to senior leadership and external stakeholders. Influence and Persuasion: Persuades senior level executives to adopt innovative technical solutions and viewpoints. Business Acumen: Anticipates industry trends and business needs to inform technology and product improvements. Innovative Thinking: Develops creative and effective solutions through conceptual and out-of-the-box thinking. Cross Functional Collaboration: Works seamlessly with diverse teams and subject matter experts across the organization. Resource Allocation: Directs and optimizes the distribution of resources for various service and product initiatives. Successful candidates typically have: Staff: 4year Bachelors BS AND 10+ years equivalent experience Experience in DO-178 Aerospace is a plus Senior Staff: 4year Bachelors BS AND 12+ years equivalent experience Experience in DO-178 Aerospace is a plus This position requires use of information which is subject to the International Traffic in Arms Regulations (ITAR) and/or the Export Administration Regulations (EAR). All applicants must be U.S. Persons within the meaning of the ITAR and EAR, or eligible to obtain all required authorizations from the U.S. Department of State and/or the U.S. Department of Commerce. The ITAR defines a U.S. Person as a U.S. citizen or national, lawful permanent resident (i.e., 'Green Card holder'), or a protected person (e.g., asylee, or refugee). Woodward is an equal opportunity employer and does not discriminate in hiring or employment on the basis of race, color, religion, sex (including sexual orientation and gender identity), national origin, age, disability, protected veteran status, or any other category protected under federal, state, or local laws. #LI-AT1"
Woodward,Elektronik - Specjalista ds. Napraw (k/m),JR111144,"Niepolomice, PL",United States of America,,onsite,Mid,unknown,unknown,unknown,workday,N/A,2026-06-13T02:58:33Z,https://woodward.wd5.myworkdayjobs.com/en-US/woodward/job/Niepolomice-PL/Elektronik---Specjalista-ds-Napraw--k-m-_JR111144,"O roli: Poszukujemy osoby, która będzie odpowiedzialna za diagnozę i naprawę zaawansowanych urządzeń elektronicznych na poziomie komponentów. Jest to rola techniczna dla specjalisty, który chce rozwijać swoje kompetencje w pracy z nowoczesną elektroniką oraz brać udział w doskonaleniu procesów serwisowych i jakościowych. Obowiązki: Naprawa zaawansowanych, przemysłowych sterowników elektronicznych (cyfrowych i analogowych) Diagnostyka usterek PCBA na poziomie komponentów Wypełnianie raportów dotyczących wykonanych napraw Kontakt i współpraca z innymi działami, w tym również w środowisku międzynarodowym Wsparcie innych działów w analizie i rozwiązywaniu problemów technicznych Udział w nowych projektach (NPI) Oczekiwania: Praktyczna wiedza z zakresu elektroniki cyfrowej i analogowej Umiejętność diagnozy i naprawy cyfrowych i analogowych urządzeń elektronicznych (oczekujemy podstaw, reszty Cię nauczymy) Umiejętność lutowania komponentów powierzchniowych i przewlekanych Doświadczenie w pracy na stanowisku serwisanta urządzeń elektronicznych min. 2 lata Umiejętność czytania schematów elektrycznych/elektronicznych Wykształcenie min. średnie (preferowane technik elektronik lub pokrewne) Komunikatywna znajomość języka angielskiego (możliwość doskonalenia w trakcie pracy) Znajomość standardu IPC610 / 7711 będzie dodatkowym atutem Oferujemy: Wynagrodzenie od 7000 PLN do 11000 PLN (w zależności od doświadczenia) Prywatne ubezpieczenie zdrowotne, ubezpieczenie na życie, platformę MyBenefit Program premii za wyniki firmy Wpłaty na konto PPK w wysokoście do 4% wynagrodzenia w zależności od stażu pracy Zakładowy Fundusz Świadczeń Socjalnych Karty Lunchowe Doświadczony zespół i możliwości rozwoju"
Woodward,Client/Server Administrator,JR110856,"Spartanburg, SC, US",United States of America,,onsite,Mid,us_person,unknown,unknown,workday,N/A,2026-06-13T02:58:37Z,https://woodward.wd5.myworkdayjobs.com/en-US/woodward/job/Spartanburg-SC-US/Client-Server-Administrator_JR110856-1,"Woodward is committed to creating a great workplace for all team members. Our company and its members are committed to acting with integrity, being respectful and accountable to one another, and staying humble and driven, while maintaining the highest professional and ethical standards. We are steadfastly committed to attracting the best talent across our communities creating a rewarding workplace. Together we are fulfilling our purpose to design and deliver energy control solutions our partners count on to power a clean future. Woodward supports our members’ wellbeing and regularly benchmarks with other companies in our industry to offer an extensive Total Reward package for this position. Salary will be determined by the applicant's education, experience, knowledge, skills, and abilities, as well as internal equity and alignment with market data. Estimated annual base pay: $95,000(minimum) - $123,000(midpoint) - $152,000(maximum) All Levels are eligible for the benefits below: All members included in annual cash bonus opportunity. 401(k) match (4.5%)
Annual Woodward stock contribution (5%)
Tuition reimbursement and Training/Professional Development opportunities for all members 12 paid holidays, including floating holidays. Industry leading medical, dental, and vision Insurance upon date of hire
Vacation / Sick Time / Vacation Buy-up / Short Term Disability / Bereavement leave. Paid parental leave.
Adoption Assistance Employee Assistance Program, including mental health benefits. Member Life & AD&D / Long Term Disability / Member Optional Life Member referral bonus Spouse / Child Optional Life / Optional AD&D / Healthcare and Dependent Care Flexible Spending Voluntary benefits, including: Home / Auto Insurance discounts Whole Life Insurance / Critical Illness Insurance / Legal Assistance / Military Leave Key Responsibilities: Technical Support: Provides expert guidance and support to less experienced colleagues, enhancing team competency and efficiency. Diagnoses and resolves advanced technical problems that are atypical or occur infrequently.
Documentation: Maintains accurate documentation of client, network and server configurations, processes, and procedures to enhance team efficiency.
System Maintenance: Performs regular maintenance and updates on client, network and server infrastructure. Troubleshooting and resolution of related problems.
Project Leadership: Leads small-scale projects, across and IT and the business, related to client, network and server deployments, coordinating resources and ensuring timely completion.
Technical Guidance: Provide technical guidance by serving as an informal mentor and resource for growing team members, offering support and sharing expertise to help them develop skills. Actively drive the exploration and adoption of new technologies within the group to enhance innovation, efficiency, and overall team capability. Key Skills: Problem Solving: Ability to identify, analyze, and resolve complex technical issues efficiently.
Networking Fundamentals: Strong understanding of network protocols, configurations, and troubleshooting in support of client and server communications.
Strategic Communication: Effectively communicate complex technical concepts to both technical and non-technical stakeholders at all organizational levels, ensuring clarity, alignment, and informed decision-making.
Security Management: Expertise in implementing and maintaining security measures to protect global client, network and server infrastructures.
Technical Documentation: Skilled in utilizing existing tools to enhance solution accuracy and support continuous service improvement. Focused on improving resolution times and maintaining SLA targets through data-driven insights and process refinement. Reviews and approves solutions for systems and processes.
Customer Service: Provide high-level technical support with a focus on delivering exceptional customer service, handling escalations, and ensuring a user-centered service delivery. Understand priorities and can lead others when there are major problems. Understand the business impact of problems and select the most effective resolution balancing disruption and time to resolution.
Server Administration: Proficient in managing and maintaining server environments, including installation, configuration, and updates. Knowledgeable in industry best practices and capable of integrating them into client, network and tserver management.
Backup Solutions: Competent in establishing new and managing existing data backup and recovery processes. Develops, maintains and tests local DR plans.
Scripting and Automation: Proficiency in creating new scripts to automate advanced administrative tasks.
Project Management: Skilled in leading small-scale projects, managing resources, and ensuring timely completion. Application window is anticipated to close 7 days from original posting date. This information is provided in compliance with the Colorado Equal Pay for Equal Work Act and is the company’s good faith and reasonable estimate of the compensation range and benefits offered for this position. The compensation offered to the successful applicant may vary based on factors including experience, skills, education, location, and other job-related reasons. This position requires use of information which is subject to the International Traffic in Arms Regulations (ITAR) and/or the Export Administration Regulations (EAR). All applicants must be U.S. Persons within the meaning of the ITAR and EAR, or eligible to obtain all required authorizations from the U.S. Department of State and/or the U.S. Department of Commerce. The ITAR defines a U.S. Person as a U.S. citizen or national, lawful permanent resident (i.e., 'Green Card holder'), or a protected person (e.g., asylee, or refugee). Woodward is an equal opportunity employer and does not discriminate in hiring or employment on the basis of race, color, religion, sex (including sexual orientation and gender identity), national origin, age, disability, protected veteran status, or any other category protected under federal, state, or local laws."
Woodward,Shipping Receiving Specialist I/II (Second Shift),JR111341,Fort Collins - Lincoln Campus,United States of America,,onsite,Mid,us_person,unknown,unknown,workday,N/A,2026-06-13T02:58:41Z,https://woodward.wd5.myworkdayjobs.com/en-US/woodward/job/Fort-Collins---Lincoln-Campus/Shipping-Receiving-Specialist-I-II--Second-Shift-_JR111341,"Woodward is committed to creating a great workplace for all team members. Our company and its members are committed to acting with integrity, being respectful and accountable to one another, and staying humble and driven, while maintaining the highest professional and ethical standards. We are steadfastly committed to attracting the best talent across our communities creating a rewarding workplace. Together we are fulfilling our purpose to design and deliver energy control solutions our partners count on to power a clean future. Woodward supports our members’ wellbeing and regularly benchmarks with other companies in our industry to offer an extensive Total Reward package for this position. Salary will be determined by the applicant's education, experience, knowledge, skills, and abilities, as well as internal equity and alignment with market data. Estimated hourly pay: Level 1 $17.31(minimum) - $22.60(midpoint) - $27.88(maximum) Plus shift differential and overtime
Level 2 $19.71(minimum) - $25.48(midpoint) - $31.73(maximum) Plus shift differential and overtime
All members included in annual cash bonus opportunity. 401(k) match (4.5%)
Annual Woodward stock contribution (5%)
Tuition reimbursement and Training/Professional Development opportunities for all members 12 paid holidays, including floating holidays. Industry leading medical, dental, and vision Insurance upon date of hire Vacation / Sick Time / Vacation Buy-up / Short Term Disability / Bereavement leave. Paid parental leave.
Adoption Assistance Employee Assistance Program, including mental health benefits. Member Life & AD&D / Long Term Disability / Member Optional Life Member referral bonus Spouse / Child Optional Life / Optional AD&D / Healthcare and Dependent Care Flexible Spending Voluntary benefits, including: Home / Auto Insurance discounts Whole Life Insurance / Critical Illness Insurance / Legal Assistance / Military Leave **This is a 2nd Shift role: Monday-Friday 2:00pm-10:30pm** Key Responsibilities: Level 1 Processing Orders: Inspect and verify goods against purchase orders, work orders, and sales orders to ensure accuracy and quality.
Product Handling: Prepare and process orders, ensuring timely and accurate dispatch of products, and to verify appropriate packaging and handling codes for transporting of product.
Inventory Management: The specialist maintains accurate inventory records, oversees stock levels, and conducts regular inventory audits to ensure consistency between physical counts and system data.
Documentation: Handle and organize all necessary shipping, receiving, logistics documentation to ensure compliance and traceability.
Equipment Operation and Maintenance: The role involves operating and maintaining material handling equipment such as forklifts and pallet jacks, and ensuring the work area is organized and safe. Level 2 Shipment Coordination: The Shipping/Receiving Specialist II coordinates and schedules inbound and outbound shipments to ensure timely and accurate delivery of goods.
Documentation and Compliance: Prepare, verify, and maintain all necessary shipping, receiving, logistics documentation, ensuring compliance with company policies and relevant regulations.
Issue Resolution and Communication: The specialist identifies and resolves any discrepancies or issues related to shipping, receiving, logistics and communicates effectively with internal teams and external partners to facilitate operational excellence.
Cross Training Activities and Certifications: Ensure all training records are maintained. Cross train and certify in applicable logistics functions such as shipping, receiving, and stockroom departments.
Process Improvements and Mentoring: Assist with training of uncertified Logistics members. Contribute to team and process improvements. Key Skills: Level 1 Attention to Detail: Accurately inspects incoming and outgoing shipments and orders to ensure all items are correctly received and dispatched without errors.
Time Management: Efficiently prioritizes tasks to meet shipping, receiving and material movement deadlines, ensuring timely processing of all logistics activities.
Teamwork and Communication Skills: Effectively communicates with team members, and relevant stakeholders to coordinate shipments and resolve any issues that arise. Collaborates with colleagues and other departments to ensure safety, quality, and delivery of product to internal and external customers.
Organizational Skills: Maintains orderly records and organizes inventory to facilitate easy access and tracking of goods.
Basic Computer Skills: Utilizes business systems, and inventory management systems to enter data, process shipments, and generate reports.
Physical Stamina: Handles the physical demands of the job, including lifting and moving packages, operating material handling equipment, and standing or walking for extended periods.
Inventory Management: Monitors stock levels, conducts regular inventory counts, and ensures accurate inventory records are maintained.
Problem Solving Abilities: Identifies and resolves issues related to shipping and receiving discrepancies, damaged goods, and delayed shipments promptly and effectively.
Basic understanding of Logistics processes including all relevant documented instructions.
Safety Compliance: Adheres to all safety regulations and company policies to ensure a safe working environment for themselves and their colleagues. Level 2 Attention to Detail: Carefully inspects shipments and documentation to prevent errors and ensure accuracy in all processes.
Shipping Software Proficiency: Utilizes shipping and inventory management software to track shipments, manage orders, and update records accurately.
Time Management: Efficiently prioritizes tasks and manages time to meet logistics, shipping and receiving deadlines consistently.
Communication Skills: Effectively communicates with stakeholders such as team members, suppliers, and customers to coordinate logistics, shipping and receiving activities.
Problem Solving: Identifies and resolves issues related to shipment delays, inventory discrepancies, and logistical challenges promptly.
Organizational Skills: Keeps the logistics, shipping and receiving areas organized and orderly to facilitate effective operations and safe work environment.
Safety Compliance: Adheres to all safety regulations and company policies to ensure a safe working environment for themselves and their colleagues.
Knowledge of Business Systems: Proficiently operates software applications specific to logistics, shipping, and receiving to streamline processes and improve accuracy.
Members must be certified in multiple functions within the logistics department functional areas: These may vary by site. Most include shipping, receiving, order picking, material handling, stocking, final gate, and kitting.
Standard Work Activities: Advanced understanding of business expectations and department standard work. Application window is anticipated to close 30 days from original posting date. This information is provided in compliance with the Colorado Equal Pay for Equal Work Act and is the company’s good faith and reasonable estimate of the compensation range and benefits offered for this position. The compensation offered to the successful applicant may vary based on factors including experience, skills, education, location, and other job-related reasons. This position requires use of information which is subject to the International Traffic in Arms Regulations (ITAR) and/or the Export Administration Regulations (EAR). All applicants must be U.S. Persons within the meaning of the ITAR and EAR, or eligible to obtain all required authorizations from the U.S. Department of State and/or the U.S. Department of Commerce. The ITAR defines a U.S. Person as a U.S. citizen or national, lawful permanent resident (i.e., 'Green Card holder'), or a protected person (e.g., asylee, or refugee). Woodward is an equal opportunity employer and does not discriminate in hiring or employment on the basis of race, color, religion, sex (including sexual orientation and gender identity), national origin, age, disability, protected veteran status, or any other category protected under federal, state, or local laws."
Woodward,Supply Chain Project Manager II,JR110583,India - Remote,India,,remote,Manager,unknown,unknown,unknown,workday,N/A,2026-06-13T02:58:45Z,https://woodward.wd5.myworkdayjobs.com/en-US/woodward/job/India---Remote/Supply-Chain-Project-Manager-II_JR110583,"Woodward is the global leader in the design, manufacturing, and service of energy conversion and control solutions for the aerospace and industrial equipment markets. Together with our customers, we are enabling the path to a cleaner, decarbonized world. Our innovative fluid, combustion, electrical, propulsion and motion control systems perform in some of the world’s harshest environments. At Woodward we have created a culture that appreciates and values the contributions of every member. We are a global team of curious, innovative problem-solvers who commit our knowledge, resources and technical expertise to the challenges associated with reducing emissions, enabling alternative energy sources and increasing efficiency, always innovating for a better future. We are committed to creating a great workplace for all team members. Our company and its members are committed to acting with integrity, being respectful and accountable to one another, and staying humble and driven, while maintaining the highest professional and ethical standards. We are steadfastly committed to attracting the best talent across our communities, creating a rewarding workplace. Together we are fulfilling our purpose to design and deliver energy control solutions our partners count on to power a clean future. Job Location - Bangalore Key Responsibilities: Lead projects Accountable for project results. Accountable for project artifacts (scope, schedule, budget, risk, quality, etc.). Lead project meetings and reviews. Accountable for project gates and deliverables. Key Skills: Leadership (Empathy/ Influence/Mentoring): Inspires and motivates teams to achieve project goals. Builds trust, resolving conflicts, and fostering collaboration among team members.
Takes personal ownership of the project and drives commitment from team members. Time Management / Prioritization: Demonstrated ability to effectively manage schedules, set milestones, and ensure timely delivery of project outcomes. Prioritizes tasks and effectively addresses competing demands. Communication: Effectively conveys project information to stakeholders, team members, and sponsors. Tailors communication to different audiences (e.g., executives, technical teams, clients). Manages stakeholder expectations and ensures alignment on goals. Stakeholder Management (upward): Engages stakeholders to ensure alignment with project objectives. Addresses stakeholder concerns, manages expectations, and balances competing priorities. Builds and maintains relationships to secure stakeholder buy-in. Risk Management: Identifies, analyzes, and mitigates risks throughout the project lifecycle. Develops contingency plans and addresses potential obstacles. Monitors and addresses risks to minimize negative and maximize positive impacts on project objectives. Problem-Solving: Analyzes complex situations, identifies solutions, and makes informed decisions, with the support of the Program Manager or PMO Leader. Manages challenges and conflicts that arise during the project lifecycle. Leverages data and metrics to evaluate options and choose the best course of action. Budget Management: Demonstrated ability to estimate, allocate, and manage project budgets effectively. Monitors financial performance to ensure projects are delivered within budget. Team Management (cross-functional/matrix): Creates teamwork by fostering trust, accountability, and open communication. Identifies team strengths and assigns roles to maximize efficiency and effectiveness. Encourages collaboration to contribute to project success. Scope (Change) Management: Adjusts plans in response to changing circumstances or new information. Clearly defines and controls the project scope to prevent scope creep. Manages change requests while ensuring alignment with project objectives and constraints. Maintains focus on deliverables and ensures they meet agreed-upon requirements. Technical Project Management Skills (incl. Scheduling): Strong project management methodologies (e.g., Agile, Waterfall, or hybrid approaches). Effectively uses tools and software (e.g., Planisware, Jira, etc.) to plan, execute, and monitor projects. Applies standard PM techniques like Work Breakdown Structures (WBS) and Gantt charts. Other Qualifications: BE -Mechanical/Electrical/Electronics/Metallurgy and related fields 10 Years experience"
Woodward,Senior Manufacturing Special Process Engineer,JR110399,Rockford - Rock Cut Campus (RCC),United States of America,,onsite,Senior,us_person,unknown,unknown,workday,N/A,2026-06-13T02:58:49Z,https://woodward.wd5.myworkdayjobs.com/en-US/woodward/job/Rockford---Rock-Cut-Campus-RCC/Senior-Manufacturing-Special-Process-Engineer_JR110399,"Woodward is committed to creating a great workplace for all team members. Our company and its members are committed to acting with integrity, being respectful and accountable to one another, and staying humble and driven, while maintaining the highest professional and ethical standards. We are steadfastly committed to attracting the best talent across our communities creating a rewarding workplace. Together we are fulfilling our purpose to design and deliver energy control solutions our partners count on to power a clean future. Woodward supports our members’ wellbeing and regularly benchmarks with other companies in our industry to offer an extensive Total Reward package for this position. Salary will be determined by the applicant's education, experience, knowledge, skills, and abilities, as well as internal equity and alignment with market data. Estimated annual base pay: $90,400 (Minimum) - $121,000 (Midpoint) - $149,000 (Maximum) All members included in annual cash bonus opportunity. 401(k) match (4.5%) Annual Woodward stock contribution (5%) Tuition reimbursement and Training/Professional Development opportunities for all members 12 paid holidays, including floating holidays. Industry leading medical, dental, and vision Insurance upon date of hire Vacation / Sick Time / Vacation Buy-up / Short Term Disability / Bereavement leave. Paid parental leave. Adoption Assistance Employee Assistance Program, including mental health benefits. Member Life & AD&D / Long Term Disability / Member Optional Life Member referral bonus Spouse / Child Optional Life / Optional AD&D / Healthcare and Dependent Care Flexible Spending Voluntary benefits, including: Home / Auto Insurance discounts Whole Life Insurance / Critical Illness Insurance / Legal Assistance / Military Leave Summary:
A Special Process Engineer at Woodward designs, implements, and improves specialized manufacturing processes to increase efficiency, reduce cost, and ensure safe, high-quality production. This role supports both new product introduction and existing production, working closely with engineering teams, manufacturing, and global supply chain. Responsibilities include process development, equipment installation and support, supplier development, and managing special processes such as heat treatment, chemical processing, coatings, EDM, and surface treatments. The role differs from general manufacturing engineering by focusing on the chemical or physical transformation of materials and serving as a bridge between product development and full-scale production. Key Responsibilities: Production Support: Lead troubleshooting for complex process issues, applying advanced tools to identify root causes and recommend solutions to optimize workflows. Oversee hardware disposition efforts, including root cause analysis of recurring hardware defects and implementation of corrective actions. Manufacturing Process Ownership: Lead efforts to create, standardize, and maintain manufacturing processes for assigned areas. Monitor process metrics and implement changes to ensure reliability and alignment with production goals. Process Capability and Improvement: Lead process improvement initiatives, applying techniques like Six Sigma, DOE, FMEA, and/or simulation tools to improve capability and reduce variation. Production Documentation Management: Lead efforts to standardize and improve documentation across assigned processes, ensuring accuracy, consistency, and accessibility for operators and engineers. Implement digital documentation systems to streamline updates and enable real-time collaboration. Project Support and Leadership: Lead medium-sized manufacturing projects, including risk assessments, process improvements, and resource coordination. Key Skills: Productivity Improvements: Leads medium-sized process improvement projects, focusing on streamlining operations, reducing waste, and improving overall process reliability. Applies tools such as process mapping and root cause analysis to drive measurable improvements. Data Analysis: Use data to drive process improvements by identifying root causes of issues and recommending actionable changes to enhance efficiency. Conducting Cost Analysis and Optimization: Develop cost models to identify high-cost operations, compare alternatives, inventory analysis, and recommend process improvements to reduce waste, and optimize asset utilization. Lean Manufacturing: Lead Lean initiatives within a department, addressing inefficiencies and improving flow using advanced techniques. Design for Manufacturability & Assembly: Lead DFMA evaluations for medium-complexity products, identifying opportunities to simplify designs, reduce costs, and optimize assembly processes. Recommend design changes that improve manufacturing efficiency and scalability. Equipment: Specifies equipment, tooling, and gaging for projects while creating detailed RFPs and RFQs. Integrates equipment needs into value stream and/or site capital plans. Leads troubleshooting efforts for recurring equipment problems and coordinates with vendors to implement solutions. Oversees preventive maintenance schedules for critical systems.​​ Mentorship: Provide guidance to entry-level engineers and interns on projects and problem-solving approaches. Offer constructive feedback to help them grow and develop their skills. Problem-Solving and Critical Thinking: Solve complex production challenges by applying advanced problem-solving methods, such as DOE or Six Sigma tools. Knowledge of APQP Tools and Systems: Leads implementation of APQP deliverables for medium-complexity projects, optimizing tooling/fixturing designs and improving process capability. Reviews data to ensure processes meet quality and performance standards. Communication and Collaboration Skills: Present ideas and recommendations to leadership, facilitating collaboration across departments. Other Qualifications: Bachelor’s Degree (BS) and 6+ years of equivalent experience. Experience with NADCAP Accreditation is preferred. Six Sigma Blackbelt is a plus This position requires use of information which is subject to the International Traffic in Arms Regulations (ITAR) and/or the Export Administration Regulations (EAR). All applicants must be U.S. Persons within the meaning of the ITAR and EAR, or eligible to obtain all required authorizations from the U.S. Department of State and/or the U.S. Department of Commerce. The ITAR defines a U.S. Person as a U.S. citizen or national, lawful permanent resident (i.e., 'Green Card holder'), or a protected person (e.g., asylee, or refugee). Woodward is an equal opportunity employer and does not discriminate in hiring or employment on the basis of race, color, religion, sex (including sexual orientation and gender identity), national origin, age, disability, protected veteran status, or any other category protected under federal, state, or local laws. #LI-AT1"
Woodward,Senior Staff Systems Engineer,JR109290,2 Locations,United States of America,,hybrid,Principal,us_person,unknown,unknown,workday,N/A,2026-06-13T02:58:53Z,https://woodward.wd5.myworkdayjobs.com/en-US/woodward/job/Fort-Collins---Drake-Campus/Senior-Staff-Systems-Engineer_JR109290,"Woodward is committed to creating a great workplace for all team members. Our company and its members are committed to acting with integrity, being respectful and accountable to one another, and staying humble and driven, while maintaining the highest professional and ethical standards. We are steadfastly committed to attracting the best talent across our communities creating a rewarding workplace. Together we are fulfilling our purpose to design and deliver energy control solutions our partners count on to power a clean future. Woodward supports our members’ wellbeing and regularly benchmarks with other companies in our industry to offer an extensive Total Reward package for this position. Salary will be determined by the applicant's education, experience, knowledge, skills, and abilities, as well as internal equity and alignment with market data. Staff: Estimated annual base pay: $113,200 (minimum) - $147,000 (midpoint) - $181,000 (maximum) Senior Staff: Estimated annual base pay: $145,000 (minimum) - $181,000 (midpoint) - $218,000 (maximum) All members included in annual cash bonus opportunity 401(k) match (4.5%) Annual Woodward stock contribution (5%) Tuition reimbursement and Training/Professional Development opportunities for all members 12 paid holidays, including floating holidays Industry leading medical, dental, and vision Insurance upon date of hire Vacation / Sick Time / Vacation Buy-up / Short Term Disability / Bereavement leave Paid parental leave Adoption Assistance Employee Assistance Program, including mental health benefits Member Life & AD&D / Long Term Disability / Member Optional Life Member referral bonus Spouse / Child Optional Life / Optional AD&D / Healthcare and Dependent Care Flexible Spending Voluntary benefits, including: Home / Auto Insurance discounts Whole Life Insurance / Critical Illness Insurance / Legal Assistance / Military Leave *Open to Fort Collins, CO or Niles, IL locations* Key Responsibilities: Electronic System Architecture Design: Develop and implement robust system architectures for Aerospace Electronics that meet organizational requirements and comply with technical standards. Ensure scalability, reliability, and efficiency in system designs to support current and future business needs.
Requirement Development and Management: Work with our customers and internal teams to identify, develop, and allocate the high-level application requirements to the controller requirements within our electronic solutions.
Technical Leadership: Lead cross-functional teams in executing complex engineering projects while ensuring alignment with project objectives, budgets, and timelines. Serve as a technical expert and decision-maker throughout the project lifecycle.
Complex Problem Solving: Identify and resolve intricate technical challenges by applying advanced analytical methods and innovative solutions. Troubleshoot critical system issues to ensure minimal disruption to business operations.
Technology Strategy Advisory: Advise senior management on emerging technologies, best practices, and industry trends to optimize system performance and business processes. Evaluate and recommend new tools, platforms, and methodologies for continuous improvement.
Mentorship and Development: Provide guidance and mentorship to junior engineers, fostering technical skill development and adherence to best practices. Promote a culture of collaboration, innovation, and knowledge-sharing across the team. Key Skills and Qualifications: Systems Engineering Expertise: Proven experience in designing, implementing, and managing complex system architectures across various platforms.
Requirements Management Experience: Proven familiarity in development, validation, cascade, and verification of requirements from the application level to the elements within our electronic solutions (firmware, software, electronic hardware, etc.).
Advanced Problem Solving: Exceptional analytical and critical-thinking skills to resolve intricate technical challenges with innovative solutions.
Technical Leadership: Demonstrated ability to guide and manage cross-functional teams to deliver high-quality results.
Strategic Technology Planning: Strong ability to interpret business needs and recommend effective technology strategies that align with organizational goals.
Analytical Thinking: Expertise in evaluating variables, analyzing data, and making informed decisions to enhance system performance.
Complex Communication: Ability to clearly convey sophisticated technical concepts to diverse audiences, including senior leaders and non-technical stakeholders.
Stakeholder Collaboration: Proven ability to build and maintain relationships with internal and external subject matter experts and senior leaders.
Independent Initiative: Capable of autonomously managing and executing high-level projects with minimal supervision.
Advisory Expertise: Experience providing expert consultancy to management and leadership on technical projects and strategies.
Process Improvement: Skilled at identifying and implementing best practices to enhance technology solutions and business processes. Successful candidates have: Bachelor’s degree in sciences (BS) in relevant field AND 8+ years experience Provides leadership of system and subsystem technical scope defined above and takes a lead role with engineers, designers and technicians Working knowledge of Aviation Development guidelines, including: ARP4754, ARP4761, DO-178, DO-254, etc. Experience using formal Requirements Management Tools (IBM DOORS, PTC Codebeamer, etc.) Application window is anticipated to close 30 days from original posting date. This information is provided in compliance with the Colorado Equal Pay for Equal Work Act and is the company’s good faith and reasonable estimate of the compensation range and benefits offered for this position. The compensation offered to the successful applicant may vary based on factors including experience, skills, education, location, and other job-related reasons. This position requires use of information which is subject to the International Traffic in Arms Regulations (ITAR) and/or the Export Administration Regulations (EAR). All applicants must be U.S. Persons within the meaning of the ITAR and EAR, or eligible to obtain all required authorizations from the U.S. Department of State and/or the U.S. Department of Commerce. The ITAR defines a U.S. Person as a U.S. citizen or national, lawful permanent resident (i.e., 'Green Card holder'), or a protected person (e.g., asylee, or refugee). Woodward is an Equal Opportunity Employer EO/AA/M/F/Disabled/Protected Veterans #LI-HYBRID
#LI-AT1"
Woodward,Supplier Development Engineer - AERO (f/m),JR111148,"Niepolomice, PL",United States of America,,hybrid,Mid,unknown,unknown,unknown,workday,N/A,2026-06-13T02:58:57Z,https://woodward.wd5.myworkdayjobs.com/en-US/woodward/job/Niepolomice-PL/Supplier-Development-Engineer---AERO--f-m-_JR111148,"About The Role In this role you will identify and assess new suppliers to support Woodward commodity strategy for Aerospace business. This might include training and developing suppliers to meets Woodward technical requirements, providing technical and quality direction to the supply base in direct support of the production and contractual requirements of the organization, managing supplier APQP activities for new Product Launch or Part Transition Projects in compliance with internal procedures. What You Will Do Lead Global Sourcing supplier assessment process activities to evaluate whether a potential new supplier meets Woodward and our customers requirements; Interacts with cross functional teams (Sourcing/ Quality/ Engineering/ New Product group) to identify and mitigate supplier capability / capacity / system gaps determined through supplier assessment activities; Ensures that potential suppliers understand quality and product requirements. Reviews drawings, specifications, and other product specific requirements to ensure that supplier understands and complies with all requirements through onboarding activities; Leads multiple projects while implementing development plans with key suppliers to support global commodity strategies; Leads SPIP (Supplier Performance Improvement Program) activities to drive QDRC (quality, delivery, responsiveness, and cost) improvements for the mutual benefit of Woodward and the supplier; Serves as quality systems and supplier development escalation point of contact within commodity teams; VAVE : supports site and commodity teams with cost reductions activity; What You Will Need Expert in building and maintaining strong partnerships with suppliers to enhance collaboration and performance. Skilled in analyzing and optimizing manufacturing and supply chain processes to increase efficiency and reduce costs. Proficient in interpreting complex data sets to inform decisionmaking and drive strategic supplier development initiatives. Technical Problem Solving: Adept at identifying root causes of technical issues and implementing effective solutions using engineering principles. Knowledgeable in quality control standards and methodologies to ensure supplier products meet company and industry specifications Skilled in creating and maintaining detailed technical documents, reports, and specifications to support supplier development efforts. Minimum 4 years of proven experience in Aerospace industry Ability to lead audits Excellent communication and presentation skills both oral and written in a global environment Understanding of applicable quality and manufacturing processes across Industrial and Aerospace Businesses Strong understanding of Root Cause Analysis and Lean Manufacturing Concepts Other Qualifications: Root Cause Analysis, Lean Manufacturing, APQP and PPAP elements (i.e. PRR, MSA, FMEA, Capability Studies, etc.), AS9100, ISO-9000:2000 What You Will Gain Salary range from 12 000 to 18 500 PLN gross – depending on experience Advancement opportunities in international team A total rewards package, that includes: private health insurance, life & accidental insurance Multisport package Meal Vouchers Company performance bonus program Work-life balance, semi-flexible working time PPK: Woodward offers payment to your PPK account up to 4% of your compensation depending on seniority Hybrid work model Educational support"
Woodward,Staff/Senior Staff Manufacturing Engineer,JR110324,4 Locations,United States of America,,hybrid,Principal,us_person,unknown,unknown,workday,N/A,2026-06-13T02:59:01Z,https://woodward.wd5.myworkdayjobs.com/en-US/woodward/job/Deerfield-Beach-FL-US/Staff-Senior-Staff-Manufacturing-Engineer_JR110324,"Woodward is committed to creating a great workplace for all team members. Our company and its members are committed to acting with integrity, being respectful and accountable to one another, and staying humble and driven, while maintaining the highest professional and ethical standards. We are steadfastly committed to attracting the best talent across our communities creating a rewarding workplace. Together we are fulfilling our purpose to design and deliver energy control solutions our partners count on to power a clean future. Woodward supports our members’ wellbeing and regularly benchmarks with other companies in our industry to offer an extensive Total Reward package for this position. Salary will be determined by the applicant's education, experience, knowledge, skills, and abilities, as well as internal equity and alignment with market data. Staff: Estimated annual base pay: $113,000 (minimum) - $147,000 (midpoint) - $181,000 (maximum) Senior Staff: Estimated annual base pay: $145,000 (minimum) - $181,500 (midpoint) - $218,000 (maximum) All members included in annual cash bonus opportunity 401(k) match (4.5%) Annual Woodward stock contribution (5%) Tuition reimbursement and Training/Professional Development opportunities for all members 12 paid holidays, including floating holidays Industry leading medical, dental, and vision Insurance upon date of hire Vacation / Sick Time / Vacation Buy-up / Short Term Disability / Bereavement leave Paid parental leave Adoption Assistance Employee Assistance Program, including mental health benefits Member Life & AD&D / Long Term Disability / Member Optional Life Member referral bonus Spouse / Child Optional Life / Optional AD&D / Healthcare and Dependent Care Flexible Spending Voluntary benefits, including: Home / Auto Insurance discounts Whole Life Insurance / Critical Illness Insurance / Legal Assistance / Military Leave Staff: Key Responsibilities: Production Support: Oversee production support across multiple lines, standardizing troubleshooting procedures and implementing system-level improvements. Manage hardware disposition processes to minimize waste and ensure adherence to quality standards. Manufacturing Process Ownership: Manage multiple manufacturing processes, focusing on creating and maintaining scalable workflows that optimize efficiency across a value stream. Ensure processes remain adaptable to production changes and customer demands. Process Capability and Improvement: Oversee process capability programs across multiple lines, using advanced analytics and simulation tools to improve efficiency and scalability. Production Documentation Management: Manage production documentation for multiple lines, ensuring consistency, compliance, and accessibility. Fully integrate digital documentation systems to support collaboration across teams and improve efficiency. Project Support and Leadership: Oversee cross-functional manufacturing projects within a value stream, oversee complex timelines, budgets, and deliverables Key Skills: Productivity Improvements: Oversees process improvement initiatives across multiple production areas, ensuring consistency and optimizing operations. Utilizes advanced methodologies like statistical process control (SPC) and data analysis to drive sustainable efficiency gains. Data Analysis: Develop data-driven models to optimize manufacturing processes, improve resource allocation, and reduce variability within a value stream. Conducting Cost Analysis and Optimization: Optimize manufacturing processes by balancing labor, material, and overhead costs within value streams. Use cost analysis tools to maximize machine uptime, reduce scrap rates, inventory analysis, and improve operational efficiency. Lean Manufacturing: Drive Lean transformations within a value stream, integrating tools such as Kanban and JIT to optimize production. Design for Manufacturability & Assembly: Manage DFMA reviews across multiple projects or product lines, ensuring alignment between design, manufacturing, and assembly processes. Develop standards and guidelines for DFMA implementation and drive process improvements to reduce production complexity. Equipment: Oversees equipment selection and troubleshooting strategies for multiple production lines, ensuring alignment with project timelines and operational goals. Advocates for new equipment at a site level. Develops plant-wide standards for optimizing equipment performance and maintenance practices. Mentorship: Serve as a mentor to junior engineers, focusing on technical development and career growth. Lead by example through accountability and leadership. Problem-Solving and Critical Thinking : Lead cross-functional teams to resolve systemic issues within a value stream and implement sustainable solutions. Knowledge of APQP Tools and Systems: Oversees APQP-driven process control initiatives, ensuring tooling/fixturing designs and process capability improvements are standardized across production lines. Develops systems to monitor critical process parameters. Communication and Collaboration Skills: Lead communication efforts within a value stream, ensuring alignment and transparency in decision-making processes. Other Qualifications: 4 Year Bachelors BS OR 10+ years equivalent experience International - Bachelors BS/University degree equivalent by Country OR 10+ years equivalent experience Senior Staff: Key Responsibilities: Production Support: Drive plant-wide production support initiatives by developing proactive strategies to improve process performance and reduce variability and improve uptime. Mentor engineers on advanced tools and troubleshooting methods. Manufacturing Process Ownership: Drive ownership for plant-wide processes by establishing clear standards, implementing new technologies, and mentoring engineers to ensure accountability. Process Capability and Improvement: Drive plant-wide process improvement strategies by standardizing best practices, mentoring engineers, and integrating advanced tools like automation. Production Documentation Management: Drive plant-wide documentation strategies, mentoring engineers on best practices and transitioning to advanced digital tools for real-time updates. Project Support and Leadership: Manage large-scale manufacturing initiatives, streamline operations, mentoring project members, and report progress to senior leadership Key Skills: Productivity Improvements: Drives plant-wide process improvement programs, mentoring engineers on methods to reduce variability, improve process reliability, and enhance efficiency. Integrates advanced technologies, such as automation, to improve productivity and scalability. Data Analysis: Lead initiatives to implement data-driven decision-making across a site, using production data to identify areas for improvement and ensure alignment with operational goals. Conducting Cost Analysis and Optimization: Lead cost reduction initiatives by standardizing best practices, driving measurable improvements in asset utilization, and identifying savings opportunities across value streams. Lean Manufacturing: Oversee enterprise-wide Lean Manufacturing programs, aligning processes with organizational goals. Design for Manufacturability & Assembly: Drive DFMA initiatives across departments, standardizing best practices and ensuring product designs optimize manufacturability, assembly, and cost efficiency. Mentor engineers on advanced DFMA techniques and ensure alignment with organizational goals. Equipment: Leads procurement, troubleshooting, and maintenance of complex systems, integrating advanced tools for monitoring and diagnostics. Mentors teams on implementing advanced troubleshooting techniques and ensures alignment with production goals. Mentorship: Guide junior and mid-level engineers by providing structured feedback and advice. Promote collaboration and knowledge-sharing across teams to encourage development. Problem-Solving and Critical Thinking: Drive site wide problem-solving initiatives, focusing on long-term improvements and risk mitigation strategies. Knowledge of APQP Tools and Systems: Drives plant-wide APQP implementation, mentoring engineers on tooling/fixturing strategies and process capability metrics. Reduces variability and improves reliability using advanced tools like automation and statistical monitoring. Communication and Collaboration Skills: Represent value stream in site-wide discussions, advocating for operational improvements. Other Qualifications: 4 Year Bachelors BS AND 12+ years applicable experience International - Bachelors BS/University degree equivalent by Country AND 12+ years applicable experience This position requires use of information which is subject to the International Traffic in Arms Regulations (ITAR) and/or the Export Administration Regulations (EAR). All applicants must be U.S. Persons within the meaning of the ITAR and EAR, or eligible to obtain all required authorizations from the U.S. Department of State and/or the U.S. Department of Commerce. The ITAR defines a U.S. Person as a U.S. citizen or national, lawful permanent resident (i.e., 'Green Card holder'), or a protected person (e.g., asylee, or refugee). Woodward is an equal opportunity employer and does not discriminate in hiring or employment on the basis of race, color, religion, sex (including sexual orientation and gender identity), national origin, age, disability, protected veteran status, or any other category protected under federal, state, or local laws. #LI-HYBRID
#LI-AT1"
Woodward,"Senior Statutory Accountant (UoR, IFRS & Local GAAP) (f/m)",JR111126,"Niepolomice, PL",United States of America,,hybrid,Senior,unknown,unknown,yes,workday,N/A,2026-06-13T02:59:05Z,https://woodward.wd5.myworkdayjobs.com/en-US/woodward/job/Niepolomice-PL/Senior-Statutory-Accountant--UoR--IFRS---Local-GAAP---f-m-_JR111126,"About The Role This role is responsible for ensuring accurate financial accounting and statutory reporting of the Polish production entity and other Woodward entities across multiple jurisdictions, in line with Polish Accounting Act (UoR), IFRS, and applicable local GAAPs. The position combines hands-on accounting work with ownership of period-end closing, financial reporting, and statutory compliance, as well as coordination with external auditors and advisors. The role supports the preparation of financial statements under different reporting frameworks and ensures consistency between local statutory books and group reporting (US GAAP). The role also acts as a trusted finance partner to internal stakeholders and provides guidance to junior team members in an international environment. What You Will Do Ensure compliance with Polish Accounting Act (UoR), IFRS, and relevant local statutory reporting requirements, as well as internal controls and company policies Prepare and analyze financial statements (balance sheet, income statement, cash flow) in line with statutory and group reporting requirements Support month-end and year-end closing processes, including journal entries, accruals, and adjustments Ensure proper alignment between local statutory books and group reporting, including identification and explanation of key differences Support the preparation of statutory financial statements and disclosures, including notes and supporting documentation Cooperate with external auditors and support statutory and group audits Participate in compliance processes related to evolving regulatory requirements, including sustainability reporting (e.g. CSRD), global tax frameworks (e.g. Pillar Two), and other statutory reporting obligations such as statistical reporting Support regulatory reporting and ensure timely and accurate submission of required filings Maintain awareness of VAT and corporate income tax impacts on financial reporting, coordinating with tax teams and external advisors where needed Act as a business partner to Finance and non-Finance stakeholders, supporting operational and reporting needs Supervise and mentor junior team members, ensuring high-quality and timely delivery of accounting activities What You Will Need Strong attention to detail and a high level of accuracy in financial data and reporting Clear and professional communication skills, with the ability to cooperate effectively with internal stakeholders and external advisors Solid understanding of financial accounting and statutory reporting requirements (UoR, IFRS, Local GAAPs) in an international environment Strong analytical and problem-solving skills, with a hands-on and pragmatic approach Ability to manage multiple deadlines and priorities in a dynamic environment Proficiency in financial systems and reporting tools (ERP systems, reporting platforms, spreadsheets) Readiness to work in a transition environment, including taking over processes and driving improvements Readiness to work in the context of ERP implementation projects, in particular SAP S/4HANA Bachelor’s degree in Accounting, Finance, Economics, Law, or a related field Professional accounting qualification (e.g. ACCA, CPA, CIMA) is an advantage Several years of experience in accounting and financial reporting within an international or shared services environment Experience in cooperation with external auditors Very good command of English & Polish; additional European languages are a plus What You Will Gain Salary range from 12 500 to 19 500 PLN gross – depending on experience Advancement opportunities in international team A total rewards package, that includes: private health insurance, life & accidental insurance Multisport package Meal Vouchers Company performance bonus program Work-life balance, semi-flexible working time PPK: Woodward offers payment to your PPK account up to 4% of your compensation depending on seniority Hybrid work model Relocation & Educational support"
Woodward,Sales Manager,JR111087,"Singapore, SG",United States of America,,onsite,Manager,unknown,unknown,unknown,workday,N/A,2026-06-13T02:59:09Z,https://woodward.wd5.myworkdayjobs.com/en-US/woodward/job/Singapore-SG/Sales-Manager_JR111087,"Key Responsibilities: Strategic Sales Planning: Responsible for the development and execution of customer strategies. Identifies, cultivates, maintains, and documents strategies that optimize alignment between customer needs and key internal business needs for new and existing customers. Client Relationship Management: Cultivates and maintains strategic relationships inside the account and outside the account, meeting price, margin, and growth targets with assigned accounts. Documents the customer gameboard and heatmaps. Market Analysis: Responsible for forecasting revenue for profit plan, LRP and quarterly forecast freeze. Gathers, communicates and develops strategies to take action in response to market intelligence. Sales Management & Execution: Develops the negotiation strategy for initial and renewal/extension contracts, agreements, terms and conditions in close collaboration with Contract Operations Managers. Performance Monitoring: Analyzes sales performance data to identify areas for improvement and implements strategies to enhance sales effectiveness. Responsible for leading account reviews regarding customer relationship, SQRDC scorecards, forecast, margin maintenance, and identifies business risks. Key Skills: Sales Strategy Development: Designs and implements effective sales strategies aligned with organizational and customer goals, and guides the teams working each element of the RFQ with the assumed customer proposal evaluation criteria and weighting; ; Factors best and worst case market sustainability scenarios into business case modelling. Market Analysis: Analyzes market trends and competitor activities to inform and adjust sales tactics. Applies understanding of end user operations to identify how WWD products impact those operations; Assesses the impact each channel to market will have on the customer and WWD business case; Describes how OEMs' business strategies affect the industry Complex Problem Solving: Identifies and addresses multifaceted challenges within sales operations. Product Knowledge - Understands the impact of specifications on the features of Woodward products; understands product and platform planning and portfolio management; familiar with manufacturing processes used to produce Woodward products; able to qualitatively assess the cost impact of product features, development and certification approaches, and understand advantages/disadvantages of each product type. Customer Relationship Management: Builds and maintains strong relationships with key clients to drive sales growth. Negotiation Skills: Negotiates contracts and agreements to maximize profitability and achieve sales targets via data-driven solutions. Data Driven Decision Making: Utilizes sales data and analytics to inform strategic business decisions. Effective Communication: Clearly conveys complex and sensitive information to diverse stakeholders. Team Collaboration: Collaborates with cross functional teams to achieve shared sales objectives. Adaptability in Dynamic Environments: Adjusts sales strategies effectively in fast paced and changing market conditions. Other Qualifications:"
Woodward,Senior/Staff Mechanical Engineer - Technology Development (Fuel Systems),JR108876,Rockford - Rock Cut Campus (RCC),United States of America,,hybrid,Principal,us_person,TS/SCI,unknown,workday,N/A,2026-06-13T02:59:13Z,https://woodward.wd5.myworkdayjobs.com/en-US/woodward/job/Rockford---Rock-Cut-Campus-RCC/Senior-Staff-Mechanical-Engineer---Technology-Development--Fuel-Systems-_JR108876-1,"Woodward is committed to creating a great workplace for all team members. Our company and its members are committed to acting with integrity, being respectful and accountable to one another, and staying humble and driven, while maintaining the highest professional and ethical standards. We are steadfastly committed to attracting the best talent across our communities creating a rewarding workplace. Together we are fulfilling our purpose to design and deliver energy control solutions our partners count on to power a clean future. Woodward supports our members’ wellbeing and regularly benchmarks with other companies in our industry to offer an extensive Total Reward package for this position. Salary will be determined by the applicant's education, experience, knowledge, skills, and abilities, as well as internal equity and alignment with market data. Senior: Estimated annual base pay: $93,000.00(minimum) - $121.00(midpoint) - $146,000.00(maximum) Staff: Estimated annual base pay: $114,400.00(minimum) - $143,000.00(midpoint) - $171,600.00(maximum) All members included in annual cash bonus opportunity 401(k) match (4.5%) Annual Woodward stock contribution (5%) Tuition reimbursement and Training/Professional Development opportunities for all members 12 paid holidays Industry leading medical, dental, and vision Insurance upon date of hire Vacation / Sick Time / Vacation Buy-up / Short Term Disability / Bereavement leave Paid parental leave Adoption Assistance Employee Assistance Program, including mental health benefits Member Life & AD&D / Long Term Disability / Member Optional Life Member referral bonus Spouse / Child Optional Life / Optional AD&D / Healthcare and Dependent Care Flexible Spending Voluntary benefits, including: Home / Auto Insurance discounts Whole Life Insurance / Critical Illness Insurance / Legal Assistance / Military Leave Key Responsibilities: Design & Development: Create and optimize next generation fuel system architectures and components. Project Leadership: Manage small to medium-sized engineering projects, ensuring timely delivery and resource coordination. Problem-Solving: Address complex engineering challenges using advanced principles and innovative solutions. Collaboration: Work with cross-functional teams (design, manufacturing, quality assurance) to integrate systems into broader projects. Mentorship: Guide and support junior engineers to enhance team capabilities and foster professional growth. Key Skills: Fuel metering, servo valve, pump, fueldraulic actuation and/or pump experience. Strong system-level thinking and physics-based modeling skills. Strategic decision-making using trade studies and balancing tactical/strategic priorities. Proven ability to navigate conflicting or incomplete requirements. Leadership in mentoring engineering teams and supporting NPI initiatives. Effective technical communication and consensus-building with diverse teams. Knowledge of industry best practices and competitive market awareness. Successful candidates typically have: Senior: US – Bachelor's Degree in Arts/Sciences (BA/BS) Greater than 4 years’ experience in related field Pump development experience Staff: US – Bachelor's Degree in Arts/Sciences (BA/BS) Greater than 8 years’ experience in related field or entry level PhD degree Pump development experience This position requires use of information which is subject to the International Traffic in Arms Regulations (ITAR) and/or the Export Administration Regulations (EAR). All applicants must be U.S. Persons within the meaning of the ITAR and EAR, or eligible to obtain all required authorizations from the U.S. Department of State and/or the U.S. Department of Commerce. The ITAR defines a U.S. Person as a U.S. citizen or national, lawful permanent resident (i.e., 'Green Card holder'), or a protected person (e.g., asylee, or refugee). Woodward is an equal opportunity employer and does not discriminate in hiring or employment on the basis of race, color, religion, sex (including sexual orientation and gender identity), national origin, age, disability, protected veteran status, or any other category protected under federal, state, or local laws. #LI-AT1 #LI-HYBRID"
Woodward,Coil Winder - 3rd Shift,JR110587,"Niles, IL, US",United States of America,$15.83 -$24.65; $16.49-$28.60,onsite,Mid,us_person,unknown,unknown,workday,N/A,2026-06-13T02:59:17Z,https://woodward.wd5.myworkdayjobs.com/en-US/woodward/job/Niles-IL-US/Coil-Winder---3rd-Shift_JR110587-1,"0 Woodward is committed to creating a great workplace for all team members. Our company and its members are committed to acting with integrity, being respectful and accountable to one another, and staying humble and driven, while maintaining the highest professional and ethical standards. We are steadfastly committed to attracting the best talent across our communities creating a rewarding workplace. Together we are fulfilling our purpose to design and deliver energy control solutions our partners count on to power a clean future. Woodward supports our members’ wellbeing and regularly benchmarks with other companies in our industry to offer an extensive Total Reward package for this position. Salary will be determined by the applicant's education, experience, knowledge, skills, and abilities, as well as internal equity and alignment with market data. Estimated annual base pay: Level I: $15.83 -$24.65 Level II: $16.49-$28.60 3rd Shift Hours are 10:00pm-6:30am CST 15% Shift Premium All members included in cash bonus opportunity 401(k) match (4.5%) Annual Woodward stock contribution (5%) Tuition reimbursement and Training/Professional Development opportunities for all members 12 paid holidays, including floating holidays Industry leading medical, dental, and vision Insurance upon date of hire Vacation / Sick Time / Vacation Buy-up / Short Term Disability / Bereavement leave Paid parental leave Adoption Assistance Employee Assistance Program, including mental health benefits Member Life & AD&D / Long Term Disability / Member Optional Life Member referral bonus Spouse / Child Optional Life / Optional AD&D / Healthcare and Dependent Care Flexible Spending Voluntary benefits, including: Home / Auto Insurance discounts Whole Life Insurance / Critical Illness Insurance / Legal Assistance / Military Leave Are you ready to make your mark? If you’re a Coil Winder, we have an exciting opportunity for you. The Coil Winder reports to the manufacturing supervisor and is responsible for operating basic machines and deburring, or light assembly, in an industrial setting. The position works under close supervision, limited decision-making and limited contact with external suppliers or customers. What You Will Be Doing Communicates information to others about project status, updates, specific instructions, etc. and reviews item status in MRP and ensures item is logged/closed out based on its current status. Documents non-conformance and dispositions using non-conformance forms. Cleans and maintains measuring instruments and test equipment; treats and inspects/tests parts (e.g., routed and deburring operations) per applicable work instructions. Follows all departmental safety rules and regulations and puts on all appropriate safety gear, and clothing/protection required by work activities. Completes and reviews product paperwork, verifying all paperwork is present and filled out appropriately and complete computer entries accurately and in a timely manner. Verify the calibration of equipment and expiration dates. Measure specific dimensions according to the work instruction. Record applicable data as required. Perform curing process of parts and inspect according to visual requirements. May require applying hot dip method or touch up method of stacks and return paths. What We Are Looking For Level I: High school diploma or equivalent required No related work experience required. The ability to see details (e.g., letters, numbers, codes, color, symbols, marks, labels, signs) clearly to accomplish work tasks in a safe and efficient manner. May be required to pass Near Vision and/or Color Vision examinations. Moderate physical activity requiring agility and dexterity, including walking, standing, or bending; and lifting or moving objects. Work is performed in area with moderate risk or discomfort that may require special safety precautions, such as wearing protective clothing or gear. Level II: High school diploma or equivalent required 1-2 years of related experience Proficiently to perform 3 of the following tasks: winding and ball fusing; prepare wires and cables for solder and encapsulation; perform post encapsulation processes, which includes finishing, epoxy sealing and potting, identifying; electrical testing, which includes hi-potential, resistance measurement; and polarity testing; and setup and operate transfer molding presses for coil and cable molding. Moderate physical activity requiring agility and dexterity, including walking, standing, or bending; and lifting or moving objects. Work is performed in area with moderate risk or discomfort that may require special safety precautions, such as wearing protective clothing or gear This position requires use of information which is subject to the International Traffic in Arms Regulations (ITAR) and/or the Export Administration Regulations (EAR). All applicants must be U.S. Persons within the meaning of the ITAR and EAR, or eligible to obtain all required authorizations from the U.S. Department of State and/or the U.S. Department of Commerce. The ITAR defines a U.S. Person as a U.S. citizen or national, lawful permanent resident (i.e., 'Green Card holder'), or a protected person (e.g., asylee, or refugee Woodward is an equal opportunity employer and does not discriminate in hiring or employment on the basis of race, color, religion, sex (including sexual orientation and gender identity), national origin, age, disability, protected veteran status, or any other category protected under federal, state, or local laws."
Woodward,Coil Winding- 2nd Shift,JR111120,"Niles, IL, US",United States of America,$15.83 -$24.65,onsite,Mid,us_person,unknown,unknown,workday,N/A,2026-06-13T02:59:21Z,https://woodward.wd5.myworkdayjobs.com/en-US/woodward/job/Niles-IL-US/Coil-Winding--2nd-Shift_JR111120-1,"Job Description Woodward is committed to creating a great workplace for all team members. Our company and its members are committed to acting with integrity, being respectful and accountable to one another, and staying humble and driven, while maintaining the highest professional and ethical standards. We are steadfastly committed to attracting the best talent across our communities creating a rewarding workplace. Together we are fulfilling our purpose to design and deliver energy control solutions our partners count on to power a clean future. Woodward supports our members’ wellbeing and regularly benchmarks with other companies in our industry to offer an extensive Total Reward package for this position. Salary will be determined by the applicant's education, experience, knowledge, skills, and abilities, as well as internal equity and alignment with market data. Estimated annual base pay: Level I: $15.83 -$24.65 2nd Shift Hours are 4:00pm-12:30am CST 10% Shift Premium All members included in cash bonus opportunity 401(k) match (4.5%) Annual Woodward stock contribution (5%) Tuition reimbursement and Training/Professional Development opportunities for all members 12 paid holidays, including floating holidays Industry leading medical, dental, and vision Insurance upon date of hire Vacation / Sick Time / Vacation Buy-up / Short Term Disability / Bereavement leave Paid parental leave Adoption Assistance Employee Assistance Program, including mental health benefits Member Life & AD&D / Long Term Disability / Member Optional Life Member referral bonus Spouse / Child Optional Life / Optional AD&D / Healthcare and Dependent Care Flexible Spending Voluntary benefits, including: Home / Auto Insurance discounts Whole Life Insurance / Critical Illness Insurance / Legal Assistance / Military Leave Are you ready to make your mark? If you’re a Coil Winder, we have an exciting opportunity for you. The Coil Winder reports to the manufacturing supervisor and is responsible for operating basic machines and deburring, or light assembly, in an industrial setting. The position works under close supervision, limited decision-making and limited contact with external suppliers or customers. What You Will Be Doing Communicates information to others about project status, updates, specific instructions, etc. and reviews item status in MRP and ensures item is logged/closed out based on its current status. Documents non-conformance and dispositions using non-conformance forms. Cleans and maintains measuring instruments and test equipment; treats and inspects/tests parts (e.g., routed and deburring operations) per applicable work instructions. Follows all departmental safety rules and regulations and puts on all appropriate safety gear, and clothing/protection required by work activities. Completes and reviews product paperwork, verifying all paperwork is present and filled out appropriately and complete computer entries accurately and in a timely manner. Verify the calibration of equipment and expiration dates. Measure specific dimensions according to the work instruction. Record applicable data as required. Perform curing process of parts and inspect according to visual requirements. May require applying hot dip method or touch up method of stacks and return paths. What We Are Looking For Level I: High school diploma or equivalent required No related work experience required. The ability to see details (e.g., letters, numbers, codes, color, symbols, marks, labels, signs) clearly to accomplish work tasks in a safe and efficient manner. May be required to pass Near Vision and/or Color Vision examinations. Moderate physical activity requiring agility and dexterity, including walking, standing, or bending; and lifting or moving objects. Work is performed in area with moderate risk or discomfort that may require special safety precautions, such as wearing protective clothing or gear. This position requires use of information which is subject to the International Traffic in Arms Regulations (ITAR) and/or the Export Administration Regulations (EAR). All applicants must be U.S. Persons within the meaning of the ITAR and EAR, or eligible to obtain all required authorizations from the U.S. Department of State and/or the U.S. Department of Commerce. The ITAR defines a U.S. Person as a U.S. citizen or national, lawful permanent resident (i.e., 'Green Card holder'), or a protected person (e.g., asylee, or refugee Woodward is an equal opportunity employer and does not discriminate in hiring or employment on the basis of race, color, religion, sex (including sexual orientation and gender identity), national origin, age, disability, protected veteran status, or any other category protected under federal, state, or local laws."
Woodward,Machinist II 1st Shift (M-F 6AM- 2:30PM),JR109464,"Niles, IL, US",United States of America,$16.49 - $28.60; $17.15 - $33.28,onsite,Mid,us_person,unknown,unknown,workday,N/A,2026-06-13T02:59:25Z,https://woodward.wd5.myworkdayjobs.com/en-US/woodward/job/Niles-IL-US/Machinist-II-1st-Shift--M-F-6AM--2-30PM-_JR109464-1,"Woodward’s Diversity, Inclusion and Belonging Commitment At Woodward, no matter where you are from, your physical appearance, or how you identify, you deserve the opportunity to reach your greatest potential. We are on a journey to achieve this as an organization and want to work closely with our members to set the right path. We humbly acknowledge this will be an imperfect journey. Yet, we are steadfastly committed to embracing the power of diverse people, perspectives and experiences for our current members, attracting the best talent across our communities, and creating an inclusive and rewarding workplaces for all. Woodward supports our members’ wellbeing and regularly benchmarks with other companies in our industry to offer an extensive Total Reward package for this position. Salary will be determined by the applicant's education, experience, knowledge, skills, and abilities, as well as internal equity and alignment with market data. Estimated annual base pay:
Machinist I - $16.49 - $28.60
Machinist II - $17.15 - $33.28
1st Shift Hours: 6:00am-2:30pm
All members included in cash bonus opportunity
401(k) match (4.5%)
Annual Woodward stock contribution (5%)
Tuition reimbursement and Training/Professional Development opportunities for all members 12 paid holidays, including floating holidays Industry leading medical, dental, and vision Insurance upon date of hire
Vacation / Sick Time / Vacation Buy-up / Short Term Disability / Bereavement leave Paid parental leave
Adoption Assistance Employee Assistance Program, including mental health benefits Member Life & AD&D / Long Term Disability / Member Optional Life Member referral bonus Spouse / Child Optional Life / Optional AD&D / Healthcare and Dependent Care Flexible Spending Voluntary benefits, including: Home / Auto Insurance discounts Whole Life Insurance / Critical Illness Insurance / Legal Assistance / Military Leave Are you ready to make your mark? If you’re a Machinist, we have an exciting opportunity for you. What you will be doing Set up and operate one or more of the following machines:
CNC Lathe Machines
CNC Mill/Turn Machines
CNC OD/ID Grinders
Complete paperwork while adhering to record retention requirements.
Document nonconforming material according to procedures, participate in activities to implement root cause and corrective actions identified.
Utilize work instructions, set-up sheets and method documents to correctly operate machines and inspect machined parts.
Utilize various gauging equipment to ensure conformance to the engineering specifications and standards through the production run.
Obtain certifications as necessary for required processes. What We Are Looking For Machinist I:
High School Diploma- Required
0-2 years’ experience in related work or applicable degree
General knowledge of machines and equipment functionality, and how tools could be used on such equipment/machines. This includes the ability to learn new systems quickly, understanding how parts relate, and how they impact system functionality.
Knowledge of CNC (Computer Numerically Controlled) programming/machining including the ability to read, understand, edit basic programs and/or basic knowledge of one or more of the following skills - grinding, turning, milling, drilling. Machinist II:
High school diploma or equivalent required
2-5 years' experience in related work
Knowledge of and ability to apply inspection techniques (e.g., formalized inspection standards, inspection instructions, best practices) and use inspection tools efficiently. The ability to read and use micrometers, functional and cylindrical gauges, comparators, indicator setups, calibration stickers and scales.
Intermediate ability to read, interpret and use the information presented in drawings, diagrams and blueprints to determine appropriate activities, tools, and next steps in the production process.
Intermediate knowledge of Geometric Dimensioning and Tolerancing such as perpendicularity, parallelism, flatness. This includes the ability to interpret tolerances on prints and perform inspection techniques. This includes the ability to interpret datum structures, material condition tolerances, orientation tolerances.
Knowledge of CNC (Computer Numerically Controlled) programming/machining including the ability to read, understand, edit basic programs and/or basic knowledge of one or more of the following skills - grinding, turning, milling, drilling.
General knowledge of machines and equipment functionality, and how tools could be used on such equipment/machines. This includes the ability to learn new systems quickly, understanding how parts relate, and how they impact system functionality. This also includes process optimization or the ability to identify opportunities to improve current production processes and to implement the necessary steps for the improvements.
The ability to define, diagnose, and resolve problems. This includes the ability to acquire and apply new knowledge and skills and the ability to integrate knowledge of current resources and constraints, priorities and manufacturing processes. This position requires use of information which is subject to the International Traffic in Arms Regulations (ITAR) and/or the Export Administration Regulations (EAR). All applicants must be U.S. Persons within the meaning of the ITAR and EAR, or eligible to obtain all required authorizations from the U.S. Department of State and/or the U.S. Department of Commerce. The ITAR defines a U.S. Person as a U.S. citizen or national, lawful permanent resident (i.e., 'Green Card holder'), or a protected person (e.g., asylee, or refugee). Woodward is an equal opportunity employer and does not discriminate in hiring or employment on the basis of race, color, religion, sex (including sexual orientation and gender identity), national origin, age, disability, protected veteran status, or any other category protected under federal, state, or local laws."
Woodward,Talent Acquisition Partner,JR110988,"South Carolina, US",United States of America,"$72,000 - $110,000",hybrid,Mid,us_person,unknown,unknown,workday,N/A,2026-06-13T02:59:29Z,https://woodward.wd5.myworkdayjobs.com/en-US/woodward/job/South-Carolina-US/Talent-Acquisition-Partner_JR110988,"Woodward is committed to creating a great workplace for all team members. Our company and its members are committed to acting with integrity, being respectful and accountable to one another, and staying humble and driven, while maintaining the highest professional and ethical standards. We are steadfastly committed to attracting the best talent across our communities creating a rewarding workplace. Together we are fulfilling our purpose to design and deliver energy control solutions our partners count on to power a clean future. Woodward supports our members’ wellbeing and regularly benchmarks with other companies in our industry to offer an extensive Total Reward package for this position. Salary will be determined by the applicant's education, experience, knowledge, skills, and abilities, as well as internal equity and alignment with market data. This role will be hybrid at our newly built Spartanburg campus. This role will be focused on recruiting for Aerospace Production roles. Estimated annual base pay: Level 2: $72,000 - $110,000 Senior TA: $85,000-125,000 All Levels are eligible for the benefits below: All members included in annual cash bonus opportunity. 401(k) match (4.5%) Annual Woodward stock contribution (5%) Tuition reimbursement and Training/Professional Development opportunities for all members 12 paid holidays, including floating holidays. Industry leading medical, dental, and vision Insurance upon date of hire Vacation / Sick Time / Vacation Buy-up / Short Term Disability / Bereavement leave. Paid parental leave. Adoption Assistance Employee Assistance Program, including mental health benefits. Member Life & AD&D / Long Term Disability / Member Optional Life Member referral bonus Spouse / Child Optional Life / Optional AD&D / Healthcare and Dependent Care Flexible Spending Voluntary benefits, including: Home / Auto Insurance discounts Whole Life Insurance / Critical Illness Insurance / Legal Assistance / Military Leave Key Responsibilities: Develop and implement recruitment strategies: Develop and implement recruitment strategies that align with the organization's goals and objectives. This includes identifying job requirements, sourcing candidates, and creating job postings. Conduct candidate screening and selection: Screen and assess candidates for their qualifications, experience, and cultural fit. Conduct interviews, reference checks, and assessments to select the best candidates for the job. Manage the recruitment process: Manage the recruitment process from start to finish, including scheduling interviews, coordinating with hiring managers, and extending job offers. Build and maintain relationships: Build and maintain relationships with hiring managers, candidates, and external partners such as recruitment agencies and job boards. Ensure compliance: Ensure compliance with legal and regulatory requirements, including affirmative action, equal employment opportunity, and anti-discrimination laws. This includes maintaining accurate records and documentation throughout the recruitment process. Key Skills: Recruitment and Sourcing Skills: Screening and Selection Skills: Ability to effectively screen and select candidates based on job r Employer Branding: Ability to promote the company’s brand and culture to attract top talent. Talent Management: Ability to manage the entire recruitment life cycle, from sourcing to onboarding. Data Analysis: Ability to analyze recruitment metrics and data to optimize the recruitment process. Relationship Building: Ability to build strong relationships with hiring managers and candidates. Communication Skills: Ability to communicate effectively with candidates, hiring managers, and other stakeholders. Time Management: Ability to manage multiple tasks and prioritize work to meet deadlines. Technology Skills: Ability to use recruitment software and tools to manage the recruitment process. Application window is anticipated to close 20 days from original posting date. This position requires use of information which is subject to the International Traffic in Arms Regulations (ITAR) and/or the Export Administration Regulations (EAR). All applicants must be U.S. Persons within the meaning of the ITAR and EAR, or eligible to obtain all required authorizations from the U.S. Department of State and/or the U.S. Department of Commerce. The ITAR defines a U.S. Person as a U.S. citizen or national, lawful permanent resident (i.e., 'Green Card holder'), or a protected person (e.g., asylee, or refugee). Woodward is an equal opportunity employer and does not discriminate in hiring or employment on the basis of race, color, religion, sex (including sexual orientation and gender identity), national origin, age, disability, protected veteran status, or any other category protected under federal, state, or local laws."
Woodward,"Manager, Engineering IT Systems",JR110230,3 Locations,United States of America,,onsite,Manager,us_person,unknown,unknown,workday,N/A,2026-06-13T02:59:33Z,https://woodward.wd5.myworkdayjobs.com/en-US/woodward/job/Fort-Collins---Lincoln-Campus-HQ/Manager--Engineering-IT-Systems_JR110230,"Woodward is committed to creating a great workplace for all team members. Our company and its members are committed to acting with integrity, being respectful and accountable to one another, and staying humble and driven, while maintaining the highest professional and ethical standards. We are steadfastly committed to attracting the best talent across our communities creating a rewarding workplace. Together we are fulfilling our purpose to design and deliver energy control solutions our partners count on to power a clean future. Woodward supports our members’ wellbeing and regularly benchmarks with other companies in our industry to offer an extensive Total Reward package for this position. Salary will be determined by the applicant's education, experience, knowledge, skills, and abilities, as well as internal equity and alignment with market data. Estimated annual base pay: $142,000(minimum) - $177,000(midpoint) - $213,000(maximum) All Levels are eligible for the benefits below: All members included in annual cash bonus opportunity. 401(k) match (4.5%)
Annual Woodward stock contribution (5%)
Tuition reimbursement and Training/Professional Development opportunities for all members 12 paid holidays, including floating holidays. Industry leading medical, dental, and vision Insurance upon date of hire
Vacation / Sick Time / Vacation Buy-up / Short Term Disability / Bereavement leave. Paid parental leave.
Adoption Assistance Employee Assistance Program, including mental health benefits. Member Life & AD&D / Long Term Disability / Member Optional Life Member referral bonus Spouse / Child Optional Life / Optional AD&D / Healthcare and Dependent Care Flexible Spending Voluntary benefits, including: Home / Auto Insurance discounts Whole Life Insurance / Critical Illness Insurance / Legal Assistance / Military Leave Position Purpose: The Manager, IT Engineering partners with stakeholders define, lead, and drive the integration of cutting-edge digital technologies and processes across the organization, ensuring seamless connectivity, data flow, and operational efficiency. This role is critical to enabling our Model Based Engineering (MBE) strategy to drive adoption of modern, technology-driven solutions while leveraging the digital thread to create a connected ecosystem for data and processes across the entire lifecycle of products, systems, or operations. Key Responsibilities: Platform Strategy & Development: Lead strategic planning for all engineering-related IT systems, including PLM, CAD, and Simulation platforms.
Work directly with Engineering leadership to establish consensus around tool selections and direction.
Drive consistent engineering tool usage across the enterprise to foster standard methods and data reuse.
Establish roadmaps for future Engineering tool directions to support Model Based Enterprise (MBE), Model Based Definition (MBD), Manufacturing Process Planning, and others to ensure seamless data flow across the enterprise including Quality and Manufacturing.
Lead the implementation of system improvements and strategies that support organizational goals, ensuring initiatives are well-communicated, properly resourced, prioritized, and effectively executed for the engineering environment.
Partner with leadership to align and evolve team capabilities in line with the strategic goals. Operational Excellence: Monitor and optimize system performance, enforce compliance, manage incidents, and ensure high availability and reliability of engineering IT services.
Provide oversight in the deployment, integration, and maintenance of engineering software and simulation tools, ensuring robust and secure IT operations across platforms.
Act as a strategic liaison to business partners, Sourcing, and other IT teams to govern, provision, and manage software entitlements, participate in vendor compliance audits, and identify areas of risk. Program/Project/Change Management: Facilitate requirements gathering sessions and translate business needs into actionable initiatives.
Develop detailed project plans, schedules, budgets, allocate resources effectively, and coordinate with internal and external teams and stakeholders.
Monitor project progress, manage risks, and implement corrective actions to ensure on-time and within-budget delivery.
Communicate project updates to stakeholders, ensuring transparency and alignment throughout the project lifecycle.
Guide teams and stakeholders through change management processes with empathy and clarity, promoting user adoption and minimizing disruption through proactive communication and training.
Oversee large-scale implementation projects, including new modules, upgrades, and integrations with other enterprise systems. Vendor Relationship Management: Act as the primary point of contact for external vendors and consultants.
Manage relationships with software vendors, ensuring optimal service delivery and adherence to contracts.
Partner with Sourcing, Legal, and IT Software Asset Management teams in contract negotiations and oversee vendor performance metrics to ensure service level agreements (SLAs) are met
Partner with IT Software Asset Management in response to vendor compliance audits. Key Skills: Strategic Vision and Alignment: Ability to clearly convey complex ideas to both technical and non-technical audiences, ensuring alignment and understanding across all levels of the organization.
Skills to align technology initiatives with long-term business strategies ensuring investments deliver measurable value.
Strategic prioritization of projects, balancing immediate needs with future goals.
Focus on building relationships, leveraging expertise, and fostering trust while communicating strategically. Leadership and Team Development: Proven ability to lead, mentor, and inspire cross-functional teams of IT professionals, engineers, and business stakeholders.
Mentorship and coaching skills to develop team members’ technical, analytical, and leadership skills.
Ability to foster a collaborative, accountable, and high-performing team culture while addressing team challenges constructively.
Skilled in setting clear goals to drive ownership and accountability, tracking progress through KPIs, and using feedback to continuously improve team performance and system outcomes.
Ability to manage underperforming employees. Change Management and Transformation Leadership: Expertise in leading organizational change, particularly in rolling out or optimizing PLM, CAD, MBE, and HPC systems.
Ability to drive digital transformation initiatives, such as adopting model-based workflows or implementing HPC clusters for advanced simulations.
Skills to handle resistance to change by communicating the value of new tools and processes and ensuring smooth adoption.
Ability to drive ownership and accountability as part of change management. Stakeholder Communication and Influence: Strong communication skills to bridge the gap between technical teams and non-technical stakeholders, such as executives or business leaders.
Ability to present complex technical concepts and system updates in a clear, concise manner to decision-makers.
Skills to build consensus, manage stakeholder expectations, and align teams toward shared goals. Collaboration and Cross-Functional Leadership: Ability to foster collaboration between IT, engineering, manufacturing, and business teams to ensure alignment across the organization.
Leadership in breaking down silos and encouraging knowledge sharing to improve workflows and innovation.
Skills to mediate and resolve conflicts between departments or team members constructively. Project and Program Management: Proficiency in managing complex projects.
Skills in project planning, timeline management, and resource allocation using methodologies like Agile, Scrum, or Waterfall.
Ability to manage project risks, budgets, and deliverables while ensuring team alignment and accountability. Empathy and Emotional Intelligence: Strong emotional intelligence to lead with empathy, understanding the needs and challenges of team members and stakeholders.
Ability to motivate and engage teams, especially during periods of high stress or organizational change.
Skills to foster a positive and inclusive work environment where everyone feels valued and heard. Process Optimization and Continuous Improvement: Leadership in identifying inefficiencies and bottlenecks and implementing improvements.
Focus on leveraging automation, digital tools, and best practices to streamline operations and enhance productivity.
Ability to align process improvements with business goals to maximize ROI and engineering efficiency. Decision-Making and Problem-Solving: Confident in making informed decisions under pressure, balancing short-term needs with long-term strategy, and managing competing priorities effectively.
Strong analytical skills to troubleshoot issues in systems and implement timely solutions.
Strategic problem-solving to address long-term challenges and risks, ensuring sustainable success.
Manage multiple tasks effectively, ensuring that operational and support responsibilities are completed on time. Knowledge of Industry Standards and Trends: Familiarity with industry standards and best practices, such as ISO 10303 (STEP), ASME Y14.41, and other PLM/MBE/CAD frameworks.
Awareness of emerging trends in digital transformation, such as digital twins, generative design, and cloud-based PLM solutions.
Leadership in integrating advanced technologies (e.g., AI/ML) into engineering processes to drive innovation. Vision for Digital Transformation: Awareness of emerging trends in PLM, CAD, MBE, and HPC, including cloud-based solutions, generative design, AI/ML applications, and digital twins.
Understanding of industry standards (e.g., ISO 10303 [STEP], ASME Y14.41) and compliance requirements (e.g., ITAR, GDPR) relevant to engineering and HPC systems.
Ability to evaluate and advocate for innovation and align cutting-edge technology with organizational objectives. Other Qualifications: Bachelor’s Degree in Computer Science, Information Systems, Engineering, or related discipline is required.
Project management experience required.
5+ years of experience in IT and engineering system management preferred.
3+ years of leadership or management experience, with a proven track record of leading cross-functional teams preferred. Application window is anticipated to close 14 days from original posting date. This information is provided in compliance with the Colorado Equal Pay for Equal Work Act and is the company’s good faith and reasonable estimate of the compensation range and benefits offered for this position. The compensation offered to the successful applicant may vary based on factors including experience, skills, education, location, and other job-related reasons. This position requires use of information which is subject to the International Traffic in Arms Regulations (ITAR) and/or the Export Administration Regulations (EAR). All applicants must be U.S. Persons within the meaning of the ITAR and EAR, or eligible to obtain all required authorizations from the U.S. Department of State and/or the U.S. Department of Commerce. The ITAR defines a U.S. Person as a U.S. citizen or national, lawful permanent resident (i.e., 'Green Card holder'), or a protected person (e.g., asylee, or refugee). Woodward is an equal opportunity employer and does not discriminate in hiring or employment on the basis of race, color, religion, sex (including sexual orientation and gender identity), national origin, age, disability, protected veteran status, or any other category protected under federal, state, or local laws."
Woodward,Praktikant Versuch (m/w/d) Alternative Kraftstoffe,JR111251,"Stuttgart, DE",United States of America,,onsite,Mid,us_person,unknown,unknown,workday,N/A,2026-06-13T02:59:37Z,https://woodward.wd5.myworkdayjobs.com/en-US/woodward/job/Stuttgart-DE/Praktikant-Versuch--m-w-d--Alternative-Kraftstoffe_JR111251,"Woodward L'Orange ist als Pionier modernster Technologie auf dem Weg zu nachhaltigen Lösungen: Komponenten und Systeme für die Energiewandlungssysteme der Zukunft. Mit unseren rund 1.300 Mitarbeitern an den Standorten Stuttgart, Glatten, Wolfratshausen und Rellingen entwickeln und produzieren wir ein breites Produktportfolio an Komponenten für die Regelung, Dosierung und Aufbereitung von heutigen und künftigen Kraftstoffen (PTX). Dieses Portfolio umfasst u. A. die Einspritztechnik, einschließlich fortschrittlicher Common-Rail-Technologie. Ihren Einsatz finden unsere Produkte in den modernen Großmotoren und Brennstoffzellen von Schiffen, Kraftwerken, Eisenbahnen und weiteren Anwendungen. Für die Entwicklung und Optimierung von Einspritzsystemen die mit alternativen Kraftstoffen betrieben werden und zur Unterstützung der Versuchs- und Prüfstandstätigkeit in der Validierung / Versuch suchen wir Studierende (m/w/d) die im Rahmen eines Praktikums unterstützen (Bachelor / Master; Dauer i.d.R. 6 Monate) Ihre Aufgaben: ​Selbstständiges Arbeiten in laufenden Projekten Erarbeiten und Festlegen von Versuchsvarianten und Versuchsreihen Durchführung und Betreuung der Versuche, sowie Auswertung und Bewertung Montage und Demontage von Bauteilen und deren Befundung Interne Präsentation und Dokumentation der Ergebnisse Ihr Profil: Studium der Fachrichtung Maschinenbau, Fahrzeugtechnik oder vergleichbar Interesse am Thema Einspritztechnik Analytisches Denken, Teamfähigkeit und selbstständiges Arbeiten Handwerkliches Geschick Gute PC-Kenntnisse Ihre Vorteile: Betriebsrestaurant Umfangreiches Weiterbildungsprogramm Modernes Gesundheits- & Sportangebot Mitarbeiterrabatte Mercedes-Benz-Leasing Rabatte Fahrrad-Leasing Bitte bewerben Sie sich mit einem aussagekräftigen Anschreiben, Lebenslauf und Zeugnissen. Alle Unterlagen können im Feld ""Lebenslauf"" hochgeladen werden. Kontakt: Marco Worms Sr HR Business Partner Woodward L'Orange GmbH
Porschestraße 8
D-70435 Stuttgart"
Woodward,Abschlussarbeit Versuch (m/w/d) Druckerzeuger,JR111250,"Stuttgart, DE",United States of America,,onsite,Mid,us_person,unknown,unknown,workday,N/A,2026-06-13T02:59:41Z,https://woodward.wd5.myworkdayjobs.com/en-US/woodward/job/Stuttgart-DE/Abschlussarbeit-Versuch--m-w-d--Druckerzeuger_JR111250,"Woodward L'Orange ist als Pionier modernster Technologie auf dem Weg zu nachhaltigen Lösungen: Komponenten und Systeme für die Energiewandlungssysteme der Zukunft. Mit unseren rund 1.300 Mitarbeitern an den Standorten Stuttgart, Glatten, Wolfratshausen und Rellingen entwickeln und produzieren wir ein breites Produktportfolio an Komponenten für die Regelung, Dosierung und Aufbereitung von heutigen und künftigen Kraftstoffen (PTX). Dieses Portfolio umfasst u. A. die Einspritztechnik, einschließlich fortschrittlicher Common-Rail-Technologie. Ihren Einsatz finden unsere Produkte in den modernen Großmotoren und Brennstoffzellen von Schiffen, Kraftwerken, Eisenbahnen und weiteren Anwendungen. Für die Ursachenanalyse und Weiterentwicklung eines Steuerventils zur Saugdrosselung von Common-Rail-Hochdruckpumpen suchen wir Studierende (m/w/d) für die Anfertigung einer Abschlussarbeit (Bachelor / Master; Dauer 6 Monate). Ziel der Arbeit ist es, anhand einer Ursachenanalyse Verbesserungsmaßnahmen zu erarbeiten, die die wiederkehrende Notwendigkeit zur Nachstellung eliminieren und Steuer und Schließmengen stabil halten. Ihre Aufgaben: Messtechnische Validierung von bereits vorhanden Steuerventilen Eigenständiges Durchführen und Betreuung von Versuchen mittels Design of Experiments (DoE), sowie Auswerten und Bewerten der Versuchsergebnisse Konstruktive und versuchsseitige Lösungsfindung zum Verbessern der Funktionalität von Einspritzsystemen Interne Präsentation und Dokumentation der Ergebnisse Ihr Profil: Studium der Fachrichtung Maschinenbau, Fahrzeugtechnik oder vergleichbar Interesse am Thema Einspritztechnik Analytisches Denken, Teamfähigkeit und selbstständiges Arbeiten Handwerkliches Geschick Gute PC-Kenntnisse Ihre Vorteile: Betriebsrestaurant Umfangreiches Weiterbildungsprogramm Modernes Gesundheits- & Sportangebot Mitarbeiterrabatte Mercedes-Benz-Leasing Rabatte Fahrrad-Leasing Bitte bewerben Sie sich mit einem aussagekräftigen Anschreiben, Lebenslauf und Zeugnissen. Alle Unterlagen können im Feld ""Lebenslauf"" hochgeladen werden. Kontakt: Marco Worms Sr HR Business Partner Woodward L'Orange GmbH
Porschestraße 8
D-70435 Stuttgart"
Woodward,Abschlussarbeit Versuch (m/w/d) Injektoren für Power-to-X Kraftstoffe,JR111249,"Stuttgart, DE",United States of America,,onsite,Mid,us_person,unknown,unknown,workday,N/A,2026-06-13T02:59:45Z,https://woodward.wd5.myworkdayjobs.com/en-US/woodward/job/Stuttgart-DE/Abschlussarbeit-Versuch--m-w-d--Injektoren-fr-Power-to-X-Kraftstoffe_JR111249,"Woodward L'Orange ist als Pionier modernster Technologie auf dem Weg zu nachhaltigen Lösungen: Komponenten und Systeme für die Energiewandlungssysteme der Zukunft. Mit unseren rund 1.300 Mitarbeitern an den Standorten Stuttgart, Glatten, Wolfratshausen und Rellingen entwickeln und produzieren wir ein breites Produktportfolio an Komponenten für die Regelung, Dosierung und Aufbereitung von heutigen und künftigen Kraftstoffen (PTX). Dieses Portfolio umfasst u. A. die Einspritztechnik, einschließlich fortschrittlicher Common-Rail-Technologie. Ihren Einsatz finden unsere Produkte in den modernen Großmotoren und Brennstoffzellen von Schiffen, Kraftwerken, Eisenbahnen und weiteren Anwendungen. Für die Entwicklung von Einspritzinjektoren für Power-to-X-Kraftstoffe für zukünftige Einspritzsysteme im Bereich Großmotoren suchen wir Studierende (m/w/d) für die Anfertigung einer Abschlussarbeit (Bachelor / Master; Dauer 6 Monate) Neu konzipierte und konstruierte Einspritzinjektoren für PTX Kraftstoffe (Methanol, Ethanol, Ammoniak) sollen hydraulisch mittels Design of Experiments (DoE) am Prüfstand getestet und bewertet werden. Bereits während der Validierung am Prüfstand sollen mögliche Verbesserungen der Funktionalität und der Langlebigkeit ermittelt und in das Design einfließen. Ziel soll ein robuster und langlebiger Einspritzinjektor für unsere Kunden sein. Ihre Aufgaben: Messtechnische Validierung von bereits vorhanden Power-to-X-Einspritzinjektoren Eigenständiges Durchführen und Betreuung von Versuchen mittels Design of Experiments (DoE), sowie Auswerten und Bewerten der Versuchsergebnisse Konstruktive und versuchsseitige Lösungsfindung zum Verbessern der Funktionalität von Einspritzsystemen Interne Präsentation und Dokumentation der Ergebnisse Ihr Profil: Studium der Fachrichtung Maschinenbau, Fahrzeugtechnik oder vergleichbar Interesse am Thema Einspritztechnik Analytisches Denken, Teamfähigkeit und selbstständiges Arbeiten Handwerkliches Geschick Gute PC-Kenntnisse Ihre Vorteile: Betriebsrestaurant Umfangreiches Weiterbildungsprogramm Modernes Gesundheits- & Sportangebot Mitarbeiterrabatte Mercedes-Benz-Leasing Rabatte Fahrrad-Leasing Kontakt: Marco Worms Sr HR Business Partner Woodward L'Orange GmbH
Porschestraße 8
D-70435 Stuttgart"
Woodward,Werkstudent Versuch alternative Kraftstoffe (m/w/d),JR110624,"Stuttgart, DE",United States of America,,onsite,Mid,us_person,unknown,unknown,workday,N/A,2026-06-13T02:59:49Z,https://woodward.wd5.myworkdayjobs.com/en-US/woodward/job/Stuttgart-DE/Werkstudent-Versuch-alternative-Kraftstoffe--m-w-d-_JR110624,"Woodward L'Orange ist als Pionier modernster Technologie auf dem Weg zu nachhaltigen Lösungen: Komponenten und Systeme für die Energiewandlungssysteme der Zukunft. Mit unseren rund 1.300 Mitarbeitern an den Standorten Stuttgart, Glatten, Wolfratshausen und Rellingen entwickeln und produzieren wir ein breites Produktportfolio an Komponenten für die Regelung, Dosierung und Aufbereitung von heutigen und künftigen Kraftstoffen (PTX). Dieses Portfolio umfasst u. A. die Einspritztechnik, einschließlich fortschrittlicher Common-Rail-Technologie. Ihren Einsatz finden unsere Produkte in den modernen Großmotoren und Brennstoffzellen von Schiffen, Kraftwerken, Eisenbahnen und weiteren Anwendungen. Ihre Aufgaben: Unterstützung der Versuchsabteilung bei den täglichen Aufgaben Versuchsseitige Mitbetreuung der Systemprüfstande und der Prüflinge Erarbeitung und Festlegung von Versuchsvarianten und Versuchsreihen Eigenständige Durchführung und Betreuung der Versuche mit messtechnischer Validierung Auswertung und Bewertung der Versuchsergebnisse sowie Befundung von Prüflingen Erarbeitung des weiteren Vorgehens anhand der Ergebnisse Dokumentation der Ergebnisse der Arbeit Ihr Profil: Studium der Fachrichtung Maschinenbau, Fahrzeugtechnik oder vergleichbar Interesse am Thema Einspritztechnik Analytisches Denken, Teamfähigkeit und selbstständiges Arbeiten Handwerkliches Geschick Gute PC-Kenntnisse Ihre Vorteile: Metalltarif Betriebsrestaurant Umfangreiches Weiterbildungsprogramm Modernes Gesundheits- & Sportangebot Mitarbeiterrabatte Mercedes-Benz-Leasing Rabatte Fahrrad-Leasing Kontakt: Marco Worms Sr HR Business Partner Woodward L'Orange GmbH
Porschestraße 8
D-70435 Stuttgart"
Woodward,Automatisierungsingenieur (m/w/d) – Bereich: Engineering,JR110154,"Aken (Elbe), DE",United States of America,,onsite,Mid,us_person,unknown,unknown,workday,N/A,2026-06-13T02:59:53Z,https://woodward.wd5.myworkdayjobs.com/en-US/woodward/job/Aken-Elbe-DE/Automatisierungsingenieur--m-w-d----Bereich--Engineering_JR110154,"Gestalten Sie aktiv die Automatisierung unserer Fertigungsprozesse und tragen Sie zur Stabilität, Effizienz und Weiterentwicklung unserer Produktionsanlagen bei. Für unseren Standort in Aken (Elbe) suchen wir einen Automatisierungsingenieur (m/w/d), der unser Engineering-Team bei der Entwicklung, Optimierung und dem Betrieb moderner Steuerungs- und Automatisierungslösungen unterstützt. Ihre Aufgaben Serienbegleitende Betreuung von Produktionsanlagen mit Fokus auf Stabilität, Standardisierung und Automatisierung Entwicklung und Implementierung von Automatisierungs- und Steuerungslösungen zur Effizienz- und Qualitätssteigerung Unterstützung bei Inbetriebnahme und Freigabe von Maschinen und Anlagen Integration und Betreuung industrieller Kommunikationssysteme (z. B. OPC UA, MQTT, Modbus, Profinet) Betreuung der Datenkommunikation zwischen Anlagen und übergeordneten Systemen Entwicklung und Anpassung von PLC-, HMI- und Servoprogrammen Ihre Qualifikation Abgeschlossenes Studium im Bereich Elektrotechnik, Automatisierungstechnik oder vergleichbar Erfahrung in der Entwicklung und Umsetzung von Automatisierungslösungen Fundierte Kenntnisse der IEC 61131-3 und in der SPS-Programmierung (idealerweise Siemens TIA Portal) Grundkenntnisse industrieller Kommunikationsprotokolle Sehr gute Englischkenntnisse Ihre Vorteile Ein angenehmes und teamorientiertes Arbeitsklima in einem internationalen Umfeld Eine attraktive Vergütung und Teilnahme am Konzernbonusplan 30 Tage Jahresurlaub, flexible Arbeitszeiten und Möglichkeit zum mobilen Arbeiten (individuell nach Absprache) Zuschüsse zur betrieblichen Altersvorsorge oder vermögenswirksame Leistungen sowie eine kostenfreie Gruppenunfallversicherung Externe und interne Weiterbildungsmöglichkeiten Regelmäßige Maßnahmen zur Gesundheitsförderung und Mitarbeiterevents Über Woodward Woodward ist weltweit führend in der Entwicklung, Herstellung und Wartung von Energieumwandlungs- und –steuerungs-lösungen für die Luft- und Raumfahrt sowie den Industrieanlagenmarkt. Bewerben Sie sich gerne direkt online auf www.woodward.com/careers E-Mail: Akenhr@woodward.com"
Woodward,Datenanalyst (m/w/d) – Bereich: Engineering,JR110153,"Aken (Elbe), DE",United States of America,,onsite,Mid,us_person,unknown,unknown,workday,N/A,2026-06-13T02:59:57Z,https://woodward.wd5.myworkdayjobs.com/en-US/woodward/job/Aken-Elbe-DE/Datenanalyst--m-w-d----Bereich--Engineering_JR110153,"Gestalten Sie aktiv die Digitalisierung in unserem Werk und treiben Sie datenbasierte Lösungen zur Optimierung unserer Prozesse voran.
Für unseren Standort in Aken (Elbe) suchen wir einen Datenanalysten (m/w/d), der unser Engineering-Team bei der Entwicklung und Umsetzung moderner Daten- und Visualisierungslösungen unterstützt. Ihre Aufgaben Entwicklung und Implementierung von Digitalisierungs- und SCADA-Lösungen (Ignition), inkl. Datenmodellierung und Dashboard-Erstellung Sicherstellung von Datenqualität und –integrität Betreuung und Weiterentwicklung von Datenbanken und Systemlandschaften (inkl. Schnittstellen zur IT) Erstellung und Pflege von Standards, Templates und Visualisierungskonzepten Ihre Qualifikation Abgeschlossenes Studium in Informatik, Wirtschaftsinformatik, Automatisierungstechnik oder vergleichbar Erfahrung in der Umsetzung von Digitalisierungsprojekten sowie im Umgang mit Datenbanksystemen Programmierkenntnisse, idealerweise in Python Erste Kenntnisse in industriellen Schnittstellen/Standards (z. B. OPC UA, APIs) von Vorteil Sehr gute Englischkenntnisse Ihre Vorteile Ein angenehmes und teamorientiertes Arbeitsklima in einem internationalen Umfeld Eine attraktive Vergütung und Teilnahme am Konzernbonusplan 30 Tage Jahresurlaub, flexible Arbeitszeiten und Möglichkeit zum mobilen Arbeiten (individuell nach Absprache) Zuschüsse zur betrieblichen Altersvorsorge oder vermögenswirksame Leistungen sowie eine kostenfreie Gruppenunfallversicherung Externe und interne Weiterbildungsmöglichkeiten Regelmäßige Maßnahmen zur Gesundheitsförderung und Mitarbeiterevents Über Woodward Woodward ist weltweit führend in der Entwicklung, Herstellung und Wartung von Energieumwandlungs- und –steuerungs-lösungen für die Luft- und Raumfahrt sowie den Industrieanlagenmarkt. Bewerben Sie sich gerne direkt online auf www.woodward.com/careers E-Mail: Akenhr@woodward.com"
Woodward,Mechanical Assembler - 2nd shift,JR110873,"Niles, IL, US",United States of America,$15.83 - $24.65; $16.49 - $28.60,onsite,Mid,us_person,unknown,unknown,workday,N/A,2026-06-13T03:00:01Z,https://woodward.wd5.myworkdayjobs.com/en-US/woodward/job/Niles-IL-US/Mechanical-Assembler---2nd-shift_JR110873-1,"Woodward is committed to creating a great workplace for all team members. Our company and its members are committed to acting with integrity, being respectful and accountable to one another, and staying humble and driven, while maintaining the highest professional and ethical standards. We are steadfastly committed to attracting the best talent across our communities creating a rewarding workplace. Together we are fulfilling our purpose to design and deliver energy control solutions our partners count on to power a clean future. Woodward supports our members’ wellbeing and regularly benchmarks with other companies in our industry to offer an extensive Total Reward package for this position. Salary will be determined by the applicant's education, experience, knowledge, skills, and abilities, as well as internal equity and alignment with market data. Estimated annual base pay: Level I: $15.83 - $24.65 Level II: $16.49 - $28.60 2nd Shift Hours: 3:00pm -11:30pm All members included in annual cash bonus opportunity 401(k) match (4.5%) Annual Woodward stock contribution (5%) Tuition reimbursement and Training/Professional Development opportunities for all members 12 paid holidays, including floating holidays Industry leading medical, dental, and vision Insurance upon date of hire Vacation / Sick Time / Vacation Buy-up / Short Term Disability / Bereavement leave Adoption Assistance Employee Assistance Program, including mental health benefits Member Life & AD&D / Long Term Disability / Member Optional Life Member referral bonus Spouse / Child Optional Life / Optional AD&D / Healthcare and Dependent Care Flexible Spending Voluntary benefits, including: Home / Auto Insurance discounts Whole Life Insurance / Critical Illness Insurance / Legal Assistance / Military Leave Are you ready to make your mark? If you are interested in becoming a Mechanical Assembler at Woodward, we have an exciting opportunity for you! Mechanical Assembler reports to the manufacturing supervisor and is responsible for assembling, installing, aligning, adjusting, and fitting subassemblies and parts or auxiliary equipment using appropriate tools and equipment, in an industrial setting. The position works under some supervision and limited contact with external suppliers or customers. What you will be doing... Assemble and/or perform preset calibration/final testing. Performs low to moderately complex assembly and test. Products may include but are not limited to small products, light subassemblies, and/or complete units of a smaller size. Assemble, install, align, adjust and fit subassemblies and parts or auxiliary equipment using appropriate tools and equipment as per work instructions. Clean parts and maintain tooling and equipment per proper work instructions. Follow work instructions associated with assembly skills to become certified for work being performed. Work with close tolerances and fits to meet engineering and operating requirements. Complete all required paperwork in an accurate and efficient manner, including Quality Assurance and Test Record. What we are looking for... Level I: High school diploma or equivalent required Mechanical aptitude required Ability to use a variety of basic hand tools Basic written/verbal communication skills Basic computer skills Willingness to demonstrate eagerness, enthusiasm, and optimism for work activities Detail orientation and ability to follow work instructions Level II: High school diploma or equivalent required 2-5 years of related experience required Mechanical aptitude required Ability to use a variety of basic hand tools Basic written/verbal communication skills Basic computer skills Willingness to demonstrate eagerness, enthusiasm, and optimism for work activities Detail orientation and ability to follow work instructions This position requires use of information which is subject to the International Traffic in Arms Regulations (ITAR) and the Export Administration Regulations (EAR). All applicants must be U.S. persons within the meaning of ITAR and EAR, or possess all required authorizations from the U.S. Department of State Department and the U.S. Department of Commerce. ITAR defines a U.S. person as a U.S. Citizen, U.S. Permanent Resident (i.e. 'Green Card Holder'), Political Asylee, or Refugee. Woodward is an equal opportunity employer and does not discriminate in hiring or employment on the basis of race, color, religion, sex (including sexual orientation and gender identity), national origin, age, disability, protected veteran status, or any other category protected under federal, state, or local laws."
Woodward,"Maintenance, Repair & Overhaul Manager - Part 145 (f/m)",JR111130,"Niepolomice, PL",United States of America,,onsite,Manager,unknown,unknown,unknown,workday,N/A,2026-06-13T03:00:05Z,https://woodward.wd5.myworkdayjobs.com/en-US/woodward/job/Niepolomice-PL/Maintenance--Repair---Overhaul-Manager---Part-145--f-m-_JR111130,"What you will do: The satisfactory completion and certification of all work required by contracted operators/customers in accordance with the work specification (Work Order and approved MOE procedures); Ensuring that the organisation's procedures and standards are complied with when carrying out maintenance; Ensuring the competency of all personnel engaged in maintenance; Establishing a programme of training and recurrent training using internal and/or external sources; Ensuring that any work for internal workshops or external contracted/subcontracted organisations are correctly detailed in a work order/contract and that the requirements of the contract/work order are fulfilled in respect of inspection; Providing feedback to the Compliance Monitoring about the services provided by contracted Organisations, Subcontractors; Responding to quality deficiencies in the area of activity for which he/she is responsible, which arise from independent quality audits; Ensuring, through the workforce under his/her control, that the quality of workmanship in the final product is to a standard acceptable to the organisation and EASA, FAA, etc. The implementation of the safety policy and human factor issues; Availability of facilities appropriate to the planned work including workshops office accommodation, stores as applicable for the planned work; Availability of a working environment appropriate to the tasks being undertaken; The incoming inspection of components, parts, materials, tools and equipment, the related classification, segregation and storage according to the manufacturer’s recommendations ; Developing a production planning system appropriate to the amount and complexity of the maintenance scope of work; Availability of tools, equipment and materials to perform the planned tasks; Availability of sufficient competent personnel to plan, perform, supervise, inspect and certify the work being performed; Availability of all necessary maintenance data; Recording and notifying any inaccurate, incomplete or ambiguous procedure, practice information or maintenance instruction contained in the maintenance data used by maintenance personnel to the author of maintenance data; Providing a common work card or worksheet system to be used throughout relevant parts of the organization and ensure such documents comply with 145.A.45 (e) ; Notifying the Accountable Manager whenever deficiencies emerge which require his attention in respect of finance and the acceptability of standards (Accountable Manager and Compliance Monitoring Manager to be officially informed of any lack of 25% of available man-hours over a calendar month); Supplying the necessary technical documents for customers and storage of the organisation’s technical records; What you will need: Practical experience and expertise in the application of aviation safety standards and safe operating practices Knowledge of human factors principles Knowledge of EU management system requirements and their application (including safety management systems and compliance monitoring); 5 years of relevant MRO work experience (in Part-145 organization) or 7 years if no aeronautical degree A relevant engineering or technical degree, or an aircraft technician or maintenance engineer qualification with additional education that is acceptable to the competent authority. ‘Relevant engineering or technical degree’ means a degree from aeronautical, mechanical, electrical, electronic, avionics or other studies that are relevant to the maintenance and/or continuing airworthiness of aircraft/aircraft components Knowledge of the relevant maintenance methods Adequate language and communication skills What you will gain: Advancement opportunities in international team A total rewards package, that includes: private health insurance, life & accidental insurance Multisport package Meal Vouchers Company performance bonus program Work-life balance PPK: Woodward offers payment to your PPK account up to 4% of your compensation depending on seniority Educational support Easy Access Rules for Continuing Airworthiness (Regulation (EU) No 1321/2014) - Revision from September 2025 | EASA"
Woodward,Senior Test Engineer - Aerospace (f/m),JR107792,"Niepolomice, PL",United States of America,,hybrid,Senior,unknown,unknown,yes,workday,N/A,2026-06-13T03:00:09Z,https://woodward.wd5.myworkdayjobs.com/en-US/woodward/job/Niepolomice-PL/Senior-Test-Engineer---Aerospace_JR107792,"What you will do: Design, support, improve, and test moderate to high complexity test systems and equipment, ensuring designs meet testability and reliability criteria Plan, schedule, and coordinate the detailed phases of test projects Contribute to the creation and evaluation of new product test requirements, test strategies, and provide estimates for new test equipment Participate in test data analysis and investigate root causes of unknown tested unit performance Maintain high quality of test results and ensure data integrity What you will need: Bachelor's degree in Mechatronic Engineering or related field More than 4 years of proven experience in a relevant industry Proficiency in reading and creating hydraulic and electrical schematics Excellent teamwork and communication skills in English and Polish (written and spoken) Ability to work independently under pressure and adapt to changing project requirements to meet deadlines Solid knowledge of LabVIEW Ability to analyze and process signals from various sensors Working experience with AS 9100 standards Knowledge of metrology principles
Nice to have: Knowledge of metrology principles Basic understanding of servovalves (electro-hydraulic, electro-pneumatic) and hydraulic actuators (single/double acting) Knowledge of supervisory controls, such and PLCs What you will gain: Salary range from 13 000 to 20 000 PLN gross - depending on experience Private health insurance, life and accident insurance MyBenefit/Multikafeteria package Participate in the company performance bonus program PPK payment account up to 4% of your compensation, depending on seniority Semi - flexible workingtime Employee BenefitFund Experienced team and professional development Create world-changing technology Relocation & Educational support Meal vouchers and free parking Hybrid work: 1 day home office per week"
Woodward,Qualitätskontrolleur (m/w/d),JR110950,"Aken (Elbe), DE",United States of America,,onsite,Mid,us_person,unknown,unknown,workday,N/A,2026-06-13T03:00:13Z,https://woodward.wd5.myworkdayjobs.com/en-US/woodward/job/Aken-Elbe-DE/Qualittskontrolleur--m-w-d-_JR110950,"Für unseren Standort in Aken (Elbe) suchen wir einen Qualitätskontrolleur (m/w/d). Ihre Aufgaben Durchführung von Qualitätsprüfungen an mechanisch bearbeiteten Bauteilen anhand von Zeichnungen und Fehlerkatalogen Visuelle Prüfung der Bauteile (z. B. mittels Boroskop) sowie Kontrolle auf Sauberkeit und Beschädigungen Bedienung und Anwendung von Mess- und Prüfmitteln (z. B. ESZ 800, Messständer, Oberflächenmessgerät) Durchführung von Spiel- und Passungsprüfungen gemäß Fertigungszeichnung Dokumentation und Auswertung von Messergebnissen sowie Erstellung von Prüfberichten Erfassung und Bewertung von Abweichungen im Rahmen der Qualitätsprüfung Ihre Qualifikation Abgeschlossene Berufsausbildung in einem metallverarbeitenden Beruf Erfahrung in der Qualitätsprüfung von mechanischen Bauteilen von Vorteil Grundkenntnisse in der Anwendung von Mess- und Prüfmitteln Solide Fähigkeiten im Lesen technischer Zeichnungen Selbständige Arbeitsweise, Teamfähigkeit, Qualitätsbewusstsein und Bereitschaft zur Arbeit im Mehrschichtsystem Ihre Vorteile Ein angenehmes und teamorientiertes Arbeitsklima in einem internationalen Umfeld Eine attraktive Vergütung und Teilnahme am Konzernbonusplan 30 Tage Jahresurlaub Zuschüsse zur betrieblichen Altersvorsorge oder vermögenswirksame Leistungen und eine kostenfreie Gruppenunfallversicherung Externe und interne Weiterbildungsmöglichkeiten sowie regelmäßige Maßnahmen zur Gesundheitsförderung und Mitarbeiterevents Über Woodward Woodward ist weltweit führend in der Entwicklung, Herstellung und Wartung von Energieumwandlungs- und –steuerungslösungen für die Luft- und Raumfahrt sowie den Industrieanlagenmarkt. Bewerben Sie sich gerne direkt online auf www.woodward.com/careers Kontakt: Anne Bräuer | anne.braeuer@woodward.com | Tel: 034909 880 245 E-Mail: Akenhr@woodward.com"
Woodward,Supplier Quality Technician (f/m),JR111063,"Niepolomice, PL",United States of America,,onsite,Mid,unknown,unknown,unknown,workday,N/A,2026-06-13T03:00:17Z,https://woodward.wd5.myworkdayjobs.com/en-US/woodward/job/Niepolomice-PL/Supplier-Quality-Technician--f-m-_JR111063,"What you will do: Conduct Quality Inspections: Performs thorough incoming inspections and component selection to ensure adherence to established quality standards. Vendor Communication Management: contacts suppliers in cases of nonconformities. Analyze Quality Data: Evaluates and interprets quality metrics and data to identify trends, inconsistencies, and areas for improvement. Resolve Complex Quality Issues: Identifies and provides solutions to atypical or infrequent quality problems using existing procedures and best practices (8D, 5Why, Ishikawa). Work Collaboratively with Crossfunctional Teams to achieve quality objectives and resolve issues. Develop Quality Procedures: Contributes to the creation and enhancement of technical quality processes and methodologies to optimize production efficiency. Mentor Team Members: Acts as an informal resource by providing guidance and support to less experienced colleagues on quality related tasks and technical processes. What you will need: Advanced knowledge of quality control processes and industry specific standards (especially electronics). Problem solving skills. Capability of data analysis: analyzes quality data to identify trends, root causes, and areas for improvement and prepares comprehensive quality reports. Process improvement ownership experience: implements and optimizes quality procedures to enhance efficiency and product standards. Accurately maintain and update detailed quality records, reports, and compliance documentation. Communication & Team Collaboration skills: effectively conveys complex technical information to team members and stakeholders. Attention to detail: Ensures precision and accuracy in inspections, testing, and quality assessments. Fluent English and Polish language skills. What you will gain: Salary range from 7 500 to 11 500 PLN gross – depending on experience Advancement opportunities in international team A total rewards package, that includes: private health insurance, life & accidental insurance Multisport package Meal Vouchers Company performance bonus program PPK: Woodward offers payment to your PPK account up to 4% of your compensation depending on seniority Educational support"
Woodward,Staff Manufacturing Special Process Engineer,JR110400,Rockford - Rock Cut Campus (RCC),United States of America,,onsite,Principal,us_person,unknown,unknown,workday,N/A,2026-06-13T03:00:21Z,https://woodward.wd5.myworkdayjobs.com/en-US/woodward/job/Rockford---Rock-Cut-Campus-RCC/Staff-Manufacturing-Special-Process-Engineer_JR110400,"Woodward is committed to creating a great workplace for all team members. Our company and its members are committed to acting with integrity, being respectful and accountable to one another, and staying humble and driven, while maintaining the highest professional and ethical standards. We are steadfastly committed to attracting the best talent across our communities creating a rewarding workplace. Together we are fulfilling our purpose to design and deliver energy control solutions our partners count on to power a clean future. Woodward supports our members’ wellbeing and regularly benchmarks with other companies in our industry to offer an extensive Total Reward package for this position. Salary will be determined by the applicant's education, experience, knowledge, skills, and abilities, as well as internal equity and alignment with market data. Estimated annual base pay: $113,000 (Minimum) - $147,000 (Midpoint) - $181,000 (Maximum) All members included in annual cash bonus opportunity. 401(k) match (4.5%) Annual Woodward stock contribution (5%) Tuition reimbursement and Training/Professional Development opportunities for all members 12 paid holidays, including floating holidays. Industry leading medical, dental, and vision Insurance upon date of hire Vacation / Sick Time / Vacation Buy-up / Short Term Disability / Bereavement leave. Paid parental leave. Adoption Assistance Employee Assistance Program, including mental health benefits. Member Life & AD&D / Long Term Disability / Member Optional Life Member referral bonus Spouse / Child Optional Life / Optional AD&D / Healthcare and Dependent Care Flexible Spending Voluntary benefits, including: Home / Auto Insurance discounts Whole Life Insurance / Critical Illness Insurance / Legal Assistance / Military Leave Summary:
The Special Process Engineer at Woodward is responsible for designing, implementing, optimizing, and supporting manufacturing processes that involve the chemical or physical transformation of materials. This role focuses on improving efficiency, reducing costs, and ensuring high-quality production while bridging the gap between R&D, product design, and manufacturing. The engineer works closely with cross-functional teams to mature Manufacturing Readiness Levels (MRL), prepare for New Product Introduction (NPI), and support existing production processes. Additionally, they oversee specialized equipment such as chemical processing systems, heat treatment units, coatings (CVD/PVD), EDM, and surface treatments like anodizing and case hardening. They also provide technical support to the global supply chain for supplier selection and development of special processes. Key Responsibilities: Production Support: Standardize troubleshooting procedures, minimize waste through hardware disposition processes, and ensure adherence to quality standards across multiple production lines. Manufacturing Process Ownership: Develop and maintain scalable workflows that optimize efficiency, adaptability, and flexibility to meet production demands. Process Capability and Improvement: Use advanced analytics and simulation tools to drive process improvement and scalability across multiple lines. Project Leadership: Lead cross-functional manufacturing projects, managing complex timelines, budgets, and deliverables within a value stream. Equipment Management: Oversee installation, maintenance, and optimization of specialized process equipment, advocating for new technology and developing plant-wide standards. Supplier Support: Provide technical guidance to the global supply chain for supplier selection and development involving special processes. Key Skills: Productivity Improvement: Drive sustainable process improvement initiatives using methodologies like statistical process control (SPC) and data analysis. Data Analysis: Develop models to optimize manufacturing processes, reduce variability, and improve resource allocation. Cost Analysis and Optimization: Balance labor, material, and overhead costs while maximizing machine uptime and reducing scrap rates. Lean Manufacturing: Lead Lean transformations with tools like Kanban and JIT to enhance production efficiency. Design for Manufacturability & Assembly (DFMA): Ensure alignment between design, manufacturing, and assembly processes to reduce production complexity. Problem-Solving and Critical Thinking: Resolve systemic issues and implement sustainable solutions within production workflows. Knowledge of APQP Tools: Standardize process control, tooling, and fixturing designs across production lines using APQP principles. Communication and Collaboration: Foster alignment and transparency across teams, ensuring effective decision-making and collaboration. Other Qualifications: Bachelor’s Degree (BS) and 8+ years of equivalent experience. Experience with NADCAP Accreditation is preferred. Six Sigma Blackbelt is a plus This position requires use of information which is subject to the International Traffic in Arms Regulations (ITAR) and/or the Export Administration Regulations (EAR). All applicants must be U.S. Persons within the meaning of the ITAR and EAR, or eligible to obtain all required authorizations from the U.S. Department of State and/or the U.S. Department of Commerce. The ITAR defines a U.S. Person as a U.S. citizen or national, lawful permanent resident (i.e., 'Green Card holder'), or a protected person (e.g., asylee, or refugee). Woodward is an equal opportunity employer and does not discriminate in hiring or employment on the basis of race, color, religion, sex (including sexual orientation and gender identity), national origin, age, disability, protected veteran status, or any other category protected under federal, state, or local laws. #LI-AT1"
Woodward,Special Process Associate I (Coating Chamber) - First Shift,JR110986,Fort Collins - Lincoln Campus,United States of America,,onsite,Junior,us_person,unknown,unknown,workday,N/A,2026-06-13T03:00:25Z,https://woodward.wd5.myworkdayjobs.com/en-US/woodward/job/Fort-Collins---Lincoln-Campus/Special-Process-Associate-I--Coating-Chamber----First-Shift_JR110986,"Woodward is committed to creating a great workplace for all team members. Our company and its members are committed to acting with integrity, being respectful and accountable to one another, and staying humble and driven, while maintaining the highest professional and ethical standards. We are steadfastly committed to attracting the best talent across our communities creating a rewarding workplace. Together we are fulfilling our purpose to design and deliver energy control solutions our partners count on to power a clean future. Woodward supports our members’ wellbeing and regularly benchmarks with other companies in our industry to offer an extensive Total Reward package for this position. Salary will be determined by the applicant's education, experience, knowledge, skills, and abilities, as well as internal equity and alignment with market data. Estimated hourly base pay: $18.27(minimum) - $24.04(midpoint) - $29.33(maximum) Plus overtime All members included in annual cash bonus opportunity. 401(k) match (4.5%) Annual Woodward stock contribution (5%) Tuition reimbursement and Training/Professional Development opportunities for all members 12 paid holidays, including floating holidays. Industry leading medical, dental, and vision Insurance upon date of hire Vacation / Sick Time / Vacation Buy-up / Short Term Disability / Bereavement leave. Paid parental leave. Adoption Assistance Employee Assistance Program, including mental health benefits. Member Life & AD&D / Long Term Disability / Member Optional Life Member referral bonus Spouse / Child Optional Life / Optional AD&D / Healthcare and Dependent Care Flexible Spending Voluntary benefits, including: Home / Auto Insurance discounts Whole Life Insurance / Critical Illness Insurance / Legal Assistance / Military Leave ​ **This is a first shift role M-TH 5am-3:30pm** Key Responsibilities: Operate Specialized Equipment: Handles and operates designated machinery following established protocols. Performs basic maintenance and cleaning tasks. Process: Observes and records key process variables to ensure consistency and quality in operations. Accurately logs daily operations and resolves or escalates concerns. Follows standard operating procedures. Quality: Conducts inspections and tests to verify the accuracy and functionality of products and records and maintains data per operating standards. Organization & Cleanliness: Adheres to 5S principles by keeping workstations clean, organized, and free of unnecessary items. Follows established guidelines to ensure tools, materials, and equipment are properly stored and maintained. Safety Mindset: Adheres to all established safety protocols, procedures, and regulatory requirements; maintains mindfulness of self and surrounding work area to promote a safe working environment. Key Skills: Technical Capability: Understands and follows basic technical instructions and standard operating procedures (SOPs). Uses hand tools and basic equipment safely and effectively. Critical Thinking: Identifies gap-to-standard and resolves or escalates them per standard processes/procedures. Mechanical Aptitude: Demonstrates basic understanding of mechanical systems and components. Ability to use inspection gaging and hand/power tools and complete preparation per procedure. Team Communication: Communicates effectively with team members and supervisors to support workflow and escalate immediate issues. Adherence to Woodward's Core Values. Time Management: Effectively manages time to complete assigned tasks within established schedules. Adheres to individual schedule. Lean Mindset: Follows lean practices such as 5S and waste reduction. Participates in continuous improvement activities. Production Systems: Understands and adheres standardized work and escalates when it cannot be followed. Actively participates the daily management system. Computer Skills: Uses basic software (e.g., email, spreadsheets, data entry tools) to complete tasks. Attention to Detail: Ensures precision in tasks to maintain high quality standards. Follows instructions precisely and checks work for accuracy. Collaboration: Works cooperatively with team members to support overall team objectives and workflow. Works well with team members and accepts feedback. Application window is anticipated to close 30 days from original posting date. This information is provided in compliance with the Colorado Equal Pay for Equal Work Act and is the company’s good faith and reasonable estimate of the compensation range and benefits offered for this position. The compensation offered to the successful applicant may vary based on factors including experience, skills, education, location, and other job-related reasons. This position requires use of information which is subject to the International Traffic in Arms Regulations (ITAR) and/or the Export Administration Regulations (EAR). All applicants must be U.S. Persons within the meaning of the ITAR and EAR, or eligible to obtain all required authorizations from the U.S. Department of State and/or the U.S. Department of Commerce. The ITAR defines a U.S. Person as a U.S. citizen or national, lawful permanent resident (i.e., 'Green Card holder'), or a protected person (e.g., asylee, or refugee). Woodward is an equal opportunity employer and does not discriminate in hiring or employment on the basis of race, color, religion, sex (including sexual orientation and gender identity), national origin, age, disability, protected veteran status, or any other category protected under federal, state, or local laws."
Woodward,Senior Mechanical Engineer (Aerospace Actuation),JR110754,Fort Collins - Drake Campus,United States of America,,onsite,Senior,us_person,unknown,unknown,workday,N/A,2026-06-13T03:00:29Z,https://woodward.wd5.myworkdayjobs.com/en-US/woodward/job/Fort-Collins---Drake-Campus/Senior-Mechanical-Engineer--Aerospace-Actuation-_JR110754,"Woodward is committed to creating a great workplace for all team members. Our company and its members are committed to acting with integrity, being respectful and accountable to one another, and staying humble and driven, while maintaining the highest professional and ethical standards. We are steadfastly committed to attracting the best talent across our communities creating a rewarding workplace. Together we are fulfilling our purpose to design and deliver energy control solutions our partners count on to power a clean future. Woodward supports our members’ wellbeing and regularly benchmarks with other companies in our industry to offer an extensive Total Reward package for this position. Salary will be determined by the applicant's education, experience, knowledge, skills, and abilities, as well as internal equity and alignment with market data. Estimated annual base pay: $93,000 (minimum) - $121,000 (midpoint) - $149,000 (maximum) All members included in annual cash bonus opportunity. 401(k) match (4.5%) Annual Woodward stock contribution (5%) Tuition reimbursement and Training/Professional Development opportunities for all members 12 paid holidays, including floating holidays. Industry leading medical, dental, and vision Insurance upon date of hire Vacation / Sick Time / Vacation Buy-up / Short Term Disability / Bereavement leave. Paid parental leave. Adoption Assistance Employee Assistance Program, including mental health benefits. Member Life & AD&D / Long Term Disability / Member Optional Life Member referral bonus Spouse / Child Optional Life / Optional AD&D / Healthcare and Dependent Care Flexible Spending Voluntary benefits, including: Home / Auto Insurance discounts Whole Life Insurance / Critical Illness Insurance / Legal Assistance / Military Leave The application window is anticipated to close 30 days from the original posting date. This information is provided in compliance with the Colorado Equal Pay for Equal Work Act and is the company’s good faith and reasonable estimate of the compensation range and benefits offered for this position. The compensation offered to the successful applicant may vary based on factors including experience, skills, education, location, and other job-related reasons. Summary: The Senior Mechanical Engineer on the Aerospace Commercial Hydraulic Actuation team is responsible for the design, development, qualification, and sustainment of hydraulic actuation systems supporting commercial aircraft programs. These systems include: Thrust Reverser Actuation Systems, Flight Control Actuators, Utility Hydraulic Actuators, and Hydraulic power generation systems. This role applies strong, disciplined engineering judgment to lead and execute complex mechanical designs involving hydraulic components and assemblies, including actuator mechanisms, structural interfaces, sealing systems, and high-pressure fluid paths. The Senior Engineer develops robust, certifiable, and cost-effective actuation solutions across the full product lifecycle—from concept and requirements definition through production support and in-service reliability—while ensuring designs meet performance, safety, certification, weight, and durability requirements in accordance with aerospace standards and internal design practices. The role routinely performs and reviews analyses such as stress, fatigue, tolerance stack-ups, and failure modes and effects (FMEA), and collaborates closely with analysis, manufacturing, quality, and supply chain functions to ensure producibility and long-term reliability. In addition to technical execution, the Senior Mechanical Engineer provides mentorship and technical guidance to early- and mid-career engineers, contributes to technical reviews, and helps establish best practices within the hydraulic actuation discipline. They are a key contributor in cross-functional problem-solving, supporting root cause investigations, qualification testing, customer and supplier engagement, as well as aftermarket services support. Key Responsibilities: Design System Components: Develop and optimize mechanical systems and components, ensuring they meet performance specifications and industry standards. Lead Technical Projects: Manage and oversee small to medium-sized engineering projects, coordinating resources and timelines to achieve project goals. Solve Complex Engineering Problems: Analyze and resolve challenging technical issues by applying advanced engineering principles and innovative solutions. Collaborate with Cross-Functional Teams: Work with design, manufacturing, and quality assurance teams to integrate mechanical systems seamlessly into larger projects. Mentor Junior Engineers: Provide guidance and support to less experienced team members, fostering professional development and enhancing team capabilities. Key Skills: Technical Expertise: In-depth knowledge of mechanical engineering principles and a wide range of related technologies. Complex Problem Solving: Ability to analyze and resolve intricate technical issues using innovative approaches. Project Leadership: Proficient in leading and managing engineering projects from initiation to completion. Independent Work: Demonstrates autonomy in handling tasks and making informed decisions with minimal supervision. Consensus Building: Skilled in facilitating discussions and achieving agreement among diverse teams and stakeholders. Technical Communication: Effectively conveys complex and sensitive technical information to various audiences. Mentorship: Acts as a resource and provides guidance to less experienced colleagues. Market Awareness: Understands competitive landscape and market differentiators to inform engineering strategies. Successful Candidates Typically Have: A four-year Bachelor of Science (BS) degree in mechanical engineering or a related field. At least 4+ years of equivalent experience in aerospace or hydraulic systems engineering. This position requires use of information which is subject to the International Traffic in Arms Regulations (ITAR) and/or the Export Administration Regulations (EAR). All applicants must be U.S. Persons within the meaning of the ITAR and EAR, or eligible to obtain all required authorizations from the U.S. Department of State and/or the U.S. Department of Commerce. The ITAR defines a U.S. Person as a U.S. citizen or national, lawful permanent resident (i.e., 'Green Card holder'), or a protected person (e.g., asylee, or refugee). Woodward is an equal opportunity employer and does not discriminate in hiring or employment on the basis of race, color, religion, sex (including sexual orientation and gender identity), national origin, age, disability, protected veteran status, or any other category protected under federal, state, or local laws. #LI-AT1"
Woodward,Ausbildung zum ZERSPANUNGSMECHANIKER (m/w/d),JR103815,"Aken (Elbe), DE",United States of America,,onsite,Mid,us_person,unknown,unknown,workday,N/A,2026-06-13T03:00:33Z,https://woodward.wd5.myworkdayjobs.com/en-US/woodward/job/Aken-Elbe-DE/Ausbildung-zum-ZERSPANUNGSMECHANIKER--m-w-d-_JR103815,"Hast du Interesse an Technik, bist handwerklich geschickt und arbeitest gerne im Team? Dann entscheide Dich jetzt für einen Beruf mit Zukunft! Wir suchen DICH für das kommende Ausbildungsjahr für unsere Ausbildung zum ZERSPANUNGSMECHANIKER (m/w/d) am Standort Aken (Elbe). Berufsbildende Schule: Berufsschulzentrum Bitterfeld-Wolfen Kooperationspartner: SLV Halle GmbH, BS BTZ-Bernburg Ausbildungsdauer: 3 ½ Jahre Ausbildungsgehalt: 1.271 € im 1. Lehrjahr In Aken entwickeln, fertigen und vertreiben wir Einspritzsysteme für Großdieselmotoren. Wir sind mit über 8.000 Mitarbeitern weltweit der größte selbständige Konstrukteur und Hersteller von Energiesteuerungslösungen für Flugzeug- und Industriemotoren, Turbinen und Energieerzeugungsanlagen. Globale Kunden in der Luft- und Raumfahrt, Energie- und Förderindustrie nutzen unsere Technologien zur Effizienzsteigerung und Reduktion von Umwelteinflüssen. Woodward setzt globale Standards für Energiesteuerungs- und Optimierungslösungen. Unser Erfolg wird durch unsere Mitarbeiter und Mitarbeiterinnen geleitet und an der Zufriedenheit unserer Kunden gemessen. Was du in der Ausbildung lernst: Fertigung von Präzisionsbauteilen aus Metall durch spanende Verfahren wie Drehen, Fräsen oder Schleifen mit CNC-gesteuerten Werkzeugmaschinen Einrichten von automatisierten Dreh-, Fräs- oder Schleifmaschinen und Modifikation der CNC-Programme Prüfung der Maßhaltigkeit und Oberflächenqualität der gefertigten Werkstücke Ermittlung von Ursachen bei Störungen durch Einsatz geeigneter Prüfmittel Hierauf kommt es uns an: Du hast Interesse an handwerklichen und technischen Tätigkeiten Du hast einen Realschulabschluss Dich zeichnen Sorgfalt, Selbständigkeit und Zuverlässigkeit aus Du zeigst Initiative und Teamgeist Das erwartet Dich: Ein zukunftsorientierter Arbeitsplatz, moderne Maschinen und Arbeitsprozesse Ein interessantes und abwechslungsreiches Aufgabengebiet Sehr gute Übernahmechancen nach erfolgreich absolvierter Ausbildung Aufstiegschancen und berufliche Qualifikation Das hört sich gut an? Dann bewirb Dich in unserem dynamischen, wachstumsorientierten und weltweit tätigen Unternehmen! Wir freuen uns auf Deine Bewerbung! Woodward Aken GmbH • Köthener Chaussee 46 • 06385 Aken (Elbe) • E Mail: Akenhr@woodward.com Kontakt: Frau Anita Nestler | Anita.Nestler@woodward.com | Tel: 034909 880 243 Du willst wissen, wer wir sind und wie dein zukünftiger Arbeitsbereich aussieht? Hier gibt es einen 1. Einblick: Zu Gast bei Woodward Aken"
Woodward,Fachkraft Lager/Versand/Wareneingang (m/w/d) -  Befristung für 1 Jahr,JR110290,"Glatten, DE",United States of America,,onsite,Mid,us_person,unknown,unknown,workday,N/A,2026-06-13T03:00:37Z,https://woodward.wd5.myworkdayjobs.com/en-US/woodward/job/Glatten-DE/Fachkraft-Lager-Versand-Wareneingang--m-w-d-----Befristung-fr-1-Jahr_JR110290,"Woodward L'Orange ist als Pionier modernster Technologie auf dem Weg zu nachhaltigen Lösungen: Komponenten und Systeme für die Energiewandlungssysteme der Zukunft. Mit unseren rund 1.300 Mitarbeitern an den Standorten Stuttgart, Glatten, Wolfratshausen und Rellingen entwickeln und produzieren wir ein breites Produktportfolio an Komponenten für die Regelung, Dosierung und Aufbereitung von heutigen und künftigen Kraftstoffen (PTX). Dieses Portfolio umfasst u. A. die Einspritztechnik, einschließlich fortschrittlicher Common-Rail-Technologie. Ihren Einsatz finden unsere Produkte in den modernen Großmotoren und Brennstoffzellen von Schiffen, Kraftwerken, Eisenbahnen und weiteren Anwendungen. Am Standort GLATTEN suchen wir eine Fachkraft Lager/Versand/Wareneingang (m/w/d) - Befristung für 1 Jahr Ihre Aufgaben: Annahme, Bereitstellung und Kommissionieren von Waren Warenein-/ausgangskontrolle Einlagern, Auslagern und Umlagern von Waren Verpacken unter Berücksichtigung von Zollbestimmungen und Versandvorschriften Überwachung von Zollabwicklung Arbeit mit mobilen Datengeräten, SAP und Lagermanagementsystemen Durchführung der Ladungssicherung Durchführung der Inventur und Erfassung im DV-System Ihr Profil: Abgeschlossene Ausbildung im Bereich Logistik / Versand Berufserfahrung im Bereich Lagerwirtschaft Erfahrung im Umgang mit Flurförderfahrzeugen Gute Kenntnisse einer Lagersoftware, ggfs. SAP sowie Kenntnisse von Verladevorschriften Gute Deutschkenntnisse in Wort und Schrift Zuverlässigkeit und Flexibilität Teamfähigkeit, Belastbarkeit und eigenverantwortliches Arbeiten Bereitschaft zur Schichtarbeit (Zweischicht) Ihre Vorteile: Metalltarif Betriebsrestaurant Umfangreiches Weiterbildungsprogramm Modernes Gesundheits- & Sportangebot Mitarbeiterrabatte Mercedes-Benz-Leasing Rabatte Fahrrad-Leasing Bitte bewerben Sie sich mit einem aussagekräftigen Anschreiben, Lebenslauf und Zeugnissen. Alle Unterlagen können im Feld ""Lebenslauf"" hochgeladen werden. Kontakt: Woodward L'Orange GmbH
Rudolf-L'Orange-Straße 1
72293 Glatten"
Woodward,Assembly & Test Associate I,JR110410,"Singapore, SG",United States of America,,onsite,Junior,unknown,unknown,unknown,workday,N/A,2026-06-13T03:00:41Z,https://woodward.wd5.myworkdayjobs.com/en-US/woodward/job/Singapore-SG/Repair-and-Overhaul-Technician-I_JR110410,"Key Responsibilities: Teardown and Assembly: Follows documented procedures to accurately and efficiently teardown and assemble products using specified tools and equipment. Process: Coordinates with appropriate members and cross-functional teams to perform analysis, investigation, work scope of product. Quality: Conducts inspections and tests to verify the accuracy and functionality of products and records and maintains data per operating standards. Organization & Cleanliness: Adheres to 5S principles by keeping workstations clean, organized, and free of unnecessary items. Follows established guidelines to ensure tools, materials, and equipment are properly stored and maintained. Safety Mindset: Adheres to all established safety protocols, procedures, and regulatory requirements; maintains mindfulness of self and surrounding work area to promote a safe working environment. Key Skills: Technical Capability: Understands and follows basic technical instructions and standard operating procedures (SOPs). Evaluates product and determines component replacement needs for low-complexity product. Critical Thinking: Identifies gap-to-standard and resolves or escalates them per standard processes/procedures. Mechanical Aptitude: Demonstrates basic understanding of mechanical systems and components. Can tear down, assemble and test products. Uses hand tools and basic equipment safely and effectively. Completes basic changeovers and setups. Team Communication: Communicates effectively with team members and supervisors to support workflow and escalate immediate issues. Adherence to Woodward's Core Values. Time Management: Effectively manages time to complete assigned tasks within established schedules. Adheres to individual schedule. Lean Mindset: Follows lean practices such as 5S and waste reduction. Participates in continuous improvement activities. Production Systems: Understands and adheres to standardized work and escalates when cannot be followed. Actively participates in the daily management system. Computer Skills: Uses basic software (e.g., email, spreadsheets, data entry tools) to complete tasks. Attention to Detail: Ensures precision in tasks to maintain high quality standards. Follows instructions precisely and checks work for accuracy. Collaboration: Works cooperatively with team members to support overall team objectives and workflow and accepts feedback. Other Qualifications:"
Woodward,Winder – Termination,JR110996,"Sofia, BG",United States of America,,onsite,Mid,unknown,unknown,unknown,workday,N/A,2026-06-13T03:00:45Z,https://woodward.wd5.myworkdayjobs.com/en-US/woodward/job/Sofia-BG/Winder---Termination_JR110996,"Key Responsibilities: Assemble Product: Follows documented procedures to accurately and efficiently assemble product components using specified tools and equipment. Test Product: Follows documented procedures to accurately and efficiently test product using specified tools and equipment, Quality: Conducts inspections and tests to verify the accuracy and functionality of products and records and maintains data per operating standards. Organization & Cleanliness: Adheres to 5S principles by keeping workstations clean, organized, and free of unnecessary items. Follows established guidelines to ensure tools, materials, and equipment are properly stored and maintained. Safety Mindset: Adheres to all established safety protocols, procedures, and regulatory requirements; maintains mindfulness of self and surrounding work area to promote a safe working environment. Key Skills: Technical Capability: Understands and follows basic technical instructions and standard operating procedures (SOPs). Critical Thinking: Identifies gap-to-standard and resolves or escalates them per standard processes/procedures. Mechanical Aptitude: Demonstrates basic understanding of mechanical systems and components. Uses hand tools and basic equipment safely and effectively. Can assemble and test products and may perform basic setups of equipment. Team Communication: Communicates effectively with team members and supervisors to support workflow and escalate immediate issues. Adherence to Woodward's Core Values. Time Management: Effectively manages time to complete assigned tasks within established schedules. Adheres to individual schedule. Lean Mindset: Follows lean practices such as 5S and waste reduction. Participates in continuous improvement activities. Production Systems: Understands and adheres to standardized work and escalates when cannot be followed. Actively participates in the daily management system. Computer Skills: Uses basic software (e.g., email, spreadsheets, data entry tools) to complete tasks. Attention to Detail: Ensures precision in tasks to maintain high quality standards. Follows instructions precisely and checks work for accuracy. Collaboration: Works cooperatively with team members to support overall team objectives and workflow. Works well with team members and accepts feedback. Other Qualifications:"
Woodward,Coil Winder - Termination,JR111001,"Sofia, BG",United States of America,,onsite,Mid,unknown,unknown,unknown,workday,N/A,2026-06-13T03:00:49Z,https://woodward.wd5.myworkdayjobs.com/en-US/woodward/job/Sofia-BG/Coil-Winder---Termination_JR111001,"Key Responsibilities: Assemble Product: Follows documented procedures to accurately and efficiently assemble product components using specified tools and equipment. Test Product: Follows documented procedures to accurately and efficiently test product using specified tools and equipment, Quality: Conducts inspections and tests to verify the accuracy and functionality of products and records and maintains data per operating standards. Organization & Cleanliness: Adheres to 5S principles by keeping workstations clean, organized, and free of unnecessary items. Follows established guidelines to ensure tools, materials, and equipment are properly stored and maintained. Safety Mindset: Adheres to all established safety protocols, procedures, and regulatory requirements; maintains mindfulness of self and surrounding work area to promote a safe working environment. Key Skills: Technical Capability: Understands and follows basic technical instructions and standard operating procedures (SOPs). Critical Thinking: Identifies gap-to-standard and resolves or escalates them per standard processes/procedures. Mechanical Aptitude: Demonstrates basic understanding of mechanical systems and components. Uses hand tools and basic equipment safely and effectively. Can assemble and test products and may perform basic setups of equipment. Team Communication: Communicates effectively with team members and supervisors to support workflow and escalate immediate issues. Adherence to Woodward's Core Values. Time Management: Effectively manages time to complete assigned tasks within established schedules. Adheres to individual schedule. Lean Mindset: Follows lean practices such as 5S and waste reduction. Participates in continuous improvement activities. Production Systems: Understands and adheres to standardized work and escalates when cannot be followed. Actively participates in the daily management system. Computer Skills: Uses basic software (e.g., email, spreadsheets, data entry tools) to complete tasks. Attention to Detail: Ensures precision in tasks to maintain high quality standards. Follows instructions precisely and checks work for accuracy. Collaboration: Works cooperatively with team members to support overall team objectives and workflow. Works well with team members and accepts feedback. Other Qualifications:"
Woodward,Laser welder,JR110434,"Niles, IL, US",United States of America,$16.49 - $28.60,onsite,Mid,us_person,unknown,unknown,workday,N/A,2026-06-13T03:00:54Z,https://woodward.wd5.myworkdayjobs.com/en-US/woodward/job/Niles-IL-US/Laser-welder_JR110434-1,"Woodward is committed to creating a great workplace for all team members. Our company and its members are committed to acting with integrity, being respectful and accountable to one another, and staying humble and driven, while maintaining the highest professional and ethical standards. We are steadfastly committed to attracting the best talent across our communities creating a rewarding workplace. Together we are fulfilling our purpose to design and deliver energy control solutions our partners count on to power a clean future. Woodward supports our members’ wellbeing and regularly benchmarks with other companies in our industry to offer an extensive Total Reward package for this position. Salary will be determined by the applicant's education, experience, knowledge, skills, and abilities, as well as internal equity and alignment with market data. Estimated pay: $16.49 - $28.60 2nd Shift Hours: 4:00pm-12:30am 10% shift differential All members included in annual cash bonus opportunity 401(k) match (4.5%) Annual Woodward stock contribution (5%) Tuition reimbursement and Training/Professional Development opportunities for all members 12 paid holidays, including floating holidays Industry leading medical, dental, and vision Insurance upon date of hire Vacation / Sick Time / Vacation Buy-up / Short Term Disability / Bereavement leave Adoption Assistance Employee Assistance Program, including mental health benefits Member Life & AD&D / Long Term Disability / Member Optional Life Member referral bonus Spouse / Child Optional Life / Optional AD&D / Healthcare and Dependent Care Flexible Spending Voluntary benefits, including: Home / Auto Insurance discounts Whole Life Insurance / Critical Illness Insurance / Legal Assistance / Military Leave ​ At Woodward, we are proud to deliver cutting-edge motion control systems that power the latest commercial and military aircraft. You will play a key role on a team that produces pilot controls, electromechanical actuators, motors, and position sensors. From airliners and helicopters to business and fighter jets, our products support flight across the globe every day. Trusted by industry leaders, our innovative technology continues to set new standards in aerospace performance and safety Are you ready to make your mark? If you are interested in becoming a Mechanical Assembler at Woodward, we have an exciting opportunity for you! Mechanical Assembler reports to the manufacturing supervisor and is responsible for assembling, installing, aligning, adjusting, and fitting subassemblies and parts or auxiliary equipment using appropriate tools and equipment, in an industrial setting. The position works under some supervision and limited contact with external suppliers or customers. What you will be doing... Clean, assemble and inspect parts per applicable work instructions. Communicate information to others about project status, updates, specific instructions etc. Complete necessary paperwork and computer entries accurately and in a timely manner. Manufacture/inspect production parts using welding processes and procedures. Basic assessment of weld parameter inputs and make adjustments during welding. Identify nonconforming material according to procedures. Keeps work area clean and organized, and maintains safety in manufacturing areas. Promotes teamwork within the organization. Maintains good attendance Performs Mechanical Assembler or other related duties as assigned. What we are looking for... High school diploma or equivalent required Less than 2 years of related experience required Competency Testing: Must be able to pass appropriate welder competency testing and requirements. Attention to Detail: The basic ability to accomplish a task for all the areas involved, including the ability to notice minor inconsistencies /faults in parts. Currency with Technology: Basic knowledge of current welding technologies. The ability to use computer and web-based systems to input, access, modify or output information. Communication Skills: Requires verbal and written communication skills to convey basic, routine, factual information about day-to-day activities to others who are fully knowledgeable in the subject area. Strong Work Ethic: The ability and willingness to demonstrate enthusiasm, eagerness, and optimism for work activities. This includes the ability and willingness to take ownership of work activities, to learn and understand company policies and procedures. Ability to Work Within Safety Guidelines: Basic knowledge of and the ability to adhere to department safety rules regarding eye and ear protection, personal protection, hazard labeling, MSDS sheets, evacuation procedures, and emergency phone numbers. Teamwork: The ability interact cooperatively and collaboratively with others as a team. Mathematical Ability: Basic ability to perform simple arithmetic computations including addition, subtraction, multiplication and division using whole numbers, fractions, decimals and percentages. Multi-Tasking: Basic ability to process multiple types of information and/or perform multiple tasks simultaneously and the ability to follow work orders efficiently. Visual Acuity: The basic ability to see details (e.g. letters, numbers, codes, color, symbols, marks, labels, signs) clearly to accomplish work tasks in a safe and efficient manner. Must be able to pass AWS Jaeger J2 visual acuity test. This position requires use of information which is subject to the International Traffic in Arms Regulations (ITAR) and the Export Administration Regulations (EAR). All applicants must be U.S. persons within the meaning of ITAR and EAR, or possess all required authorizations from the U.S. Department of State Department and the U.S. Department of Commerce. ITAR defines a U.S. person as a U.S. Citizen, U.S. Permanent Resident (i.e. 'Green Card Holder'), Political Asylee, or Refugee. Woodward is an equal opportunity employer and does not discriminate in hiring or employment on the basis of race, color, religion, sex (including sexual orientation and gender identity), national origin, age, disability, protected veteran status, or any other category protected under federal, state, or local laws."
Woodward,Lead Engineer Validation / Test (m/w/d) Power-To-X Hochdruckpumpe,JR109880,"Stuttgart, DE",United States of America,,onsite,Lead,us_person,unknown,unknown,workday,N/A,2026-06-13T03:00:57Z,https://woodward.wd5.myworkdayjobs.com/en-US/woodward/job/Stuttgart-DE/Lead-Engineer-Validation---Test--m-w-d--Power-To-X-Hochdruckpumpe_JR109880,"Woodward L'Orange ist als Pionier modernster Technologie auf dem Weg zu nachhaltigen Lösungen: Komponenten und Systeme für die Energiewandlungssysteme der Zukunft. Mit unseren rund 1.300 Mitarbeitern an den Standorten Stuttgart, Glatten, Wolfratshausen und Rellingen entwickeln und produzieren wir ein breites Produktportfolio an Komponenten für die Regelung, Dosierung und Aufbereitung von heutigen und künftigen Kraftstoffen (PTX). Dieses Portfolio umfasst u. A. die Einspritztechnik, einschließlich fortschrittlicher Common-Rail-Technologie. Ihren Einsatz finden unsere Produkte in den modernen Großmotoren und Brennstoffzellen von Schiffen, Kraftwerken, Eisenbahnen und weiteren Anwendungen. Für den Bereich Validierung suchen wir ab sofort einen erfahrenen Lead Engineer Validation / Test (m/w/d) für die versuchsseitige Entwicklung von Hochdruckpumpen für alternative Kraftstoffe (Power-To-X): Ihre Aufgaben: Technische Leitung von Projekten, einschließlich der Verantwortung für Arbeitspakete der Validierung sowie der Anleitung und Förderung von Teammitgliedern bei Aufgaben und Prozessen. Lösung und Behebung komplexer technischer Probleme durch Anwendung fortgeschrittener Analysemethoden und enge Zusammenarbeit mit funktionsübergreifenden Teams. Entwicklung und Weiterentwicklung von Konzept- und Designstrategien in der Validierung Entwurf, Test und Analyse hochkomplexer Systeme unter Sicherstellung der Einhaltung bereichsweiter Standards in Bezug auf Funktion, Qualität und Zuverlässigkeit Präsentation der Ergebnisse intern und extern Ihr Profil: Abgeschlossenes Studium im Bereich Maschinenbau, Motorentechnik oder einer vergleichbaren technischen Fachrichtung Langjährige Berufserfahrung in der Entwicklung von Einspritzsystemen idealerweise in der Validierung / im Versuch Fundierte Kenntnisse in modernen Design‑, Analyse‑ und Testmethoden sowie relevanten Industriestandards Nachgewiesene Erfahrung in der Mitarbeit an Projekten sowie in der fachlichen Anleitung oder Mentoring von Teammitgliedern Ausgeprägte Analyse‑ und Problemlösungsfähigkeit gepaart mit einer strukturierten, lösungsorientierten Arbeitsweise Sehr gute Kommunikationsfähigkeit und hohe Bereitschaft zur Zusammenarbeit in interdisziplinären und internationalen Teams Ihre Vorteile: Metalltarif Betriebsrestaurant Umfangreiches Weiterbildungsprogramm Modernes Gesundheits- & Sportangebot Mercedes-Benz-Leasing Rabatte Fahrrad-Leasing Bitte bewerben Sie sich mit einem aussagekräftigen Anschreiben, Lebenslauf und Zeugnissen. Alle Unterlagen können im Feld ""Lebenslauf"" hochgeladen werden. Kontakt: Marco Worms Sr HR Business Partner Woodward L'Orange GmbH Porschestraße 8 D-70435 Stuttgart"
Woodward,Lead Engineer Validation / Test (m/w/d) Common Rail Injektoren,JR109879,"Stuttgart, DE",United States of America,,onsite,Lead,us_person,unknown,unknown,workday,N/A,2026-06-13T03:01:01Z,https://woodward.wd5.myworkdayjobs.com/en-US/woodward/job/Stuttgart-DE/Lead-Engineer-Valdidation---Test--m-w-d--Common-Rail-Injektoren_JR109879,"Woodward L'Orange ist als Pionier modernster Technologie auf dem Weg zu nachhaltigen Lösungen: Komponenten und Systeme für die Energiewandlungssysteme der Zukunft. Mit unseren rund 1.300 Mitarbeitern an den Standorten Stuttgart, Glatten, Wolfratshausen und Rellingen entwickeln und produzieren wir ein breites Produktportfolio an Komponenten für die Regelung, Dosierung und Aufbereitung von heutigen und künftigen Kraftstoffen (PTX). Dieses Portfolio umfasst u. A. die Einspritztechnik, einschließlich fortschrittlicher Common-Rail-Technologie. Ihren Einsatz finden unsere Produkte in den modernen Großmotoren und Brennstoffzellen von Schiffen, Kraftwerken, Eisenbahnen und weiteren Anwendungen. Für den Bereich Validierung suchen wir ab sofort einen erfahrenen Lead Engineer Validation / Test (m/w/d) für die versuchsseitige Entwicklung von Common Rail Injektoren für konventionelle und alternative Kraftstoffe: Ihre Aufgaben: Technische Leitung von Projekten, einschließlich der Verantwortung für Arbeitspakete der Validierung sowie der Anleitung und Förderung von Teammitgliedern bei Aufgaben und Prozessen. Lösung und Behebung komplexer technischer Probleme durch Anwendung fortgeschrittener Analysemethoden und enge Zusammenarbeit mit funktionsübergreifenden Teams. Entwicklung und Weiterentwicklung von Konzept- und Designstrategien in der Validierung Entwurf, Test und Analyse hochkomplexer Systeme unter Sicherstellung der Einhaltung bereichsweiter Standards in Bezug auf Funktion, Qualität und Zuverlässigkeit Präsentation der Ergebnisse intern und extern Ihr Profil: Abgeschlossenes Studium im Bereich Maschinenbau, Motorentechnik oder einer vergleichbaren technischen Fachrichtung Langjährige Berufserfahrung in der Entwicklung von Einspritzsystemen idealerweise in der Validierung / im Versuch Fundierte Kenntnisse in modernen Design‑, Analyse‑ und Testmethoden sowie relevanten Industriestandards Nachgewiesene Erfahrung in der Mitarbeit an Projekten sowie in der fachlichen Anleitung oder Mentoring von Teammitgliedern Ausgeprägte Analyse‑ und Problemlösungsfähigkeit gepaart mit einer strukturierten, lösungsorientierten Arbeitsweise Sehr gute Kommunikationsfähigkeit und hohe Bereitschaft zur Zusammenarbeit in interdisziplinären und internationalen Teams Ihre Vorteile: Metalltarif Betriebsrestaurant Umfangreiches Weiterbildungsprogramm Modernes Gesundheits- & Sportangebot Mercedes-Benz-Leasing Rabatte Fahrrad-Leasing Bitte bewerben Sie sich mit einem aussagekräftigen Anschreiben, Lebenslauf und Zeugnissen. Alle Unterlagen können im Feld ""Lebenslauf"" hochgeladen werden. Kontakt: Marco Worms Sr HR Business Partner Woodward L'Orange GmbH Porschestraße 8 D-70435 Stuttgart"
Woodward,Sales Manager (m/f/d) - Germany & Central Europe,JR110051,2 Locations,United States of America,,onsite,Manager,unknown,unknown,unknown,workday,N/A,2026-06-13T03:01:05Z,https://woodward.wd5.myworkdayjobs.com/en-US/woodward/job/Germany---Remote/Sales-Manager--m-f-d----Germany---Central-Europe_JR110051,"Woodward is a global leader in the development, manufacture and maintenance of power conversion and control solutions for the aerospace and industrial plant markets, with its headquarters in Fort Collins, Colorado, USA. Together with our customers, we are paving the way towards a cleaner, low-carbon world. Our innovative fluid, combustion, electrical and drive control systems operate in some of the harshest environments in the world. For the Unit Asset Services we are looking for a Sales Manager (m/f/d) that covers Germany and Central Europe. Key Responsibilities: Strategic Sales Planning: Responsible for the development and execution of customer strategies. Identifies, cultivates, maintains, and documents strategies that optimize alignment between customer needs and key internal business needs for new and existing customers. Client Relationship Management: Cultivates and maintains strategic relationships inside the account and outside the account, meeting price, margin, and growth targets with assigned accounts. Documents the customer gameboard and heatmaps. Market Analysis: Responsible for forecasting revenue for profit plan, LRP and quarterly forecast freeze. Gathers, communicates and develops strategies to take action in response to market intelligence. Sales Management & Execution: Develops the negotiation strategy for initial and renewal/extension contracts, agreements, terms and conditions in close collaboration with Contract Operations Managers. Performance Monitoring: Analyzes sales performance data to identify areas for improvement and implements strategies to enhance sales effectiveness. Responsible for leading account reviews regarding customer relationship, SQRDC scorecards, forecast, margin maintenance, and identifies business risks. Your profile: Academical degree in business or technical studies Min. 3-5 years of professional experience in a commercial role in energy, Oil & Gas or industrial segment Existing network with relevant end-users in the territory Solid technical understanding of large industrial engines, turbines and power applications Solid knowledge of commercial principles (cost, pricing, volume discounts, payment) combined with proven negotiation skills Excellent independent judgement, decision making and problem-solving skill Excellent English and German communication skills Commitment to travel to a greater extent (70%) Please apply with a cover letter, CV and references. Please hand in your documents in English. All documents can be uploaded in the ‘CV’ field. Contact: Marco Worms Sr HR Business Partner Woodward GmbH
Handwerkstr. 29
70565 Stuttgart"
Woodward,Supervisor Accounts Payable (m/w/d),JR110837,"Stuttgart, DE",United States of America,,onsite,Mid,us_person,unknown,unknown,workday,N/A,2026-06-13T03:01:09Z,https://woodward.wd5.myworkdayjobs.com/en-US/woodward/job/Stuttgart-DE/Supervisor-Accounts-Payable--m-w-d-_JR110837-1,"Woodward ist weltweit führend in der Entwicklung, Herstellung und Wartung von Energieumwandlungs- und -Steuerungslösungen für die Luft- und Raumfahrt und den Industrieanlagenmarkt mit Hauptsitz in Fort Collins, Colorado, USA. Gemeinsam mit unseren Kunden ermöglichen wir den Weg zu einer saubereren, kohlenstoffärmeren Welt. Unsere innovativen Fluid-, Verbrennungs-, Elektro- und Antriebssteuerungssysteme funktionieren in einigen der rauesten Umgebungen der Welt. Für den Bereich Accounts Payable suchen wir zum nächstmöglichen Zeitpunkt einen Supervisor Accounts Payable (m/w/d) an unserem Standort in Stuttgart Möhrigen. Ihre Aufgaben: Fachliche und disziplinarische Führung des Accounts-Payable-Teams inklusive Einsatzplanung, Weiterentwicklung und Coaching der Mitarbeitenden Sicherstellung der ordnungsgemäßen, fristgerechten und effizienten Abwicklung aller Kreditorenprozesse Verantwortung für die Prüfung, Kontierung und Buchung von Eingangsrechnungen gemäß gesetzlichen, internen und steuerlichen Vorgaben Verantwortung für die Durchführung und Konsolidierung von regelmäßigen Reportings Überwachung und Steuerung von Zahlungsprozessen sowie Klärung und Abstimmung offener Posten Sicherstellung der Einhaltung relevanter Compliance‑, SOX‑, Steuer- und Rechnungslegungsvorschriften Analyse und Optimierung bestehender Prozesse im Accounts Payable (z. B. Automatisierung, Standardisierung, Digitalisierung) Unterstützung bei Monats-, Quartals- und Jahresabschlüssen einschließlich Abstimmarbeiten Mitwirkung bei Projekten im Finance‑Umfeld (z. B. Systemeinführungen, Prozessharmonisierung) Ihr Profil: Abgeschlossene kaufmännische Ausbildung oder betriebswirtschaftliches Studium mit Schwerpunkt Rechnungswesen/Finanzen Mehrjährige Berufserfahrung im Accounts Payable, idealerweise in einer koordinierenden oder leitenden Funktion Fundierte Kenntnisse im Rechnungswesen sowie in steuerlichen und gesetzlichen Rahmenbedingungen Erfahrung im Umgang mit ERP-Systemen (idealerweise SAP) und sehr gute Fähigkeiten im Umgang gängigen MS‑Office‑Anwendungen, insb. Excel Strukturierte, zuverlässige und lösungsorientierte Arbeitsweise Ausgeprägte Kommunikations‑ und Führungskompetenz sowie Durchsetzungsfähigkeit Sehr gute Deutsch und Englischkenntnisse Kontakt: Marco Worms Sr HR Business Partner Woodward German Holding GmbH & Co KG Handwerkstraße 29 D-70565 Stuttgart"
Woodward,Machinist (2nd Shift),JR110857,Rockford - Loves Park Campus (LPC),United States of America,,onsite,Mid,us_person,unknown,unknown,workday,N/A,2026-06-13T03:01:13Z,https://woodward.wd5.myworkdayjobs.com/en-US/woodward/job/Rockford---Loves-Park-Campus-LPC/Machinist--2nd-Shift-_JR110857-1,"Woodward is committed to creating a great workplace for all team members. Our company and its members are committed to acting with integrity, being respectful and accountable to one another, and staying humble and driven, while maintaining the highest professional and ethical standards. We are steadfastly committed to attracting the best talent across our communities creating a rewarding workplace. Together we are fulfilling our purpose to design and deliver energy control solutions our partners count on to power a clean future. Woodward supports our members’ wellbeing and regularly benchmarks with other companies in our industry to offer an extensive Total Reward package for this position. Salary will be determined by the applicant's education, experience, knowledge, skills, and abilities, as well as internal equity and alignment with market data. Level 1: Estimated base pay $21.15(minimum) - $27.40(midpoint) - $33.65(maximum) Plus shift differential and overtime Level 2: Estimated base pay $24.04(minimum) - $31.25(midpoint) - $38.46(maximum) Plus shift differential and overtime All Levels are eligible for the benefits below: All members included in annual cash bonus opportunity. 401(k) match (4.5%) Annual Woodward stock contribution (5%) Tuition reimbursement and Training/Professional Development opportunities for all members 12 paid holidays, including floating holidays. Industry leading medical, dental, and vision Insurance upon date of hire Vacation / Sick Time / Vacation Buy-up / Short Term Disability / Bereavement leave. Paid parental leave. Adoption Assistance Employee Assistance Program, including mental health benefits. Member Life & AD&D / Long Term Disability / Member Optional Life Member referral bonus Spouse / Child Optional Life / Optional AD&D / Healthcare and Dependent Care Flexible Spending Voluntary benefits, including: Home / Auto Insurance discounts Whole Life Insurance / Critical Illness Insurance / Legal Assistance / Military Leave Are you ready to make your mark?! If you have experience in Machining and are looking to join a great organization, we have an exciting opportunity for you! Woodward in Loves Park, IL is hiring for a 2nd shift, M-Th (3:24pm-1:54am) & overtime as needed on Fridays Operations Technician to support our Machine Operations at our Loves Park Campus. This individual will be responsible for manufacturing aerospace parts and components. If you are an experienced machine operator or are looking to advance your manufacturing skills, apply now! Mandatory Training for 1st 2 weeks: Monday-Friday 7am-3:30pm Training starting week 3: Training may take place on 1st shift Key Responsibilities: Machine Operation:
-Performs basic Set up and operates multiple CNC or Manual (Lathes/Milling/Swiss/Grinding-OD/ID) machines, and other machinery to produce precision metal parts according to specifications.
-Performs supporting operations (ex. manual material removal, sub-assembly, etc.) while following established procedures.
-Performs 1st piece inspections and may be required to train in these processes. Process Adherence: Follows detailed work instructions to maintain production efficiency and accuracy. Ability to interpret engineering blueprints and basic GD&T knowledge. Quality Control: Uses various gages to inspect finished products to ensure compliance with quality standards. Records and maintains data per operating standards (SOP). Organization & Cleanliness: Proactively applies 5S principles, identifies opportunities to improve workstation organization and cleanliness, and ensures compliance with team standards. Assists in implementing new organizational practices as directed. Safety Mindset: Encourages adherence to safety protocols within the team Key Skills: Technical Operation: Skilled in operating multiple CNC or Manual machining equipment such as Lathes, Mills, Swiss, and OD/ID Grinders. Proficient in supporting operations. Critical Thinking: Identifies gap-to-standard and resolves or escalates them per standard processes/procedures. Analyzes problems, proposes solutions, and implements corrective actions with minimal supervision. Mechanical Aptitude: Solid understanding of mechanical systems and components. Ability to use inspection gaging and hand/power tools. Team Communication: Communicates effectively with team members and supervisors to support workflow and escalate immediate issues. Demonstrates Woodward's Core Values. Time Management: Proactively prioritizes time to complete assigned tasks within established schedules. Drives to maintain efficiency standards. Lean Mindset: Follows lean practices such as 5S and waste reduction. Participates in continuous improvement activities. Identifies inefficiencies and suggests improvements. Production Systems: Understands and adheres standardized work and escalates when it cannot be followed. Actively participates the daily management system. Computer Skills: Uses basic software (e.g., email, spreadsheets, data entry tools) to complete tasks. Attention to Detail: Ensures precision in tasks to maintain high quality standards. Follows instructions precisely and checks work for accuracy. Collaboration: Works cooperatively with team members to support overall team objectives and workflow. Works well with team members and accepts feedback. Collaborates across teams, shares knowledge, and supports team goals. Additional Information: Moderate physical activity requiring agility and dexterity, including walking, standing, or bending; and lifting or moving objects. Work is performed in an area with moderate risk or discomfort that may require special safety precautions, such as wearing protective clothing or gear. May be required to pass Near Vision and/or Color Vision examinations. Successful Candidates Typically Have: Previous machine experience Basic Mechanical aptitude Basic computer skills (email, data entry, etc.) Knowledge and ability to read and interpret blueprints Inspection experience This position requires use of information which is subject to the International Traffic in Arms Regulations (ITAR) and/or the Export Administration Regulations (EAR). All applicants must be U.S. Persons within the meaning of the ITAR and EAR, or eligible to obtain all required authorizations from the U.S. Department of State and/or the U.S. Department of Commerce. The ITAR defines a U.S. Person as a U.S. citizen or national, lawful permanent resident (i.e., 'Green Card holder'), or a protected person (e.g., asylee, or refugee). Woodward is an equal opportunity employer and does not discriminate in hiring or employment on the basis of race, color, religion, sex (including sexual orientation and gender identity), national origin, age, disability, protected veteran status, or any other category protected under federal, state, or local laws. Jig Boring Machines"
Woodward,Machinist 1 - 3rd shift 10PM-6:30AM,JR110578,"Niles, IL, US",United States of America,$16.49 - $28.60,onsite,Mid,us_person,unknown,unknown,workday,N/A,2026-06-13T03:01:17Z,https://woodward.wd5.myworkdayjobs.com/en-US/woodward/job/Niles-IL-US/Machinist-1---3rd-shift-10PM-6-30AM_JR110578-1,"Woodward is committed to creating a great workplace for all team members. Our company and its members are committed to acting with integrity, being respectful and accountable to one another, and staying humble and driven, while maintaining the highest professional and ethical standards. We are steadfastly committed to attracting the best talent across our communities creating a rewarding workplace. Together we are fulfilling our purpose to design and deliver energy control solutions our partners count on to power a clean future. Woodward supports our members’ wellbeing and regularly benchmarks with other companies in our industry to offer an extensive Total Reward package for this position. Salary will be determined by the applicant's education, experience, knowledge, skills, and abilities, as well as internal equity and alignment with market data. Estimated annual base pay: Machinist I - $16.49 - $28.60 3rd Shift Hours: 10:00 pm - 6:30 am 15% shift differential plus overtime All members included in annual cash bonus opportunity 401(k) match (4.5%) Annual Woodward stock contribution (5%) Tuition reimbursement and Training/Professional Development opportunities for all members 12 paid holidays, including floating holidays Industry leading medical, dental, and vision Insurance upon date of hire Vacation / Sick Time / Vacation Buy-up / Short Term Disability / Bereavement leave Adoption Assistance Employee Assistance Program, including mental health benefits Member Life & AD&D / Long Term Disability / Member Optional Life Member referral bonus Spouse / Child Optional Life / Optional AD&D / Healthcare and Dependent Care Flexible Spending Voluntary benefits, including: Home / Auto Insurance discounts Whole Life Insurance / Critical Illness Insurance / Legal Assistance / Military Leave Are you ready to make your mark? If you are interested in becoming a Machinist at Woodward, we have an exciting opportunity for you! Machinist reports to the manufacturing supervisor and is responsible for setting up, operating and maintaining a limited number of machine types in an industrial setting. The position works under a high level of supervision, limited troubleshooting, decision-making and problem solving. There is limited contact with external suppliers or customers. Physical Activity: Moderate physical activity requiring agility and dexterity, including walking, standing, or bending; and lifting or moving objects. Work is performed in an area with moderate risk or discomfort that may require special safety precautions, such as wearing protective clothing or gear. May be required to pass Near Vision and/or Color Vision examinations. Assist in the set up, and operate one or more of the following machines: CNC Lathe Machines CNC Mill/Turn Machines CNC OD/ID Grinders Complete paperwork while adhering to record retention requirements. Document nonconforming material according to procedures, participate in activities to implement root cause and corrective actions identified. Utilize work instructions, set-up sheets and method documents to correctly operate machines and inspect machined parts. Utilize various gauging equipment to ensure conformance to the engineering specifications and standards through the production run. Obtain certifications as necessary for required processes. What We Are Looking For Machinist I: High school diploma or equivalent required 0-2 years’ experience in related work or applicable degree General knowledge of machines and equipment functionality, and how tools could be used on such equipment/machines. This includes the ability to learn new systems quickly, understanding how parts relate, and how they impact system functionality. Ability to operate and set up CNC equipment Knowledge of CNC (Computer Numerically Controlled) programming/machining including the ability to read, understand, edit basic programs and/or basic knowledge of one or more of the following skills - grinding, turning, milling, drilling. This position requires use of information which is subject to the International Traffic in Arms Regulations (ITAR) and/or the Export Administration Regulations (EAR). All applicants must be U.S. Persons within the meaning of the ITAR and EAR, or eligible to obtain all required authorizations from the U.S. Department of State and/or the U.S. Department of Commerce. The ITAR defines a U.S. Person as a U.S. citizen or national, lawful permanent resident (i.e., 'Green Card holder'), or a protected person (e.g., asylee, or refugee). Woodward is an equal opportunity employer and does not discriminate in hiring or employment on the basis of race, color, religion, sex (including sexual orientation and gender identity), national origin, age, disability, protected veteran status, or any other category protected under federal, state, or local laws."
Woodward,Machinist I (CNC Milling) - 3rd Shift 10PM-6:30AM,JR110580,"Niles, IL, US",United States of America,$15.83 - $24.65; $16.49 - $28.60,onsite,Mid,us_person,unknown,unknown,workday,N/A,2026-06-13T03:01:21Z,https://woodward.wd5.myworkdayjobs.com/en-US/woodward/job/Niles-IL-US/Machinist-I--CNC-Milling----3rd-Shift-10PM-6-30AM_JR110580-1,"Woodward is committed to creating a great workplace for all team members. Our company and its members are committed to acting with integrity, being respectful and accountable to one another, and staying humble and driven, while maintaining the highest professional and ethical standards. We are steadfastly committed to attracting the best talent across our communities creating a rewarding workplace. Together we are fulfilling our purpose to design and deliver energy control solutions our partners count on to power a clean future. Woodward supports our members’ wellbeing and regularly benchmarks with other companies in our industry to offer an extensive Total Reward package for this position. Salary will be determined by the applicant's education, experience, knowledge, skills, and abilities, as well as internal equity and alignment with market data. Estimated annual base pay:
Associate Machinist - $15.83 - $24.65
Machinist I - $16.49 - $28.60
3rd Shift Hours: 10:00 pm - 6:30 am
15% shift differential plus overtime
All members included in cash bonus opportunity
401(k) match (4.5%)
Annual Woodward stock contribution (5%)
Tuition reimbursement and Training/Professional Development opportunities for all members 12 paid holidays, including floating holidays Industry leading medical, dental, and vision Insurance upon date of hire
Vacation / Sick Time / Vacation Buy-up / Short Term Disability / Bereavement leave Paid parental leave
Adoption Assistance Employee Assistance Program, including mental health benefits Member Life & AD&D / Long Term Disability / Member Optional Life Member referral bonus Spouse / Child Optional Life / Optional AD&D / Healthcare and Dependent Care Flexible Spending Voluntary benefits, including: Home / Auto Insurance discounts Whole Life Insurance / Critical Illness Insurance / Legal Assistance / Military Leave Are you ready to make your mark? If you’re a Machinist, we have an exciting opportunity for you. What you will be doing Physical Activity:
Moderate physical activity requiring agility and dexterity, including walking, standing, or bending; and lifting or moving objects.
Work is performed in an area with moderate risk or discomfort that may require special safety precautions, such as wearing protective clothing or gear.
May be required to pass Near Vision and/or Color Vision examinations.
Assist in the set up, and operate one or more of the following machines:
CNC Lathe Machines
CNC Mill/Turn Machines
CNC OD/ID Grinders
Complete paperwork while adhering to record retention requirements.
Document nonconforming material according to procedures, participate in activities to implement root cause and corrective actions identified.
Utilize work instructions, set-up sheets and method documents to correctly operate machines and inspect machined parts.
Utilize various gauging equipment to ensure conformance to the engineering specifications and standards through the production run.
Obtain certifications as necessary for required processes. What We Are Looking For Associate Machinist:
High school diploma or equivalent required
No related work experience required
General knowledge of machines and equipment functionality, and how tools could be used on such equipment/machines. This includes the ability to learn new systems quickly, understanding how parts relate, and how they impact system functionality
Machinist I:
High school diploma or equivalent required
0-2 years’ experience in related work or applicable degree
General knowledge of machines and equipment functionality, and how tools could be used on such equipment/machines. This includes the ability to learn new systems quickly, understanding how parts relate, and how they impact system functionality.
Ability to operate and set up CNC equipment
Knowledge of CNC (Computer Numerically Controlled) programming/machining including the ability to read, understand, edit basic programs and/or basic knowledge of one or more of the following skills - grinding, turning, milling, drilling. This position requires use of information which is subject to the International Traffic in Arms Regulations (ITAR) and/or the Export Administration Regulations (EAR). All applicants must be U.S. Persons within the meaning of the ITAR and EAR, or eligible to obtain all required authorizations from the U.S. Department of State and/or the U.S. Department of Commerce. The ITAR defines a U.S. Person as a U.S. citizen or national, lawful permanent resident (i.e., 'Green Card holder'), or a protected person (e.g., asylee, or refugee). Woodward is an equal opportunity employer and does not discriminate in hiring or employment on the basis of race, color, religion, sex (including sexual orientation and gender identity), national origin, age, disability, protected veteran status, or any other category protected under federal, state, or local laws."
Woodward,CNC Machinist - Operations Technician II (2nd shift),JR110589,"Deerfield Beach, FL, US",United States of America,,onsite,Mid,us_person,unknown,unknown,workday,N/A,2026-06-13T03:01:25Z,https://woodward.wd5.myworkdayjobs.com/en-US/woodward/job/Deerfield-Beach-FL-US/Operations-Technician-II---Machinist--2nd-shift-_JR110589,"Woodward is committed to creating a great workplace for all team members. Our company and its members are committed to acting with integrity, being respectful and accountable to one another, and staying humble and driven, while maintaining the highest professional and ethical standards. We are steadfastly committed to attracting the best talent across our communities, creating a rewarding workplace. Together we are fulfilling our purpose to design and deliver energy control solutions our partners count on to power a clean future. Woodward supports our members’ wellbeing and regularly benchmarks with other companies in our industry to offer an extensive Total Reward package for this position. Salary will be determined by the applicant's education, experience, knowledge, skills, and abilities, as well as internal equity and alignment with market data. Estimated annual base pay: $21.15 (min) - $27.40 (mid). Plus, shift differential and overtime
All members included in annual cash bonus opportunity. 401(k) match (4.5%)
Annual Woodward stock contribution (5%)
Tuition reimbursement and Training/Professional Development opportunities for all members 12 paid holidays, including floating holidays. Industry leading medical, dental, and vision Insurance upon date of hire
Vacation / Sick Time / Vacation Buy-up / Short Term Disability / Bereavement leave. Paid parental leave.
Adoption Assistance Employee Assistance Program, including mental health benefits. Member Life & AD&D / Long Term Disability / Member Optional Life Member referral bonus Spouse / Child Optional Life / Optional AD&D / Healthcare and Dependent Care Flexible Spending Voluntary benefits, including: Home / Auto Insurance discounts Whole Life Insurance / Critical Illness Insurance / Legal Assistance / Military Leave Are you ready to make your mark? If you’re a CNC Machinist/Operations Technician II, we have an exciting opportunity for you. This position is on 2nd shift – Monday to Friday, 8 hours shift, starting at 3pm. What You Will Be Doing Performs Set ups and operates numerous CNC or Manual (Lathes/Milling/Swiss/Grinding-OD/ID) machines, and other machinery to produce precision metal parts according to specifications.
Operations: Follows documented procedures, solves problems with known outcomes to meet standards, supports training of other members, and provides improvement opportunities to standard work. Flexes and supports the full product line in various processes/ capacities.
Process: Maintains key process variables to ensure consistency and quality in operations. Accurately logs daily operations and resolves or escalates concerns. Supports training of other members. Provides improvement opportunities for standard work.
Quality Control: Participates in improving clarity and accuracy in documented processes and procedures.
Organization & Cleanliness: Proactively applies 5S principles, identifies opportunities to improve workstation organization and cleanliness, and ensures compliance with team standards. Assists in implementing new organizational practices as directed.
Safety Mindset: Encourages adherence to safety protocols within the team. What We Are Looking For Technical Capability: Understands and follows technical instructions and standard operating procedures (SOPs). Troubleshoots routine technical product issues.
Problem Resolution: Identifies gap-to-standard and resolves or escalates them per standard processes/procedures. Analyzes problems, proposes solutions, and implements corrective actions with minimal supervision.
Mechanical Aptitude: Demonstrates understanding of mechanical systems and components. Uses hand tools and equipment safely and effectively. Can produce products and setup equipment to support varying processes.
Team Communication: Communicates effectively with team members and supervisors to support workflow and escalate immediate issues. Demonstrates Woodward's Core Values.
Time Management: Proactively prioritizes time to complete assigned tasks within established schedules. Drives to maintain efficiency standards.
Lean Mindset: Follows lean practices such as 5S and waste reduction. Participates in continuous improvement activities. Identify inefficiencies and suggest improvements.
Production Systems: Understands and adheres to standardized work and escalates when cannot be followed. Actively participates in the daily management system.
Computer Skills: Uses basic software (e.g., email, spreadsheets, data entry tools) to complete tasks.
Attention to Detail: Ensures precision in tasks to maintain high quality standards. Follows instructions precisely and checks work for accuracy.
Collaboration: Works cooperatively with team members to support overall team objectives and workflow. Works well with team members and accepts feedback. Collaborates across teams, shares knowledge, and supports team goals. Other qualifications: Experience with CNC or manual machines - including lathes, mills, Swiss, and OD/ID grinders - is strongly preferred. Application window is anticipated to close 15 days from original posting date. This position requires use of information which is subject to the International Traffic in Arms Regulations (ITAR) and/or the Export Administration Regulations (EAR). All applicants must be U.S. Persons within the meaning of the ITAR and EAR, or eligible to obtain all required authorizations from the U.S. Department of State and/or the U.S. Department of Commerce. The ITAR defines a U.S. Person as a U.S. citizen or national, lawful permanent resident (i.e., 'Green Card holder'), or a protected person (e.g., asylee, or refugee). Woodward is an equal opportunity employer and does not discriminate in hiring or employment on the basis of race, color, religion, sex (including sexual orientation and gender identity), national origin, age, disability, protected veteran status, or any other category protected under federal, state, or local laws."
Woodward,CNC Machinist - Operations Technician II (1st shift),JR110936,"Deerfield Beach, FL, US",United States of America,,onsite,Mid,us_person,unknown,unknown,workday,N/A,2026-06-13T03:01:29Z,https://woodward.wd5.myworkdayjobs.com/en-US/woodward/job/Deerfield-Beach-FL-US/CNC-Machinist---Operations-Technician-II--1st-shift-_JR110936,"Job Description Woodward is committed to creating a great workplace for all team members. Our company and its members are committed to acting with integrity, being respectful and accountable to one another, and staying humble and driven, while maintaining the highest professional and ethical standards. We are steadfastly committed to attracting the best talent across our communities, creating a rewarding workplace. Together we are fulfilling our purpose to design and deliver energy control solutions our partners count on to power a clean future. Woodward supports our members’ wellbeing and regularly benchmarks with other companies in our industry to offer an extensive Total Reward package for this position. Salary will be determined by the applicant's education, experience, knowledge, skills, and abilities, as well as internal equity and alignment with market data. Estimated annual base pay: $21.15 (min) - $27.40 (mid). Plus, shift differential and overtime All members included in annual cash bonus opportunity. 401(k) match (4.5%) Annual Woodward stock contribution (5%) Tuition reimbursement and Training/Professional Development opportunities for all members 12 paid holidays, including floating holidays. Industry leading medical, dental, and vision Insurance upon date of hire Vacation / Sick Time / Vacation Buy-up / Short Term Disability / Bereavement leave. Paid parental leave. Adoption Assistance Employee Assistance Program, including mental health benefits. Member Life & AD&D / Long Term Disability / Member Optional Life Member referral bonus Spouse / Child Optional Life / Optional AD&D / Healthcare and Dependent Care Flexible Spending Voluntary benefits, including: Home / Auto Insurance discounts Whole Life Insurance / Critical Illness Insurance / Legal Assistance / Military Leave Are you ready to make your mark? If you’re a CNC Machinist/Operations Technician II, we have an exciting opportunity for you. This position is on 1st shift – Monday to Friday, 8 hours shift, starting at 7am. What You Will Be Doing Performs Set ups and operates numerous CNC or Manual (Lathes/Milling/Swiss/Grinding-OD/ID) machines, and other machinery to produce precision metal parts according to specifications. Operations: Follows documented procedures, solves problems with known outcomes to meet standards, supports training of other members, and provides improvement opportunities to standard work. Flexes and supports the full product line in various processes/ capacities. Process: Maintains key process variables to ensure consistency and quality in operations. Accurately logs daily operations and resolves or escalates concerns. Supports training of other members. Provides improvement opportunities for standard work. Quality Control: Participates in improving clarity and accuracy in documented processes and procedures. Organization & Cleanliness: Proactively applies 5S principles, identifies opportunities to improve workstation organization and cleanliness, and ensures compliance with team standards. Assists in implementing new organizational practices as directed. Safety Mindset: Encourages adherence to safety protocols within the team. What We Are Looking For Technical Capability: Understands and follows technical instructions and standard operating procedures (SOPs). Troubleshoots routine technical product issues. Problem Resolution: Identifies gap-to-standard and resolves or escalates them per standard processes/procedures. Analyzes problems, proposes solutions, and implements corrective actions with minimal supervision. Mechanical Aptitude: Demonstrates understanding of mechanical systems and components. Uses hand tools and equipment safely and effectively. Can produce products and setup equipment to support varying processes. Team Communication: Communicates effectively with team members and supervisors to support workflow and escalate immediate issues. Demonstrates Woodward's Core Values. Time Management: Proactively prioritizes time to complete assigned tasks within established schedules. Drives to maintain efficiency standards. Lean Mindset: Follows lean practices such as 5S and waste reduction. Participates in continuous improvement activities. Identify inefficiencies and suggest improvements. Production Systems: Understands and adheres to standardized work and escalates when cannot be followed. Actively participates in the daily management system. Computer Skills: Uses basic software (e.g., email, spreadsheets, data entry tools) to complete tasks. Attention to Detail: Ensures precision in tasks to maintain high quality standards. Follows instructions precisely and checks work for accuracy. Collaboration: Works cooperatively with team members to support overall team objectives and workflow. Works well with team members and accepts feedback. Collaborates across teams, shares knowledge, and supports team goals. Other qualifications: Experience with CNC or manual machines - including lathes, mills, Swiss, and OD/ID grinders - is strongly preferred. Application window is anticipated to close 15 days from original posting date. This position requires use of information which is subject to the International Traffic in Arms Regulations (ITAR) and/or the Export Administration Regulations (EAR). All applicants must be U.S. Persons within the meaning of the ITAR and EAR, or eligible to obtain all required authorizations from the U.S. Department of State and/or the U.S. Department of Commerce. The ITAR defines a U.S. Person as a U.S. citizen or national, lawful permanent resident (i.e., 'Green Card holder'), or a protected person (e.g., asylee, or refugee). Woodward is an equal opportunity employer and does not discriminate in hiring or employment on the basis of race, color, religion, sex (including sexual orientation and gender identity), national origin, age, disability, protected veteran status, or any other category protected under federal, state, or local laws."
Woodward,Supply Chain Manager (f/m),JR110684,2 Locations,United States of America,,onsite,Manager,unknown,unknown,unknown,workday,N/A,2026-06-13T03:01:33Z,https://woodward.wd5.myworkdayjobs.com/en-US/woodward/job/Niepolomice-PL/Supply-Chain-Manager--f-m-_JR110684,"About the Role As a Supply Chain Manager, you will be responsible for leading and optimizing end‑to‑end supply chain operations to ensure efficiency, cost effectiveness, continuity of supply, and alignment with overall business objectives. You will work closely with cross‑functional teams and external partners, driving transparency, performance, and continuous improvement across sourcing, procurement, inventory, logistics, and supplier management. This role combines strong leadership, strategic planning, and hands‑on operational execution to deliver measurable business outcomes in a complex, regulated environment. What You Will Do Lead and optimize end‑to‑end supply chain operations, from sourcing and procurement through inventory and logistics Take full accountability for supply chain performance, results, and continuous improvement initiatives Develop and implement supply chain strategies aligned with business objectives and long‑term growth plans Own and maintain key supply chain processes, KPIs, policies, and governance frameworks Manage supplier relationships, contracts, and performance to ensure quality, cost, delivery, and compliance Lead cross‑functional collaboration to ensure seamless integration between procurement, manufacturing, quality, engineering, and finance Monitor and analyze supply chain performance metrics; identify gaps and drive improvement initiatives Proactively identify, assess, and mitigate supply chain risks; develop contingency and business continuity plans Optimize inventory levels to balance service levels, working capital, and cost efficiency Drive cost‑reduction initiatives through strategic sourcing, negotiation, and process optimization Lead and develop a high‑performing supply chain team; provide coaching, mentoring, and performance feedback Lead Continuous Improvement initiatives using Lean / Six Sigma methodologies Ensure compliance with applicable industry standards, internal policies, and regulatory requirements Leverage supply chain systems, analytics, and digital tools to improve visibility, automation, and decision‑making What You Will Need Proven experience in supply chain management with accountability for operational and financial results 7–10 years of experience in supply chain, sourcing, procurement, or related industries Strong leadership, stakeholder management, and communication skills Solid understanding of supply chain strategy, sourcing, inventory management, and logistics Strong analytical skills with the ability to translate data into actionable insights Experience in leading Continuous Improvement activities using Lean / Six Sigma methodologies and tools Ability to manage complexity, prioritize effectively, and solve problems in dynamic environments Strong negotiation and supplier management skills Financial acumen, including budgeting, cost analysis, and performance tracking Proficiency with supply chain management systems and ERP tools Fluent Polish and English APICS / Six Sigma certification preferred What You Will Gain Salary range from 16,000 to 25,000 PLN gross, depending on experience Career development opportunities in an international business environment Comprehensive benefits package including private medical care, life & accident insurance Multisport card Meal vouchers Company performance‑based bonus program Strong focus on work‑life balance PPK contribution – company contribution up to 4% of compensation, depending on seniority Educational and professional development support"
Woodward,Sourcing Manager (f/m),JR110682,2 Locations,United States of America,,hybrid,Manager,unknown,unknown,unknown,workday,N/A,2026-06-13T03:01:45Z,https://woodward.wd5.myworkdayjobs.com/en-US/woodward/job/Niepolomice-PL/Sourcing-Manager--f-m-_JR110682-1,"ABOUT THE ROLE: We are looking for the Sourcing Manager who will manage the supply base to optimize supplier performance, conduct supplier discovery and mitigate supply chain risks in the aerospace industry. This includes all aspects of commercial and contractual management of assigned suppliers. A key priority will be the strategic selection and development of the supply base to align with Woodward’s future needs, while also supporting business group-based purchasing functions through strategic alignment and critical issue escalation proces. WHAT YOU WILL DO: Assess potential suppliers to ensure they conform to category, supply chain, and product strategies and meet the company’s quality, cost, and delivery requirements Negotiate favorable terms and conditions with suppliers to ensure security of supply, commercial appropriateness, and risk management to generate mutually beneficial agreements that will deliver value Select suppliers to provide direct material within a given category of suppliers who substantially conform to the category strategy, provide commercial favorability and reduce risk Manage the portfolio of spend for a given category to include financial performance, plan for every part, and understanding of total supply chain Analyze total cost structures and implement strategies to reduce procurement risk (financial and otherwise) while maintaining quality and delivery performance to generate best total value for a given category WHAT YOU WILL NEED: Minimum 4 years of proven experience in Aerospace industry Excellent communication and presentation skills both oral and written in a global environment Works with legal and compliance team to ensure contract due diligence. Assists in contract development Proactively shares knowledge and resources with the team. Meaningfully contributes to accomplishing team goals Frames work in terms of financial principles (cost, revenue, etc.). Creates and manages financial reports. Able to use finance analytic tools Acquires knowledge through experiential learning, as well as other methods, and shares findings or reflections with others Leads negotiations using appropriate strategies. Negotiation results in positive outcomes for the business and supplier. Thinks creatively to optimize deals with suppliers Creates or finds appropriate and effective solutions to problems. Uses a systematic approach to solve problems. Effectively implements solutions Shares information effectively, is able to affect decisions across different audiences using specialized approaches. Sells own ideas by tying them into the values, needs, aspirations and goals of others Able to distill wide sources of information to stakeholders; uses a wide network of resources and contacts to find appropriate information. Root causes inaccurate information, such as old data or hallucinations produced by AI. Crafts innovative solutions. Constructively pushes against long-held assumptions in the function Manages projects and goals with little assistance. Establishes performance standards and measurements for work. Delivers on value proposition WHAT YOU WILL GAIN: Salary range from 13 000 to 19 000 PLN gross – depending on experience Advancement opportunities in international team A total rewards package, that includes: private health insurance, life & accidental insurance Multisport package Meal Vouchers Company performance bonus program Work-life balance, semi-flexible working time PPK: Woodward offers payment to your PPK account up to 4% of your compensation depending on seniority Hybrid work model Educational support"
Woodward,CNC Programmer (1st shift),JR110645,Fort Collins - Lincoln Campus,United States of America,,onsite,Mid,us_person,unknown,unknown,workday,N/A,2026-06-13T03:01:47Z,https://woodward.wd5.myworkdayjobs.com/en-US/woodward/job/Fort-Collins---Lincoln-Campus/CNC-Programmer--1st-shift-_JR110645,"Woodward is committed to creating a great workplace for all team members. Our company and its members are committed to acting with integrity, being respectful and accountable to one another, and staying humble and driven, while maintaining the highest professional and ethical standards. We are steadfastly committed to attracting the best talent across our communities creating a rewarding workplace. Together we are fulfilling our purpose to design and deliver energy control solutions our partners count on to power a clean future. Woodward supports our members’ wellbeing and regularly benchmarks with other companies in our industry to offer an extensive Total Reward package for this position. Salary will be determined by the applicant's education, experience, knowledge, skills, and abilities, as well as internal equity and alignment with market data. Estimated hourly base pay: Level 2: $31.25 (minimum) - $40.38 (midpoint) - $50.00 (maximum). Level 3: Level 2: $37.02 (minimum) - $48.08 (midpoint) - $59.13 (maximum). Plus, overtime. All Levels are eligible for the benefits below: Long-term incentive compensation in the form of equity
All members included in annual cash bonus opportunity
401(k) match (4.5%)
Annual Woodward stock contribution (5%)
Tuition reimbursement and Training/Professional Development opportunities for all members 12 paid holidays, including floating holidays
Industry leading medical, dental, and vision Insurance upon date of hire
Vacation / Sick Time / Vacation Buy-up / Short Term Disability / Bereavement leave. Paid parental leave
Adoption Assistance Employee Assistance Program, including mental health benefits
Member Life & AD&D / Long Term Disability / Member Optional Life Member referral bonus Spouse / Child Optional Life / Optional AD&D / Healthcare and Dependent Care Flexible Spending Voluntary benefits, including: Home / Auto Insurance discounts Whole Life Insurance / Critical Illness Insurance / Legal Assistance / Military Leave Are you ready to make your mark? If you’re a skilled CNC Programmer, we have an exciting opportunity for you! In this role, you’ll join a large, diverse machine shop with high-mix, low-volume production rates, focusing on programming multi-axis CNC machines for operators to use and producing precision components. This is not a CNC Machinist role. We are seeking experienced professionals whose primary responsibility is programming CNC machines that others will operate. ** This is a 1st shift position, Monday to Friday. Key Responsibilities: Create and modify CNC programs using CAM software to produce precision components.
Edit existing programs to improve efficiency in cycle time and tool life.
Observe, troubleshoot, and support machine first-runs to ensure program quality and robustness.
Support design reviews to ensure part drawings and models reflect part manufacturability during development.
Make recommendations to improve part manufacturability.
Research and select proper CNC cutting tools based on materials, surface finish requirements, and tolerances.
Create and maintain cutting tool packages.
Participate in and provide recommendations for tool/fixture designs and work holding solutions. Key Skills - Level 2 G-Code Programming: Expert level creation and refinement of CNC programs for milling and turning operations.
CAM Software Proficiency: Skilled in generating and editing toolpaths using Esprit Legacy Series 20/Edge, Mastercam, Siemens NX, or equivalent.
CNC Machine Setup: Proficient in selecting tooling, calibrating offsets, and establishing work holding for precision runs.
GD&T Interpretation: Accurate reading and application of geometric dimensioning and tolerancing from technical drawings.
Toolpath Optimization: Designing efficient, collision free tool paths to reduce cycle times and enhance surface finishes.
Machining Troubleshooting: Diagnosing programming errors, tool wear, and machine faults to restore optimal performance.
Process Documentation: Developing detailed setup sheets, operation protocols, and parameter logs for consistent production.
CAD Model Analysis: Examining 3D designs for manufacturability issues, clearances, and necessary modifications.
Material Property Knowledge: Applying material specific cutting parameters based on machinability and thermal properties.
Cross Functional Communication: Explaining complex technical dependencies and coordinating with engineering and operations teams.
Ability to work collaboratively with machinists, engineers, and quality teams. Key Skills - Level 3 CNC Programming: Skilled in developing and refining G-Code and M-Code for complex multi-axis machining operations.
CAD/CAM Software: Expert in utilizing CAD/CAM platforms (e.g., Esprit Legacy Series 20/Edge; Mastercam, Siemens NX) to generate efficient toolpaths from 3D models.
Machine Setup: Experienced in planning and executing precise machine setups, including tool selection, fixturing, and calibration.
Toolpath Optimization: Adept at analyzing and optimizing machining sequences to minimize cycle time and material waste.
Material Science: In-depth understanding of material properties and their effects on cutting parameters and tool wear.
Process Troubleshooting: Proficient in diagnosing and resolving machining issues through data driven parameter adjustments.
Quality Assurance: Skilled in applying GD&T principles and conducting inspections with CM Ms and precision measuring tools.
Data Analysis: Capable of interpreting machining and production data to identify trends and drive continuous improvements.
Technical Leadership: Experienced in mentoring junior programmers, providing subject matter guidance, and coordinating team efforts.
Documentation Standards: Proficient in creating and maintaining detailed machining documentation, including setup sheets and changing logs.
Ability to work collaboratively with machinists, engineers, and quality teams. Preferred Qualifications Experience with advanced verification tools and simulation software.
Knowledge of lean manufacturing principles and continuous improvement methodologies. Physical & Work Environment Ability to work in a shop environment with exposure to machining equipment.
Occasional lifting of tooling and components up to 50 lbs. Application window is anticipated to close 30 days from original posting date. This information is provided in compliance with the Colorado Equal Pay for Equal Work Act and is the company’s good faith and reasonable estimate of the compensation range and benefits offered for this position. The compensation offered to the successful applicant may vary based on factors including experience, skills, education, location, and other job-related reasons. This position requires use of information which is subject to the International Traffic in Arms Regulations (ITAR) and/or the Export Administration Regulations (EAR). All applicants must be U.S. Persons within the meaning of the ITAR and EAR, or eligible to obtain all required authorizations from the U.S. Department of State and/or the U.S. Department of Commerce. The ITAR defines a U.S. Person as a U.S. citizen or national, lawful permanent resident (i.e., 'Green Card holder'), or a protected person (e.g., asylee, or refugee). Woodward is an equal opportunity employer and does not discriminate in hiring or employment on the basis of race, color, religion, sex (including sexual orientation and gender identity), national origin, age, disability, protected veteran status, or any other category protected under federal, state, or local laws."
Woodward,Werkstudent Softwareentwicklung (m/w/d),JR110704,"Stuttgart, DE",United States of America,,onsite,Mid,unknown,unknown,unknown,workday,N/A,2026-06-13T03:01:51Z,https://woodward.wd5.myworkdayjobs.com/en-US/woodward/job/Stuttgart-DE/Werkstudent-Softwareentwicklung--m-w-d-_JR110704,
Woodward,"Supply Chain Manager, Aerospace (f/m)",JR110481,2 Locations,United States of America,,onsite,Manager,unknown,unknown,unknown,workday,N/A,2026-06-13T03:01:55Z,https://woodward.wd5.myworkdayjobs.com/en-US/woodward/job/Niepolomice-PL/Manager--Aerospace-Suppy-Chain_JR110481,"About The Role: As a Supply Chain Manager, you will be responsible for leading and optimizing end‑to‑end supply chain operations to ensure efficiency, cost effectiveness, continuity of supply, and alignment with overall business objectives. You will work closely with cross‑functional teams and external partners, driving transparency, performance, and continuous improvement across sourcing, procurement, inventory, logistics, and supplier management.
This role combines strong leadership, strategic planning, and hands‑on operational execution to deliver measurable business outcomes in a complex, regulated environment. What You Will Do: Lead and optimize end‑to‑end supply chain operations, from sourcing and procurement through inventory and logistics Take full accountability for supply chain performance, results, and continuous improvement initiatives Develop and implement supply chain strategies aligned with business objectives and long‑term growth plans Own and maintain key supply chain processes, KPIs, policies, and governance frameworks Manage supplier relationships, contracts, and performance to ensure quality, cost, delivery, and compliance Lead cross‑functional collaboration to ensure seamless integration between procurement, manufacturing, quality, engineering, and finance Monitor and analyze supply chain performance metrics; identify gaps and drive improvement initiatives Proactively identify, assess, and mitigate supply chain risks; develop contingency and business continuity plans Optimize inventory levels to balance service levels, working capital, and cost efficiency Drive cost reduction initiatives through strategic sourcing, negotiation, and process optimization Lead and develop a high‑performing supply chain team; provide coaching, mentoring, and performance feedback Lead Continuous Improvement initiatives using Lean / Six Sigma methodologies Ensure compliance with industry and regulatory standards (e.g. EASA, FAA, AS9100) Leverage supply chain systems, analytics, and digital tools to improve visibility, automation, and decision‑making What You Will Need: Proven experience in supply chain management with accountability for operational and financial results 7–10 years of experience in aerospace sourcing and general business or related industries Strong leadership, stakeholder management, and communication skills Solid understanding of supply chain strategy, sourcing, inventory management, and logistics Strong analytical skills with the ability to translate data into actionable insights Experience in leading Continuous Improvement activities using Lean / Six Sigma methodologies and tools Ability to manage complexity, prioritize effectively, and solve problems in dynamic environments Strong negotiation and supplier management skills Financial acumen, including budgeting, cost analysis, and performance tracking Proficiency with supply chain management systems and ERP tools Knowledge of aerospace standards (EASA, FAA, AS9100) Fluent Polish & English skills APICS / Six Sigma certification preferred What You Will Gain: Salary range from 16,000 to 25,000 PLN gross, depending on experience Career development opportunities in an international aerospace environment Comprehensive benefits package including private medical care, life & accident insurance Multisport card Meal vouchers Company performance‑based bonus program Strong focus on work‑life balance PPK contribution – company contribution up to 4% of compensation, depending on seniority Educational and professional development support"
Woodward,Staff/Senior Staff Systems Engineer - Flight Controls,JR109291,"Irvine, CA, US",United States of America,,hybrid,Principal,us_person,unknown,unknown,workday,N/A,2026-06-13T03:01:59Z,https://woodward.wd5.myworkdayjobs.com/en-US/woodward/job/Irvine-CA-US/Staff-Senior-Staff-Systems-Engineer---Flight-Controls_JR109291,"Woodward is committed to creating a great workplace for all team members. Our company and its members are committed to acting with integrity, being respectful and accountable to one another, and staying humble and driven, while maintaining the highest professional and ethical standards. We are steadfastly committed to attracting the best talent across our communities creating a rewarding workplace. Together we are fulfilling our purpose to design and deliver energy control solutions our partners count on to power a clean future. Woodward supports our members’ wellbeing and regularly benchmarks with other companies in our industry to offer an extensive Total Reward package for this position. Salary will be determined by the applicant's education, experience, knowledge, skills, and abilities, as well as internal equity and alignment with market data. CA Only: Staff: Estimated annual base pay: $125,000 (minimum) - $162,500 (midpoint) - $200,000 (maximum) Senior Staff: Estimated annual base pay: $159,000 (minimum) - $199,000 (midpoint) - $239,000 (maximum) All members included in annual cash bonus opportunity 401(k) match (4.5%) Annual Woodward stock contribution (5%) Tuition reimbursement and Training/Professional Development opportunities for all members 12 paid holidays, including floating holidays Industry leading medical, dental, and vision Insurance upon date of hire Vacation / Sick Time / Vacation Buy-up / Short Term Disability / Bereavement leave Paid parental leave Adoption Assistance Employee Assistance Program, including mental health benefits Member Life & AD&D / Long Term Disability / Member Optional Life Member referral bonus Spouse / Child Optional Life / Optional AD&D / Healthcare and Dependent Care Flexible Spending Voluntary benefits, including: Home / Auto Insurance discounts Whole Life Insurance / Critical Illness Insurance / Legal Assistance / Military Leave Key Responsibilities: Electronic Systems Architecture Design: Develop and implement robust system architectures for Aerospace Electronics that meet organizational requirements and comply with technical standards, specifically safety. Ensure scalability, reliability, and efficiency in system designs to support current and future business needs. Requirement Development and Management: Work with our customers and internal teams to identify, develop, and allocate the high-level application requirements to the controller requirements within our electronic solutions. Technical Leadership: Lead cross-functional teams in executing complex engineering projects while ensuring alignment with project objectives, budgets, and timelines. Serve as a technical expert and decision-maker throughout the project lifecycle. Complex Problem Solving: Identify and resolve intricate technical challenges by applying advanced analytical methods and innovative solutions. Troubleshoot critical system issues to ensure minimal disruption to business operations. Technology Strategy Advisory: Advise senior management on emerging technologies, best practices, and industry trends to optimize system performance and business processes. Evaluate and recommend new tools, platforms, and methodologies for continuous improvement. Mentorship and Development: Provide guidance and mentorship to junior engineers, fostering technical skill development and adherence to best practices. Promote a culture of collaboration, innovation, and knowledge-sharing across the team. Key Skills and Qualifications: Safety Driven Architectures: Proven experience designing, implementing, and managing complex system architectures with a primary focus on ensuring safety, reliability, and fault tolerance. This includes identifying potential hazards, implementing redundancy and fail-safe mechanisms, and adhering to industry safety standards to mitigate risks and maintain system integrity during critical operations. Requirements Management Experience: Proven familiarity in development, validation, cascade, and verification of requirements from the application level to the elements within our electronic solutions (firmware, software, electronic hardware, etc.). Advanced Problem Solving: Exceptional analytical and critical-thinking skills to resolve intricate technical challenges with innovative solutions. Technical Leadership: Demonstrated ability to guide and manage cross-functional teams to deliver high-quality results. Strategic Technology Planning: Strong ability to interpret business needs and recommend effective technology strategies that align with organizational goals. Analytical Thinking: Expertise in evaluating variables, analyzing data, and making informed decisions to enhance system performance. Complex Communication: Ability to clearly convey sophisticated technical concepts to diverse audiences, including senior leaders and non-technical stakeholders. Stakeholder Collaboration: Proven ability to build and maintain relationships with internal and external subject matter experts and senior leaders. Independent Initiative: Capable of autonomously managing and executing high-level projects with minimal supervision. Advisory Expertise: Experience providing expert consultancy to management and leadership on technical projects and strategies. Process Improvement: Skilled at identifying and implementing best practices to enhance technology solutions and business processes. Successful candidates have: Staff: Bachelor’s degree in sciences (BS) in relevant field AND 10+ years experience Working knowledge of Aviation Development guidelines, including: ARP4754, ARP4761, DO-178, DO-254, etc. Experience using formal Requirements Management Tools (IBM DOORS, PTC Codebeamer, etc.) Experience supporting the creation of Safety Hazard Assessment (SHA), Failure Mode and Effects Analysis (FMEA), and Fault Tree Analysis (FTA) Senior Staff: Bachelor’s degree in sciences (BS) in relevant field AND 12+ years experience Working knowledge of Aviation Development guidelines, including: ARP4754, ARP4761, DO-178, DO-254, etc. Experience using formal Requirements Management Tools (IBM DOORS, PTC Codebeamer, etc.) Experience supporting the creation of Safety Hazard Assessment (SHA), Failure Mode and Effects Analysis (FMEA), and Fault Tree Analysis (FTA) This position requires use of information which is subject to the International Traffic in Arms Regulations (ITAR) and/or the Export Administration Regulations (EAR). All applicants must be U.S. Persons within the meaning of the ITAR and EAR, or eligible to obtain all required authorizations from the U.S. Department of State and/or the U.S. Department of Commerce. The ITAR defines a U.S. Person as a U.S. citizen or national, lawful permanent resident (i.e., 'Green Card holder'), or a protected person (e.g., asylee, or refugee). Woodward is an equal opportunity employer and does not discriminate in hiring or employment on the basis of race, color, religion, sex (including sexual orientation and gender identity), national origin, age, disability, protected veteran status, or any other category protected under federal, state, or local laws. #LI-HYBRID
#LI-AT1"
Woodward,"Manager, Engineering - Electromechanical Actuation",JR110236,10 Locations,United States of America,,onsite,Manager,us_person,unknown,unknown,workday,N/A,2026-06-13T03:02:03Z,https://woodward.wd5.myworkdayjobs.com/en-US/woodward/job/Niles-IL-US/Manager--Engineering---Electromechanical-Actuation_JR110236,"Woodward is committed to creating a great workplace for all team members. Our company and its members are committed to acting with integrity, being respectful and accountable to one another, and staying humble and driven, while maintaining the highest professional and ethical standards. We are steadfastly committed to attracting the best talent across our communities creating a rewarding workplace. Together we are fulfilling our purpose to design and deliver energy control solutions our partners count on to power a clean future. Woodward supports our members’ wellbeing and regularly benchmarks with other companies in our industry to offer an extensive Total Reward package for this position. Salary will be determined by the applicant's education, experience, knowledge, skills, and abilities, as well as internal equity and alignment with market data. Estimated annual base pay: $113,000 (minimum) - $147,000 (midpoint) - $181,000 (maximum) All members included in annual cash bonus opportunity. 401(k) match (4.5%) Annual Woodward stock contribution (5%) Tuition reimbursement and Training/Professional Development opportunities for all members 12 paid holidays, including floating holidays. Industry leading medical, dental, and vision Insurance upon date of hire Vacation / Sick Time / Vacation Buy-up / Short Term Disability / Bereavement leave. Paid parental leave. Adoption Assistance Employee Assistance Program, including mental health benefits. Member Life & AD&D / Long Term Disability / Member Optional Life Member referral bonus Spouse / Child Optional Life / Optional AD&D / Healthcare and Dependent Care Flexible Spending Voluntary benefits, including: Home / Auto Insurance discounts Whole Life Insurance / Critical Illness Insurance / Legal Assistance / Military Leave Summary: Engineering Leadership: Proven ability to lead high-performing teams specializing in electromechanical actuation systems for aerospace applications, including commercial and military flight controls, utility actuation, and next-generation systems within a New Product Introduction (NPI) environment. Cross-Functional Collaboration: Extensive experience working with multidisciplinary teams and organizational functions, such as Technology/Platform Development, Design & Drafting, Product Engineering, and Aero Electronics, to drive growth strategies and deliver innovative solutions. Technical Expertise: Deep knowledge in the design, development, and production of electromechanical products, including proficiency in requirements management, design tools, analysis and simulation tools, and advanced manufacturing methods. Operational Flexibility: Willingness and ability to work on-site at the Woodward Niles facility, with occasional travel (<20%) to other Woodward locations and customer facilities as required. Key Responsibilities: Drive Continuous Improvement: Implement and support systemic and process improvements to enhance product development velocity, ensure robust design culture, and pursue better ways of working through learning, adapting, and driving measurable progress. Go and See Leadership: Actively engage with teams by showing up where the work happens, listening deeply, and understanding team needs to provide effective support. Coach and Mentor Staff: Build trust, empower team members, and provide feedback to grow individuals to their full potential while maintaining a highly skilled and adaptable team using talent management systems, training matrices, and performance reviews. Develop and Maintain Design Standards: Create, maintain, and improve design standards to ensure high-quality, compliant products while leveraging lessons learned to enhance future designs. Budget and Resource Management: Develop and manage budgets to align with profit planning activities, assign resources effectively to meet business needs, and achieve the company’s profitability objectives. Key Skills: Leadership and People Management: Strong leadership and motivational skills to coach, mentor, and empower individuals while fostering collaboration and teamwork. Adaptability and Learning Agility: Ability to adapt to changing environments, maintain a customer-focused mindset, and learn quickly to address emerging challenges. Technical Expertise: Proficiency in tools like CAD systems, CAE systems, design evaluation matrices, DFMEA, GD&T, configuration management, ECR management, and test methods. Continuous Improvement Knowledge: Expertise in Design for Six Sigma, lean product development, waste elimination, and structured problem-solving methods. Communication and Presentation Skills: Excellent written and verbal communication skills, with the ability to present ideas clearly and effectively. Product Life Cycle Knowledge: Strong understanding of the product life cycle, including key deliverables and integration of lessons learned into future designs. Strategic Thinking: Ability to align technical direction with corporate strategic goals, execute effectively, and drive meaningful progress. Risk Management: Superb skills in identifying, analyzing, and mitigating risks to ensure robust product designs. Training and Development: Skilled in creating training programs and maintaining training matrices to upskill staff to meet organizational needs. Financial Analysis and Budgeting: Strong understanding of financial analysis tools and the ability to manage budgets effectively to meet objectives. Other Qualifications: 4year Bachelors BS AND 10+ years equivalent experience in Management and Engineering. This position requires use of information which is subject to the International Traffic in Arms Regulations (ITAR) and/or the Export Administration Regulations (EAR). All applicants must be U.S. Persons within the meaning of the ITAR and EAR, or eligible to obtain all required authorizations from the U.S. Department of State and/or the U.S. Department of Commerce. The ITAR defines a U.S. Person as a U.S. citizen or national, lawful permanent resident (i.e., 'Green Card holder'), or a protected person (e.g., asylee, or refugee). Woodward is an equal opportunity employer and does not discriminate in hiring or employment on the basis of race, color, religion, sex (including sexual orientation and gender identity), national origin, age, disability, protected veteran status, or any other category protected under federal, state, or local laws. #LI-AT1"
Woodward,Program Manager (m/w/d),JR109663,"Stuttgart, DE",United States of America,,onsite,Manager,us_person,unknown,unknown,workday,N/A,2026-06-13T03:02:07Z,https://woodward.wd5.myworkdayjobs.com/en-US/woodward/job/Stuttgart-DE/Program-Manager--m-w-d-_JR109663,"Woodward L'Orange ist als Pionier modernster Technologie auf dem Weg zu nachhaltigen Lösungen: Komponenten und Systeme für die Energiewandlungssysteme der Zukunft. Mit unseren rund 1.300 Mitarbeitern an den Standorten Stuttgart, Glatten, Wolfratshausen und Rellingen entwickeln und produzieren wir ein breites Produktportfolio an Komponenten für die Regelung, Dosierung und Aufbereitung von heutigen und künftigen Kraftstoffen (PTX). Dieses Portfolio umfasst u. A. die Einspritztechnik, einschließlich fortschrittlicher Common-Rail-Technologie. Ihren Einsatz finden unsere Produkte in den modernen Großmotoren und Brennstoffzellen von Schiffen, Kraftwerken, Eisenbahnen und weiteren Anwendungen. Für den Bereich Program Management suchen wir einen Program Manager (m/w/d) für das Projektmanagement von Projekten im Bereich Konventioneller und Power-to-X (P2X)-Applikationen für Einspritzsysteme: Ihre Aufgaben: Gesamtverantwortung für die Leitung komplexer Programme inkl. Ergebnis-, Zeit-, Budget- und Qualitätsverantwortung Führung und Betreuung von Projektkernteams und/oder Projektkoordinatoren in funktionsübergreifenden Teams Sicherstellung aller Programm‑Artefakte (u. a. Strategie, Scope, Nutzen, Budget, Risiken, KPIs, ROI) Etablierung und Umsetzung einer effektiven Programm‑Governance inkl. Entscheidungs‑ und Eskalationsstrukturen Verantwortung für Programm‑Gates, Meilensteine und Deliverables über den gesamten Lebenszyklus Aktives Stakeholder‑Management bis auf Executive‑Ebene inkl. transparenter Status‑ und Entscheidungs­kommunikation Ihr Profil: Mehrjährige Erfahrung im Programm‑ oder Senior Project Management in einem komplexen, internationalen Umfeld Ausgeprägte indirekte Führungskompetenz mit hoher Kommunikations‑ und Motivationsfähigkeit Starkes strategisches Denkvermögen mit Fokus auf Business‑Mehrwert und Zielausrichtung Fundierte Kenntnisse in Risiko‑, Budget‑ und Ressourcenmanagement über mehrere Projekte hinweg Sehr gute analytische Fähigkeiten sowie strukturierte, lösungsorientierte Arbeitsweise Eigenverantwortliches, zielorientiertes und selbstständiges Arbeiten und Teamgeist Sehr gute Kommunikationsfähigkeiten in Deutsch und Englisch, sowohl in Wort als auch Schrift Ihre Vorteile: Metalltarif Betriebsrestaurant Umfangreiches Weiterbildungsprogramm Modernes Gesundheits- & Sportangebot Mercedes-Benz-Leasing Rabatte Fahrrad-Leasing Bitte bewerben Sie sich mit einem aussagekräftigen Anschreiben, Lebenslauf und Zeugnissen. Alle Unterlagen können im Feld ""Lebenslauf"" hochgeladen werden. Kontakt: Marco Worms HR Business Partner Woodward L'Orange GmbH Porschestraße 8 D-70435 Stuttgart"
Woodward,Repair & Overhaul Technician,JR110061,"Prestwick, UK/Scotland",United Kingdom,,onsite,Mid,unknown,unknown,unknown,workday,N/A,2026-06-13T03:02:11Z,https://woodward.wd5.myworkdayjobs.com/en-US/woodward/job/Prestwick-UKScotland/Repair---Overhaul-Technician_JR110061,"Woodward integrates leading-edge technologies into fuel, combustion, fluid, actuation, and electronic control systems for the aerospace and industrial markets. At Prestwick, we repair and overhaul aircraft engine fuel controls, for customers in Europe, Middle East and Asia. Are you ready to make your mark? If you are interested in becoming a Repair and Overhaul Technician at Woodward Prestwick, we have an exciting opportunity for you! As a Repair and Overhaul Technician, you will play a pivotal role in maintaining the high standards of quality and precision that Woodward is known for in the aerospace industry. You will work under the supervision of an Operations Supervisor, performing essential tasks such as assembly, testing, and inspection of aircraft engines and components, ensuring each product meets the highest operational and engineering specifications. Key Responsibilities: Teardown, Assembly and Test Product: Follows documented procedures to accurately and efficiently teardown, assemble and test product using specified tools and equipment. Process: Coordinates with appropriate members and cross-functional teams to perform analysis, investigation, work scope of product. Quality: Conducts inspections and tests to verify the accuracy and functionality of products and records and maintains data per operating standards. Organization & Cleanliness: Adheres to 5S principles by keeping workstations clean, organized, and free of unnecessary items. Follows established guidelines to ensure tools, materials, and equipment are properly stored and maintained. Safety Mindset: Adheres to all established safety protocols, procedures, and regulatory requirements; maintains mindfulness of self and surrounding work area to promote a safe working environment. Key Skills: Technical Capability: Understands and follows basic technical instructions and standard operating procedures (SOPs). Evaluates product and determines component replacement needs for low-complexity product. Critical Thinking: Identifies gap-to-standard and resolves or escalates them per standard processes/procedures. Mechanical Aptitude: Demonstrates basic understanding of mechanical systems and components. Can tear down, assemble and test products. Uses hand tools and basic equipment safely and effectively. Completes basic changeovers and setups. Team Communication: Communicates effectively with team members and supervisors to support workflow and escalate immediate issues. Adherence to Woodward's Core Values. Time Management: Effectively manages time to complete assigned tasks within established schedules. Adheres to individual schedule. Lean Mindset: Follows lean practices such as 5S and waste reduction. Participates in continuous improvement activities. Production Systems: Understands and adheres to standardized work and escalates when cannot be followed. Actively participates in the daily management system. Computer Skills: Uses basic software (e.g., email, spreadsheets, data entry tools) to complete tasks. Attention to Detail: Ensures precision in tasks to maintain high quality standards. Follows instructions precisely and checks work for accuracy. Collaboration: Works cooperatively with team members to support overall team objectives and workflow and accepts feedback. Woodward’s Diversity, Inclusion and Belonging Commitment At Woodward, no matter where you are from, your physical appearance, or how you identify, you deserve the opportunity to reach your greatest potential. We are on a journey to achieve this as an organization and want to work closely with our members to set the right path. We humbly acknowledge this will be an imperfect journey. Yet, we are steadfastly committed to embracing the power of diverse people, perspectives and experiences for our current members, attracting the best talent across our communities, and creating an inclusive and rewarding workplace for all. Woodward supports our members’ wellbeing and regularly benchmarks with other companies in our industry to offer an extensive Total Reward package for this position. We offer a competitive salary determined by the applicant's education, experience, knowledge, skills, and abilities, as well as internal equity and alignment with market data. Woodward Operations Incentive bonus scheme – target of 7.5% paid quarterly, discretionary. Vacation: We offer new members 29 days holiday plus 4 public holidays. Personal Pension Scheme: All members will be automatically enrolled after month 1 with employer contribution of 9%. Income Protection and Life Assurance: All members after month 1 are enrolled on these schemes, income protection at 60% of salary in cases of long-term absence and 4 times your basic salary for life assurance. Salary Sacrifice: Offers on the latest technology and bike to work scheme. Occupational Health / Wellbeing: Our commitment to enhancing employee wellbeing means we offer private medical insurance (no medical underwriting) and dental cover after six months. You can also add your spouse and family after two years for a reduced contribution. Our employee assistance program (EAP) and annual health assessments include certain blood tests and optional flu vaccines help keep you physically and mentally healthy, and safe whilst at work. Learning & Development: We help assess your development needs in line with the role you perform as well as allowing you to further develop your knowledge. This includes access to online course free of charge via LinkedIn as well as our own internally developed Woodward University and the ability to apply for external personal development courses. Employee Discount Scheme: Our portal give you access to everyday discounts with many high street and online retailers, restaurants, and days out, to help make the most of time spent with family and friends. Highfive Recognition Scheme: It is important to us that our people always feel they receive the recognition they deserve. The Highfive app enables colleagues to personally thank each other as well as mark special occasions. Maternity Leave: We can offer flexible working arrangements and advantageous Maternity Policy. Family Responsibilities Scheme: Paternity, parental, adoption, bereavement, and dependent Leave. We care to ensure that we consider every aspect of your needs."
Woodward,Aerospace Mechanical Technician - 2nd Shift,JR109024,Rockford - Loves Park Campus (LPC),United States of America,,onsite,Mid,us_person,unknown,unknown,workday,N/A,2026-06-13T03:02:15Z,https://woodward.wd5.myworkdayjobs.com/en-US/woodward/job/Rockford---Loves-Park-Campus-LPC/Mechanical-Technician---2nd-Shift_JR109024,"Woodward is committed to creating a great workplace for all team members. Our company and its members are committed to acting with integrity, being respectful and accountable to one another, and staying humble and driven, while maintaining the highest professional and ethical standards. We are steadfastly committed to attracting the best talent across our communities creating a rewarding workplace. Together we are fulfilling our purpose to design and deliver energy control solutions our partners count on to power a clean future. Woodward supports our members’ wellbeing and regularly benchmarks with other companies in our industry to offer an extensive Total Reward package for this position. Salary will be determined by the applicant's education, experience, knowledge, skills, and abilities, as well as internal equity and alignment with market data. Level II: Estimated hourly base pay: $26.44 (minimum) - $34.62 (midpoint) - $42.31 (maximum) All Levels are eligible for the benefits below: All members included in annual cash bonus opportunity. 401(k) match (4.5%) Annual Woodward stock contribution (5%) Tuition reimbursement and Training/Professional Development opportunities for all members 12 paid holidays, including floating holidays. Industry leading medical, dental, and vision Insurance upon date of hire Vacation / Sick Time / Vacation Buy-up / Short Term Disability / Bereavement leave. Paid parental leave. Adoption Assistance Employee Assistance Program, including mental health benefits. Member Life & AD&D / Long Term Disability / Member Optional Life Member referral bonus Spouse / Child Optional Life / Optional AD&D / Healthcare and Dependent Care Flexible Spending Voluntary benefits, including: Home / Auto Insurance discounts Whole Life Insurance / Critical Illness Insurance / Legal Assistance / Military Leave Woodward is hiring multiple Mechanical Technicians to support our Systems Test Facility operations on 2nd shift. Individuals with experience in the aerospace industry and a strong background and working knowledge of hydraulic, mechanical and/or pneumatic systems are highly encouraged to apply! Key Responsibilities: Assembly: Assemble components and systems with increasing complexity. Modify and/or repair components under minimal supervision. Assist in troubleshooting issues. Problem Solving & Troubleshooting: Identify and propose solutions for moderately complex issues with components or systems. Collaborate with stakeholders and implement solution. Testing and Analysis: Conduct moderately complex tests on components and systems with some independence. Record and analyze test results and provide preliminary findings to engineering teams Process Improvement: Suggest improvements to existing processes or tools based on hands-on experience. Participate in creating or updating process documentation. Team Leadership: Act as a resource for entry-level technicians by guiding them on basic tasks and safety procedures. Key Skills: Schematics and Drawings: Capable of independently reading and interpreting moderately complex schematics and drawings. Begins modifying drawings and schematics with guidance. Growing knowledge of assembly and testing processes and geometric tolerancing. Application and Field Use Knowledge: Solid understanding of deployed systems and component operation. Independently applies standard assembly and testing methodologies. Familiar with relevant industry standards. Communication: Develops clear written and verbal communication skills. Able to present findings to internal teams and contribute to discussions about test results. Occasional exposure to customer interactions. Team Leadership: Provides guidance to entry-level technicians on basic tasks. Assists with organizing smaller projects. Process Improvement: Participates in efforts to improve processes or tools. Suggests ideas to enhance efficiency and quality within established systems. Problem Solving: Independently solves moderately complex problems using basic troubleshooting techniques. Begins applying structured methods such as Root Cause Analysis with guidance. Assembly: Independently assembles and modifies moderately complex components and systems. Assists with improving assembly methods. Devices and Tools Used: Proficient in using a range of standard measurement devices for data acquisition and analysis. Begins designing basic fixturing or rigging equipment for assembly and testing. Principles & Data Review: Solid understanding of mechanical principles and their application in moderately complex systems. Independently conducts basic testing and data collection. Testing: Plans and executes moderately complex test strategies with minimal supervision. Provides preliminary analysis and feedback on test results. Additional Requirements: Moderate physical activity requires agility and dexterity, including walking, standing, or bending; and lifting or moving objects up to 20 pounds. Note: Some product lines have heavier lifting requirements due to product type. Ability to stand for entire shift. Work is performed in an area with moderate risk or discomfort that may require special safety precautions, such as wearing protective clothing or gear. May be required to pass Near vision and/or Color vision examinations Successful Candidates Typically Have: Experience performing assembly and testing of fuel system components in an aerospace industry Proficiency in fabrication techniques Working knowledge of hydraulic, pneumatic, mechanical and electrical systems Strong mechanical aptitude and problem-solving abilities A&P License Aerospace manufacturing experience This position requires use of information which is subject to the International Traffic in Arms Regulations (ITAR) and/or the Export Administration Regulations (EAR). All applicants must be U.S. Persons within the meaning of the ITAR and EAR, or eligible to obtain all required authorizations from the U.S. Department of State and/or the U.S. Department of Commerce. The ITAR defines a U.S. Person as a U.S. citizen or national, lawful permanent resident (i.e., 'Green Card holder'), or a protected person (e.g., asylee, or refugee). Woodward is an equal opportunity employer and does not discriminate in hiring or employment on the basis of race, color, religion, sex (including sexual orientation and gender identity), national origin, age, disability, protected veteran status, or any other category protected under federal, state, or local laws."
Woodward,Industriemechaniker (m/w/d) für den Prototypen- und Werkzeugbau,JR110084,"Glatten, DE",United States of America,,onsite,Mid,us_person,unknown,unknown,workday,N/A,2026-06-13T03:02:19Z,https://woodward.wd5.myworkdayjobs.com/en-US/woodward/job/Glatten-DE/Industriemechaniker--m-w-d--fr-den-Prototypen--und-Werkzeugbau_JR110084,"Woodward L'Orange ist als Pionier modernster Technologie auf dem Weg zu nachhaltigen Lösungen: Komponenten und Systeme für die Energiewandlungssysteme der Zukunft. Mit unseren rund 1.300 Mitarbeitern an den Standorten Stuttgart, Glatten, Wolfratshausen und Rellingen entwickeln und produzieren wir ein breites Produktportfolio an Komponenten für die Regelung, Dosierung und Aufbereitung von heutigen und künftigen Kraftstoffen (PTX). Dieses Portfolio umfasst u. A. die Einspritztechnik, einschließlich fortschrittlicher Common-Rail-Technologie. Ihren Einsatz finden unsere Produkte in den modernen Großmotoren und Brennstoffzellen von Schiffen, Kraftwerken, Eisenbahnen und weiteren Anwendungen. Am Standort GLATTEN suchen wir einen Industriemechaniker (m/w/d) für den Prototypen- und Werkzeugbau Ihre Aufgaben: Selbstständiges Rüsten, Einrichten und Bedienen von CNC-gesteuerten Schleifmaschinen Termingerechtes Herstellen von Vorrichtungen und Prototypen an CNC-Maschinen nach Zeichnung Übernahme der Erststück- und Maschinenfreigabe Abstimmung und Ergänzung von Zeichnungen bei Bedarf Prüfung von Vorrichtungen und Prototypen in Hinblick auf Funktionsfähigkeit und Genauigkeit Durchführung von Programmoptimierungen und Datenkorrekturen Ihr Profil: Berufsausbildung zum Industrie- oder Zerspanungsmechaniker oder vergleichbare Ausbildung Mehrjährige Erfahrung im Rüsten und Bedienen von CNC-gesteuerten Metallbearbeitungsmaschinen (z.B. mit Siemens- oder Heidenhain-Steuerung) Selbstständige und systematische Arbeitsweise Einsatzbereitschaft, Flexibilität und Zuverlässigkeit Teamfähigkeit und Lernbereitschaft Bereitschaft zur Schichtarbeit (3-Schicht) Ihre Vorteile: Metalltarif Betriebsrestaurant Umfangreiches Weiterbildungsprogramm Modernes Gesundheits- & Sportangebot Mitarbeiterrabatte Mercedes-Benz-Leasing Rabatte Fahrrad-Leasing Bitte bewerben Sie sich mit einem aussagekräftigen Anschreiben, Lebenslauf und Zeugnissen. Alle Unterlagen können im Feld ""Lebenslauf"" hochgeladen werden. Kontakt: Ute Maier 07443-249-575 Woodward L'Orange GmbH
Rudolf-L'Orange-Straße 1
D-72293 Glatten"
Woodward,Tax Specialist II,JR108719,Fort Collins - Lincoln Campus HQ,United States of America,,hybrid,Mid,us_person,unknown,unknown,workday,N/A,2026-06-13T03:02:23Z,https://woodward.wd5.myworkdayjobs.com/en-US/woodward/job/Fort-Collins---Lincoln-Campus-HQ/Tax-Specialist-II_JR108719,"Woodward is committed to creating a great workplace for all team members. Our company and its members are committed to acting with integrity, being respectful and accountable to one another, and staying humble and driven, while maintaining the highest professional and ethical standards. We are steadfastly committed to attracting the best talent across our communities creating a rewarding workplace. Together we are fulfilling our purpose to design and deliver energy control solutions our partners count on to power a clean future. Woodward supports our members’ wellbeing and regularly benchmarks with other companies in our industry to offer an extensive Total Reward package for this position. Salary will be determined by the applicant's education, experience, knowledge, skills, and abilities, as well as internal equity and alignment with market data. Tax Specialist II: Estimated annual base pay: $72,000(minimum) - $93,000(midpoint) - $115,000(maximum) The following benefits are available to all members: All members included in annual cash bonus opportunity. 401(k) match (4.5%) Annual Woodward stock contribution (5%) Tuition reimbursement and Training/Professional Development opportunities for all members 12 paid holidays, including floating holidays. Industry leading medical, dental, and vision Insurance upon date of hire Vacation / Sick Time / Vacation Buy-up / Short Term Disability / Bereavement leave. Paid parental leave. Adoption Assistance Employee Assistance Program, including mental health benefits. Member Life & AD&D / Long Term Disability / Member Optional Life Member referral bonus Spouse / Child Optional Life / Optional AD&D / Healthcare and Dependent Care Flexible Spending Voluntary benefits, including: Home / Auto Insurance discounts Whole Life Insurance / Critical Illness Insurance / Legal Assistance / Military Leave Key Responsibilities: Use tax software and digital tools (Excel, Alteryx, Power BI, etc.) to compile data, calculate, and prepare workpapers for review. Prepare corporate income tax returns, calculate estimated payments, and compile provision components. Participate in tax research, analysis, and training: A Tax Specialist II in Finance is responsible for conducting basic tax research to ensure compliance with tax laws and regulations and engaging in purposeful training to stay current with changes in tax laws and regulations. Supporting tax audits: A Tax Specialist II in Finance is responsible for assisting with tax audits and providing supportive analysis. Apply understanding of business operations to assess tax implications and support internal stakeholders. Key Skills: Demonstrate strong analytical, organizational, and communication abilities. Capable of setting priorities effectively and performing both independently and collaboratively within a team environment. Possesses knowledge of continuous process improvement and automation methodologies, with proven skill in their implementation. Basic knowledge of tax laws and regulations, including an understanding of basic tax research tools and techniques. Successful Candidates Typically Have: Bachelor’s degree in Accounting or related field; CPA preferred 1-3 years of corporate tax or public accounting experience Solid understanding of U.S. GAAP and corporate tax principles Proficient in tax compliance, provision, and research software; ONESOURCE experience a plus Advanced Microsoft Office skills and familiarity with ERP systems, and general digital tools Experience with Alteryx, Power BI, and/or AI. Application window is anticipated to close 14 days from original posting date. This information is provided in compliance with the Colorado Equal Pay for Equal Work Act and is the company’s good faith and reasonable estimate of the compensation range and benefits offered for this position. The compensation offered to the successful applicant may vary based on factors including experience, skills, education, location, and other job-related reasons. Woodward is an equal opportunity employer and does not discriminate in hiring or employment on the basis of race, color, religion, sex (including sexual orientation and gender identity), national origin, age, disability, protected veteran status, or any other category protected under federal, state, or local laws. #LI-Hybrid"
Woodward,Abschlussarbeit Elektrotechnik / Mechatronik – Weiterentwicklung eines Volumen-Messgeräts (m/w/d),JR110012,"Stuttgart, DE",United States of America,,onsite,Mid,us_person,unknown,unknown,workday,N/A,2026-06-13T03:02:27Z,https://woodward.wd5.myworkdayjobs.com/en-US/woodward/job/Stuttgart-DE/Abschlussarbeit-Elektrotechnik---Mechatronik---Weiterentwicklung-eines-Volumen-Messgerts--m-w-d-_JR110012,"Woodward L'Orange ist als Pionier modernster Technologie auf dem Weg zu nachhaltigen Lösungen: Komponenten und Systeme für die Energiewandlungssysteme der Zukunft. Mit unseren rund 1.300 Mitarbeitern an den Standorten Stuttgart, Glatten, Wolfratshausen und Rellingen entwickeln und produzieren wir ein breites Produktportfolio an Komponenten für die Regelung, Dosierung und Aufbereitung von heutigen und künftigen Kraftstoffen (PTX). Dieses Portfolio umfasst u. A. die Einspritztechnik, einschließlich fortschrittlicher Common-Rail-Technologie. Ihren Einsatz finden unsere Produkte in den modernen Großmotoren und Brennstoffzellen von Schiffen, Kraftwerken, Eisenbahnen und weiteren Anwendungen. Ihre Aufgaben: Analyse und Dokumentation des bestehenden Volumenmessgeräts (Sensorik, Aktorik, Steuerung) Auswahl und Validierung geeigneter Sensoren, Aktoren sowie Steuerungselektronik Entwicklung von Hardwarekomponenten (z. B. Platinenlayout) inklusive Bauteilauswahl und Test Entwicklung oder Anpassung der Steuerungssoftware inkl. Ablaufsteuerung und Diagnoseschnittstellen Durchführung von Vergleichsmessungen zwischen bestehendem und modernisiertem System Ihr Profil: Laufendes Studium im Bereich Mechatronik, Elektrotechnik, Maschinenbau oder vergleichbarer Studiengang Grundkenntnisse in Mess‑ und Sensortechnik sowie Steuerungs‑/Regelungstechnik Erste Erfahrungen im Bereich Embedded Systems, Leiterplattenentwicklung oder Softwareentwicklung von Vorteil Analytische, strukturierte Arbeitsweise und Motivation zur technischen Problemlösung Interesse an Einspritzsystemen, Prüfstandstechnik und modernen Entwicklungsprozesse Gute Englischkenntnisse in Wort und Schrift Ihre Vorteile: Betriebsrestaurant Umfangreiches Weiterbildungsprogramm Modernes Gesundheits- & Sportangebot Mercedes-Benz-Leasing Rabatte Fahrrad-Leasing Bitte bewerben Sie sich mit einem aussagekräftigen Anschreiben, Lebenslauf und Zeugnissen. Alle Unterlagen können im Feld ""Lebenslauf"" hochgeladen werden. Kontakt: Marco Worms HR Business Partner Woodward L'Orange GmbH Porschestraße 8 D-70435 Stuttgart"
Woodward,Praktikum Produktentwicklung / Design Engineering (m/w/d),JR110243,"Stuttgart, DE",United States of America,,onsite,Mid,us_person,unknown,unknown,workday,N/A,2026-06-13T03:02:31Z,https://woodward.wd5.myworkdayjobs.com/en-US/woodward/job/Stuttgart-DE/Praktikum-Produktentwicklung---Design-Engineering--m-w-d-_JR110243-1,"Woodward L'Orange ist als Pionier modernster Technologie auf dem Weg zu nachhaltigen Lösungen: Komponenten und Systeme für die Energiewandlungssysteme der Zukunft. Mit unseren rund 1.200 Mitarbeitern an den Standorten Stuttgart, Glatten, Wolfratshausen und Rellingen entwickeln und produzieren wir ein breites Produktportfolio an Komponenten für die Regelung, Dosierung und Aufbereitung von heutigen und künftigen Kraftstoffen (PTX). Dieses Portfolio umfasst u. A. die Einspritztechnik, einschließlich fortschrittlicher Common-Rail-Technologie. Ihren Einsatz finden unsere Produkte in den modernen Großmotoren und Brennstoffzellen von Schiffen, Kraftwerken, Eisenbahnen und weiteren Anwendungen. Für den Bereich Produktentwicklung / Desing Engineering suchen wir einen Studierenden (m/w/d) der die Abteilung im Rahmen eines Praktikums (Pflicht oder freiwillig oder in Kombination) für 6 Monate unterstützt. Ihre Aufgaben: Mitarbeit bei der Entwicklung neuer Konzepte und Produkte Konstruktion von Bauteilen und Baugruppen in 3D-CAD (Creo CAD) Erstellung technischer Zeichnungen und Dokumentationen Durchführung von Bauteilberechnungen, Bauraumuntersuchungen und Machbarkeitsanalysen Recherche zu Materialien, Fertigungsverfahren und technischen Lösungen Enge Zusammenarbeit im Team Konstruktion / Produktentwicklung sowie angrenzenden Bereichen wie Validierung und Vorentwicklung Ihr Profil: Laufendes Studium im Bereich Maschinenbau, Mechatronik, Produktentwicklung, Technisches Design oder vergleichbare Studiengänge Grundkenntnisse in CAD-Konstruktion Technisches Verständnis und analytisches Denken Freude an kreativen Lösungen und strukturiertem Arbeiten Hohe Eigeninitiative und Teamfähigkeit ​Ihre Vorteile: Betriebsrestaurant Umfangreiches Weiterbildungsprogramm Modernes Gesundheits- & Sportangebot Mercedes-Benz-Leasing Rabatte Fahrrad-Leasing Bitte bewerben sich gern mit einem aussagekräftigen Anschreiben, Lebenslauf und Zeugnissen. Alle Unterlagen können im Feld ""Lebenslauf"" hochgeladen werden. Kontakt: Marco Worms Woodward L'Orange GmbH Porschestraße 8 70435 Stuttgart"
Woodward,Ferienaushilfen (m/w/d) für die Produktion,JR110133,"Glatten, DE",United States of America,,onsite,Mid,us_person,unknown,unknown,workday,N/A,2026-06-13T03:02:35Z,https://woodward.wd5.myworkdayjobs.com/en-US/woodward/job/Glatten-DE/Ferienaushilfen--m-w-d--fr-die-Produktion_JR110133,"Woodward L'Orange ist als Pionier modernster Technologie auf dem Weg zu nachhaltigen Lösungen: Komponenten und Systeme für die Energiewandlungssysteme der Zukunft. Mit unseren rund 1.300 Mitarbeitern an den Standorten Stuttgart, Glatten, Wolfratshausen und Rellingen entwickeln und produzieren wir ein breites Produktportfolio an Komponenten für die Regelung, Dosierung und Aufbereitung von heutigen und künftigen Kraftstoffen (PTX). Dieses Portfolio umfasst u. A. die Einspritztechnik, einschließlich fortschrittlicher Common-Rail-Technologie. Ihren Einsatz finden unsere Produkte in den modernen Großmotoren und Brennstoffzellen von Schiffen, Kraftwerken, Eisenbahnen und weiteren Anwendungen. Am Standort GLATTEN suchen wir Ferienaushilfen (m/w/d) für die Produktion In den Sommerferien (mindestens für 3 Wochen) Bereitschaft zur Schichtarbeit (3-Schicht) Mindestalter 18 Jahre Bitte bewerben Sie sich mit einem kurzen Anschreiben, mit Angabe des gewünschten Zeitraums, Lebenslauf und aktuellem Zeugnis. Sie können ALLE Unterlagen im Feld ""Lebenslauf"" hinzufügen. Woodward L'Orange GmbH
Rudolf-L'Orange-Straße 1
D-72293 Glatten"
Woodward,Test Technician,JR109861,"Peterborough, Ontario, Canada",Canada,,onsite,Mid,unknown,unknown,unknown,workday,N/A,2026-06-13T03:02:39Z,https://woodward.wd5.myworkdayjobs.com/en-US/woodward/job/Peterborough-Ontario-Canada/Test-Technician_JR109861,"Starting wage is $24.00 per hour - Plus shift premium and overtime All Levels are eligible for the benefits below: All members included in annual bonus opportunity. Pension – With Company Match
Medical, Dental, and Vision Insurance
Short Term Disability
Employee Assistance Program
Member Life & AD&D /Short Term Disability/ Long Term Disability / Member Optional Life Are you ready to make your mark? If you’re a Test Technician, we have an exciting opportunity for you. Validate conformance to product specifications and analyze systems using production test procedures and equipment. Support the development and implementation of test procedures, and equipment maintenance and acquisition plans in conjunction with Engineering and the Test Lab Supervisor. Provide analytical details on product issues identified during test procedures, including root cause analysis and suggest possible corrective actions. What You Will Be Doing Execution of all test procedures on product in accordance with approved documentation.
Perform Environmental Stress Screening per test procedures and support Engineering Qualification & Development Testing.
Create and issue internal documentation to facilitate rework/repair of failed assemblies.
Create and issue detailed non-conformance reports for products failing test.
Complete and maintain entries in the Defect Collection Database.
Visual identification and analysis of circuit board and unit faults/defects.
Troubleshooting of printed circuit board and assembly failures to determine root cause and implement corrective actions using various analytical tools such as 8D, 5Y, PDCA, etc.
Support the development and verification of written test procedures with Engineering.
Validation of drawing and schematic integrity, including submission of recommendations for documentation +/or process corrections through interface with Engineering, Process Specialists and the Test Lab Supervisor.
Perform and support the development of Preventative Maintenance procedures based on analysis of maintenance log information and equipment manufacturer recommendations.
Fabrication, maintenance, repair and calibration of test sets and other equipment in accordance with associated documentation.
Investigate equipment requirements, recommend capital acquisitions for replacement, prepare expenditure requests, assist Procurement +/or the Test Lab Supervisor with sourcing, and the creation of CAPEX documentation in support of proposal(s).
Assist Quality Assurance with the collection and preparation of product test yield data.
Work with Process team to identify Manufacturing process improvement opportunities.
Support responses to internal CAR's (Corrective Action Requests) stemming from internal process audits Responses include 5Y analysis of audit finding and CAR Evaluations.
Responsible to ensure building is secure at end of 2nd shift or after accessing on weekend/overtime.
Additional administrative duties as assigned. What We Are Looking For Post-Secondary Degree/Diploma in Electrical Engineering Technician/Technologist or equivalent.
Excellent interpersonal, communication, organizational, computer, coaching and facilitation skills.
An innovative ‘take charge' attitude coupled with solid decision making, leadership and a desire to utilize professional knowledge and share ideas.
Ability to work with minimal supervision in a fast pace team environment, support other team members, and liaise with other departments when necessary.
Self-confident, results orientated individual with excellent technical skills.
Good Excel, Word and E-Mail/Internet skills.
Strong Root Cause/Analytical skills, and experience with Pareto, 8D and 5-Why methodology an asset. Woodward Canada Inc is committed to an inclusive, accessible, and equitable recruitment process in accordance with the Ontario Human Rights Code and the Accessibility for Ontarians with Disabilities Act (AODA). Accommodations are available upon request throughout the hiring process. This recruitment process uses artificial intelligence tools to assist in screening or assessing applicants; however, all hiring decisions are made by human reviewers. In compliance with Ontario’s pay transparency requirements, the compensation information provided reflects the expected range for this role. We do not request or consider past compensation. Woodward Canada Inc is an equal opportunity employer and welcomes applicants from diverse backgrounds. We thank all applicants for their interest; only those selected for an interview will be contacted."
Woodward,Manufacturing Operator,JR109863,"Peterborough, Ontario, Canada",Canada,,onsite,Mid,unknown,unknown,unknown,workday,N/A,2026-06-13T03:02:43Z,https://woodward.wd5.myworkdayjobs.com/en-US/woodward/job/Peterborough-Ontario-Canada/Manufacturing-Operator_JR109863,
Woodward,Helpdesk (Tech Support Engineer),JR109479,"Makuhari, JP",United States of America,,onsite,Mid,unknown,unknown,unknown,workday,N/A,2026-06-13T03:02:47Z,https://woodward.wd5.myworkdayjobs.com/en-US/woodward/job/Makuhari-JP/Helpdesk--Tech-Support-Engineer-_JR109479,"日本語が必須のポジションになります/Japanese proficiency with native level is a must.
・勤務場所/Working Place
千葉県千葉市美浜区中瀬2-6-1 WBGﾏﾘﾌﾞｳｴｽﾄ19Fです。
WBG Marive West 19F, 2-6-1 Nakase, Mihama-ku, Chiba-shi, Chiba
・求人内容についてのご質問は下記までお問い合わせください。/If any questions, please contact:
email: Chiba.HR@woodward.com
尚、ご応募の際は日・英両方のレジュメをご提出くださいます様お願いします。
Please submit your resume both in Japanese and English. Key Responsibilities: Technical Design and Development: Designs and develops electrical systems and components using current technologies to meet project goals and industry standards. Problem Analysis and Resolution: Analyzes technical issues and implements solutions for moderately complex electrical problems, ensuring efficient and effective performance. Collaboration and Team Support: Partners with crossfunctional teams to integrate electrical solutions and provides informal guidance to new team members to enhance team productivity. Process Improvement: Identifies opportunities to enhance engineering processes and contributes to the continuous improvement of project workflows and quality standards. Technical Documentation and Reporting: Prepares detailed technical documentation and reports to communicate project progress, system designs, and troubleshooting procedures to stakeholders. Key Skills: Electrical Systems Design: Proficient in designing and analyzing electrical systems with good understanding of component function and testing. Technical ProblemSolving: Ability to analyze and resolve moderately complex electrical engineering issues. Industry Standards Knowledge: Familiarity with electrical engineering standards and best practices, such as DFSS tools and methodologies. Project Coordination: Skilled in coordinating technical assignments and managing project tasks. Effective Communication: Proficient in conveying complex technical information clearly and succinctly. Team Collaboration: Adept at building productive working relationships with internal and external teams. Technical Documentation: Competent in preparing and maintaining detailed technical documentation. Business Acumen: Understanding of key business drivers and applying this knowledge to engineering tasks. Mentorship: Ability to provide informal guidance and support to new team members. Systems Analysis: Skilled in analyzing systems and data to develop engineering solutions, with competent skills in problem solving and trouble-shooting.. Other Qualifications: 4 Year Bachelors BS degree Customer support for general\specific questionaries and trouble shoot.
Product problem investigation and repair service support.
Field Service Coordination."
Woodward,Initiativbewerbung Werk Wolfratshausen (m/w/d),JR109697,"Wolfratshausen, DE",United States of America,,onsite,Mid,us_person,unknown,unknown,workday,N/A,2026-06-13T03:02:51Z,https://woodward.wd5.myworkdayjobs.com/en-US/woodward/job/Wolfratshausen-DE/Initiativbewerbung-Werk-Wolfratshausen--m-w-d-_JR109697,"Woodward L'Orange ist als Pionier modernster Technologie auf dem Weg zu nachhaltigen Lösungen: Komponenten und Systeme für die Energiewandlungssysteme der Zukunft. Mit unseren rund 1.300 Mitarbeitern an den Standorten Stuttgart, Glatten, Wolfratshausen und Rellingen entwickeln und produzieren wir ein breites Produktportfolio an Komponenten für die Regelung, Dosierung und Aufbereitung von heutigen und künftigen Kraftstoffen (PTX). Dieses Portfolio umfasst u. A. die Einspritztechnik, einschließlich fortschrittlicher Common-Rail-Technologie. Ihren Einsatz finden unsere Produkte in den modernen Großmotoren und Brennstoffzellen von Schiffen, Kraftwerken, Eisenbahnen und weiteren Anwendungen. Wir sind regelmäßig auf der Suche nach neuen Mitarbeiter*innen in der Produktion (Anlagenbediener / Industriemechaniker) für unser Werk in Wolfratshausen.
Bewerben Sie sich gern mit einem aussagekräftigen Anschreiben mit Angabe des gewünschten Tätigkeitsbereiches, Lebenslauf und Zeugnissen. Alle Unterlagen können als Bewerbungsmappe im Feld ""Lebenslauf"" hochgeladen werden. Ihre Vorteile: Metalltarif Betriebsrestaurant Umfangreiches Weiterbildungsprogramm Modernes Gesundheits- & Sportangebot Mitarbeiterrabatte Mercedes-Benz-Leasing Rabatte Fahrrad-Leasing Woodward L'Orange GmbH
Hans-Urmiller-Ring 19a
D-82515 Wolfratshausen"
Woodward,Elektriker/Elektroniker/Mechatroniker (m/w/d) – Bereich: Engineering,JR109456,"Aken (Elbe), DE",United States of America,,onsite,Mid,us_person,unknown,unknown,workday,N/A,2026-06-13T03:02:55Z,https://woodward.wd5.myworkdayjobs.com/en-US/woodward/job/Aken-Elbe-DE/Elektriker-Elektroniker-Mechatroniker--m-w-d----Bereich--Engineering_JR109456,"Für unseren Standort in Aken (Elbe) suchen wir einen Elektriker/ Elektroniker/ Mechatroniker (m/w/d) als Engineering Development Technician. Sie unterstützen unser Engineering-Team bei der Betreuung von verschiedenen Prüfständen für die Erprobung von Einspritzsystemen sowie bei unterschiedlichsten Projekten im Bereich Entwicklung und Prozesse. Ihre Aufgaben Fehlersuche, Modifikationen und Wartung von Prüfständen Sensorkalibrierung und Tausch von elektronischen bzw. mechanischen Komponenten Mitarbeit am Aufbau von elektronischen Schaltschränken; Neuverkabelung von Sensorik und Aktuatorik Dokumentation und Revision von Schaltplänen Ihre Qualifikation Eine abgeschlossene technische Berufsausbildung als Mechatroniker (m/w/d), Elektriker (m/w/d) oder Elektroniker (m/w/d) oder eine vergleichbare Ausbildung Elektronische, elektrische und mechanische Kenntnisse inklusive Lesen und Anpassen von Schaltplänen Kenntnisse im Umgang mit Elektromotoren; Kenntnisse in der Programmierung von SPS-Steuerungen sind wünschenswert Grundlegende PC-Kenntnisse setzen wir voraus und Englischkenntnisse sind vorteilhaft. Ihre Vorteile Ein angenehmes und teamorientiertes Arbeitsklima in einem internationalen Umfeld Eine attraktive Vergütung und Teilnahme am Konzernbonusplan 30 Tage Jahresurlaub und flexible Arbeitszeiten Zuschüsse zur betrieblichen Altersvorsorge oder vermögenswirksame Leistungen und eine kostenfreie Gruppenunfallversicherung Externe und interne Weiterbildungsmöglichkeiten sowie regelmäßige Maßnahmen zur Gesundheitsförderung und Mitarbeiterevents Über Woodward Woodward ist weltweit führend in der Entwicklung, Herstellung und Wartung von Energieumwandlungs- und –steuerungslösungen für die Luft- und Raumfahrt sowie den Industrieanlagenmarkt. Bewerben Sie sich gerne direkt online auf www.woodward.com/careers Kontakt: Anita Nestler E-Mail: Akenhr@woodward.com"
Woodward,CNC-Maschinenbediener/ Zerspanungsmechaniker (m/w/d),JR106754,"Aken (Elbe), DE",United States of America,,onsite,Mid,us_person,unknown,unknown,workday,N/A,2026-06-13T03:02:59Z,https://woodward.wd5.myworkdayjobs.com/en-US/woodward/job/Aken-Elbe-DE/CNC-Maschinenbediener--Zerspanungsmechaniker--m-w-d-_JR106754-1,"Für unseren Standort in Aken (Elbe) suchen wir einen CNC-Maschinenbediener (m/w/d) für den Produktionsbereich Hartbearbeitung. Ihre Aufgaben Einrichten und Bedienen von CNC-gesteuerten Schleifmaschinen Qualitätsgerechte Herstellung von form- und maßgenauen Bauteilen nach Arbeitsunterlagen und Arbeitsanweisungen Durchführung der Qualitätskontrolle und Prüfung auf Maßhaltigkeit unter Anwendung von moderner Messtechnik sowie Erfassen und Dokumentieren von Messdaten Kontrolle des Fertigungsprozesses und Lenkung fehlerhafter Teile sowie Unterstützung bei der Behebung von Fehlern oder Störungen in Zusammenarbeit mit internen Fachabteilungen Ihre Qualifikation Eine abgeschlossene Berufsausbildung als Zerspanungsmechaniker (m/w/d) oder eine vergleichbare Ausbildung in einem metallverarbeitenden Beruf Solide Fähigkeiten in der Metallverarbeitung und spanabhebenden Fertigung, idealerweise Erfahrungen mit Fanuc-Steuerungen Sicherer Umgang mit Messtechnik und MS-Office Anwendungen Selbständige Arbeitsweise, Teamfähigkeit, Qualitätsbewusstsein und Bereitschaft zur Arbeit im Mehrschichtsystem Ihre Vorteile Ein angenehmes und teamorientiertes Arbeitsklima in einem internationalen Umfeld Eine attraktive Vergütung und Teilnahme am Konzernbonusplan 30 Tage Jahresurlaub Zuschüsse zur betrieblichen Altersvorsorge oder vermögenswirksame Leistungen und eine kostenfreie Gruppenunfallversicherung Externe und interne Weiterbildungsmöglichkeiten sowie regelmäßige Maßnahmen zur Gesundheitsförderung und Mitarbeiterevents Über Woodward Woodward ist weltweit führend in der Entwicklung, Herstellung und Wartung von Energieumwandlungs- und –steuerungslösungen für die Luft- und Raumfahrt sowie den Industrieanlagenmarkt."
Woodward,Anlagenbediener (m/w/d),JR106561,"Glatten, DE",United States of America,,onsite,Mid,us_person,unknown,unknown,workday,N/A,2026-06-13T03:03:03Z,https://woodward.wd5.myworkdayjobs.com/en-US/woodward/job/Glatten-DE/Anlagenbediener--m-w-d-_JR106561-1,"Woodward L'Orange ist als Pionier modernster Technologie auf dem Weg zu nachhaltigen Lösungen: Komponenten und Systeme für die Energiewandlungssysteme der Zukunft. Mit unseren rund 1.300 Mitarbeitern an den Standorten Stuttgart, Glatten, Wolfratshausen und Rellingen entwickeln und produzieren wir ein breites Produktportfolio an Komponenten für die Regelung, Dosierung und Aufbereitung von heutigen und künftigen Kraftstoffen (PTX). Dieses Portfolio umfasst u. A. die Einspritztechnik, einschließlich fortschrittlicher Common-Rail-Technologie. Ihren Einsatz finden unsere Produkte in den modernen Großmotoren und Brennstoffzellen von Schiffen, Kraftwerken, Eisenbahnen und weiteren Anwendungen. Ihre Aufgaben: Selbstständiges Bedienen und Rüsten von CNC-Bearbeitungsmaschinen oder Sonderanlagen Einstellen von Maschinenparametern Durchführung Erststück- und Maschinenfreigabe Selbständiges Analysieren und Beseitigen von Störungen und Fehlern Werkzeugüberwachung Durchführung von Wartungs- und Reinigungsarbeiten Messen und Prüfen im Rahmen der Werkerselbstkontrolle Ihr Profil: Abgeschlossene technische Berufsausbildung oder langjährige Erfahrung als Anlagenbediener Selbstständige und systematische Arbeitsweise Flexibilität, Belastbarkeit und pragmatischer Umgang mit den täglichen Aufgaben Genauigkeit und Qualitätsbewusstsein Teamfähigkeit und Lernbereitschaft Bereitschaft zur Schichtarbeit (3-Schicht) Ihre Vorteile: Metalltarif Betriebsrestaurant Umfangreiches Weiterbildungsprogramm Modernes Gesundheits- & Sportangebot Mitarbeiterrabatte Mercedes-Benz-Leasing Rabatte Fahrrad-Leasing Bitte bewerben Sie sich mit einem aussagekräftigen Anschreiben, Lebenslauf und Zeugnissen. Alle Unterlagen können im Feld ""Lebenslauf"" hochgeladen werden. Woodward L'Orange GmbH Rudolf-L'Orange-Straße 1
D-72293 Glatten"
Woodward,Montagefachkraft (m/w/d),JR106753,"Glatten, DE",United States of America,,onsite,Mid,us_person,unknown,unknown,workday,N/A,2026-06-13T03:03:07Z,https://woodward.wd5.myworkdayjobs.com/en-US/woodward/job/Glatten-DE/Montagefachkraft--m-w-d-_JR106753,"Woodward L'Orange ist als Pionier modernster Technologie auf dem Weg zu nachhaltigen Lösungen: Komponenten und Systeme für die Energiewandlungssysteme der Zukunft. Mit unseren rund 1.300 Mitarbeitern an den Standorten Stuttgart, Glatten, Wolfratshausen und Rellingen entwickeln und produzieren wir ein breites Produktportfolio an Komponenten für die Regelung, Dosierung und Aufbereitung von heutigen und künftigen Kraftstoffen (PTX). Dieses Portfolio umfasst u. A. die Einspritztechnik, einschließlich fortschrittlicher Common-Rail-Technologie. Ihren Einsatz finden unsere Produkte in den modernen Großmotoren und Brennstoffzellen von Schiffen, Kraftwerken, Eisenbahnen und weiteren Anwendungen. Ihre Aufgaben: Montieren von Baugruppen nach Vorgabe der Arbeitsunterlagen Prüfung der Baugruppen (Dichtheitsprüfung) Prüfstandstätigkeit und Abnahme der produzierten/montierten Teile Dokumentieren im Rahmen der Werkerselbstkontrolle Beheben von Störungen Ihr Profil: Ausbildung/Umschulung in einem Metall-/Kfz-Beruf oder vergleichbare Ausbildung Systematische Arbeitsweise Genauigkeit und Qualitätsbewusstsein Lernbereitschaft Teamfähigkeit Bereitschaft zur Schichtarbeit (3-Schichten) Ihre Vorteile: Metalltarif Betriebsrestaurant Umfangreiches Weiterbildungsprogramm Modernes Gesundheits- & Sportangebot Mitarbeiterrabatte Mercedes-Benz-Leasing Rabatte Fahrrad-Leasing Bitte bewerben Sie sich mit einem aussagekräftigen Anschreiben, Lebenslauf und Zeugnissen. Alle Unterlagen können im Feld ""Lebenslauf"" hochgeladen werden. Woodward L'Orange GmbH
Rudolf-L'Orange-Straße 1
D-72293 Glatten"
Woodward,Aerospace Software Embedded Engineering Director,JR108891,"Niles, IL, US",United States of America,,onsite,Director,us_person,unknown,unknown,workday,N/A,2026-06-13T03:03:11Z,https://woodward.wd5.myworkdayjobs.com/en-US/woodward/job/Niles-IL-US/Aerospace-Software-Embedded-Engineering-Director_JR108891,"Woodward is committed to creating a great workplace for all team members. Our company and its members are committed to acting with integrity, being respectful and accountable to one another, and staying humble and driven, while maintaining the highest professional and ethical standards. We are steadfastly committed to attracting the best talent across our communities, creating a rewarding workplace. Together we are fulfilling our purpose to design and deliver energy control solutions our partners count on to power a clean future. Woodward supports our members’ wellbeing and regularly benchmarks with other companies in our industry to offer an extensive Total Reward package for this position. Salary will be determined by the applicant's education, experience, knowledge, skills, and abilities, as well as internal equity and alignment with market data. Estimated annual base pay: $184,000 (minimum) - $230,000 (midpoint) - $276,000 (maximum) All members included in annual cash bonus opportunity 401(k) match (4.5%)
Annual Woodward stock contribution (5%) & Annual Time Based Equity (Stock)
Tuition reimbursement and Training/Professional Development opportunities for all members 12 paid holidays
Industry leading medical, dental, and vision Insurance upon date of hire
Vacation / Sick Time / Vacation Buy-up / Short Term Disability / Bereavement leave Paid parental leave
Adoption Assistance Employee Assistance Program, including mental health benefits Member Life & AD&D / Long Term Disability / Member Optional Life Member referral bonus Spouse / Child Optional Life / Optional AD&D / Healthcare and Dependent Care Flexible Spending Voluntary benefits, including: Home / Auto Insurance discounts Whole Life Insurance / Critical Illness Insurance / Legal Assistance / Military Leave Ready to Lead and Innovate? If you’re a visionary Director of Engineering with a passion for software and a drive to shape the future of aerospace technology, this is your opportunity to make an impact at a global scale. As Director of Engineering, you’ll lead a high-performing organization that designs, develops, and sustains cutting-edge products and systems for commercial aerospace. Reporting directly to the VP of Engineering, you’ll set the strategic direction, influence technical excellence, and guide a global team of 80+ talented software engineers. Your leadership will ensure compliance with the most rigorous standards—DO-178 DAL A and MIL-STD-882—while fostering innovation and breakthrough solutions. Why This Role Matters Shape the Future: Drive systemic improvements and establish a strong design culture that delivers world-class, compliant products.
Lead at Scale: Mentor and inspire a global team, championing career growth and aligning engineering excellence with organizational goals.
Strategic Influence: Own product roadmaps, budgets, and infrastructure planning while representing the company at industry events and shaping competitive strategies.
Innovate Relentlessly: Apply Design for Six Sigma, lean principles, Novel Agile Methodologies, and cutting-edge methods to eliminate waste and accelerate innovation. What You’ll Bring Proven leadership in software engineering and organizational management.
Expertise in aerospace development standards and quality systems.
Strong technical depth combined with financial acumen and market insight.
Exceptional communication and stakeholder influence skills.
Bachelor’s degree in electrical engineering This isn’t just a job—it’s a chance to leave your mark on the next generation of aerospace technology while leading a team that thrives on collaboration, innovation, and excellence. This position requires use of information which is subject to the International Traffic in Arms Regulations (ITAR) and/or the Export Administration Regulations (EAR). All applicants must be U.S. Persons within the meaning of the ITAR and EAR, or eligible to obtain all required authorizations from the U.S. Department of State and/or the U.S. Department of Commerce. The ITAR defines a U.S. Person as a U.S. citizen or national, lawful permanent resident (i.e., 'Green Card holder'), or a protected person (e.g., asylee, or refugee). Woodward is an Equal Opportunity Employer EO/AA/M/F/Disabled/Protected Veterans #LI-AT1"
Woodward,Ingenieur Mechatronik (m/w/d) - Steuerungs- und Regelungstechnik,JR107646,"Stuttgart, DE",United States of America,,onsite,Mid,us_person,unknown,unknown,workday,N/A,2026-06-13T03:03:15Z,https://woodward.wd5.myworkdayjobs.com/en-US/woodward/job/Stuttgart-DE/Ingenieur-Mechatronik--m-w-d----Steuerungs--und-Regelungstechnik_JR107646,"Woodward L'Orange ist als Pionier modernster Technologie auf dem Weg zu nachhaltigen Lösungen: Komponenten und Systeme für die Energiewandlungssysteme der Zukunft. Mit unseren rund 1.200 Mitarbeitern an den Standorten Stuttgart, Glatten, Wolfratshausen und Rellingen entwickeln und produzieren wir ein breites Produktportfolio an Komponenten für die Regelung, Dosierung und Aufbereitung von heutigen und künftigen Kraftstoffen (PTX). Dieses Portfolio umfasst u. A. die Einspritztechnik, einschließlich fortschrittlicher Common-Rail-Technologie. Ihren Einsatz finden unsere Produkte in den modernen Großmotoren und Brennstoffzellen von Schiffen, Kraftwerken, Eisenbahnen und weiteren Anwendungen. Ihre Aufgaben: Entwicklung, Auslegung und Optimierung von Steuerungs- und Regelungssystemen für Einspritzsystem-Komponenten für PtX-Anwendungen Definition von Lastenheften, Integration und Validierung von mechatronischen Systemen mit internationalen Entwicklungspartnern Durchführung von Systemanalysen, Tests und Inbetriebnahmen an Prüfständen und im Feld Zusammenarbeit mit interdisziplinären Teams aus Mechanik, Elektronik und Softwareentwicklung Unterstützung von Kunden vor Ort für erste Inbetriebnahmen und Verbesserungen Erstellung von Dokumentationen und Funktionsbeschreibungen Ihr Profil: Abgeschlossenes Studium im Bereich Mechatronik, Elektrotechnik, Automatisierungstechnik, oder vergleichbar Mehrjährige Berufserfahrung im Bereich Steuerungs- und Regelungstechnik von Systemen Fundierte Kenntnisse in Hydraulik, Aktorik, Sensorik und Signalverarbeitung Erfahrung mit Steuerungs- und Simulationstools (z. B. MATLAB/Simulink) Praktische Programmierkenntnisse in Python und Powershell Erfahrungen mit Marine- and Sicherheitsstandards (SIL, ISO 26262) von Vorteil Strukturierte, analytische und lösungsorientierte Arbeitsweise Gute Deutsch- und Englischkenntnisse in Wort und Schrift ​Ihre Vorteile: Metalltarif Betriebsrestaurant Umfangreiches Weiterbildungsprogramm Modernes Gesundheits- & Sportangebot Mercedes-Benz-Leasing Rabatte Fahrrad-Leasing Bitte bewerben sich gern mit einem aussagekräftigen Anschreiben, Lebenslauf und Zeugnissen. Alle Unterlagen können im Feld ""Lebenslauf"" hochgeladen werden. Kontakt: Marco Worms Woodward L'Orange GmbH Porschestraße 8 70435 Stuttgart"
Woodward,SAP ERP Analyst (M/W/D) Supply Chain Management,JR108258,"Glatten, DE",United States of America,,onsite,Mid,us_person,unknown,unknown,workday,N/A,2026-06-13T03:03:19Z,https://woodward.wd5.myworkdayjobs.com/en-US/woodward/job/Glatten-DE/SAP-ERP-Analyst--M-W-D--Supply-Chain-Management_JR108258,"Woodward L'Orange ist als Pionier modernster Technologie auf dem Weg zu nachhaltigen Lösungen: Komponenten und Systeme für die Energiewandlungssysteme der Zukunft. Mit unseren rund 1.100 Mitarbeitern an den Standorten Stuttgart, Glatten, Wolfratshausen und Rellingen entwickeln und produzieren wir ein breites Produktportfolio an Komponenten für die Regelung, Dosierung und Aufbereitung von heutigen und künftigen Kraftstoffen (PTX). Dieses Portfolio umfasst u. A. die Einspritztechnik, einschließlich fortschrittlicher Common-Rail-Technologie. Ihren Einsatz finden unsere Produkte in den modernen Großmotoren und Brennstoffzellen von Schiffen, Kraftwerken, Eisenbahnen und weiteren Anwendungen. Ihre Aufgaben Analyse der Geschäftsprozesse, Erkennen und Implementieren von Optimierungspotentialen im Supply Chain Umfeld Empfehlungen von Prozess- und Systemverbesserungen, sowie die Gestaltung einheitlicher Geschäftsprozesse Primäre Kontaktperson für Supply Chain Themen, bei Anforderungen im SAP-Umfeld und darüber hinaus für SAP Key User bei der Umsetzung, Implementierung und dem Customizing IT-Projekt Lead und Zusammenarbeit in Projekten mit den Fachbereichen, der Global IT und Drittanbietern Koordinierung von Projektaufgaben, u.a. Tasks, System Integration Tests, Anwendertests und Erstellung von Dokumentationen Integration und Implementierung von Systemlösungen Ihr Profil Abgeschlossenes Studium der (Wirtschafts-) Informatik oder eine vergleichbare Ausbildung Solide Erfahrung im Bereich SAP ERP-Systeme und IT- bzw. Business-Prozessen Kenntnisse im Bereich SAP MM und weitere Module wie Supply Chain, Procurement, Ariba, S/4 Hana, Source To Pay Kenntnisse wünschenswert Gute Kenntnisse in der Prozessentwicklung/-gestaltung und im Projektmanagement Ergebnisorientierte, selbständige und verantwortungsbewusste Arbeitsweise Kommunikationsstärke, Teamorientierung und Durchsetzungsfähigkeit Gute Englischkenntnisse Ihre Vorteile: Metalltarif Betriebsrestaurant Umfangreiches Weiterbildungsprogramm Modernes Gesundheits- & Sportangebot Mitarbeiterrabatte Mercedes-Benz-Leasing Rabatte Fahrrad-Leasing Home Office Bitte bewerben sich mit einem aussagekräftigen Anschreiben, Lebenslauf und Zeugnissen. Alle Unterlagen können im Feld ""Lebenslauf"" hochgeladen werden. Kontakt: Stefan Müller 07443-249-0 Woodward L‘Orange GmbH Rudolf-L‘Orange-Str. 1 72293 Glatten"
Woodward,Test Technician,JR107282,"Peterborough, Ontario, Canada",Canada,,remote,Mid,unknown,unknown,unknown,workday,N/A,2026-06-13T03:03:23Z,https://woodward.wd5.myworkdayjobs.com/en-US/woodward/job/Peterborough-Ontario-Canada/Test-Technician_JR107282,"Key Responsibilities: Assemble Product: Follows documented procedures to accurately and efficiently assemble product components using specified tools and equipment. Test Product: Follows documented procedures to accurately and efficiently test product using specified tools and equipment, Quality: Conducts inspections and tests to verify the accuracy and functionality of products and records and maintains data per operating standards. Organization & Cleanliness: Adheres to 5S principles by keeping workstations clean, organized, and free of unnecessary items. Follows established guidelines to ensure tools, materials, and equipment are properly stored and maintained. Safety Mindset: Adheres to all established safety protocols, procedures, and regulatory requirements; maintains mindfulness of self and surrounding work area to promote a safe working environment. Key Skills: Technical Capability: Understands and follows basic technical instructions and standard operating procedures (SOPs). Critical Thinking: Identifies gap-to-standard and resolves or escalates them per standard processes/procedures. Mechanical Aptitude: Demonstrates basic understanding of mechanical systems and components. Uses hand tools and basic equipment safely and effectively. Can assemble and test products and may perform basic setups of equipment. Team Communication: Communicates effectively with team members and supervisors to support workflow and escalate immediate issues. Adherence to Woodward's Core Values. Time Management: Effectively manages time to complete assigned tasks within established schedules. Adheres to individual schedule. Lean Mindset: Follows lean practices such as 5S and waste reduction. Participates in continuous improvement activities. Production Systems: Understands and adheres to standardized work and escalates when cannot be followed. Actively participates in the daily management system. Computer Skills: Uses basic software (e.g., email, spreadsheets, data entry tools) to complete tasks. Attention to Detail: Ensures precision in tasks to maintain high quality standards. Follows instructions precisely and checks work for accuracy. Collaboration: Works cooperatively with team members to support overall team objectives and workflow. Works well with team members and accepts feedback. Other Qualifications: Shift work - 3 weeks on days and 2 weeks on nights **** This is a onsite position with no ability to work remote****"
Woodward,Coil Winder- 2nd Shift,JR107795,"Niles, IL, US",United States of America,$15.83 -$24.65; $16.49-$28.60,onsite,Mid,us_person,unknown,unknown,workday,N/A,2026-06-13T03:03:27Z,https://woodward.wd5.myworkdayjobs.com/en-US/woodward/job/Niles-IL-US/Coil-Winder--2nd-Shift_JR107795,"Woodward is committed to creating a great workplace for all team members. Our company and its members are committed to acting with integrity, being respectful and accountable to one another, and staying humble and driven, while maintaining the highest professional and ethical standards. We are steadfastly committed to attracting the best talent across our communities creating a rewarding workplace. Together we are fulfilling our purpose to design and deliver energy control solutions our partners count on to power a clean future. Woodward supports our members’ wellbeing and regularly benchmarks with other companies in our industry to offer an extensive Total Reward package for this position. Salary will be determined by the applicant's education, experience, knowledge, skills, and abilities, as well as internal equity and alignment with market data. Estimated annual base pay: Level I: $15.83 -$24.65 Level II: $16.49-$28.60
2nd Shift Hours are 2:30pm-11:30pm CST
10% Shift Premium
All members included in cash bonus opportunity
401(k) match (4.5%)
Annual Woodward stock contribution (5%)
Tuition reimbursement and Training/Professional Development opportunities for all members 12 paid holidays, including floating holidays Industry leading medical, dental, and vision Insurance upon date of hire
Vacation / Sick Time / Vacation Buy-up / Short Term Disability / Bereavement leave Paid parental leave
Adoption Assistance Employee Assistance Program, including mental health benefits Member Life & AD&D / Long Term Disability / Member Optional Life Member referral bonus Spouse / Child Optional Life / Optional AD&D / Healthcare and Dependent Care Flexible Spending Voluntary benefits, including: Home / Auto Insurance discounts Whole Life Insurance / Critical Illness Insurance / Legal Assistance / Military Leave Are you ready to make your mark? If you’re a Coil Winder, we have an exciting opportunity for you. The Coil Winder reports to the manufacturing supervisor and is responsible for operating basic machines and deburring, or light assembly, in an industrial setting. The position works under close supervision, limited decision-making and limited contact with external suppliers or customers. What You Will Be Doing Communicates information to others about project status, updates, specific instructions, etc. and reviews item status in MRP and ensures item is logged/closed out based on its current status.
Documents non-conformance and dispositions using non-conformance forms.
Cleans and maintains measuring instruments and test equipment; treats and inspects/tests parts (e.g., routed and deburring operations) per applicable work instructions.
Follows all departmental safety rules and regulations and puts on all appropriate safety gear, and clothing/protection required by work activities.
Completes and reviews product paperwork, verifying all paperwork is present and filled out appropriately and complete computer entries accurately and in a timely manner.
Verify the calibration of equipment and expiration dates.
Measure specific dimensions according to the work instruction. Record applicable data as required.
Perform curing process of parts and inspect according to visual requirements.
May require applying hot dip method or touch up method of stacks and return paths. What We Are Looking For Level I:
High school diploma or equivalent required
No related work experience required.
The ability to see details (e.g., letters, numbers, codes, color, symbols, marks, labels, signs) clearly to accomplish work tasks in a safe and efficient manner.
May be required to pass Near Vision and/or Color Vision examinations. Moderate physical activity requiring agility and dexterity, including walking, standing, or bending; and lifting or moving objects. Work is performed in area with moderate risk or discomfort that may require special safety precautions, such as wearing protective clothing or gear. Level II:
High school diploma or equivalent required
1-2 years of related experience
Proficiently to perform 3 of the following tasks: winding and ball fusing; prepare wires and cables for solder and encapsulation; perform post encapsulation processes, which includes finishing, epoxy sealing and potting, identifying; electrical testing, which includes hi-potential, resistance measurement; and polarity testing; and setup and operate transfer molding presses for coil and cable molding.
May be required to pass Near Vision and/or Color Vision examinations. Moderate physical activity requiring agility and dexterity, including walking, standing, or bending; and lifting or moving objects. Work is performed in area with moderate risk or discomfort that may require special safety precautions, such as wearing protective clothing or gear This position requires use of information which is subject to the International Traffic in Arms Regulations (ITAR) and/or the Export Administration Regulations (EAR). All applicants must be U.S. Persons within the meaning of the ITAR and EAR, or eligible to obtain all required authorizations from the U.S. Department of State and/or the U.S. Department of Commerce. The ITAR defines a U.S. Person as a U.S. citizen or national, lawful permanent resident (i.e., 'Green Card holder'), or a protected person (e.g., asylee, or refugee Woodward is an equal opportunity employer and does not discriminate in hiring or employment on the basis of race, color, religion, sex (including sexual orientation and gender identity), national origin, age, disability, protected veteran status, or any other category protected under federal, state, or local laws."
Woodward,Ausbildung zum Maschinen- und Anlagenführer (m/w/d) für 2026,JR106878,"Glatten, DE",United States of America,,onsite,Mid,us_person,unknown,unknown,workday,N/A,2026-06-13T03:03:31Z,https://woodward.wd5.myworkdayjobs.com/en-US/woodward/job/Glatten-DE/Ausbildung-zum-Maschinen--und-Anlagenfhrer--m-w-d--fr-2026_JR106878,"Woodward L'Orange ist als Pionier modernster Technologie auf dem Weg zu nachhaltigen Lösungen: Komponenten und Systeme für die Energiewandlungssysteme der Zukunft. Mit unseren rund 1.100 Mitarbeitern an den Standorten Stuttgart, Glatten, Wolfratshausen und Rellingen entwickeln und produzieren wir ein breites Produktportfolio an Komponenten für die Regelung, Dosierung und Aufbereitung von heutigen und künftigen Kraftstoffen (PTX). Ihren Einsatz finden unsere Produkte in den modernen Großmotoren von Schiffen, Eisenbahnen, Notstromaggregaten und weiteren Anwendungen. Deine Ausbildung auf einen Blick: 2 Jahre Ausbildungszeit mit durchschnittlich 1.300€/Monat Vergütung Fachbrief Maschinen- & Anlagenführer in Zusammenarbeit mit der Heinrich-Schickert-Schule in Freudenstadt Grundlagen der Metallbearbeitung, z.B.: Feilen, Bohren, Drehen, Fräsen etc. Vertiefung der mechanischen Fertigung, Sonderprozessfertigung und Montageprozesse Eine Übernahme als Maschinen- & Anlageführer in unseren Produktionsprozessen mit besten Entwicklungsmöglichkeiten Unsere Erwartungen an dich: Guter Hauptschulabschluss Begeisterung für Technik und Maschinen sowie handwerkliches Geschick Deine Vorteile bei uns: Metalltarif (35h/Woche Arbeitszeit, 30 Tage Urlaub, Sonderzahlungen, Prämien) Flexible Arbeitszeiten und Gleitzeitkonto Fahrtkostenzuschüsse Kostenübernahme im Rahmen der Ausbildung Mitarbeiterrabatte Modernes Gesundheits- & Sportangebot Bezuschussung zum Essen im Betriebsrestaurant Umfangreiches Weiterbildungsprogramm zur persönlichen Entwicklung So bewirbst du dich: Schicke uns einfach eine kurze Bewerbung mit einem kurzen Anschreiben mit Angabe des gewünschten Zeitraums, Lebenslauf und aktuellem Zeugnis. Sie können ALLE Unterlagen im Feld ""Lebenslauf"" hinzufügen. Kontakt: Manuel Hayer 07443/249-5683 manuel.hayer@woodward.com Woodward L'Orange GmbH
Rudolf-L'Orange-Straße 1
D-72293 Glatten"
Woodward,Schülerpraktikum (m/w/d),JR105686,"Glatten, DE",United States of America,,onsite,Mid,us_person,unknown,unknown,workday,N/A,2026-06-13T03:03:35Z,https://woodward.wd5.myworkdayjobs.com/en-US/woodward/job/Glatten-DE/Schlerpraktikum--m-w-d-_JR105686-1,"Du möchtest erste Einblicke in die Berufswelt erhalten?
Dann bist du bei uns genau richtig! Woodward L'Orange ist als Pionier modernster Technologie auf dem Weg zu nachhaltigen Lösungen: Komponenten und Systeme für die Energiewandlungssysteme der Zukunft. Mit unseren rund 1.100 Mitarbeitern an den Standorten Stuttgart, Glatten, Wolfratshausen und Rellingen entwickeln und produzieren wir ein breites Produktportfolio an Komponenten für die Regelung, Dosierung und Aufbereitung von heutigen und künftigen Kraftstoffen (PTX). Dieses Portfolio umfasst unter anderem die Einspritztechnik, einschließlich fortschrittlicher Common Rail Technologie. Ihren Einsatz finden unsere Produkte in den modernen Großmotoren und Brennstoffzellen von Schiffen, Kraftwerken, Eisenbahnen und weiteren Anwendungen. Während deines Schülerpraktikums bei uns bekommst du spannende Einblicke in unser Unternehmen, unsere Produkte und die Berufswelt. Du hast die Möglichkeit, dich mit innovativen Technologien auseinanderzusetzen und erste Erfahrungen in einem führenden Technologieunternehmen zu sammeln. Das erwartet dich: Einblick in die Arbeitsweise und Abläufe unseres Unternehmens Kennenlernen unserer Produkte und Technologien Unterstützung bei abwechslungsreichen Aufgaben in einem engagierten Team Spannende Einblicke in die verschiedenen Berufe und Tätigkeitsbereiche bei Woodward L'Orange Erste Erfahrungen in der Berufswelt, die dir bei deiner späteren Berufswahl helfen können Das solltest du mitbringen: Neugierde und Lernbereitschaft Zuverlässigkeit und Teamfähigkeit Nutze die Chance, wertvolle Erfahrungen zu sammeln und deinen beruflichen Horizont zu erweitern. Bewirb dich jetzt für ein Schülerpraktikum bei uns und entdecke, wie spannend die Arbeitswelt und die Technologien der Zukunft sein können! So bewirbst du dich:
Schicke uns einfach eine kurze Bewerbung mit einem kurzen Anschreiben mit Angabe des gewünschten Zeitraums, Lebenslauf und aktuellem Zeugnis. Sie können ALLE Unterlagen im Feld ""Lebenslauf"" hinzufügen. Kontakt: Jennifer Otto 07443/249-508 jennifer.otto@woodward.com Woodward L'Orange GmbH
Rudolf-L'Orange-Straße 1
D-72293 Glatten"
Woodward,Supplier Quality Engineer ( WW-209-1),JR104302,India - Remote,India,,remote,Mid,unknown,unknown,unknown,workday,N/A,2026-06-13T03:03:39Z,https://woodward.wd5.myworkdayjobs.com/en-US/woodward/job/India---Remote/Supplier-Quality-Engineer---WW-209-1-_JR104302,"Essential Functions Works with suppliers and other sourcing team members with oversight from senior SQE members Executes quality portion of MRB / non-conformance product issues using established systems Execute basic Quality tools that apply to the product and suppliers assigned. Quality Engineering tools such as: contract review, sampling plans, auditing principals, SPC, MSA, First Articles, FMEA, PFMEA, calibration systems, etc to understand and ultimately resolve issues in the supply base Apply basic understanding of the relevant product or customer specifications, flow down documents, procedures, engineering or process drawings and regulating agent body requirements that apply to the products and suppliers assigned Issues, monitors and maintains corrective action database Works effectively with suppliers to resolve problems using Root Cause Corrective Actions (RCCA) tools Utilizes available data to establish schedules and perform required audits of assigned suppliers Maintains accurate and current supplier quality records, such as supplier audits, certifications, corrective action responses, and database screens Participate with the Sourcing team to select and manage assigned suppliers Executes established Quality plan for assigned suppliers, based upon: Type and complexity of product being procured; quality history of supplier; requirements placed upon items; level of supplier s demonstrated process control; participates in continuous improvement activities Travel to assigned suppliers, as necessary (domestic and international) Knowledge/Skills/Abilities Excellent communication skills Team player Self-starting, but supervision required Detail oriented Strong analytical and critical thinking skills Developing facilitation skills Ability to understand principals of AS9100, ISO-9000/2000, QS-9000 and/or TS-16949 • Ability to understand principals of Continuous Improvement Methodologies (6 Sigma, Lean Mfg. etc.) Education or Formal Training Bachelor of Engineering 4 year degree in technical field Experience 5-7 years of experience in quality, manufacturing, or process control in lieu of degree Previous experience in manufacturing processes and quality systems. Travel Requirements Domestic and international, as required"
